frame,id,x,y,cid
0,0,10.316427713502305,-5.243251566189989,0
0,1,10.476967408982494,-6.574716298180073,0
0,2,5.348204575903422,-7.110304770964519,0
0,3,7.370892917504397,-6.117279358301277,0
0,4,4.400174847763917,-7.31614218108582,0
0,5,7.133435598002132,-9.68343448403551,0
0,6,8.232796705708841,-5.807460317079629,0
0,7,5.861308245682627,-6.327672021601813,0
0,8,5.247931630577558,1.867942816046563,1
0,9,4.921230416866581,2.133802112757114,1
0,10,6.511310666915161,1.0534442427482,1
0,11,1.6290976152515202,-4.834446180068883,1
0,12,6.0874292578814195,-0.5650287916045739,1
0,13,5.9526438828287835,2.7970642695561976,1
0,14,-9.804647498669043,-2.135187178911069,2
0,15,-7.1943299463772705,0.35573485844345537,2
0,16,-8.22452546503846,0.9251692507075414,2
0,17,-5.404442480193688,-2.6680979322358915,2
0,18,-9.716828212029377,-0.015821948086324117,2
0,19,-8.514710910425233,-1.6423450743348624,2
1,0,9.744779502487225,-3.9341266525018437,0
1,1,10.066519080914322,-7.046705336148536,0
1,2,3.187552277306464,-6.492259440378822,0
1,3,6.809673148651106,-6.581480768709969,0
1,4,3.495742125972719,-8.17029584027043,0
1,5,6.320817415975925,-10.02949724639029,0
1,6,7.245900597965356,-6.114521554737086,0
1,7,5.6708985840502,-6.345222172039276,0
1,8,7.887420225602962,2.469551667683338,1
1,9,5.776844427780581,2.694560143398938,1
1,10,7.644710718355428,0.6358629834563596,1
1,11,3.5047265793173206,-5.174643219493197,1
1,12,7.395817864775821,0.4990887714439657,1
1,13,6.08712227130631,1.2752621829262833,1
1,14,-9.276124601193642,-1.5922079091840948,2
1,15,-5.859730670074589,-1.2894425045347104,2
1,16,-7.997692827277616,0.08238100342857646,2
1,17,-4.530838095222912,-1.559354893413663,2
1,18,-9.48826851964016,0.23692449364551746,2
1,19,-8.324200484832534,-1.6903702468282276,2
2,0,9.65882841822896,-4.942918514986371,0
2,1,8.424309889944244,-9.341682840924623,0
2,2,2.917590976174444,-5.632316058914407,0
2,3,7.083040634204282,-6.341199212824663,0
2,4,2.977106340871699,-8.68299540111026,0
2,5,5.182525575691765,-9.141368424670425,0
2,6,7.020734553850426,-4.863044418192255,0
2,7,4.71387705228883,-6.979809768413002,0
2,8,8.375032818229078,2.9718016852847557,1
2,9,6.272607727883588,3.0025960993206042,1
2,10,7.372592963502491,0.9044012082281567,1
2,11,3.4488221389875653,-3.553006800228626,1
2,12,8.87682461646889,2.4459472588310733,1
2,13,6.586424473211472,0.17332619302565577,1
2,14,-11.144039266354028,-0.6165953131941031,2
2,15,-5.709458274963535,-1.93976618068459,2
2,16,-8.794138445586537,0.1082930712843867,2
2,17,-4.736598148497859,-1.6560669124526621,2
2,18,-8.488013631436937,0.15046003639225347,2
2,19,-8.829791594397301,-2.8623707528623656,2
3,0,9.52376942223505,-5.49759237472314,0
3,1,8.143254926095935,-8.72491740775271,0
3,2,3.0433947557519616,-6.451747550782658,0
3,3,6.465206173779044,-7.196001357525185,0
3,4,3.034716683297791,-8.268173718657971,0
3,5,2.9884953804343426,-9.140075258403368,0
3,6,7.467205320328526,-4.899302662745085,0
3,7,4.311607807947194,-8.027550764411865,0
3,8,9.417534004599808,1.2384679752361842,1
3,9,7.519648656914581,3.057085376762418,1
3,10,8.289758706789913,0.18143383087269593,1
3,11,4.21952701366579,-3.5746414115172414,1
3,12,11.082264007122298,3.1582749998469266,1
3,13,7.437169379753078,1.2652692154272638,1
3,14,-12.122417903750103,-0.3816987681951153,2
3,15,-5.225554960334125,-1.5417994857209993,2
3,16,-7.062350715456799,0.6382738668195976,2
3,17,-3.9398644966268708,-1.1763406084517274,2
3,18,-9.674589384750464,0.2809347413377551,2
3,19,-9.769602570760764,-3.5695331256929257,2
4,0,9.418528917476056,-5.9910521106001875,0
4,1,7.572913190571049,-9.516424935376069,0
4,2,0.7940561748771735,-7.477635449554178,0
4,3,6.8128359446789055,-7.791601802703192,0
4,4,2.3234644612981987,-8.709070768948635,0
4,5,1.189650761044159,-11.239760690990838,0
4,6,6.631393048959469,-5.286240760170173,0
4,7,3.3302701717064886,-8.078935575796388,0
4,8,9.601892233735656,1.7600117236636423,1
4,9,7.623464985111516,3.5526413207176266,1
4,10,9.711467344174796,1.519152298879746,1
4,11,6.447607033776649,-4.056667310985276,1
4,12,11.34205339766295,2.4252728838695052,1
4,13,8.90807412045222,1.3965270495359017,1
4,14,-12.043207685133634,-1.0959608721183778,2
4,15,-5.895522495224371,-1.3208025618565211,2
4,16,-6.70454275060272,0.20259733813002512,2
4,17,-3.268990092594592,-1.6023305856841545,2
4,18,-8.870781538111235,0.7355236226001711,2
4,19,-8.784217424180095,-3.231254070632621,2
5,0,9.759233444010869,-5.751168879705273,0
5,1,7.006967774525116,-8.562612244270941,0
5,2,0.060493778183144165,-7.169990749433259,0
5,3,7.11182143945142,-8.716696219720063,0
5,4,2.4178584638365024,-7.146619218084835,0
5,5,2.411472093319962,-11.282174355735583,0
5,6,6.063141359414609,-4.522000082741462,0
5,7,3.634970635293893,-8.596420945711946,0
5,8,8.695660419363998,0.6868809518762782,1
5,9,8.637674841263967,3.8089778284279627,1
5,10,10.259068471506264,2.5776180157697897,1
5,11,7.918782649991225,-4.292729175017348,1
5,12,12.499757808187823,2.670880994920761,1
5,13,9.971287895742927,2.9785686506556424,1
5,14,-11.691633093651442,1.2409854599552341,2
5,15,-5.027864177963574,-2.607240738864416,2
5,16,-7.106710087649009,-1.5356968706130205,2
5,17,-1.6457352801182041,-2.3996246003903963,2
5,18,-8.499610138277061,2.0315622029594005,2
5,19,-9.076436741329148,-2.877175975026831,2
6,0,8.923706138236453,-5.937249058054442,0
6,1,6.499327857864314,-7.401013142980692,0
6,2,-0.8268098707279167,-7.683756106691665,0
6,3,5.72092407229998,-9.510980767039861,0
6,4,1.5665918537234778,-8.452398086369444,0
6,5,1.8679364848637643,-11.941849445274642,0
6,6,5.09207397514819,-4.6596471506463635,0
6,7,2.6786024952292875,-9.272766798729542,0
6,8,10.612850815376767,1.3118561842634104,1
6,9,9.818125984275976,5.328962365982029,1
6,10,12.066231480197445,2.627503929707383,1
6,11,8.911102482145719,-4.39420958249234,1
6,12,12.578787369254554,1.193579139364752,1
6,13,10.860581613568957,3.564877340747456,1
6,14,-12.909429372254255,0.5376086640796836,2
6,15,-4.185582066058345,-3.4125844592510095,2
6,16,-8.733069052892674,-3.287075567338368,2
6,17,0.08314409969997283,-1.9081399988741554,2
6,18,-10.078723061729047,1.379297000985763,2
6,19,-9.233261005445625,-2.8973456995710603,2
7,0,7.414074954235325,-6.564061492761528,0
7,1,5.861350776273522,-7.9634140508688995,0
7,2,-2.4434950448965957,-8.701899917382464,0
7,3,4.184052405516516,-8.696044754101077,0
7,4,0.3129552963306679,-8.304550191640313,0
7,5,-0.009777110060609662,-10.678271915390678,0
7,6,3.977766574233301,-4.527204151717149,0
7,7,2.013967331020853,-9.15861412321491,0
7,8,11.045055171837122,0.9627779063807929,1
7,9,10.599036968258279,5.922217594534383,1
7,10,12.262350203569687,3.594929975050096,1
7,11,9.271340508397518,-4.098015311162889,1
7,12,13.785916451881267,1.2019799335801387,1
7,13,11.26811587669963,2.9102924149826275,1
7,14,-11.943454136841941,0.8204120670558525,2
7,15,-4.5415449565980035,-4.7857402960522935,2
7,16,-8.050998597694257,-2.80936076852302,2
7,17,-1.1704574670109538,-1.0189985859373718,2
7,18,-10.907689005660654,1.8428692198886147,2
7,19,-8.895825254288477,-1.9966847430474504,2
8,0,5.156783902447407,-7.365352061106456,0
8,1,4.8758199314745445,-9.347359476194844,0
8,2,-3.7478152900303545,-8.541947041341892,0
8,3,3.6936508804862833,-9.608273019165027,0
8,4,-0.4785689024866402,-7.996131746539674,0
8,5,-1.4560091067296228,-11.83114306161888,0
8,6,4.682544267137969,-4.608502425639097,0
8,7,-0.15492493128880147,-9.804441850290354,0
8,8,11.56256584349441,1.4630349614252682,1
8,9,10.535946336416373,5.700493865207936,1
8,10,12.85476911210736,1.9718210866677284,1
8,11,10.062313337112922,-3.2611101852034983,1
8,12,15.686879072474953,0.19487746454106247,1
8,13,11.307536323311142,3.24835461880187,1
8,14,-11.557557832939718,0.35931651581128027,2
8,15,-5.003235911684939,-5.019362343285503,2
8,16,-8.481041252222049,-1.1393668921683362,2
8,17,-1.2995062837421159,-1.4888196560900984,2
8,18,-10.777550631905514,1.2343074380639125,2
8,19,-7.8282181778948665,-2.3218653682905597,2
9,0,2.7434186106935767,-8.059810210741706,0
9,1,4.248544025836673,-8.97770281928807,0
9,2,-4.895869151874804,-9.073882976906313,0
9,3,3.6712387215198197,-9.9873353170288,0
9,4,-1.2239267539997145,-6.391161609918501,0
9,5,-1.356151261980459,-12.02096853479739,0
9,6,4.203922304684627,-4.596445196053518,0
9,7,0.23992375103893981,-10.66147155400913,0
9,8,13.229800246538268,1.1461297748963006,1
9,9,10.545572684568493,5.644855158346038,1
9,10,13.532492904330864,0.5153779784663073,1
9,11,10.31113915675842,-4.927356951406926,1
9,12,15.67513079271463,0.21680789978642992,1
9,13,12.32235802586375,3.4909592488579895,1
9,14,-11.421648979226411,-0.443338772527668,2
9,15,-4.634542291173278,-3.9103085405606977,2
9,16,-8.211970432126835,0.4346886449757421,2
9,17,-1.3414347840177623,-1.8307051219013473,2
9,18,-10.620885102971807,0.5994577651434447,2
9,19,-7.68835989153204,-2.993134998378199,2
10,0,1.4994650901916755,-8.505511549103426,0
10,1,3.906721947797841,-9.191050412718957,0
10,2,-6.448816773318893,-8.46846787970425,0
10,3,3.1909260809918694,-10.725672674707702,0
10,4,-1.6912262712111321,-7.357980706164754,0
10,5,-2.6842757342933448,-12.17202978343228,0
10,6,2.5872436097698346,-4.161307441391848,0
10,7,-0.9152865000639945,-9.323836140491858,0
10,8,16.10626605414853,0.5501315365623036,1
10,9,12.745677517224816,7.439738488491322,1
10,10,14.023410622548338,0.5422045376258038,1
10,11,12.531416011628512,-3.3850895085431145,1
10,12,15.317038684922966,1.3503465552571765,1
10,13,12.95455677130455,3.9978626875320296,1
10,14,-11.479677617635334,-1.4167675528560353,2
10,15,-3.633757765871774,-3.9913512970477174,2
10,16,-9.175276420876335,0.7503626706471047,2
10,17,-2.9131432007340994,-2.8506115501171365,2
10,18,-11.75908150190098,1.274743880427173,2
10,19,-9.603269333455676,-3.887244651278676,2
11,0,-0.14997644023436196,-8.691005960493838,0
11,1,3.8851069958354634,-9.487128730983285,0
11,2,-7.507714801875673,-7.761163112886434,0
11,3,2.8363425097188286,-10.357096095908371,0
11,4,-1.8408996528323147,-7.605232535923275,0
11,5,-4.582930989494136,-11.911542762715221,0
11,6,1.4633858515093405,-4.239031173809748,0
11,7,-1.3667372772811732,-10.509825159445718,0
11,8,15.912598598905882,1.1916274189217564,1
11,9,11.919000721927954,6.960350391949646,1
11,10,15.8906199473167,0.6372229372617083,1
11,11,12.534104361693831,-2.849349607073264,1
11,12,17.199535744769534,2.5069905760701334,1
11,13,12.651065807026328,4.887866700467204,1
11,14,-11.121341692979705,-2.0189713019053253,2
11,15,-1.8822495931979006,-4.0825132915443385,2
11,16,-8.258278867274521,0.8162073823180981,2
11,17,-3.5087549937408298,-3.1742761419874452,2
11,18,-10.502510215243687,1.1860468461791396,2
11,19,-9.775188658649588,-4.179341642288204,2
12,0,-1.5749263776013869,-8.854714559349347,0
12,1,2.7413818300991237,-8.740876051331256,0
12,2,-9.085524373099867,-7.860232324787199,0
12,3,1.244413001240146,-11.751134418461609,0
12,4,-3.139464529685438,-5.570413171772175,0
12,5,-5.354611851358551,-9.856788148479486,0
12,6,-0.4982583121076618,-3.633472931003675,0
12,7,-2.8946703201320134,-11.63213554934003,0
12,8,17.4579302496545,1.1320038807781534,1
12,9,14.14456327782072,7.33965689499037,1
12,10,16.088956449078587,1.3687806440936998,1
12,11,11.500662156002788,-2.7448295225247783,1
12,12,16.885318194664748,1.5947138999876205,1
12,13,13.322677417582533,5.572050204436307,1
12,14,-9.080412024050688,-3.6281098323026373,2
12,15,-1.4799043365440965,-3.892048938480993,2
12,16,-8.408677528871191,0.2604879987645339,2
12,17,-2.4130866135209184,-2.105603917083534,2
12,18,-10.26298929930018,1.6309853048589815,2
12,19,-9.080731939455847,-4.370159132864545,2
13,0,-2.7178746235980036,-7.641657551170755,0
13,1,2.8113701548124865,-8.985987448107085,0
13,2,-9.702861227589464,-8.947621253640019,0
13,3,1.1788251341016136,-10.989981838943573,0
13,4,-3.7769119841173473,-6.171232230772046,0
13,5,-6.99483715927069,-10.871220505777,0
13,6,-1.614556377983353,-3.739394226522625,0
13,7,-2.664872343191118,-12.65226622848824,0
13,8,17.850359305628157,0.3499565073506635,1
13,9,14.598847028907324,8.717621589501398,1
13,10,15.992549967210177,1.3248199691620912,1
13,11,11.454259794999993,-3.410265725183484,1
13,12,15.633291148674479,1.5787733495067615,1
13,13,15.057543016919698,5.724770706737709,1
13,14,-9.677623252854815,-3.401649282240824,2
13,15,-1.6393596637032464,-3.4708856663441594,2
13,16,-8.468438678675534,0.5342687585019446,2
13,17,-1.8313312340612438,-1.3436453280008147,2
13,18,-9.825303079979852,1.2282100548272687,2
13,19,-8.768635009947154,-3.4311963681777713,2
14,0,-2.496583840633712,-9.262562239480596,0
14,1,2.74412810530984,-9.942169922041629,0
14,2,-10.24307690773758,-8.944913330150039,0
14,3,-0.02111102361255357,-11.564673588786981,0
14,4,-3.3927499096883222,-5.89841400459342,0
14,5,-8.16584008773343,-9.939088885188736,0
14,6,-2.373279542016232,-3.477180210771557,0
14,7,-3.789756523288139,-13.410365403760483,0
14,8,17.58259999846715,0.8509488773174883,1
14,9,15.044599667069441,7.771264379139883,1
14,10,15.59676152056469,1.4657290682310082,1
14,11,11.888579648285202,-3.1069183153553177,1
14,12,16.951444690959416,0.014651766388082521,1
14,13,14.114267452571466,5.814406397050404,1
14,14,-9.277752139848157,-3.1348167144225725,2
14,15,-2.076972155916212,-4.05075968653987,2
14,16,-9.411758593968973,0.8541506844144595,2
14,17,-1.287256338195164,-1.6456404536420255,2
14,18,-9.568431417082536,2.1408388489042123,2
14,19,-9.20170647863632,-3.5166306506956038,2
15,0,-2.4480569469633378,-9.944366373855205,0
15,1,1.82856815047916,-9.980430150314268,0
15,2,-10.558609826140078,-8.61291262871179,0
15,3,-0.979954492530215,-11.563570497360208,0
15,4,-3.288603273033692,-6.280086006010278,0
15,5,-9.191074104752209,-9.47620001377038,0
15,6,-1.968070690949478,-4.566859038489059,0
15,7,-4.60664228275434,-12.16577776947912,0
15,8,17.557990593540687,0.21313082946170703,1
15,9,16.479926259853677,7.344825879927457,1
15,10,16.044359800450145,0.1312677974169214,1
15,11,12.122527493933587,-3.4459612295959223,1
15,12,15.165615561895354,0.5533949183924599,1
15,13,15.300402672467207,5.4868026306676505,1
15,14,-10.48340573972645,-3.116920998536172,2
15,15,-1.0427105929608254,-4.579381882597823,2
15,16,-8.176285309632513,1.9032872811958848,2
15,17,-1.483383770304575,-1.3108104331089239,2
15,18,-10.816093811529635,2.9155554242517217,2
15,19,-9.244924464315895,-2.9283097201323094,2
16,0,-2.4317947309932,-10.251501667928048,0
16,1,1.3883574783961476,-10.546642612069192,0
16,2,-11.310485977373657,-6.718114281448617,0
16,3,-1.7539542787884308,-11.058479937680586,0
16,4,-3.6567788360261733,-6.48513824045449,0
16,5,-10.380510385934798,-9.499453263735788,0
16,6,-2.3125345176670145,-3.882490437359812,0
16,7,-4.907373631920885,-11.511819304370833,0
16,8,18.3439489093722,0.21940675129882609,1
16,9,16.988821588575295,7.768958334810362,1
16,10,15.71935292563947,-1.1853336183160585,1
16,11,12.850180561247615,-2.398277643130512,1
16,12,14.861712553184654,1.9817570677396934,1
16,13,15.528685841881293,6.100080961587826,1
16,14,-10.569328399368104,-2.070263989636958,2
16,15,-0.04713195104775314,-4.346079788067817,2
16,16,-7.274748768867397,1.0570189513664268,2
16,17,-0.6510178304133312,-1.044351913998263,2
16,18,-9.3170243844697,2.5657832308125608,2
16,19,-8.826585874841651,-3.3375083442005247,2
17,0,-2.5926303707556984,-11.332603896234529,0
17,1,2.077158581923504,-9.17125214240939,0
17,2,-10.917666200127622,-6.2169178081266,0
17,3,-4.113573075228768,-10.80765060276882,0
17,4,-4.2252742761286015,-6.201255137448238,0
17,5,-11.327209364267693,-9.002129029929959,0
17,6,-2.405222296769214,-2.550439817084121,0
17,7,-6.780309840550105,-10.962503920467643,0
17,8,18.941271753972178,-1.1388293471300985,1
17,9,16.421354601862646,7.881701926167799,1
17,10,16.58580905868531,-0.6361142309053615,1
17,11,14.16477153166801,-1.8856129474711323,1
17,12,14.574301438883854,2.018937224393255,1
17,13,16.305269123801644,5.440820795323448,1
17,14,-10.348704621972246,-0.355827998027072,2
17,15,-0.7875484189164561,-4.671970502839538,2
17,16,-7.504048615584193,0.7963501649489191,2
17,17,-0.449808609118586,-0.16838383637084842,2
17,18,-10.223777669806097,1.8652657719353356,2
17,19,-9.757206844636254,-3.7377369346793747,2
18,0,-3.6377159989344423,-11.890883852282148,0
18,1,0.26575104667464267,-9.78336967455617,0
18,2,-11.940738260131688,-5.850438992891128,0
18,3,-5.771040527989553,-10.746275020600143,0
18,4,-5.078794344098152,-7.7002053504671375,0
18,5,-12.159784948694414,-9.488359780038982,0
18,6,-4.678388902468896,-1.6277430763512892,0
18,7,-7.456311063645338,-11.053084539874478,0
18,8,19.73204539815028,-0.47776064426089104,1
18,9,17.52337432435333,7.862341051434908,1
18,10,17.248730600012955,-0.7964603106076268,1
18,11,15.164010774636772,-3.078145661619862,1
18,12,15.220898793938241,2.125603129493911,1
18,13,18.24941779122851,4.7330632447235335,1
18,14,-10.380480939328034,-0.16526498854804184,2
18,15,-0.1638248516221772,-3.783203148611326,2
18,16,-8.26235784477829,0.38387796384630146,2
18,17,-0.49507016972204543,-0.7268353836395673,2
18,18,-9.499157433218484,2.192549240632881,2
18,19,-10.020891118733815,-2.820757778817772,2
19,0,-3.8762396754337654,-10.722012284924215,0
19,1,-0.07244394308073182,-9.899711467708102,0
19,2,-13.216948841406321,-5.406495284303136,0
19,3,-5.949644490511631,-10.267367501462175,0
19,4,-5.170344581710806,-6.301964295169608,0
19,5,-13.30249726889511,-8.646323266433168,0
19,6,-5.555908656751152,-3.221407110512665,0
19,7,-7.673205792033891,-11.183158203368126,0
19,8,20.751633854414468,-0.5709270516781552,1
19,9,19.770960392946876,8.300769337528934,1
19,10,18.369487653769614,-0.07913757318694559,1
19,11,16.4918928421411,-2.3590965183516204,1
19,12,15.56422555027841,1.625180252149604,1
19,13,18.878911453853224,4.7639647702546934,1
19,14,-9.405140212824376,-1.521091689986907,2
19,15,0.6552063905642163,-3.573233834326718,2
19,16,-7.156642040193807,0.7608715729380856,2
19,17,-1.1969561892880607,-0.7207214929381014,2
19,18,-10.032349747380618,2.852195320821718,2
19,19,-8.199597047015832,-2.561011596017965,2
20,0,-4.8714301371422515,-10.940467004922848,0
20,1,-1.1957878068223473,-10.005073785267333,0
20,2,-14.53649325516818,-4.276115350430291,0
20,3,-7.000302118849518,-10.113070755507323,0
20,4,-6.094949445138582,-6.823989034990401,0
20,5,-14.372721209262865,-7.896276246238871,0
20,6,-6.57128749957097,-3.8812835226510787,0
20,7,-10.504126159636488,-10.412074857182008,0
20,8,22.709215865549616,1.081069940933495,1
20,9,20.3893491486878,7.0500948504487555,1
20,10,18.94224582393972,0.053535208773346,1
20,11,16.97174341803566,-2.5795710597651147,1
20,12,15.336336569143807,3.1081610678729854,1
20,13,19.760972843820586,4.829495794561703,1
20,14,-8.525907286267712,-2.299083623005275,2
20,15,0.47560964329360594,-3.454619569638117,2
20,16,-7.328506603114597,0.5682422678930676,2
20,17,-0.38538343706385414,-0.4888992154238086,2
20,18,-10.05265351919764,4.733001013937207,2
20,19,-8.014479515610724,-2.8162180082259165,2
21,0,-4.622696599336586,-10.467375400369942,0
21,1,-1.6473791654677674,-9.575637138399125,0
21,2,-15.152962151509612,-3.3768466436002167,0
21,3,-8.19203810908101,-10.31347868425616,0
21,4,-6.963806430294598,-6.62323028315334,0
21,5,-14.757023975773542,-8.010932312202755,0
21,6,-7.804994094459335,-6.371490041279915,0
21,7,-11.403106670686187,-10.253644408026773,0
21,8,22.9061488371977,-0.2946893499391381,1
21,9,21.507456393037703,6.526697665760743,1
21,10,19.1109910582349,0.1834681325891098,1
21,11,16.900727527145545,-2.6157737749591385,1
21,12,16.343106764815168,3.159705939705504,1
21,13,20.901181128849448,4.598621797392945,1
21,14,-9.094187057968824,-1.567311481347409,2
21,15,-0.14625196298406778,-3.92156840987826,2
21,16,-6.49439218362848,2.707421064520254,2
21,17,-0.07908716423380724,0.3318216490121136,2
21,18,-7.867405240776815,5.194034286899312,2
21,19,-8.182000793938856,-2.992592775899156,2
22,0,-5.59406259219535,-9.395069226252367,0
22,1,-3.5585454754599706,-10.484992325129584,0
22,2,-13.700056549057258,-3.165978967597275,0
22,3,-9.758852796419855,-10.163140188813957,0
22,4,-7.501577825753065,-6.349627203730565,0
22,5,-14.505202176608066,-8.893855042583844,0
22,6,-8.500519324309998,-5.484193568479128,0
22,7,-11.01877914102303,-9.708673005036704,0
22,8,23.687480871936806,0.24191661986174595,1
22,9,23.106343518463685,7.22737369088227,1
22,10,20.398099658839097,0.9147936281500819,1
22,11,17.9563401164388,-3.126709144638032,1
22,12,16.944244875609385,2.890646946281373,1
22,13,21.15245788862831,3.948363464960458,1
22,14,-8.457462547707397,-1.6758783191252764,2
22,15,0.7147189963528024,-3.9893760537002017,2
22,16,-7.076046137598215,2.2083079325275095,2
22,17,0.7688518681458982,-0.8885514639393643,2
22,18,-8.74727787965704,4.834628657579463,2
22,19,-7.640535053089984,-4.105053753723938,2
23,0,-5.779930136427166,-7.967009678697588,0
23,1,-4.089047839168753,-10.541227550712465,0
23,2,-15.077971687100112,-3.056082420498372,0
23,3,-9.702681761488265,-12.822429977177418,0
23,4,-9.452767823513797,-4.630603148262241,0
23,5,-16.10398093460688,-8.006026976717823,0
23,6,-7.320823633843508,-5.640562503787645,0
23,7,-11.69673517182664,-9.096390253386383,0
23,8,24.018340689056807,1.3502621858515322,1
23,9,23.817244471126813,5.511238989943062,1
23,10,21.270648277540523,0.26236590965539996,1
23,11,18.672656770187253,-2.8989581837056266,1
23,12,17.968584680398486,2.897523798677841,1
23,13,21.850771352867067,2.649006391952644,1
23,14,-9.240675073040704,-1.3145655760995725,2
23,15,0.6581578786115809,-4.636652957390197,2
23,16,-6.530617952780091,1.838817396608136,2
23,17,2.124325447276774,-0.9615523036981168,2
23,18,-8.98332948557928,4.645318474333216,2
23,19,-7.411514810112525,-3.300532419412288,2
24,0,-6.9590289506387055,-7.5173778473217885,0
24,1,-4.392291846297814,-8.953512112955254,0
24,2,-16.105666604402458,-2.939826168571473,0
24,3,-9.625776982852727,-12.52668984218763,0
24,4,-10.073065393042643,-4.741377872218091,0
24,5,-16.49055996991149,-8.050460921864264,0
24,6,-9.015787959448746,-5.6227033526085535,0
24,7,-12.771386603446558,-9.843600542155698,0
24,8,25.96189125574934,1.943468596075797,1
24,9,24.508819402974392,4.582678358096393,1
24,10,21.969788946271446,-0.4374117680059565,1
24,11,20.441993275562368,-3.715974572522775,1
24,12,19.114548365619108,2.396617293109481,1
24,13,22.477442059824856,2.617164610308034,1
24,14,-8.411926806382322,-1.5598248545545883,2
24,15,1.7658649342873989,-3.7906739012851265,2
24,16,-7.313739441243796,1.0468262651237412,2
24,17,2.8131378841842576,-1.8167990278343438,2
24,18,-8.920281681869985,3.9383832126743137,2
24,19,-8.715833098546756,-4.030192960668313,2
25,0,-7.079986018797431,-7.067298084801627,0
25,1,-4.110433682974124,-8.526492993193889,0
25,2,-15.371619807448944,-2.0778966115396087,0
25,3,-10.425942546037527,-12.69507260215999,0
25,4,-11.120342853353241,-5.379295712610061,0
25,5,-15.936814007707497,-6.744994027110586,0
25,6,-9.838593839483316,-4.572110604075757,0
25,7,-14.03612978898917,-10.028674927999296,0
25,8,28.033106882357924,2.2364621639699758,1
25,9,24.570628096955545,4.68062227800192,1
25,10,23.191740372243025,-0.2799142406380934,1
25,11,21.52502337138084,-4.02456592977258,1
25,12,19.639654009889,0.8341941676012954,1
25,13,23.649601856428934,1.5430672429386223,1
25,14,-8.642339146261156,-2.047190521270209,2
25,15,0.43178828818366277,-4.769954974225349,2
25,16,-7.486609004881961,2.0912537420489032,2
25,17,1.9128019382950803,-1.2975270701248496,2
25,18,-9.824163533002805,4.153909617149718,2
25,19,-10.125522673764216,-4.259226765046103,2
26,0,-6.680183932716149,-7.164087094704373,0
26,1,-4.6481489295151945,-8.413586858884377,0
26,2,-16.057823524366952,-2.4742896837492174,0
26,3,-11.921308877591951,-12.59804803962547,0
26,4,-11.686495492401551,-5.276443622866616,0
26,5,-17.35178735288046,-7.095790210142678,0
26,6,-11.305281466911518,-3.7429807126877757,0
26,7,-14.468604005718475,-10.078092714221578,0
26,8,27.272656962064087,3.71164742597709,1
26,9,24.771410604689727,5.304855597103494,1
26,10,24.058170478963216,-1.113680838756741,1
26,11,22.757751176089442,-3.463268956317228,1
26,12,19.451060418937434,-0.437826596513309,1
26,13,24.438647719806504,1.150547021451163,1
26,14,-8.283181770982972,-1.272531114050674,2
26,15,2.551355454301235,-4.084142186222453,2
26,16,-7.4650849794838186,2.6291176630495583,2
26,17,1.7819916605876724,-1.4517160281426675,2
26,18,-9.94566354372645,4.669006020709576,2
26,19,-10.970771407563442,-3.959204054518857,2
27,0,-8.552851928313245,-7.456842702665564,0
27,1,-6.334668561210033,-8.52663303377151,0
27,2,-15.94647772167588,-1.894517778808891,0
27,3,-13.10459867885075,-13.421080578316428,0
27,4,-13.585009257631707,-6.145985010321074,0
27,5,-17.494240691169864,-6.918187104825902,0
27,6,-11.601689790793685,-3.621140288308504,0
27,7,-16.57972668893482,-8.946079775844579,0
27,8,26.931752342987938,3.973096876522566,1
27,9,26.113850072451548,6.473667483707689,1
27,10,24.295896912747324,-0.9674153605599243,1
27,11,23.961290924552046,-3.5318168073571403,1
27,12,20.61894628478502,0.918787516261566,1
27,13,25.854782094522573,-0.19767156252945006,1
27,14,-8.5453368525591,-1.7801796916362396,2
27,15,3.421835332769005,-4.005798397380241,2
27,16,-8.402735589552435,2.0527873698714547,2
27,17,1.4430290086670419,-1.9406183770783536,2
27,18,-10.883294556505986,3.8165425787667573,2
27,19,-10.129170590446373,-4.588538639394176,2
28,0,-10.588859362804094,-6.499485276392303,0
28,1,-7.426669229114278,-7.430287110042775,0
28,2,-15.815955176066643,-2.247845134005165,0
28,3,-13.701874765981497,-12.607176003067842,0
28,4,-14.513506732471964,-6.65685693200181,0
28,5,-17.673024239635858,-6.63440876895824,0
28,6,-12.860723209873107,-3.3981873314859325,0
28,7,-17.466815547502506,-9.368525866977338,0
28,8,28.778335745811017,3.2710402009678403,1
28,9,27.246894179624583,5.78596855906551,1
28,10,25.18783135205133,-0.7788290351801586,1
28,11,23.875832501764588,-2.2870822586503006,1
28,12,21.721305395608468,1.3254814380750788,1
28,13,28.339229176419657,-0.13919762748403766,1
28,14,-9.045966056734255,-1.5384112999029407,2
28,15,3.665266970194917,-3.1311611193393314,2
28,16,-5.677377834812635,1.538397476119402,2
28,17,1.1875584560590542,-2.6002559644449352,2
28,18,-11.321069068079577,3.055589746104672,2
28,19,-10.588991681955424,-4.522199993938652,2
29,0,-12.088206763043718,-6.921908431064627,0
29,1,-8.821566353275836,-8.124855551104927,0
29,2,-15.955539001639574,-1.446085333918203,0
29,3,-14.073122336346097,-12.439754673476509,0
29,4,-15.333411421932162,-7.258893643871941,0
29,5,-18.130112120256843,-6.006373751117172,0
29,6,-13.321626247067606,-1.6819347666006987,0
29,7,-17.798514061067028,-10.309636497381165,0
29,8,30.866308617297932,3.1528407097048206,1
29,9,27.89649348860334,5.245788932933857,1
29,10,26.200804619879108,-0.6282183904578802,1
29,11,24.498778628354568,-2.571229641173594,1
29,12,21.845419125995853,1.7402810130201285,1
29,13,29.49668760746752,-1.8053199179423558,1
29,14,-9.111855615924794,-0.7797496017267255,2
29,15,3.902472505002855,-3.656593555761032,2
29,16,-5.663447874945701,1.1484976774884026,2
29,17,0.40855192208972024,-2.781404967881429,2
29,18,-11.002587513805098,3.422770951005579,2
29,19,-9.530706475262107,-3.624611263618468,2
30,0,-11.227728814869886,-7.450675235998462,0
30,1,-8.007300512324028,-7.270302068405558,0
30,2,-16.779506798618513,-2.0611589279218476,0
30,3,-13.89864857358095,-11.590181189241342,0
30,4,-16.04748856180266,-6.8339612730095824,0
30,5,-20.69872407181106,-5.625185058289526,0
30,6,-12.896850556156386,-1.435363344680944,0
30,7,-17.581978601237065,-9.90404891509581,0
30,8,31.895173139447092,3.3592255897782555,1
30,9,28.65787655039867,5.973188781036591,1
30,10,27.64212742902174,-0.0027033352855243553,1
30,11,26.102663526413874,-2.0759748740609933,1
30,12,22.655207171653387,2.472262907923865,1
30,13,30.185111455108906,-2.0610355407719614,1
30,14,-9.621312387751388,-1.4780076480578106,2
30,15,4.501998679369074,-4.736312492568581,2
30,16,-4.944949358033351,0.8212559782410933,2
30,17,0.49204373190005474,-2.773006400298179,2
30,18,-9.308764893880323,2.797389190918105,2
30,19,-9.869732586215033,-4.415076799056929,2
31,0,-11.180696111409052,-6.093282930216944,0
31,1,-9.001016197776458,-6.2730467018090135,0
31,2,-17.923759083741803,-0.684751098824758,0
31,3,-13.971133976085632,-12.085240781631622,0
31,4,-15.682218515899187,-7.4988629473831425,0
31,5,-20.35072624002632,-6.330927455849807,0
31,6,-12.761947014632666,-1.1155912688188865,0
31,7,-18.043088210186976,-9.503537533782833,0
31,8,33.43567346352954,3.303394482137154,1
31,9,29.845750482626396,5.489259142999899,1
31,10,28.89674830531025,-0.8157471275033902,1
31,11,26.355611439758178,-1.412016289697597,1
31,12,21.988928677659324,2.4220845559070905,1
31,13,30.058088136948385,-1.3739877756667571,1
31,14,-10.62026037462196,-1.7240213006388474,2
31,15,4.087024329598084,-4.7174613567134625,2
31,16,-5.247032995741925,1.6314455636019956,2
31,17,0.3276926530337406,-1.489442946072183,2
31,18,-9.651492449097136,2.974834841573095,2
31,19,-9.324762368705692,-4.426403149506548,2
32,0,-11.671480675617984,-7.282924407583487,0
32,1,-10.387772109246212,-6.591169003469239,0
32,2,-18.350527256756685,-2.0121895822571747,0
32,3,-14.985867622812044,-11.524621000512669,0
32,4,-15.495683603423654,-6.308735571644041,0
32,5,-21.005699598345377,-7.2982650518445755,0
32,6,-13.065739098077916,-2.486664037768589,0
32,7,-19.202506110750498,-9.39619996285947,0
32,8,34.312410672014565,3.519791667948348,1
32,9,31.441559425761564,6.680068991600665,1
32,10,30.28190028762282,-1.1895700315183295,1
32,11,26.90424969095389,-1.9872058415974752,1
32,12,23.22257898217869,1.7574738160977403,1
32,13,29.880675787443572,-1.8507003300111402,1
32,14,-10.529036159524475,-0.9914499364361637,2
32,15,3.7937438500442724,-5.261864511404516,2
32,16,-5.320852905317955,1.5147242377872783,2
32,17,-0.8176277239309041,-1.2530261029817573,2
32,18,-11.47964136720942,2.010496402633606,2
32,19,-9.329406717632486,-5.684287315825551,2
33,0,-13.281196769495928,-6.685902472458988,0
33,1,-12.919065750760977,-6.500698402096114,0
33,2,-18.99520537250993,-0.6531660536572137,0
33,3,-15.715985505589622,-10.278526347634049,0
33,4,-15.749649344009109,-7.540561137355131,0
33,5,-22.142738575681534,-6.147610514453943,0
33,6,-12.785120670836683,-4.050227324869088,0
33,7,-19.014528891165266,-8.568408101426941,0
33,8,36.56768096687801,3.100661058465617,1
33,9,32.218942728778075,7.8567099381717735,1
33,10,31.454296951915993,-2.634708492495522,1
33,11,26.09395214486897,-2.40792124856578,1
33,12,24.68307922529156,1.4309120494930139,1
33,13,30.070505985130033,-1.2195981206082926,1
33,14,-10.377367074420384,-1.2653520024899534,2
33,15,1.9099983588780525,-4.696347224985118,2
33,16,-5.851507582398103,-0.005065927325998976,2
33,17,-0.9107621999590619,-1.4816456234884734,2
33,18,-11.066088271659286,0.507737194969438,2
33,19,-10.754827390620953,-5.545160399404111,2
34,0,-12.558238033362352,-6.809787951465669,0
34,1,-14.513237140887206,-7.068900117480359,0
34,2,-19.426034572462676,0.20825546003540385,0
34,3,-16.073052009435717,-9.352459820325407,0
34,4,-16.72302268044548,-8.895102283153065,0
34,5,-24.03922206381912,-7.582649800374613,0
34,6,-14.5773324682057,-4.9063461365389545,0
34,7,-18.615229838793965,-8.858214997463598,0
34,8,37.4482517352234,1.9259742023646924,1
34,9,32.62349113655044,8.850062702779413,1
34,10,32.425039174273856,-3.453171520992324,1
34,11,26.44417503504795,-4.212648742326623,1
34,12,27.489262163871082,1.169273607860951,1
34,13,30.195932120568283,-1.9041702437688497,1
34,14,-10.88663407453182,-1.0883944304527169,2
34,15,0.9110050240850234,-5.405514628667742,2
34,16,-6.534991066359257,0.23930566340557427,2
34,17,-0.6279696045425347,-1.799656348989582,2
34,18,-10.455041373576968,-0.23522470044634902,2
34,19,-10.391510896710995,-5.301612720064122,2
35,0,-12.208095214756689,-8.244613079371929,0
35,1,-15.584378343980918,-6.811777453586002,0
35,2,-20.94919649133908,-1.1143823799681103,0
35,3,-15.675773980127046,-8.426572624655579,0
35,4,-19.15784635482197,-7.215153907592629,0
35,5,-24.195370864579278,-6.509508707610092,0
35,6,-14.367348105025354,-4.626830820707022,0
35,7,-19.866947646812417,-9.008527173624403,0
35,8,37.911268922385545,1.2279761866497072,1
35,9,33.22808795396919,9.87168872724749,1
35,10,32.41554017723208,-4.319481703586566,1
35,11,26.92637374270222,-3.9165710146735093,1
35,12,28.924772691539015,0.12369283415350107,1
35,13,31.79677324371293,-3.3430226232280686,1
35,14,-12.01011496019437,-1.3419119850973273,2
35,15,1.0757613930144463,-5.027566556301209,2
35,16,-7.425908106047681,-0.8182288992736543,2
35,17,0.12139209351888103,-3.244370567695972,2
35,18,-11.078676477825985,-0.8897922632347182,2
35,19,-11.5014233070805,-4.287989809741157,2
36,0,-13.040954157058943,-9.519028027110036,0
36,1,-17.407258699918927,-6.901851576536851,0
36,2,-19.976438853479195,0.6449337869659963,0
36,3,-17.281081320198034,-8.665369339222623,0
36,4,-20.10786950849074,-7.399926472388143,0
36,5,-25.213018267083616,-8.297177030632621,0
36,6,-14.64774966788454,-3.3626255602910904,0
36,7,-19.49783337871636,-9.400545795889355,0
36,8,37.573265476002526,1.484722212498616,1
36,9,33.923283261171946,10.420518297004897,1
36,10,34.10105997459617,-4.556662872753915,1
36,11,27.99488274818722,-4.157673217800117,1
36,12,29.24146180350707,0.10300953621754678,1
36,13,33.20659477544712,-3.100004478166798,1
36,14,-11.92212392078639,-0.6127836431666838,2
36,15,0.42998280836426883,-5.499494028373926,2
36,16,-7.901168068897325,-0.06539086944598638,2
36,17,0.641545551498094,-4.770341328149765,2
36,18,-11.04759815571571,-2.4464403632081835,2
36,19,-12.474291756238124,-4.877082633074217,2
37,0,-13.862021222855649,-8.118306162867759,0
37,1,-16.898327426300867,-6.943572481772261,0
37,2,-20.35805659317596,-0.37398343711607085,0
37,3,-18.05971315444758,-8.340613888752575,0
37,4,-20.221813278995594,-6.925898427448746,0
37,5,-26.023676067486136,-8.595060546115201,0
37,6,-13.96804825730506,-3.0301183595545242,0
37,7,-20.578483945388257,-9.645204937797692,0
37,8,37.59869326041156,1.674089744177454,1
37,9,34.590036886735554,10.511848247675099,1
37,10,35.407568679861946,-4.663069678962437,1
37,11,27.889179065163187,-4.785993557688378,1
37,12,28.844370964758394,0.25601566078376325,1
37,13,34.65555650299568,-3.3585645807358753,1
37,14,-12.659637704991175,-1.5341584509823258,2
37,15,1.0180649130374437,-6.685449623069326,2
37,16,-8.328375700315608,1.4518435816075503,2
37,17,0.4812916537128239,-5.367489767108194,2
37,18,-11.045848160809049,-2.8190962380149327,2
37,19,-13.746368795759386,-4.288703213458962,2
38,0,-14.290302084051751,-6.606224014949696,0
38,1,-18.523611334978266,-6.9989631165327575,0
38,2,-21.281340605680995,-0.5282947101983223,0
38,3,-19.439968805748702,-7.901998408896913,0
38,4,-21.08483308881238,-8.015134386328452,0
38,5,-27.068035102032667,-8.932259012717072,0
38,6,-14.3708050428464,-3.044154521549123,0
38,7,-21.2022279966328,-8.738441242667458,0
38,8,39.264822902788154,1.294103163303605,1
38,9,35.610198170582635,10.794774928363651,1
38,10,37.054679615337264,-4.749846418506112,1
38,11,28.959961860723578,-4.4914647224850315,1
38,12,29.72568456864567,0.015449845331024559,1
38,13,33.56424363488316,-3.8031159577928855,1
38,14,-12.581816960454535,-2.326799493598874,2
38,15,-0.4670663113869513,-4.827904990729585,2
38,16,-8.772874290785179,1.3396646133089205,2
38,17,1.5379379648225444,-5.573843575815616,2
38,18,-10.395089530545725,-3.3779162558693043,2
38,19,-13.799098534349065,-3.5265174571349265,2
39,0,-15.203591996092092,-6.752871775484996,0
39,1,-20.26906010962605,-6.359565026799014,0
39,2,-23.121265154967432,0.5668634329660668,0
39,3,-20.151639172451407,-7.883358822458181,0
39,4,-21.648168385422323,-7.953168089722087,0
39,5,-26.636387267914145,-9.687280952200762,0
39,6,-14.619190609980901,-3.4767657722209107,0
39,7,-21.817721346327268,-8.906295202150337,0
39,8,39.51566478265368,2.5619778739745356,1
39,9,36.65726884323361,11.319989667594125,1
39,10,37.587536485853704,-4.071192002345157,1
39,11,28.500051758593237,-3.4850317565463147,1
39,12,29.099558678443685,-0.034214398180180204,1
39,13,34.70128084568592,-3.9344300975284257,1
39,14,-12.45608420399153,-1.748534072719902,2
39,15,0.5169408326436113,-5.920232056320609,2
39,16,-9.425638769751874,-0.042524909152336976,2
39,17,2.6089703426433775,-4.561990161367145,2
39,18,-11.84572663134731,-3.321009598280733,2
39,19,-12.743277755958934,-3.9285980290997093,2
40,0,-16.7713250723885,-7.346161438524549,0
40,1,-20.90027618482528,-5.4576820434831355,0
40,2,-23.78909614702474,1.2143340915474026,0
40,3,-21.881803260425247,-7.981395741591758,0
40,4,-22.547255468159435,-8.976044612778997,0
40,5,-27.23309681176227,-8.874194478759282,0
40,6,-15.698804035859308,-2.989173589533178,0
40,7,-21.720496461361506,-9.132336306648494,0
40,8,39.360545262035735,3.3688162238670727,1
40,9,36.6979880131757,10.026796998358023,1
40,10,39.245936351375306,-4.9085692189369325,1
40,11,30.11065330056822,-4.222540035085622,1
40,12,31.145890583159794,0.17241588891417295,1
40,13,35.23296011635599,-2.386013424551555,1
40,14,-12.04489866917158,-2.5658398120689,2
40,15,0.9966832860938881,-7.159417369943975,2
40,16,-8.08889937321502,0.042583207924507996,2
40,17,2.646564277707306,-4.153710896214653,2
40,18,-11.586427705874776,-4.566002420777998,2
40,19,-11.584481618277861,-3.3772741688134835,2
41,0,-17.832869140762178,-7.675690816165652,0
41,1,-20.058223462168975,-5.7821862416536725,0
41,2,-24.60100729015727,0.22147559360912417,0
41,3,-24.169758877669523,-9.490368712636318,0
41,4,-22.171880776572507,-9.13297400538671,0
41,5,-29.832661617941536,-9.379866042653049,0
41,6,-17.683360372719477,-1.4365375839912897,0
41,7,-24.024238856957354,-10.090912666724433,0
41,8,38.43807346302296,2.725454535289208,1
41,9,37.93646253489702,12.424753067289437,1
41,10,40.64141315187122,-5.544213828689735,1
41,11,30.887292786089958,-5.097614160389377,1
41,12,31.973246299397843,0.3966417444939767,1
41,13,36.70995574662526,-3.075471592859795,1
41,14,-10.48542921153524,-0.8908238598923992,2
41,15,1.3919814013783471,-6.5678654708545485,2
41,16,-9.166536260557262,-1.6967172244227355,2
41,17,2.8583766629244414,-6.020049133627908,2
41,18,-11.305862311418899,-4.228467191418628,2
41,19,-12.510070150047051,-4.989345700369911,2
42,0,-18.71362637692925,-6.225494155935793,0
42,1,-20.615971762293793,-6.065596921457761,0
42,2,-27.41178974210729,0.9584450355731055,0
42,3,-24.596695880275437,-10.374114729491827,0
42,4,-22.659545770971846,-8.085098639433301,0
42,5,-30.365904858054822,-10.14899901716819,0
42,6,-18.340262602782182,-0.044804629246461,0
42,7,-25.400559062319378,-9.216738296731256,0
42,8,40.274232105093155,2.670149305900787,1
42,9,38.16575762816059,11.197798180406277,1
42,10,39.62463646384138,-4.746271943772751,1
42,11,31.848731484960215,-3.9444209724987362,1
42,12,30.77550248868223,0.5150043496419942,1
42,13,38.66044446698959,-3.852964716576072,1
42,14,-10.319989260430004,-0.6399439453108803,2
42,15,2.096704457271994,-6.539601316170751,2
42,16,-8.820974581659277,-1.0698034726856154,2
42,17,3.0321558437288374,-8.029259153939003,2
42,18,-9.434050854805962,-4.89522145414568,2
42,19,-13.16309371832047,-5.017060368798667,2
43,0,-19.871709863524572,-5.415449380592312,0
43,1,-20.52019621446893,-6.806244552681665,0
43,2,-27.778607602194068,0.7219059480633192,0
43,3,-24.57964746829414,-10.222313283428457,0
43,4,-23.10540558099508,-8.395256301786992,0
43,5,-31.379137952266284,-9.665162790015396,0
43,6,-19.736179619986466,0.8997750001382292,0
43,7,-25.882401137126816,-9.13820336232746,0
43,8,40.95593589295533,3.3127235464472182,1
43,9,39.10864784868084,10.431393103333935,1
43,10,38.7479181191435,-4.944990720403023,1
43,11,32.133225969989965,-4.564634108502995,1
43,12,31.604297607918678,1.664783691858465,1
43,13,38.96641092427944,-3.753834551508401,1
43,14,-12.132081461437897,-0.36013962762347024,2
43,15,1.0764825225125163,-6.651980907232772,2
43,16,-9.304896600629695,-0.15977642457141827,2
43,17,2.935041868618977,-9.078844475073554,2
43,18,-9.455207187179013,-3.5254639358593414,2
43,19,-13.022337991501058,-3.561549421555608,2
44,0,-21.406880898003017,-4.73170707248058,0
44,1,-22.536872638763924,-7.039012577500071,0
44,2,-28.671787230910606,0.23467676372968688,0
44,3,-26.190747748842355,-11.420060917875388,0
44,4,-24.50387709075339,-7.891524136435787,0
44,5,-31.011901588839727,-9.230466612007303,0
44,6,-20.012550661227614,0.703820174531751,0
44,7,-26.483293661394573,-9.083233990576947,0
44,8,41.603162228874226,2.9188557659126055,1
44,9,40.60010920909924,12.18230751581409,1
44,10,39.377071772984735,-5.160649920193424,1
44,11,33.167068647121624,-5.508778858997114,1
44,12,32.73272109474506,2.469846107378312,1
44,13,40.48827182154534,-4.196746683325917,1
44,14,-11.784550384108318,0.7504232685973791,2
44,15,-1.495633298196152,-6.396205768818451,2
44,16,-9.448485905014508,-0.582365906111854,2
44,17,2.584239992687469,-10.169740024620445,2
44,18,-10.880435954522756,-2.8696308020081536,2
44,19,-13.326263639293654,-4.57671334681561,2
45,0,-21.35431629507028,-3.7015861404907113,0
45,1,-23.50448760863256,-6.765540847171844,0
45,2,-30.849702297471786,-1.5896644395572415,0
45,3,-25.74438520940985,-10.850286953362344,0
45,4,-23.60685723502553,-8.507309390932264,0
45,5,-31.98139397564715,-8.13927904430031,0
45,6,-20.39858856930193,0.7996945254152789,0
45,7,-28.755004514084646,-8.67748462927657,0
45,8,41.92694611634534,2.7228913278056917,1
45,9,41.66709275533886,13.04374961403052,1
45,10,41.433309703628844,-4.771778443283207,1
45,11,34.366939379192296,-5.945987990308358,1
45,12,33.10261401522256,1.747066587393463,1
45,13,41.63054963945713,-3.3157522373104973,1
45,14,-11.345778166223303,0.7143457074635561,2
45,15,-1.2297286814248798,-6.403251881255733,2
45,16,-9.030242039942895,-1.6477554946699224,2
45,17,2.0633640425342157,-8.596817510771775,2
45,18,-11.770852581247366,-3.5195007510189047,2
45,19,-12.08653384823582,-5.288838903502083,2
46,0,-22.383318550464587,-2.78988073743792,0
46,1,-25.152093770197688,-5.112950121694298,0
46,2,-31.295839001754207,-3.4795362822857676,0
46,3,-27.273783749167922,-10.83933081928236,0
46,4,-22.947405457922137,-10.292154942081094,0
46,5,-33.019225739476866,-6.9729973346606675,0
46,6,-21.43482508108717,0.76571565844662,0
46,7,-30.5723451723405,-7.845869483149606,0
46,8,43.434272571408144,1.9477152766522918,1
46,9,43.095943545174414,13.83541081829931,1
46,10,42.15136049951264,-4.910489530677823,1
46,11,35.2712936480567,-6.321905065850355,1
46,12,34.493891479141524,1.5704737300709763,1
46,13,43.19534401873712,-3.871620676557387,1
46,14,-11.837136805882462,2.705217287851177,2
46,15,-1.918004686392096,-6.073022470577294,2
46,16,-7.755672626429442,-1.6819527413972397,2
46,17,1.7128850879136626,-9.337864182107595,2
46,18,-13.060763023474067,-2.9909792279202985,2
46,19,-12.271764998211513,-5.115069601557183,2
47,0,-21.994104736683646,-2.4629943825906215,0
47,1,-24.193658790529433,-4.617652711110959,0
47,2,-32.41750167507104,-2.925344775034221,0
47,3,-27.16305937268134,-10.446725054885816,0
47,4,-25.257597602305353,-11.414828433053257,0
47,5,-33.61243740227134,-6.22133080242202,0
47,6,-22.415716345640174,1.5465339125791777,0
47,7,-30.234276297857395,-7.5048043766874875,0
47,8,44.022013870411875,1.9655855022367406,1
47,9,43.28897944383794,13.399085146086483,1
47,10,43.64459634369501,-3.928932778978529,1
47,11,36.73363515793658,-4.951949255105279,1
47,12,36.435346321341655,0.5963476534403656,1
47,13,44.977564202230994,-4.810627748232161,1
47,14,-12.290670790146542,3.780027856508493,2
47,15,-0.7579530201151801,-6.274201944198477,2
47,16,-7.95558708030772,-0.7572291559569002,2
47,17,1.5200950853448263,-10.543878104075972,2
47,18,-12.25558307008441,-3.695505990906682,2
47,19,-12.72888537097669,-5.860092189575183,2
48,0,-22.520005378088502,-2.470809320464218,0
48,1,-24.384704359291938,-4.603203092131233,0
48,2,-34.33480773735178,-2.765720969300387,0
48,3,-25.65737666894521,-9.849352808674608,0
48,4,-25.254567019302613,-12.361121944485882,0
48,5,-34.89821841925045,-5.852107522632031,0
48,6,-23.362634366248496,1.1058273776127303,0
48,7,-30.22251464189346,-7.167493019718554,0
48,8,45.67887656807245,2.733114939349085,1
48,9,43.992665582137946,12.490566372058607,1
48,10,44.751377795721275,-3.5236418188288567,1
48,11,37.69335024141514,-5.867217180251563,1
48,12,36.47501300814171,1.5518502266347238,1
48,13,46.51912698928937,-4.4626007349131065,1
48,14,-13.147136834212338,4.498020941893816,2
48,15,-2.2977616662549556,-5.397840039527004,2
48,16,-7.109711660018532,-1.0230243692192655,2
48,17,1.5690389090188492,-9.223774424613953,2
48,18,-12.761091245518166,-4.239313200815406,2
48,19,-12.29514656334182,-5.84719434095583,2
49,0,-22.51590212571145,-1.876868194435281,0
49,1,-24.863747983778644,-4.6825127885734315,0
49,2,-35.09002907102199,-1.7407922191240088,0
49,3,-27.445696169972393,-11.320001092445333,0
49,4,-25.716720199737303,-12.310700881301003,0
49,5,-36.17192208905023,-5.046705549992408,0
49,6,-25.701664040254716,0.7182579552571582,0
49,7,-32.61763602599492,-9.130108569278859,0
49,8,46.6403114134474,1.7687764470039964,1
49,9,44.80944621530044,12.695902180123277,1
49,10,46.038589585267495,-3.903940403224381,1
49,11,38.41164593922468,-5.415521417703398,1
49,12,36.873365428995584,3.1216822589991153,1
49,13,45.685002669882564,-3.9834733988967765,1
49,14,-13.496937931213626,3.7643438234898743,2
49,15,-2.607091790931496,-5.064414015486906,2
49,16,-6.922043514903965,-0.5256112296105271,2
49,17,1.7583480633507265,-9.328910778437134,2
49,18,-12.817004643893876,-4.150832988885745,2
49,19,-13.05741773308223,-5.196093478415141,2
50,0,-22.991527549884985,-3.1157890941399087,0
50,1,-25.31516155493898,-4.683801330314143,0
50,2,-36.06391985826998,-2.168070646468604,0
50,3,-26.905253520588477,-12.154464946314254,0
50,4,-26.451964112657834,-12.739746342770355,0
50,5,-36.57744998869276,-4.992942091161011,0
50,6,-26.21145078502485,1.797109654599626,0
50,7,-33.1045455070298,-8.527602603923281,0
50,8,47.58983490583599,2.4375614365157805,1
50,9,45.880279136355526,13.220273029929782,1
50,10,48.14161760810581,-4.185643995241361,1
50,11,40.91698322962878,-5.842854639132995,1
50,12,37.593802086448875,5.061243209066563,1
50,13,45.808506330533575,-3.404962971668109,1
50,14,-14.02748506036661,3.448235020189643,2
50,15,-2.470684555491669,-5.767270189664388,2
50,16,-8.591988958164325,-1.7374749208221394,2
50,17,2.4115419403633993,-8.876496267223652,2
50,18,-13.007004350438578,-3.3046344906119773,2
50,19,-13.042719174969646,-6.092100101053701,2
51,0,-23.595063114195145,-2.3205572041419655,0
51,1,-26.56285292556883,-5.215042521149039,0
51,2,-35.175826336078096,-2.4299610625152073,0
51,3,-27.29013154752203,-11.815184573423709,0
51,4,-27.26716432597731,-13.775745334131152,0
51,5,-37.416931520505514,-5.124329306026598,0
51,6,-28.678808951230632,2.0679679997539027,0
51,7,-33.93022191473061,-8.004346014995098,0
51,8,49.081592933387306,2.118798721576463,1
51,9,46.39518776666923,13.812896350849822,1
51,10,48.71686264218869,-4.885542386119074,1
51,11,43.467809967188906,-5.895608140876386,1
51,12,36.20520099653121,5.309967751170411,1
51,13,46.61297750127517,-3.592486242073953,1
51,14,-12.763660695183711,3.8412938241930257,2
51,15,-3.2924912584615424,-5.33958496710803,2
51,16,-7.79366316992921,-0.6075198016761625,2
51,17,2.565622548083567,-8.660938104291748,2
51,18,-13.044357081269677,-1.5857131311828478,2
51,19,-12.45915990904049,-6.502315852122077,2
52,0,-23.85789253087913,-2.2274955743340814,0
52,1,-27.731529312449645,-6.505609701308935,0
52,2,-35.54870119064771,-2.3155915268656564,0
52,3,-28.159019826569843,-10.740010493365729,0
52,4,-28.099598918284318,-13.589116612006883,0
52,5,-37.945014556556195,-5.51856237352646,0
52,6,-29.353279533153884,1.6770086774343702,0
52,7,-35.01848901730852,-7.445251806077038,0
52,8,49.71133002277407,3.6901584664051743,1
52,9,46.8699851738749,12.057718862408601,1
52,10,49.272025381489755,-6.0497333911261,1
52,11,44.70991967960184,-5.8949493426472905,1
52,12,37.64507385756128,5.147629230824916,1
52,13,48.12396275385926,-2.938054158070553,1
52,14,-13.304555100132283,3.541518352668926,2
52,15,-4.045850133385269,-6.100951074278276,2
52,16,-8.982448253457523,-1.8557334399389072,2
52,17,2.4340071481676193,-7.37551463199097,2
52,18,-12.659706578019644,-4.166655152803104,2
52,19,-12.246755596552502,-8.053023783798066,2
53,0,-24.855020792090322,-1.6962704380408309,0
53,1,-28.437130792589784,-5.272713411012818,0
53,2,-35.881197529694255,-2.8995123735170862,0
53,3,-29.68232730563667,-11.071910446363564,0
53,4,-28.430892257596753,-11.933607099037843,0
53,5,-38.00412229243356,-5.553108066393088,0
53,6,-28.954696102236042,1.0423365612881477,0
53,7,-35.72911863849358,-7.9765253029927745,0
53,8,49.62174702506744,5.070250010887218,1
53,9,48.51847608368099,11.774353717197812,1
53,10,50.54400702483413,-5.597380711814175,1
53,11,46.1586987630748,-6.384854632327646,1
53,12,38.54760960062483,5.0488429763755125,1
53,13,47.85981869668032,-3.779286409988364,1
53,14,-13.931874407170671,3.795511730851108,2
53,15,-5.316953997627108,-4.088426462960088,2
53,16,-8.274007446959137,-3.1748898536742676,2
53,17,2.7616011974623014,-6.95966669478125,2
53,18,-10.771238256083706,-4.839012019915245,2
53,19,-12.357948610919468,-7.268468051084159,2
54,0,-26.28555224274057,-0.9357711182496454,0
54,1,-28.416629252873932,-4.296480370116584,0
54,2,-36.70334647619851,-2.44078099331549,0
54,3,-31.488347018662427,-12.432732650916304,0
54,4,-28.065694562057836,-11.716066682290013,0
54,5,-39.4194805293034,-5.14844867567548,0
54,6,-30.7570512763601,1.2837132449236075,0
54,7,-35.31921985062128,-8.872303027346586,0
54,8,51.16720165782624,4.28033184484799,1
54,9,49.49274804577206,12.234029677198086,1
54,10,52.82360648834378,-5.899098769906717,1
54,11,45.80485529659821,-5.9804480334835715,1
54,12,38.44674933036653,3.6275294942353185,1
54,13,49.15874282381853,-3.8672992424562556,1
54,14,-14.993925861816209,3.0111139669694174,2
54,15,-5.530305656072798,-3.5318892413285816,2
54,16,-9.82694843377855,-3.2877132136396896,2
54,17,1.6792528388089667,-6.839768446942916,2
54,18,-10.9364337383921,-3.8039776131988243,2
54,19,-12.056653621115476,-7.072862566584479,2
55,0,-26.323872784506683,-1.218832308112932,0
55,1,-29.54081275656938,-4.375825855713632,0
55,2,-39.46931454544688,-3.5197527180516937,0
55,3,-32.243467110614624,-12.918751314943536,0
55,4,-28.40996270801583,-11.351223892656128,0
55,5,-38.944819482866706,-4.377789524997378,0
55,6,-31.619920276320745,0.456646581450159,0
55,7,-36.78330958502253,-7.510931192737815,0
55,8,51.23914021582459,3.3413613175494774,1
55,9,50.23043338732002,13.62011453777639,1
55,10,54.16335108915237,-4.03357635780962,1
55,11,46.09585451464526,-5.04270926799737,1
55,12,40.01933685331019,3.3917454099270197,1
55,13,49.597629968302144,-4.472236098384551,1
55,14,-15.86769152510552,2.789510245940705,2
55,15,-5.3238055217767295,-3.4783715744468795,2
55,16,-9.769806617332298,-3.5687179410043486,2
55,17,1.8528895342763956,-6.897431848741875,2
55,18,-10.4842803621629,-3.041601456261281,2
55,19,-13.363359805362927,-7.7820147386570895,2
56,0,-27.06565261026749,-0.6713676356573006,0
56,1,-31.404000633771947,-4.1919253319076955,0
56,2,-39.38243464010478,-3.2015849655741784,0
56,3,-33.382168343869495,-12.537838287555761,0
56,4,-29.339532843251515,-11.864761787888696,0
56,5,-39.93827764621287,-4.688048602091723,0
56,6,-32.27501806399404,0.1382736435355083,0
56,7,-38.819374999725284,-6.669061060922703,0
56,8,51.883836037890724,4.95604925890798,1
56,9,49.44080783393228,14.183824633882642,1
56,10,55.306130548548765,-5.672265385848501,1
56,11,45.88592023481191,-4.404626648626694,1
56,12,40.752792503051246,3.9728442873955374,1
56,13,50.058745789986936,-3.096709567405836,1
56,14,-16.617424563169006,2.5498957251619117,2
56,15,-5.100417766997546,-4.828814835819664,2
56,16,-10.822270520064285,-3.6577735226609795,2
56,17,1.7383207905522153,-6.441243026882605,2
56,18,-9.214798234022766,-3.1508401040000336,2
56,19,-12.877245809251958,-8.80318994330762,2
57,0,-28.279395414867007,0.605542404220919,0
57,1,-31.32070210736957,-4.135963929326931,0
57,2,-40.715570728274265,-3.3851315016311743,0
57,3,-33.746877735054994,-12.431001636596397,0
57,4,-28.413580578411075,-11.794130374257684,0
57,5,-41.49299893788666,-5.630785655091452,0
57,6,-31.909825652740096,-0.35753083604401353,0
57,7,-40.41245848636366,-6.382245805032086,0
57,8,51.416387147662945,5.786646693127971,1
57,9,49.6083126983177,14.71461273362925,1
57,10,56.37394722787924,-4.866781566822037,1
57,11,47.22218482023541,-5.5008507317173105,1
57,12,40.88579715530708,3.4592799291816014,1
57,13,49.29878360664474,-3.1331940222970633,1
57,14,-16.05625594832493,1.6881315454710055,2
57,15,-5.032789863911986,-3.337047379037113,2
57,16,-10.374037519766901,-3.677242663364244,2
57,17,1.280417127947006,-6.5570155408957715,2
57,18,-8.535646025516805,-4.721275875431276,2
57,19,-12.89546416816282,-8.354527103029815,2
58,0,-28.755081312653836,1.1391461607151352,0
58,1,-32.07765557272876,-5.795674734041254,0
58,2,-42.31491399997791,-4.310404122562765,0
58,3,-34.88784523095648,-10.570872739316753,0
58,4,-28.81135364237808,-10.810076972422834,0
58,5,-43.37585264564929,-5.602321067292107,0
58,6,-33.48968176279301,-0.973496848837591,0
58,7,-41.34190572148702,-6.908996510574545,0
58,8,53.51200465668866,5.111367959691751,1
58,9,50.244695835733246,15.4854724275791,1
58,10,56.468378276762024,-3.993621287719389,1
58,11,47.62121012832248,-4.796892672388916,1
58,12,41.395847087740925,3.396178252201431,1
58,13,50.79506774149444,-3.618933823793912,1
58,14,-15.63093332359548,1.7766385917103926,2
58,15,-4.37229208061167,-4.442793274283129,2
58,16,-10.800937850890481,-4.252207686554892,2
58,17,0.9805946649122614,-4.700537211846537,2
58,18,-9.213857225985207,-2.1778500320774383,2
58,19,-13.493941458544905,-7.709549699128271,2
59,0,-30.14821168074739,1.1219722937642684,0
59,1,-34.11184688221941,-5.822134451547253,0
59,2,-42.485635487572054,-4.730854243460189,0
59,3,-35.27082607684737,-9.911446616119811,0
59,4,-30.645250603100582,-12.380479894460132,0
59,5,-44.02705193154968,-6.066734650241474,0
59,6,-33.526669400513796,-1.4634008134803267,0
59,7,-41.51377449443724,-7.2048050668209775,0
59,8,53.7278638214981,4.360230944403916,1
59,9,50.22994784391702,15.265997324635457,1
59,10,57.579532730569845,-4.384862457675455,1
59,11,48.62439911423901,-5.172221834358916,1
59,12,40.62066706152226,3.9464643830751527,1
59,13,49.772224883052395,-2.3810933537389083,1
59,14,-15.165936750588866,2.6938164921155767,2
59,15,-3.878454326311654,-4.6703430065209215,2
59,16,-10.250829568543395,-4.1350262142742995,2
59,17,1.7306982602897292,-4.62707907880154,2
59,18,-8.546863178327628,-3.555677704039285,2
59,19,-11.471375688164384,-6.370494750565938,2
60,0,-31.772581619004374,-0.19915347729187594,0
60,1,-34.983285553835174,-4.934143228452687,0
60,2,-43.22921169066214,-5.244393987390422,0
60,3,-35.71233141526981,-10.25903549288571,0
60,4,-31.018315748104282,-12.175065741060745,0
60,5,-44.3648802131043,-6.3575893031778685,0
60,6,-34.099202011856796,-3.2972071612189566,0
60,7,-42.77586234482838,-8.17310434473666,0
60,8,53.66677528444052,4.508518322229577,1
60,9,50.351251061288075,15.43039554538489,1
60,10,57.591446514768805,-3.449826959371892,1
60,11,49.982240788645775,-5.295707135770086,1
60,12,41.5034820027666,4.628037269040395,1
60,13,50.97830171479278,-2.7415510896157036,1
60,14,-14.717559218928962,2.5216974837710713,2
60,15,-2.029151214511394,-4.71504585329733,2
60,16,-10.908009857032509,-4.156560541101426,2
60,17,2.1626904057210967,-5.119721585287297,2
60,18,-7.334552694415619,-4.25579895650792,2
60,19,-11.541005057036056,-6.220848913997328,2
61,0,-33.09926294993846,0.1454066564957469,0
61,1,-35.56398937039881,-4.189789484191541,0
61,2,-43.9961948606643,-5.815121441994554,0
61,3,-36.44524607241318,-10.06791272889004,0
61,4,-31.236981340158184,-11.25973698567717,0
61,5,-44.6325621674452,-7.932797596361739,0
61,6,-33.29173848429298,-2.4440186501138608,0
61,7,-43.37327017221139,-8.39447096313457,0
61,8,54.64398419073302,4.9157277946136375,1
61,9,51.70438403756261,15.966085117723216,1
61,10,58.342118273933345,-2.3883878232543925,1
61,11,50.086819432808724,-5.374137391053974,1
61,12,43.14447528975446,4.559698271860448,1
61,13,51.01072400506337,-0.795137040998737,1
61,14,-15.662916770159418,2.639244039518691,2
61,15,-2.998673424883056,-4.699637978484827,2
61,16,-11.26367009210674,-4.6615798665230255,2
61,17,2.3098883045581884,-4.935802040068043,2
61,18,-6.737597390837476,-4.983283396804962,2
61,19,-12.872551526820944,-6.725977000265241,2
62,0,-33.759029672988326,0.4136761456448797,0
62,1,-35.633448015535784,-4.010250768204448,0
62,2,-45.75018181903761,-5.108585198266493,0
62,3,-35.978882415078004,-9.234364294758395,0
62,4,-33.02622077517161,-10.668034729840853,0
62,5,-45.849926296546705,-8.946962000625707,0
62,6,-33.8395827952655,-2.866056586922786,0
62,7,-44.74990195288929,-7.503501279903357,0
62,8,54.91982803068914,4.744299344874557,1
62,9,52.606316169586655,17.67206342833118,1
62,10,59.65412728219493,-1.3687235662381196,1
62,11,50.851177663622124,-4.787452452506776,1
62,12,43.938060997277475,5.792507461272614,1
62,13,50.975772999133966,-1.0422130848459592,1
62,14,-15.075896851788501,2.244140293480225,2
62,15,-2.7765956366660314,-2.6081094101620996,2
62,16,-11.28339562757739,-6.627807654413638,2
62,17,2.280369372446862,-3.701552994905443,2
62,18,-7.248465046782729,-5.647084942401097,2
62,19,-14.458993414862793,-7.289179743609457,2
63,0,-35.245666583290685,0.5313464260556817,0
63,1,-35.70324426034053,-5.264237877048903,0
63,2,-47.681933396595106,-4.643189028622699,0
63,3,-37.9058182990463,-9.703673291204664,0
63,4,-34.15002225349639,-12.13215728310357,0
63,5,-46.26740323998257,-9.78213970730266,0
63,6,-34.48785833515275,-3.0688014529606953,0
63,7,-45.24709854374888,-7.588581749576856,0
63,8,55.43272118985462,3.864959092692973,1
63,9,54.227436838258996,18.131412290495057,1
63,10,60.35807964194332,-0.6508175373824157,1
63,11,51.02499589797069,-5.167997873139175,1
63,12,45.65187057864744,4.345406719682878,1
63,13,52.70119571895545,0.19693021785367004,1
63,14,-15.760066169782673,2.3152485125069138,2
63,15,-4.092146446073145,-2.495508540969675,2
63,16,-11.624999229068822,-5.466149554941873,2
63,17,1.796759203399287,-3.0329548541099993,2
63,18,-6.39548725031531,-5.173490009565217,2
63,19,-15.28555894640893,-6.168389450454186,2
64,0,-36.60125840612205,0.7495670710170852,0
64,1,-36.176352211411185,-5.195437381778014,0
64,2,-48.458028066989684,-3.5684733434986526,0
64,3,-39.159120959133546,-11.19186514213185,0
64,4,-33.971243065218815,-12.432760850673233,0
64,5,-47.13609650447052,-9.404272089361774,0
64,6,-35.14350428629836,-6.234707970338496,0
64,7,-45.19990330447125,-7.308644113160114,0
64,8,56.65489543665844,6.023967124264566,1
64,9,55.40183214455581,17.61813748858403,1
64,10,61.52193099471614,-0.8280324100703786,1
64,11,53.0152449830156,-6.427124788682229,1
64,12,47.58479058850228,3.336793782446854,1
64,13,52.16107610277022,-0.09000863952609567,1
64,14,-15.918079283506888,1.1600192141748622,2
64,15,-4.253716427289387,-2.9689312564124886,2
64,16,-11.518524855131034,-7.057974250285723,2
64,17,0.9444624026209275,-3.3613602830815834,2
64,18,-7.02294119132847,-5.440392479666396,2
64,19,-16.70974781560073,-4.953146045416995,2
65,0,-38.3729499269939,1.423296841390562,0
65,1,-37.05880757470929,-5.746437857204303,0
65,2,-48.98869963688609,-3.9343533645878903,0
65,3,-39.45771159792147,-10.83703359178869,0
65,4,-34.436372296506065,-11.813501290862627,0
65,5,-47.040646477559946,-9.428474409435237,0
65,6,-35.56408944824841,-4.9542665088003615,0
65,7,-45.700749295740565,-7.402072859675558,0
65,8,57.689733696638505,6.27764756796145,1
65,9,57.06908070360307,17.248142877203456,1
65,10,62.7600537526018,0.2694600936147047,1
65,11,54.19701189507737,-7.735163697688176,1
65,12,48.159904097366514,2.6695302431196333,1
65,13,53.8337826485122,-0.2984621367753239,1
65,14,-15.950483495566079,1.6617576571235986,2
65,15,-4.9980774901154605,-2.872236107052426,2
65,16,-10.483655809153678,-7.0432769396622685,2
65,17,1.0596336272027642,-4.695309107194636,2
65,18,-7.03058510084734,-3.8071459963715553,2
65,19,-16.627381486948952,-6.815106641833027,2
66,0,-38.756032061029636,2.013510567658796,0
66,1,-37.43101167759673,-4.8464448303546295,0
66,2,-48.375050328644875,-4.132975145858645,0
66,3,-40.09800261620376,-10.615639405316994,0
66,4,-36.418754502829735,-11.873785958806806,0
66,5,-49.59008881823378,-9.691248044624288,0
66,6,-35.59696416542565,-4.122213760667794,0
66,7,-46.07264689487965,-6.933157166901966,0
66,8,56.316888527653404,4.62460775957351,1
66,9,57.868961529088985,16.538865591480608,1
66,10,62.63608105898713,0.3351702055706004,1
66,11,54.58373845253611,-8.489891413408635,1
66,12,49.025840697137994,2.9047905890670447,1
66,13,55.81885741202226,-0.43625171958945397,1
66,14,-14.60074879250136,2.7308783158937944,2
66,15,-4.987728307460769,-1.6713978828590923,2
66,16,-9.523996467872923,-8.648153687036478,2
66,17,1.6094669857148154,-4.639609556940988,2
66,18,-6.53472807965033,-3.3186695439936598,2
66,19,-16.776677753455793,-7.389254590595729,2
67,0,-40.49257585741321,1.9345031148143426,0
67,1,-38.117753888345575,-5.385628595107436,0
67,2,-49.452090118261694,-3.7054276563605497,0
67,3,-40.12392294378191,-9.743136077356608,0
67,4,-37.59804770613241,-11.228828434743344,0
67,5,-50.66983062783104,-10.286102541699078,0
67,6,-36.10809705396329,-4.3200702521407575,0
67,7,-45.27308127711599,-6.677950031882262,0
67,8,59.50804647832224,4.580381622505533,1
67,9,58.863956519230804,18.063113521743013,1
67,10,63.88110132490125,0.32109345616172713,1
67,11,56.60049542493698,-8.356082521984575,1
67,12,48.2565788306483,4.291964979125617,1
67,13,54.913716156088284,-2.076744796364533,1
67,14,-16.280774036324154,3.2885429795078482,2
67,15,-5.904387694647558,-2.2783982444717132,2
67,16,-9.284730867713208,-9.908498622884416,2
67,17,1.9004845276816247,-4.105128840412482,2
67,18,-5.815385631786456,-2.9347395415497037,2
67,19,-15.746631725724846,-7.4312885503277375,2
68,0,-41.3687539054949,0.6600043584870807,0
68,1,-38.94326679103686,-5.920506680535722,0
68,2,-49.379586731027004,-4.500746975338591,0
68,3,-40.70763093536211,-10.879305068576086,0
68,4,-38.440937830870546,-8.871316529932281,0
68,5,-50.7890839053002,-10.238304539231525,0
68,6,-36.89040062924655,-5.057067269903366,0
68,7,-45.46673960063259,-6.213927089545046,0
68,8,60.04485488951118,5.512038223853396,1
68,9,59.055090926389575,17.54557103501852,1
68,10,65.39580640231486,-0.0026297014458951384,1
68,11,57.19070356763101,-8.588609970432772,1
68,12,47.09241561252214,4.037869692844346,1
68,13,55.44912630920361,-1.542868482200969,1
68,14,-17.217928252832934,2.991589627053759,2
68,15,-5.775432387990974,-2.9376726989953896,2
68,16,-10.249858905915367,-10.481104424693832,2
68,17,2.2571328785733433,-5.027695803295997,2
68,18,-5.462085515632418,-2.737670029701455,2
68,19,-14.060321602543082,-9.630905878996796,2
69,0,-43.07364330178156,0.49167175522327866,0
69,1,-40.325500213013,-5.728127731928593,0
69,2,-50.85676976283933,-4.387255072832198,0
69,3,-41.067149090633976,-11.763299940642405,0
69,4,-38.40244161660647,-7.689723557633194,0
69,5,-51.63495794994665,-10.779960724579647,0
69,6,-38.2738349057664,-5.654320679408332,0
69,7,-44.99975693978732,-6.439857377848489,0
69,8,61.767373828062915,4.374501668006901,1
69,9,59.54721279217702,17.644303373895937,1
69,10,65.21415952698796,-0.21166098523378493,1
69,11,58.34026295340862,-7.902414872971176,1
69,12,47.06593016871247,4.835317294076234,1
69,13,56.16723834139525,-1.7166183669702313,1
69,14,-19.23497415973237,1.1089853983948674,2
69,15,-4.886066852230946,-3.2641585972119334,2
69,16,-10.077922642539708,-10.528879116168584,2
69,17,2.759919687664478,-5.617225339040856,2
69,18,-5.38231785565895,-2.541106008882357,2
69,19,-13.361124386257472,-10.230507341555299,2
70,0,-44.86386453669948,0.8882519110834257,0
70,1,-39.69401146303671,-6.756343707857205,0
70,2,-52.1666779769432,-4.205838656569394,0
70,3,-42.06447179785913,-12.538444946558796,0
70,4,-38.863959745145834,-7.754526359177333,0
70,5,-52.58028729799876,-10.355346063385769,0
70,6,-38.25923053580418,-5.4198261715032325,0
70,7,-44.743103834160074,-4.532276891674622,0
70,8,63.45659312794628,4.02956005784392,1
70,9,60.05696058729064,16.87939216486249,1
70,10,66.61417919560053,-0.46368981344580107,1
70,11,60.869145635946715,-6.437819161485686,1
70,12,47.84983189960565,5.578274244865952,1
70,13,57.12137810653287,-2.5955785870627803,1
70,14,-18.661822088761983,-0.9340920586151271,2
70,15,-4.607783883532517,-2.6379112516246,2
70,16,-9.239037163026168,-11.914297900077436,2
70,17,3.8841315857190315,-6.2132340461559945,2
70,18,-5.076362511276871,-4.160197910814216,2
70,19,-13.435399606836706,-9.007039649930071,2
71,0,-45.90199487653253,1.5947262022181048,0
71,1,-39.434368522910546,-6.872945869680492,0
71,2,-52.867535600639066,-3.0303818157919586,0
71,3,-42.76437200887435,-12.941043080937664,0
71,4,-38.411250635682606,-6.626162862913185,0
71,5,-53.23018294560132,-8.89505908146689,0
71,6,-38.0684694447184,-5.0334154350349785,0
71,7,-45.252262650516336,-5.626295843725149,0
71,8,63.50137478708486,2.4628258290075546,1
71,9,61.53676738238014,17.53231482495789,1
71,10,66.48877332069381,-0.47880928606907674,1
71,11,61.99334902825019,-6.401816715661283,1
71,12,48.754154479449355,5.427302154264014,1
71,13,58.577079031361066,-2.737971891185768,1
71,14,-19.235419775999794,-0.13755527701538317,2
71,15,-5.038268878491911,-3.105810440468959,2
71,16,-9.356958300216142,-11.696506221097343,2
71,17,3.3746124206207413,-6.837321053859405,2
71,18,-5.505054588681409,-3.3405322342508423,2
71,19,-13.830911267870054,-8.929947288887035,2
72,0,-47.95625530977072,1.9791128335075001,0
72,1,-40.40238853376665,-6.799203646775889,0
72,2,-53.912966379645425,-2.059361923584361,0
72,3,-43.02551642632714,-12.304099379825006,0
72,4,-39.17192408615854,-5.953275845638042,0
72,5,-55.0331077609847,-8.294916499527638,0
72,6,-39.132937497730616,-4.777957881043332,0
72,7,-45.29585922258898,-4.073734906846385,0
72,8,63.69771938468149,2.4979853456696506,1
72,9,62.81322230982219,16.697268256998967,1
72,10,67.66836915019869,0.14926551311580755,1
72,11,61.58956077240587,-7.863283274148259,1
72,12,49.60648916135467,4.308704484120723,1
72,13,61.11990455841194,-2.43180339748245,1
72,14,-19.20332264132528,0.2972014065143121,2
72,15,-5.849365837735557,-3.6794281296694633,2
72,16,-10.029239263677841,-11.465054309502152,2
72,17,3.1770144326281247,-6.498754490451834,2
72,18,-6.010511825753908,-3.956707717816344,2
72,19,-14.423239891759017,-8.921564690960022,2
73,0,-49.45328858318985,2.864279846616163,0
73,1,-41.81440236505554,-5.867625400766314,0
73,2,-55.26736688520306,-2.3604412792669254,0
73,3,-45.24451191434399,-11.266351233643066,0
73,4,-40.59549228092531,-6.772664379643408,0
73,5,-55.221260438486205,-8.337575482998512,0
73,6,-40.802396476215456,-5.119845641177862,0
73,7,-45.65872878271549,-4.453178848681888,0
73,8,66.21209081390217,2.02539538072165,1
73,9,63.71548068813202,16.732372686871308,1
73,10,66.71505287761927,0.9552634762737644,1
73,11,62.209866163725,-8.050946575878152,1
73,12,50.52008116253575,3.9435452611071606,1
73,13,61.74615103008047,-2.6305529785711776,1
73,14,-20.510772078047335,0.9417711924571817,2
73,15,-4.825645992963657,-3.593775868673167,2
73,16,-9.513496053889451,-10.146995246616742,2
73,17,3.5220238002176494,-7.602196419353415,2
73,18,-6.579572537006786,-4.738432061419161,2
73,19,-13.80639489680904,-9.14062989769028,2
74,0,-50.80085448525438,2.5089075216581285,0
74,1,-43.04217800143161,-5.510025980414343,0
74,2,-55.18631935375763,-2.2257768762970365,0
74,3,-44.05001166358253,-10.768680555885144,0
74,4,-41.475493050924904,-6.570401235254413,0
74,5,-57.23079537965728,-7.451727641657158,0
74,6,-42.042309733410505,-6.45430721772464,0
74,7,-47.75472171773681,-4.0762871757994255,0
74,8,66.92137597615759,1.517899613633121,1
74,9,63.24093547521198,16.71075710217047,1
74,10,67.41510249180503,1.0075177490610068,1
74,11,62.79994295003601,-7.627265396638123,1
74,12,51.84446119764235,3.5012816109297336,1
74,13,62.77394662030488,-4.532171819293993,1
74,14,-20.648487574260344,0.49878424550179806,2
74,15,-5.225880108651213,-4.683501645154394,2
74,16,-9.561239242620431,-9.875699265322538,2
74,17,3.756598860165131,-8.012183709132435,2
74,18,-6.692704653653298,-4.5149033800026785,2
74,19,-13.99184372552662,-8.803741770824203,2
75,0,-52.05374172648867,3.2562996137835465,0
75,1,-44.09736528530266,-6.079167419523167,0
75,2,-54.22128168423169,-3.29932819470833,0
75,3,-44.57581764787143,-11.249384304841168,0
75,4,-43.50942275632699,-7.6012639840081775,0
75,5,-57.79036075300826,-8.668897517250837,0
75,6,-42.63160015012492,-7.8897422446646965,0
75,7,-47.5456287831302,-3.5941947340335045,0
75,8,67.11894288177484,1.4592153157584113,1
75,9,63.357857891361256,16.33817433259755,1
75,10,68.62102989631387,0.6774057203968545,1
75,11,62.80631798720724,-8.457784206495115,1
75,12,52.185896232671546,3.6876567209014066,1
75,13,64.72438053927452,-4.0863349193393255,1
75,14,-20.48195455070652,0.7239250856159887,2
75,15,-5.459608022340741,-4.508828488009927,2
75,16,-10.267341934259997,-9.26546174392897,2
75,17,2.4980981566776754,-7.533331044310772,2
75,18,-7.408410323421589,-4.674031632435235,2
75,19,-14.376086587502314,-8.067780247897936,2
76,0,-55.073195779734846,3.1707949593830804,0
76,1,-43.05258327961795,-6.007314290702115,0
76,2,-54.784937675863475,-3.7932645199288224,0
76,3,-45.18546121618227,-11.387434607708233,0
76,4,-43.80040113262534,-7.919225218003513,0
76,5,-58.50020717518744,-7.183751620232419,0
76,6,-42.78507271508766,-8.76751670246112,0
76,7,-47.39444066369314,-4.804319721859587,0
76,8,68.14730075633794,2.611036146890272,1
76,9,64.54429691110037,16.541545608263295,1
76,10,69.77659161141888,1.2624178878963552,1
76,11,62.70617861158484,-8.918073208331274,1
76,12,53.34391446467885,5.741881322367387,1
76,13,65.52138105052998,-4.080296395861834,1
76,14,-20.47817228342071,0.7999077826360927,2
76,15,-4.823415714554202,-3.345675680289362,2
76,16,-11.545927205659229,-8.455475748845869,2
76,17,3.140211982461186,-8.198159085723185,2
76,18,-7.313060436183674,-4.754423161896269,2
76,19,-13.759902860559988,-7.935473977473648,2
77,0,-56.71625158937421,3.2277726630349615,0
77,1,-45.285715994079574,-4.663711591791392,0
77,2,-55.3577709492813,-4.236310298521465,0
77,3,-46.16914297246996,-10.968516430048565,0
77,4,-43.81853310527755,-6.903552522647846,0
77,5,-60.36778441231366,-7.84844428764447,0
77,6,-43.37648174319602,-9.319311861235303,0
77,7,-47.770793921860445,-5.652121480917112,0
77,8,69.28560716509156,2.602071059319222,1
77,9,65.12393344937232,17.89733278320832,1
77,10,71.03990899325417,1.4894378188894766,1
77,11,64.43280671925689,-9.041255868848324,1
77,12,54.539167038509795,5.72821482303578,1
77,13,65.451484492115,-3.349107008742176,1
77,14,-20.451715959777925,2.3427075625267406,2
77,15,-5.365470048882781,-3.383854276322012,2
77,16,-10.398232274793038,-8.832335893181396,2
77,17,3.3209313247225465,-8.276661350652669,2
77,18,-5.92645678985049,-4.355714221719996,2
77,19,-14.21248422798771,-7.663059340919926,2
78,0,-56.579562951206704,3.4634986822883285,0
78,1,-44.48906598333597,-5.44592475744113,0
78,2,-56.784821277730565,-4.080446078048086,0
78,3,-46.78639077447031,-10.358241561524203,0
78,4,-44.146693233203194,-7.28328976945361,0
78,5,-61.56267387895064,-9.273604670976539,0
78,6,-45.04562762692492,-8.851819409923186,0
78,7,-49.321599172930895,-6.698138603771135,0
78,8,69.36435485723894,2.531350133265502,1
78,9,67.801646554886,17.2449300711805,1
78,10,70.36284520765894,1.4339315302163516,1
78,11,65.10101836189668,-7.872644173785044,1
78,12,54.49577760494291,4.857312413314031,1
78,13,67.30142882621982,-1.6363389877723113,1
78,14,-19.45643961200034,3.001579927517362,2
78,15,-5.73304915310663,-3.68540580214329,2
78,16,-9.810749595100214,-9.038603432465939,2
78,17,4.733109830348198,-8.95479343960664,2
78,18,-5.667160545581377,-4.338542660012748,2
78,19,-14.087049595935074,-8.417372757390032,2
79,0,-57.82905196824359,3.1930667380449558,0
79,1,-44.71153051928722,-5.935775341334894,0
79,2,-57.958874013223145,-3.3033114553842915,0
79,3,-46.70952192920406,-9.300982273734403,0
79,4,-43.48611343874235,-7.217479127612284,0
79,5,-61.41191846183463,-7.837968579952342,0
79,6,-46.52565343591855,-9.119803318008866,0
79,7,-49.65407940858421,-4.907955754088503,0
79,8,70.53979914526799,2.8445887792944617,1
79,9,67.80598939742808,16.732226968408046,1
79,10,72.77105820040275,1.7206226460700103,1
79,11,66.2265133920224,-8.646845496619335,1
79,12,56.96393133442178,4.104419835493516,1
79,13,67.97184103641577,-1.901416459453906,1
79,14,-19.935135145935824,3.3584596588251303,2
79,15,-6.052760374527147,-1.6384536822215887,2
79,16,-10.827579553276356,-9.58451376870273,2
79,17,7.233392755335542,-11.157336625541198,2
79,18,-6.730979174763928,-4.0172884931037025,2
79,19,-13.094263102523842,-8.58583629600334,2
80,0,-58.139321284108995,4.081798046549245,0
80,1,-44.737534066620285,-7.07235290016312,0
80,2,-59.290455686057854,-2.2382047116864143,0
80,3,-46.80670916561815,-9.840249711494767,0
80,4,-44.912275751587906,-7.303304135386615,0
80,5,-61.946746926807606,-6.522000825203067,0
80,6,-46.801261395700244,-8.821461843879906,0
80,7,-50.579413762140604,-4.30907481683809,0
80,8,69.64697055056868,3.6399341873119635,1
80,9,68.15402511068976,16.23159898955442,1
80,10,73.94321905023949,1.9046495726310442,1
80,11,68.70972811393287,-9.068027247233474,1
80,12,58.580793371500455,4.758421810980283,1
80,13,67.79304519850444,-1.83096370622658,1
80,14,-20.004375641169467,4.413317587097236,2
80,15,-6.288480083891212,-0.29249619239517255,2
80,16,-8.68710755693691,-9.778121761330713,2
80,17,7.4645272466342805,-9.821995212247943,2
80,18,-7.035562616340101,-5.123793392482034,2
80,19,-11.670775772963955,-6.822984833787062,2
81,0,-59.095307828352084,3.6815297474757798,0
81,1,-45.85839793034123,-8.357726067003654,0
81,2,-59.80147339130237,-2.815683621351718,0
81,3,-49.46808960089478,-10.427971750739585,0
81,4,-45.53109305306233,-8.926039289594899,0
81,5,-62.363344667955474,-6.55484896381308,0
81,6,-46.1772633481469,-8.50492032426417,0
81,7,-51.524494747915185,-4.526843513130928,0
81,8,69.40782430363636,5.19058497843537,1
81,9,69.57729393337465,16.90457409078955,1
81,10,75.37720719403146,1.4215554368391914,1
81,11,68.10438397305127,-8.411863327790515,1
81,12,58.856800452870814,4.4454717652702,1
81,13,67.48753359518093,-2.2550006743664546,1
81,14,-18.99246544294204,5.9576301034129395,2
81,15,-4.989378198731913,-0.30025481112099045,2
81,16,-9.524588227775546,-11.294035055222992,2
81,17,6.306321718134194,-8.021844710751878,2
81,18,-7.87234296761743,-5.415388460650456,2
81,19,-13.29823129108464,-6.462779930769617,2
82,0,-58.95680340697935,3.273933872439695,0
82,1,-44.66637651668573,-8.866106208415554,0
82,2,-61.402756831263034,-3.2223220135998614,0
82,3,-50.16693216607529,-11.099272797691718,0
82,4,-45.661681081439035,-8.997883288569897,0
82,5,-63.53031866042687,-5.305843263184375,0
82,6,-47.40596891493681,-9.631827429522955,0
82,7,-52.79843181690764,-5.302612900517344,0
82,8,69.2783149389965,7.332722738579413,1
82,9,71.2247581129059,16.79711279072197,1
82,10,74.46092380949156,0.8893245407256367,1
82,11,67.73958633483524,-7.381386135629201,1
82,12,59.04462045543297,4.923578473052153,1
82,13,68.6923479575357,-1.843708698958901,1
82,14,-19.219412468893413,6.030877649933959,2
82,15,-5.244176462469687,-0.43073689522040415,2
82,16,-8.904541917452645,-10.955015696126722,2
82,17,5.802769455655385,-7.636107218400422,2
82,18,-8.398164864613193,-4.9542904433189,2
82,19,-12.616579193736932,-6.546786669738952,2
83,0,-60.03988883942655,2.8911089299428507,0
83,1,-46.08740362736853,-10.026004284083397,0
83,2,-61.1518037241532,-2.8240801903921176,0
83,3,-49.9702233371113,-9.76242758482343,0
83,4,-46.50679888999432,-8.823917655828732,0
83,5,-64.22351589669115,-4.844811506700179,0
83,6,-48.630700290605034,-8.751059174859071,0
83,7,-53.697676949961284,-4.606546190511152,0
83,8,71.13391692875504,7.686949946929018,1
83,9,71.79542713036449,17.56358470602825,1
83,10,74.73081559322911,2.0441990356868445,1
83,11,69.82591412076168,-6.882827695747614,1
83,12,61.07954346569467,5.2173586692073535,1
83,13,69.63963259189238,-2.323137430865556,1
83,14,-20.31801777547968,6.609236566288257,2
83,15,-6.023407367396974,-0.42514583876280143,2
83,16,-8.736166679908166,-11.33684388093201,2
83,17,7.725397892834641,-6.598049995040586,2
83,18,-8.172118668587672,-5.1444909179078415,2
83,19,-12.010286762330177,-8.42498482539061,2
84,0,-62.811647448764305,2.7108225402588024,0
84,1,-46.887353017883896,-9.074029403887204,0
84,2,-62.35137049974118,-2.7558804527430314,0
84,3,-49.467960988169374,-8.796402321110174,0
84,4,-46.06676275618665,-9.810645747322166,0
84,5,-64.78619120459864,-4.594110590176175,0
84,6,-49.2197518892054,-8.738794113052817,0
84,7,-53.395352444185235,-4.176677721302141,0
84,8,72.71846574523,6.902001744679794,1
84,9,72.02842108448806,17.99695587144327,1
84,10,75.88088608103219,1.4203118132864114,1
84,11,70.48317861869822,-7.75230642353183,1
84,12,63.83205521857592,4.7981126251471995,1
84,13,71.2478048644846,-3.945482191726848,1
84,14,-21.01139564860568,7.178025214742392,2
84,15,-5.943993947946885,-1.4868360707787076,2
84,16,-8.26031407759609,-12.49979568860652,2
84,17,8.20572944367631,-6.521034068763537,2
84,18,-8.35212451224704,-3.567514956445156,2
84,19,-11.341437126104697,-8.225946389832414,2
85,0,-65.38350790728309,3.8912438090739583,0
85,1,-47.86584361139848,-8.386797626184201,0
85,2,-62.95363118147849,-1.7056438893063275,0
85,3,-51.23023458085942,-9.456863670249362,0
85,4,-47.684001381954445,-10.777534948385162,0
85,5,-64.49098981003642,-4.308783472129659,0
85,6,-49.93239935052997,-8.68858485972543,0
85,7,-53.63750959408982,-4.363160244706327,0
85,8,73.82979813443208,8.094639662209028,1
85,9,73.43825174963753,18.816302069975087,1
85,10,77.16780936930172,1.3643509091079014,1
85,11,71.8917859862903,-8.008119815803186,1
85,12,63.2082394711157,5.234007189126082,1
85,13,71.86851545455646,-4.481768241498325,1
85,14,-20.641672568881443,7.993196288781394,2
85,15,-4.479507118915278,-0.29110015052515337,2
85,16,-8.607019772938916,-11.967764043881015,2
85,17,8.900312475868798,-7.390511104641835,2
85,18,-8.452492425435471,-3.823478045424616,2
85,19,-9.996439895920059,-8.453366513840482,2
86,0,-66.33977736474966,5.166900982697964,0
86,1,-48.738985276441014,-8.394887161128977,0
86,2,-63.222493035062875,-1.23316446141308,0
86,3,-51.5728934706306,-8.078261152686514,0
86,4,-48.915068230605,-9.630530837228317,0
86,5,-65.14371701207,-3.937133207675016,0
86,6,-50.370167488907505,-8.387311178638136,0
86,7,-55.03781628992442,-4.347124158401281,0
86,8,74.41243182067218,6.592752527817977,1
86,9,73.8851694982204,17.238967694784073,1
86,10,77.18954818025946,1.7603712887356564,1
86,11,73.78658553400872,-8.384725031862576,1
86,12,62.39962449662322,4.938350531417377,1
86,13,73.11856857860559,-5.6800783575147875,1
86,14,-21.02874534045565,8.920626534660126,2
86,15,-3.6557718603294833,0.9658950434116591,2
86,16,-9.093584668332737,-12.609491761459214,2
86,17,8.453767391316175,-7.221965512982365,2
86,18,-7.829978845945454,-5.633953741155403,2
86,19,-9.16935200323662,-8.600942666056229,2
87,0,-66.42091687594953,5.439151496102775,0
87,1,-49.82237446823649,-8.23357326604176,0
87,2,-64.24645078749117,-1.1911214819204194,0
87,3,-52.34810131261102,-8.11362350952423,0
87,4,-50.466365255193544,-7.453703466984663,0
87,5,-65.88215084964922,-3.88859212896131,0
87,6,-51.85877427584246,-8.458776133853725,0
87,7,-56.96874276040601,-2.887014036704844,0
87,8,75.63337152014638,6.952198601452386,1
87,9,73.07298671557896,18.238822370942664,1
87,10,77.26336959343888,1.8512503805399456,1
87,11,75.04184977551063,-8.929816936418456,1
87,12,61.60152677622946,4.299436112188316,1
87,13,74.38943689750282,-5.034182382944383,1
87,14,-21.227390993980876,10.059171514674492,2
87,15,-3.3738373901770204,1.815604860940105,2
87,16,-9.044097120791868,-13.9989892430773,2
87,17,7.331655698657416,-6.904535857456002,2
87,18,-7.229024721852581,-5.86929560482354,2
87,19,-9.231643388717023,-8.791856059711266,2
88,0,-67.47355472000746,6.380031297431291,0
88,1,-50.6095977149004,-9.074480654284288,0
88,2,-65.48520381355027,-0.7256986930343163,0
88,3,-54.08067519273386,-7.363948553564148,0
88,4,-52.269176553136695,-7.34191535753817,0
88,5,-65.82976455018355,-3.73231065425675,0
88,6,-52.67922895340312,-8.785967114601346,0
88,7,-59.07834608429001,-1.934466924588174,0
88,8,77.25165869370625,6.741846455811251,1
88,9,74.01487588033643,19.022158508806335,1
88,10,78.79782651896083,1.1671813515979252,1
88,11,76.76960898832506,-10.948493159298025,1
88,12,61.958410834661244,3.7841520224838674,1
88,13,75.25546680949121,-5.037351788836375,1
88,14,-21.2055509469469,8.723399772101198,2
88,15,-3.179415841918094,2.413376207761413,2
88,16,-8.440971532313762,-14.303218012030143,2
88,17,8.138714917160536,-6.748585958349417,2
88,18,-6.902139219024892,-5.587271076425281,2
88,19,-9.12469792486624,-8.999787405138141,2
89,0,-67.97707595204598,5.9926589211573535,0
89,1,-51.274031369022396,-8.771112215569078,0
89,2,-66.34654932524016,0.8529795897068386,0
89,3,-54.77350500939657,-6.1786532872287765,0
89,4,-51.28606398937554,-7.130113398206307,0
89,5,-67.86584762480989,-4.106233843262615,0
89,6,-53.149359179432444,-9.077034633799173,0
89,7,-60.62210640948337,-2.868623429171307,0
89,8,77.94038796518494,8.203510428659078,1
89,9,74.97056489314546,18.373050899183276,1
89,10,79.05856913638648,1.566718176127634,1
89,11,77.60320715557458,-10.865066705828111,1
89,12,61.90854900014358,4.239092216214871,1
89,13,76.53096853136451,-5.694006538658096,1
89,14,-21.232717153205442,8.60612866740029,2
89,15,-2.9178259219517315,1.38506903647341,2
89,16,-10.030459799323964,-13.447150616544366,2
89,17,9.63330262882818,-8.211460890557708,2
89,18,-7.68554679252453,-5.042783435239562,2
89,19,-9.88674139754742,-8.0368428117507,2
90,0,-67.92103774635558,5.632261406200268,0
90,1,-51.93138882666733,-7.930428390582567,0
90,2,-66.53760189799094,-0.25345892674018944,0
90,3,-55.003162321682375,-7.040183445149891,0
90,4,-52.40051492630052,-6.533349145472726,0
90,5,-68.35604742399342,-3.707093314855185,0
90,6,-54.1726796432015,-7.737052648049057,0
90,7,-62.051539435012096,-3.5425377098305457,0
90,8,79.63221803086599,7.039680543432355,1
90,9,76.37179146074024,19.48652003827193,1
90,10,80.0640754259945,-0.10518396124754115,1
90,11,78.90057791170624,-11.676167760321512,1
90,12,62.46703453998918,3.9220638972341364,1
90,13,77.27096520827226,-4.573846347494008,1
90,14,-21.022541450094952,8.994814907056217,2
90,15,-2.3460510021235965,0.7771340284910049,2
90,16,-9.681084817000315,-13.783334786337226,2
90,17,9.121185979892438,-8.844946659244876,2
90,18,-7.588271296513372,-5.309307706266818,2
90,19,-8.980062714843992,-8.133437191410428,2
91,0,-67.22457878859484,6.78189984423659,0
91,1,-52.29048527693686,-8.439758297206073,0
91,2,-68.97464138176667,-1.456772909965802,0
91,3,-55.047873015211856,-8.128950788817772,0
91,4,-52.93779494638299,-5.976488929986418,0
91,5,-68.90692272884706,-3.383663261878785,0
91,6,-54.14501192927895,-7.610783798729435,0
91,7,-61.95779776917582,-3.2332804773273414,0
91,8,80.24160854157145,6.7599942487008615,1
91,9,78.09160134150952,19.29136745584382,1
91,10,80.6497282563444,-0.6380149479197824,1
91,11,79.20306247825316,-11.690840392708465,1
91,12,62.705952261054115,4.115532019372057,1
91,13,80.3028511456766,-3.853653493223879,1
91,14,-21.99184439844313,9.123988839527613,2
91,15,-2.305002737926073,0.1036357416584277,2
91,16,-9.635247924159204,-13.36949249488226,2
91,17,10.758125002442327,-8.715739668513281,2
91,18,-6.698625587289429,-7.400942353375859,2
91,19,-7.911488166020421,-8.359840824023555,2
92,0,-66.68059299063405,7.330821225743932,0
92,1,-53.392250282457525,-7.517903763969323,0
92,2,-69.2083615568233,-1.3611662814621324,0
92,3,-54.57970790476514,-8.86754677431463,0
92,4,-52.92172006943594,-5.013431476360025,0
92,5,-70.62265094264536,-3.7705859900483762,0
92,6,-55.34979570983006,-8.44431581738179,0
92,7,-64.03316106060781,-2.8405376515875873,0
92,8,81.96977986882008,5.1845227227385475,1
92,9,79.06264080328275,20.375454481940192,1
92,10,79.7292203344946,-0.5900888402538758,1
92,11,79.44980963247276,-11.58747502099275,1
92,12,62.98449828405696,3.1278561832541443,1
92,13,80.79060240986297,-3.3148908568248974,1
92,14,-21.75478920790823,8.815547352264726,2
92,15,-2.9719860332447205,-0.2416498537326497,2
92,16,-9.706914379131629,-13.581881401509278,2
92,17,9.983496697761844,-9.515927877149503,2
92,18,-6.756808503673082,-7.655515913177701,2
92,19,-6.0439197279545045,-7.982967180818788,2
93,0,-66.48214372419656,7.2692061828318675,0
93,1,-54.4961291436851,-7.886769300765484,0
93,2,-70.28476607360194,-1.2801736270091109,0
93,3,-55.81924673088291,-9.049959153224266,0
93,4,-53.26045046064062,-5.2320849003944945,0
93,5,-70.61329166661709,-4.108359904938116,0
93,6,-55.517074767499395,-8.332433789293047,0
93,7,-64.71403622426178,-2.5992177190258148,0
93,8,82.3816274750896,4.284678171666715,1
93,9,79.45054115328217,20.89440740047692,1
93,10,82.30426419548583,0.27461420373990686,1
93,11,78.87416694724678,-10.903935907363605,1
93,12,63.32566156504599,2.2654210692719228,1
93,13,80.97290093233526,-3.0084627108884607,1
93,14,-21.434845732101103,8.440248736718214,2
93,15,-3.3697561361948174,-0.2615393970282551,2
93,16,-9.672533768246588,-14.129160642248207,2
93,17,9.869840289306667,-9.448447812243762,2
93,18,-6.759011684449017,-7.087574548726501,2
93,19,-5.730660666378779,-7.74746119507671,2
94,0,-67.78106869017579,8.403153500545313,0
94,1,-53.33351538731062,-8.09100621865082,0
94,2,-70.87570574569152,-2.137787472533463,0
94,3,-56.255126320658015,-6.874256905321852,0
94,4,-55.160644086126304,-6.024301940185585,0
94,5,-72.0248274946447,-4.298351376117924,0
94,6,-55.7558033172314,-9.470940602048072,0
94,7,-65.75908618624463,-3.6392341638655443,0
94,8,82.24973749068772,5.659487803038055,1
94,9,79.73748785519017,20.247630327283602,1
94,10,82.12256716767018,-0.312888873164597,1
94,11,79.306798771012,-10.011361796074157,1
94,12,64.8744423302613,1.9445563980016622,1
94,13,81.31083251551267,-3.3764405445392702,1
94,14,-21.8765238364496,9.524909614510811,2
94,15,-2.2273213305527464,-0.2727949624404529,2
94,16,-9.552386046509877,-13.23921646346334,2
94,17,8.729848115657104,-10.043802998300748,2
94,18,-6.954377027351663,-6.99817696635346,2
94,19,-6.235805112189594,-6.988210333465116,2
95,0,-68.82955672469997,7.5242588194385815,0
95,1,-53.39947117920742,-7.470939537425667,0
95,2,-72.50623207961405,-0.8640336710460965,0
95,3,-56.253095491729226,-6.322669446439418,0
95,4,-55.715045143200264,-6.438398254136128,0
95,5,-73.33026161174259,-4.909522358813798,0
95,6,-56.70066996202874,-9.385413481138048,0
95,7,-66.07760875253862,-3.5379540860048504,0
95,8,83.51880893534052,6.282090306531728,1
95,9,82.19728367753672,20.516454326995685,1
95,10,83.17366269637381,0.8745679372429424,1
95,11,80.76520749140154,-10.116306294693494,1
95,12,67.24654000681947,2.4154903922187945,1
95,13,82.10551052684411,-2.2617942098604678,1
95,14,-21.48289629590625,10.456346455347335,2
95,15,-2.4508786749742417,-0.6052005945105832,2
95,16,-9.716701724035751,-13.435510430884463,2
95,17,10.376969527001915,-10.217819485703018,2
95,18,-7.062897605535124,-7.30796516542482,2
95,19,-5.539440074307633,-8.043946330158908,2
96,0,-68.28086697758519,6.479600827170418,0
96,1,-53.80887596331455,-6.793512336903009,0
96,2,-73.75624491895101,-0.4704875103191959,0
96,3,-57.77235125139604,-5.179310503794929,0
96,4,-56.75227668169282,-7.454557022436929,0
96,5,-73.0521161643629,-5.340021250004889,0
96,6,-56.975200970631114,-9.349210884437419,0
96,7,-68.16952590471693,-3.8959452201490383,0
96,8,83.13796444524439,6.2428249698242,1
96,9,83.04419302459561,21.31586196909216,1
96,10,85.08201606944617,0.22665875441121597,1
96,11,80.71274670077754,-9.72136326202268,1
96,12,68.98744859520914,3.475677400463079,1
96,13,83.6020242776154,-2.415297235567314,1
96,14,-21.962093564256506,10.011604580195433,2
96,15,-3.052057411881431,-0.3728528183702643,2
96,16,-9.701974354847616,-13.337532243890259,2
96,17,10.901097465736228,-11.792425722417596,2
96,18,-6.780687413728458,-6.990713695543003,2
96,19,-4.780085275935427,-9.362006684335919,2
97,0,-69.52239977908316,6.455590794099226,0
97,1,-54.04772318073238,-7.340211972640711,0
97,2,-74.17021192647178,-1.5420827183259567,0
97,3,-59.277056745708386,-4.471059140611397,0
97,4,-57.93364880547876,-6.8520994786569185,0
97,5,-73.26297306260597,-3.8709904302433324,0
97,6,-58.724640909016216,-8.88589351137198,0
97,7,-69.19788997024519,-4.194042038915478,0
97,8,84.14286642139304,5.574463164875009,1
97,9,83.61042158535517,21.32654504448901,1
97,10,87.97356423240925,-1.8835065250866794,1
97,11,81.38985593449718,-9.35883962646183,1
97,12,70.98548987434498,3.5621912986177593,1
97,13,83.87882865938218,-2.231683423314298,1
97,14,-22.808428245464416,9.80486799701208,2
97,15,-2.5723574732471963,-0.35502539507239445,2
97,16,-10.893662988383614,-12.72105004420186,2
97,17,11.098861477998653,-10.46691754530672,2
97,18,-7.137354190068282,-6.977364562403034,2
97,19,-6.283191849875459,-9.263685160302375,2
98,0,-71.24381112779923,6.7928167065816725,0
98,1,-54.66605980712844,-7.206114812049027,0
98,2,-74.01418452907284,-0.253899242779533,0
98,3,-61.64543230420766,-3.8979311269485035,0
98,4,-58.853524482263616,-7.765501770820128,0
98,5,-75.05495011878762,-2.6887722706835095,0
98,6,-59.416515497664115,-9.761495614181525,0
98,7,-71.71927326718394,-3.6913690078410015,0
98,8,84.86990794492502,6.808716920853402,1
98,9,85.01858970128258,22.49614619511633,1
98,10,88.55806053294478,-0.28736600624796416,1
98,11,82.18976825276846,-8.54061497694848,1
98,12,71.77283103407534,3.490782357269923,1
98,13,85.58952853860865,-2.5099308248146257,1
98,14,-23.556954218239124,10.837750976195737,2
98,15,-2.6908956795536727,-0.043075797806416904,2
98,16,-10.460554808782756,-13.432782951008903,2
98,17,11.221341344778716,-9.81903773192495,2
98,18,-6.793223944657973,-8.32792477272173,2
98,19,-6.912032693999786,-10.261441885331742,2
99,0,-70.9059549494982,8.529956268549247,0
99,1,-55.274232116561656,-6.964937833074516,0
99,2,-75.16502014413803,-0.6635812123620318,0
99,3,-63.027785718177526,-3.471719375194051,0
99,4,-59.521339817129956,-7.224377141285542,0
99,5,-75.31364713074237,-2.678914416382874,0
99,6,-61.26496277662839,-9.147330002420881,0
99,7,-72.09588549536163,-3.4824455340096945,0
99,8,84.97890619279741,4.996104400458566,1
99,9,85.77857262097254,22.229767701445404,1
99,10,88.66170712520385,0.0462000796995361,1
99,11,83.4032988971043,-9.832482120699582,1
99,12,71.51044094331992,2.4980492594818653,1
99,13,86.21707791610304,-2.984933908129671,1
99,14,-22.81549597252751,9.805500147701954,2
99,15,-1.5651654770813952,-1.0332179778492288,2
99,16,-10.606024336595752,-12.730163220546991,2
99,17,11.890818393446214,-9.014890412255085,2
99,18,-6.737350665420487,-8.366411653216804,2
99,19,-8.057048779599187,-11.301949566851576,2
100,0,-71.73998213666123,8.03252271828931,0
100,1,-56.45566404196224,-7.416379436452562,0
100,2,-75.83723122143023,-0.7903976879305266,0
100,3,-64.66446037503809,-4.762719892329444,0
100,4,-59.89886163235096,-6.58687504723434,0
100,5,-74.73796284109517,-2.690467294221839,0
100,6,-62.98576916129866,-9.402687235859602,0
100,7,-73.56154886717054,-4.249820936369789,0
100,8,85.84069072356381,4.565838648265409,1
100,9,86.48386876775932,22.754674979708884,1
100,10,89.48285840589672,-0.3643413934008365,1
100,11,82.88883321036312,-8.850808887788407,1
100,12,72.02158211471482,2.1542994745788553,1
100,13,86.99730834940485,-2.5500757893370056,1
100,14,-20.75983258989329,10.527221227567154,2
100,15,-1.4798975508755965,-1.0815138467580154,2
100,16,-10.155005990304225,-12.915961914678324,2
100,17,12.178307468649022,-7.715358333413202,2
100,18,-7.090885405302939,-8.529111074970798,2
100,19,-6.512964161747608,-10.416928760663449,2
101,0,-73.85476739761843,7.923330950666208,0
101,1,-57.34168185479921,-7.641215463966351,0
101,2,-76.57559276908815,-1.1588463472289685,0
101,3,-66.10255754061752,-3.4923705940635204,0
101,4,-61.9596171265228,-5.604785359012613,0
101,5,-76.25758107708958,-2.4051480603807605,0
101,6,-63.9400737244206,-9.494755442489968,0
101,7,-74.81969168203676,-3.9411089729108943,0
101,8,86.52013031637419,4.855295845195931,1
101,9,87.02592495077744,23.792460730930202,1
101,10,90.65746300568635,-2.627501775402937,1
101,11,84.07086369286944,-8.342248504055796,1
101,12,71.34691276668,2.67818663980768,1
101,13,86.88349145964969,-3.360867788569964,1
101,14,-20.120961955790023,10.299424642522009,2
101,15,-0.6772826059248505,-0.8064909656842845,2
101,16,-11.23239723217209,-13.413261847194697,2
101,17,13.821504567925032,-9.435865717894517,2
101,18,-7.929767181131897,-7.8144110066291805,2
101,19,-7.770647947028845,-10.268076210707411,2
102,0,-74.73561046629882,7.33673698998019,0
102,1,-58.50726102849979,-6.501073463288043,0
102,2,-76.38350149145583,-1.0614370743340733,0
102,3,-66.65553033553208,-4.530719416561153,0
102,4,-62.917575299647034,-4.899507345178277,0
102,5,-77.63589834279544,-2.518809049491774,0
102,6,-64.7230645538672,-10.142799129102224,0
102,7,-75.38598566083581,-3.29810566195235,0
102,8,87.72960643342918,3.4628833437483983,1
102,9,87.04438899667304,24.28902995482544,1
102,10,92.27239333982446,-3.572503113871855,1
102,11,85.7894861267411,-6.7314680290566935,1
102,12,72.23684292246915,1.5726410687895662,1
102,13,87.71414295786032,-2.7662691999461377,1
102,14,-20.01579238515942,9.912524560379502,2
102,15,-1.5161647854731162,-0.272856431018485,2
102,16,-11.824375990916758,-13.147863691831288,2
102,17,14.703300059627924,-9.968442227568932,2
102,18,-8.719820760754981,-9.545664477613984,2
102,19,-7.980814934844699,-10.109976229295185,2
103,0,-75.74947443060059,8.026825873534468,0
103,1,-59.138675701702084,-6.461382091931238,0
103,2,-76.76923499386018,-0.4491293758296676,0
103,3,-66.76630202846988,-5.876888446561204,0
103,4,-64.04640375703265,-5.433865621151282,0
103,5,-78.1932055541882,-2.3009231893935778,0
103,6,-65.72261448410931,-10.673374690035134,0
103,7,-76.21426155514861,-2.2948701696814027,0
103,8,88.84861275873642,3.636834807378157,1
103,9,88.05054313176414,24.221165664801717,1
103,10,91.95623154667011,-3.162411943250344,1
103,11,86.44901872236171,-7.738608641348373,1
103,12,73.82044027881238,1.1127181445064465,1
103,13,88.6732336863888,-4.282385831692739,1
103,14,-20.24263448566674,10.771072751389816,2
103,15,-2.180203824174371,0.18655095466453842,2
103,16,-10.36244949392421,-13.217938289422504,2
103,17,15.092403546263187,-8.830905757356621,2
103,18,-8.83679144383451,-8.913430674725896,2
103,19,-8.733641286280857,-10.55963106748671,2
104,0,-76.91708169203382,8.357916193980342,0
104,1,-60.792187759659754,-5.414971902257385,0
104,2,-77.59942905264279,-0.96687235659985,0
104,3,-67.42314836704489,-5.645306593042894,0
104,4,-64.6515510581907,-5.027283300842978,0
104,5,-79.49530521921537,-1.8248043781952996,0
104,6,-66.66415365638888,-10.71488245719133,0
104,7,-77.67324811838871,-1.984018584752112,0
104,8,90.19617215428207,6.052071599666668,1
104,9,89.37329590649037,24.815409012566235,1
104,10,92.58326272685053,-2.572687220169713,1
104,11,86.81205932562237,-7.1270240136584055,1
104,12,74.56566753931362,0.7881067250073722,1
104,13,87.9219481675856,-4.024510407265846,1
104,14,-21.562740085575868,11.286408332626802,2
104,15,-2.57173532516414,-1.092801348568587,2
104,16,-10.885870474446314,-14.181456062336006,2
104,17,15.094925144719044,-8.54814103160574,2
104,18,-8.720113615801862,-9.782172961028976,2
104,19,-9.75356220485891,-10.283419172102846,2
105,0,-77.98879484596496,8.166990184600355,0
105,1,-60.278602374160236,-6.2735351784028515,0
105,2,-78.06256365197724,-1.0161742690517555,0
105,3,-68.58782283553111,-4.2403065564169715,0
105,4,-63.9196287124483,-5.469780723440958,0
105,5,-80.556676913434,-0.5023403943407783,0
105,6,-68.39559309988617,-11.761320020054066,0
105,7,-79.66850691615991,-1.3628124359318576,0
105,8,90.61140001093723,5.930691673052444,1
105,9,91.81981289300613,25.447584177190357,1
105,10,93.08930136445242,-2.8922012059164794,1
105,11,88.45532951620156,-7.32713939523438,1
105,12,75.79885393983089,0.1513458092614911,1
105,13,89.4578840739594,-4.504268961378524,1
105,14,-21.578331408527053,12.498831642032949,2
105,15,-3.552673312641356,-1.0976233865082534,2
105,16,-11.824033871791803,-15.202869144757853,2
105,17,15.409198719519493,-8.60862218293798,2
105,18,-9.404175360269384,-8.23986566099714,2
105,19,-9.486493280793765,-11.474732103734182,2
106,0,-78.38597087952402,7.486869377963439,0
106,1,-61.07230446262185,-6.268021864741633,0
106,2,-77.67956467230277,-0.6366270204573934,0
106,3,-67.94461291403586,-4.706143941100609,0
106,4,-64.39003545361153,-5.340578363358707,0
106,5,-81.21709589048112,-1.5918326047695004,0
106,6,-71.26343177714199,-11.029864312755308,0
106,7,-79.67110423061095,-2.1530215990181665,0
106,8,91.63803491814501,6.529412855998379,1
106,9,93.01601625897715,25.715787812790786,1
106,10,93.38631290437085,-2.4507634172603647,1
106,11,89.70034357160972,-6.2585708315417365,1
106,12,76.96081519854178,-1.5410147869401256,1
106,13,90.23686816731973,-4.429946943419883,1
106,14,-22.062426569177724,12.479129599024628,2
106,15,-3.704118656923726,-0.40612894940471456,2
106,16,-11.005988030568233,-15.389960116539994,2
106,17,15.797696324452325,-9.050586800363675,2
106,18,-10.350229576823384,-7.512219243001859,2
106,19,-9.687098670314802,-11.478780511765118,2
107,0,-78.42587932981249,8.39519310876619,0
107,1,-62.52063990006097,-5.391503432038766,0
107,2,-78.3447438229339,-0.25170529254106677,0
107,3,-67.94035365579688,-4.705176507760841,0
107,4,-65.99751946407902,-4.503731143807429,0
107,5,-82.29013726584608,-1.9907226356358145,0
107,6,-71.54463638103586,-12.649026342719385,0
107,7,-79.4911517490109,-2.0433477960980455,0
107,8,92.33665060254596,6.7371251281786515,1
107,9,94.22618894104059,25.647904827056475,1
107,10,92.98121718810218,-3.6408551334780404,1
107,11,90.34356044173329,-6.433330102787396,1
107,12,79.75043607466985,-0.7210110309623858,1
107,13,89.624555366799,-4.718676867391006,1
107,14,-22.06565198054986,11.598226410090842,2
107,15,-3.7530064741591045,-0.5084586296748262,2
107,16,-10.304803389449182,-14.659226038306922,2
107,17,14.873357851468972,-8.820600694378726,2
107,18,-10.5484667034288,-7.9289675616932485,2
107,19,-10.600696436777884,-10.85310256543972,2
108,0,-79.1204841577484,6.784442081354805,0
108,1,-62.46432489284045,-3.8655386904238993,0
108,2,-79.22999950727876,-0.5370264295512821,0
108,3,-68.3752062822754,-6.037349875361489,0
108,4,-67.37380625513131,-3.7867506704701865,0
108,5,-82.63659527746186,-0.9293927180435202,0
108,6,-72.11521832712705,-13.474027559113305,0
108,7,-79.89960315483577,-2.1693819128506266,0
108,8,93.27897449091004,7.222140899385657,1
108,9,94.53490829533345,25.192108556289284,1
108,10,94.65817797051984,-2.8356251769886502,1
108,11,91.4275191534853,-8.535673744958329,1
108,12,80.5064065936204,-1.8815843436428943,1
108,13,88.69651255945229,-3.6196071278485373,1
108,14,-22.400468488105556,11.44365295284035,2
108,15,-6.089780768084209,-0.009181242911388554,2
108,16,-9.856016506383346,-15.08764274313719,2
108,17,14.243388125867195,-7.369439657156047,2
108,18,-9.746072321756174,-8.922766304991388,2
108,19,-11.30794843198752,-11.499743465819574,2
109,0,-80.13517744538777,5.785349796088401,0
109,1,-63.19317959143075,-3.8183599212856967,0
109,2,-78.94278137686194,-0.12204499339671021,0
109,3,-69.00851019228875,-7.151515981376459,0
109,4,-69.55933675459157,-3.3512164859313605,0
109,5,-82.4063479192043,-2.953221902913287,0
109,6,-72.51760645365205,-14.16439771011715,0
109,7,-80.44563294720247,-1.6429575914392052,0
109,8,94.6217892001374,5.790597907889157,1
109,9,94.5893150875205,25.17320355639545,1
109,10,96.4666081530591,-2.973027458508383,1
109,11,91.95258381835876,-8.409542969664727,1
109,12,80.64792790306073,-2.034476334957367,1
109,13,88.95183199164669,-4.3762201201815,1
109,14,-22.767754634137308,11.527910213044827,2
109,15,-6.227427802686015,-1.5249323152727583,2
109,16,-10.102613918614832,-14.461794775584885,2
109,17,15.414990244753985,-7.567247527877318,2
109,18,-10.672413530085432,-9.06963441950271,2
109,19,-9.578383531778485,-11.96107595495235,2
110,0,-81.22606061177649,5.0234142221921685,0
110,1,-63.73741037135181,-3.219158978305631,0
110,2,-79.11461740946432,0.564492152836302,0
110,3,-71.27688877455248,-7.937582337201087,0
110,4,-71.52118888777723,-4.117532105207445,0
110,5,-83.73384997742991,-3.955437891713822,0
110,6,-73.76110990542215,-13.93577395124272,0
110,7,-81.94526455511954,-1.7904440881118415,0
110,8,95.41859812424444,4.253999492663153,1
110,9,96.7439584431894,25.029328103770542,1
110,10,96.38499841534373,-3.3381983163516886,1
110,11,93.51856455874616,-9.168468749755263,1
110,12,81.40434927305513,-1.5291494171915838,1
110,13,90.79651527664457,-5.965960223702322,1
110,14,-22.354213621502918,9.69615495231421,2
110,15,-5.8528796456966505,-1.9621887415324637,2
110,16,-10.59446335468795,-13.723821387713565,2
110,17,15.741857322768798,-7.03703007313269,2
110,18,-12.096301704287923,-11.04990964850398,2
110,19,-9.55641889208078,-12.584154144243485,2
111,0,-81.57523376419131,6.195938489554798,0
111,1,-64.56904719148518,-3.729281327791508,0
111,2,-80.21182394077678,0.45413017224536434,0
111,3,-72.92378155388622,-7.713417923570884,0
111,4,-73.52265621352603,-3.6449205037515386,0
111,5,-85.09744450947655,-4.871526467066405,0
111,6,-75.0616548820194,-12.761505798332546,0
111,7,-82.9233340573046,-0.7590659118773586,0
111,8,94.8501854482971,3.2893660146314643,1
111,9,97.37978210803811,25.600382550351064,1
111,10,96.80130257430119,-4.022168790922749,1
111,11,94.20963744795174,-9.43047069536719,1
111,12,82.99303800433256,-1.2617987687613308,1
111,13,91.90744589488337,-5.411528378681492,1
111,14,-23.456907226156304,9.057550546294635,2
111,15,-6.2770810420148955,0.04224051470927659,2
111,16,-10.338027615847423,-13.068342854097978,2
111,17,15.44846683378264,-8.582410304664716,2
111,18,-12.606253782091263,-10.823172860591145,2
111,19,-10.486672224885117,-12.413618254076027,2
112,0,-82.55835874432731,5.8959341757934585,0
112,1,-65.64465380612813,-4.04757606055923,0
112,2,-80.49178008188377,0.34398611416090674,0
112,3,-75.27915195346908,-8.60584416984279,0
112,4,-73.58042088188395,-3.461948985566941,0
112,5,-84.95844191724552,-4.251895688287608,0
112,6,-75.21148677551183,-13.578858134235997,0
112,7,-83.47669235176417,0.042022290780513116,0
112,8,96.0540859985986,3.4086595096785226,1
112,9,98.90718998482441,26.7856791273419,1
112,10,98.31364077028559,-4.600365951509538,1
112,11,95.28100434163935,-8.503812994558638,1
112,12,83.90321513885416,-2.1161852212232684,1
112,13,92.52759122939848,-5.208153058497028,1
112,14,-24.282252054627627,9.718947007279601,2
112,15,-5.784335737450767,-0.6582503244542207,2
112,16,-10.318005599651089,-12.718181824917854,2
112,17,14.917150720184019,-8.615908640132647,2
112,18,-11.580657969894684,-11.469860439950581,2
112,19,-11.197454579932788,-11.881459055057062,2
113,0,-83.38973902964182,6.713554456454198,0
113,1,-65.58331293335463,-4.334639773431493,0
113,2,-81.23374026052298,-0.42335841045478584,0
113,3,-76.19634918055574,-9.53723875631536,0
113,4,-74.23141352019684,-3.0873408019939523,0
113,5,-83.61912184016204,-4.7746640496622055,0
113,6,-75.62652518341592,-13.88352122412057,0
113,7,-84.91580278995626,-0.0014387740074516264,0
113,8,99.18976490043342,2.057903255973483,1
113,9,98.49253702003506,27.50601204948513,1
113,10,99.04552276634195,-3.3822365286528315,1
113,11,96.70062957852673,-8.180750547640939,1
113,12,84.28049396263722,-1.6959877516263522,1
113,13,93.99930439488809,-5.04045794711003,1
113,14,-24.407860657303743,11.37314796314979,2
113,15,-5.667264465925434,-0.9837368694208386,2
113,16,-10.008518342109756,-12.366681975653398,2
113,17,15.707597956345694,-8.226316383669458,2
113,18,-11.680292813810361,-11.701277824344562,2
113,19,-10.562835084665618,-11.494186551366868,2
114,0,-84.85649356909609,8.211093768323488,0
114,1,-65.01848606508152,-4.943455877232285,0
114,2,-81.94670894165716,-0.9272296447399639,0
114,3,-76.8160684953214,-10.76456147775253,0
114,4,-74.7165001420338,-3.084137581720649,0
114,5,-85.12914258075149,-5.479634370883537,0
114,6,-76.7321962884644,-13.864237696084478,0
114,7,-87.15785268964163,-1.0242736750314307,0
114,8,100.97451002181,2.4688945121781787,1
114,9,98.7088137199858,27.675801093467694,1
114,10,99.89788313667582,-3.179561641266559,1
114,11,98.43372105873404,-8.261751595320758,1
114,12,84.74396384412607,-1.4495483655138126,1
114,13,94.2826455290165,-5.04514081026005,1
114,14,-24.609123165355747,10.910811062868808,2
114,15,-6.72908740592081,-1.5444579840175865,2
114,16,-9.055802177784232,-12.800348097285488,2
114,17,15.31411096500818,-7.440310401782909,2
114,18,-11.993231823917043,-12.689500153885367,2
114,19,-11.838433151392653,-11.082078342706383,2
115,0,-85.7463139143938,8.542060013187456,0
115,1,-65.61043916686789,-4.262889398434771,0
115,2,-82.52996018377706,0.5057122265053628,0
115,3,-77.73231413364373,-11.209777041851666,0
115,4,-74.45268844324627,-2.603176102500306,0
115,5,-86.95706103593062,-4.294504559998587,0
115,6,-77.75582432004738,-12.55181116570329,0
115,7,-87.23815174875793,-2.1137320897153917,0
115,8,102.71815501511708,1.8627792480679113,1
115,9,101.52292485446712,26.860707877897877,1
115,10,100.96887156246831,-3.247709225343714,1
115,11,98.9904544676123,-9.075377979901651,1
115,12,85.38207256527815,-1.9121654034697546,1
115,13,95.79182867430188,-6.361609799929427,1
115,14,-25.216880311717425,11.07212506452165,2
115,15,-5.629304694806914,-2.3361662006092425,2
115,16,-8.4599359963258,-11.559271196432476,2
115,17,14.241504569568797,-6.356329088558052,2
115,18,-10.88165153882588,-14.07024657033435,2
115,19,-11.870520295541406,-11.311084156322288,2
116,0,-86.73200220991703,8.36919846160912,0
116,1,-67.44064692910379,-4.164255426835586,0
116,2,-82.7488074865103,1.6034716952968127,0
116,3,-80.38269155331909,-10.688532976066744,0
116,4,-74.94322644736873,-1.7872285078757308,0
116,5,-87.41856352185032,-5.2899565658969845,0
116,6,-78.2886187920381,-12.561667864892,0
116,7,-88.58786794520536,-3.2948106901635548,0
116,8,102.75521852830258,3.221039968354669,1
116,9,102.03342340605741,26.852653473750948,1
116,10,101.78244545455253,-3.7856549962139496,1
116,11,99.99454920714282,-9.65395959805938,1
116,12,88.39646463213437,-2.5082434559488873,1
116,13,96.99642461933591,-5.429915624699557,1
116,14,-23.301067396155563,10.474190837047953,2
116,15,-4.541195350178775,-1.382115275852978,2
116,16,-8.855460128723825,-11.264173418715067,2
116,17,13.467454418316414,-8.257146331058156,2
116,18,-11.652384388762103,-14.253076611906636,2
116,19,-10.39395999715034,-11.587992206485291,2
117,0,-87.5868698383695,8.474084212560495,0
117,1,-68.26132560097247,-5.323669149156619,0
117,2,-83.46976411123016,1.658198765199907,0
117,3,-81.89210075731674,-11.436256524793123,0
117,4,-76.23096925110623,-3.038689432114162,0
117,5,-87.92081338803546,-6.378979987584701,0
117,6,-79.63357356442829,-11.512184830083179,0
117,7,-89.01912802422956,-4.3148748207003695,0
117,8,103.73889642605066,3.787797296811084,1
117,9,102.52713780709023,26.157299820198592,1
117,10,102.04477042799813,-4.110326729877514,1
117,11,100.24532788706703,-10.048636732379492,1
117,12,89.53621231578143,-3.7353089067530516,1
117,13,98.87946634633096,-4.485341989937276,1
117,14,-23.462208858070934,11.199593732977416,2
117,15,-4.608382295093253,-0.9611414794888402,2
117,16,-9.142074738946167,-9.869933270970753,2
117,17,13.406216291414632,-8.21328278681236,2
117,18,-11.98509161673079,-14.159388476128381,2
117,19,-11.013090566113727,-11.209504208957345,2
118,0,-87.69819957740846,8.478816067158618,0
118,1,-68.9499473003894,-4.7360837628654275,0
118,2,-84.46301375687706,1.5147600083454815,0
118,3,-84.2985407998965,-11.812721902393985,0
118,4,-76.37017917325457,-3.1473018639701764,0
118,5,-90.38339043961008,-5.662650655323459,0
118,6,-80.57098636346817,-11.25874539824209,0
118,7,-89.71403506102484,-4.678119143092733,0
118,8,104.81347581693292,4.116629394051283,1
118,9,103.42860458783383,26.590081528547078,1
118,10,103.28963066279722,-2.7819039085794737,1
118,11,100.07813790094707,-8.828671944364654,1
118,12,89.97392836484663,-3.090905533258588,1
118,13,99.35385048271198,-5.232657959381319,1
118,14,-23.29622002126345,10.62070334910551,2
118,15,-5.826126365648196,-0.8956791075956512,2
118,16,-9.162414876906597,-9.001295004583161,2
118,17,13.972394781293053,-7.501704449326415,2
118,18,-13.213874058311202,-14.346143785426149,2
118,19,-11.749960017119417,-11.990765663870864,2
119,0,-89.71129527488723,8.937914282626114,0
119,1,-69.0735747727839,-5.502519304520454,0
119,2,-85.68910933576772,0.32582871351297715,0
119,3,-84.80219669639715,-11.985754700310105,0
119,4,-77.2004624438138,-2.3081124197622094,0
119,5,-90.63712909244101,-6.432327981329394,0
119,6,-82.07080590069212,-10.949362477744607,0
119,7,-91.81150354680794,-5.5324994852132665,0
119,8,106.85184976941926,4.484793183772463,1
119,9,103.91449368568419,27.243496770761155,1
119,10,103.45871785375013,-2.340708170645522,1
119,11,101.67053245152779,-8.176873962362153,1
119,12,90.66004771783953,-4.223926153558795,1
119,13,100.60165047055449,-4.403241798292585,1
119,14,-22.49307019677253,10.40049687983113,2
119,15,-5.9843454603050645,-0.4992358099411671,2
119,16,-9.317362299460342,-8.588001123175093,2
119,17,14.537716600687995,-6.495607282890582,2
119,18,-14.570950233803933,-14.07829357175166,2
119,19,-12.178102542822835,-10.93837743525238,2
120,0,-90.3310957783503,8.180017432532855,0
120,1,-69.97005381390514,-5.563885439498584,0
120,2,-86.24354649108466,-0.07075593884699377,0
120,3,-86.44980971389195,-11.089138814599115,0
120,4,-76.17970218873556,-1.7150554400997824,0
120,5,-92.38609216806518,-6.174611614031909,0
120,6,-82.2869955865464,-9.938406006189798,0
120,7,-93.80361668247448,-5.304342835885118,0
120,8,106.76464747592264,4.480900043004632,1
120,9,104.41243832251043,27.982893458670652,1
120,10,104.391715077414,-2.0148819659536388,1
120,11,102.71691955019989,-7.710574355533327,1
120,12,91.04747560961808,-3.5562050781678276,1
120,13,100.05835196613835,-4.93366807290418,1
120,14,-23.380647285530156,10.919089586253401,2
120,15,-5.778690545145854,-1.0558923564688145,2
120,16,-8.482640424750851,-7.747813727185827,2
120,17,13.956349529301892,-5.750401748463051,2
120,18,-14.01232343749816,-13.712098786534648,2
120,19,-12.5709943359092,-11.301929486138798,2
121,0,-90.28700489088719,9.53233298286167,0
121,1,-71.27476452575358,-5.893146998774978,0
121,2,-86.42203605186849,-0.027031623230640213,0
121,3,-88.38536216428817,-10.878650567980355,0
121,4,-77.42220835065548,-2.2126161403626385,0
121,5,-93.51855855606985,-6.337039140225971,0
121,6,-85.22655929584973,-9.503849434755548,0
121,7,-92.76276290053423,-6.639604963213451,0
121,8,107.7695241828175,4.956120194960079,1
121,9,105.05841360046082,27.492830107453393,1
121,10,105.93500766880234,-1.7261282022433604,1
121,11,102.32381935818076,-6.401681360187512,1
121,12,93.59387457687887,-1.5625831371599153,1
121,13,102.57208723375969,-4.090093582877878,1
121,14,-22.754248806954845,11.219569435657249,2
121,15,-5.074775385568911,-2.889835419074595,2
121,16,-8.109283029990616,-8.174228493192674,2
121,17,14.363967780096175,-7.139350991610246,2
121,18,-15.017612427010015,-14.072235133941616,2
121,19,-11.009081684429514,-10.649024956976126,2
122,0,-91.57506867323164,8.928658096190183,0
122,1,-71.42263981738982,-6.027036780716212,0
122,2,-85.76782870623732,-0.5546270198132855,0
122,3,-88.27508320196239,-11.393518630550695,0
122,4,-79.61555332951781,-2.5977930138445977,0
122,5,-94.70816186820527,-6.200842157168924,0
122,6,-85.20788598753293,-9.627687642252125,0
122,7,-92.47446219690029,-6.724272448322073,0
122,8,108.61257800574296,4.608229147655305,1
122,9,105.96081455407344,26.22597028841124,1
122,10,105.79417844861086,-2.2845824358478524,1
122,11,102.9354960037021,-7.32900653697965,1
122,12,95.15672955675329,-0.5814994315803751,1
122,13,103.53772168789403,-3.716910247429057,1
122,14,-23.026351279218066,11.524940179284828,2
122,15,-3.9011620895624026,-2.779892952125183,2
122,16,-6.964434384376455,-7.842848558877329,2
122,17,14.014977564599821,-6.119545502008323,2
122,18,-14.257473263303352,-15.122647212334249,2
122,19,-11.660444001438815,-10.495815643296154,2
123,0,-92.87832429543012,7.8020025315843,0
123,1,-72.30844811127186,-4.882228861628322,0
123,2,-85.53243305913217,-0.36191376813392806,0
123,3,-88.81690065247288,-11.370055443973204,0
123,4,-78.57150778369427,-3.5610387629375797,0
123,5,-95.1951236179682,-5.535904865318377,0
123,6,-85.89892845086392,-9.65830062998417,0
123,7,-92.11359126481203,-7.4012700021139155,0
123,8,110.17086765612079,4.388746319539749,1
123,9,106.9664796891897,26.117709014866733,1
123,10,105.82332189203517,-2.36407808814358,1
123,11,103.53415811962667,-8.760102352289117,1
123,12,95.490715912759,-1.077454955658578,1
123,13,104.30312508730194,-4.398307315069082,1
123,14,-22.38075885933826,11.69349330338994,2
123,15,-3.538923470623485,-2.543074530578775,2
123,16,-7.411428537353855,-7.949829929002293,2
123,17,13.714797721719783,-5.8471352164560955,2
123,18,-13.613576710266505,-15.574094581242006,2
123,19,-10.673952649444335,-10.277846827831443,2
124,0,-93.67851229353047,7.4634731937977765,0
124,1,-72.83598442379667,-4.036140679694751,0
124,2,-85.90431873126228,-0.553677942702358,0
124,3,-90.1966904136268,-11.50036227989463,0
124,4,-79.90004581830581,-3.9649474179039266,0
124,5,-96.31342867329985,-4.595989283045457,0
124,6,-86.12394601951583,-7.744143009048613,0
124,7,-93.36701595785357,-7.126586868409747,0
124,8,109.44881113543177,4.818225070947718,1
124,9,107.95355788164144,25.656634283167488,1
124,10,105.43658813153104,-2.2253226571443787,1
124,11,104.7073423344305,-9.734564843597774,1
124,12,95.607368033458,-0.4260017369630351,1
124,13,106.06576503852567,-2.4941910473927535,1
124,14,-22.14323423839594,10.30483088732294,2
124,15,-3.139337855494766,-2.5323204914855784,2
124,16,-7.531209378204743,-7.309015490089349,2
124,17,14.686769586559029,-5.809190865838633,2
124,18,-13.112305566926556,-15.920183480230584,2
124,19,-11.806370244746658,-10.795735732270392,2
125,0,-96.10771469339915,6.266094981639982,0
125,1,-73.25124911969604,-4.862105251692381,0
125,2,-86.71978376587168,-1.5501592039934167,0
125,3,-90.88722384488564,-12.437343309054539,0
125,4,-79.95586993508196,-4.223100255162333,0
125,5,-96.86429359800886,-5.441032080359823,0
125,6,-87.959115420516,-6.692127533708922,0
125,7,-94.37614210672584,-8.221395582175923,0
125,8,111.21025327331157,6.715135666161902,1
125,9,108.71701129066528,25.587731838673466,1
125,10,106.3897290216425,-2.4776031764743887,1
125,11,105.4095955901715,-8.93514975642618,1
125,12,96.8679257952664,-0.30676364746727597,1
125,13,106.4291110723937,-2.940298479580785,1
125,14,-21.714621218460252,9.935639484599992,2
125,15,-2.5608021104131495,-2.70171293629201,2
125,16,-7.518718239870821,-7.483773378252951,2
125,17,13.701718032477709,-4.852193162170322,2
125,18,-13.982714686466498,-17.332227632761942,2
125,19,-12.639475010656508,-11.132780403986862,2
126,0,-99.20779811857311,5.5888039439070765,0
126,1,-73.20247372343113,-5.48172687198743,0
126,2,-86.93735335590222,-0.9695031146632265,0
126,3,-92.22864792019045,-12.210977407684918,0
126,4,-81.5458869040052,-4.513586041417668,0
126,5,-99.1094656729892,-4.656958687617829,0
126,6,-89.62811740454086,-7.13522874630258,0
126,7,-96.75500014365997,-8.887955218799314,0
126,8,111.22108336847833,5.740886494304591,1
126,9,109.1469930151666,25.535254521884806,1
126,10,107.0632581340142,-2.79679591204487,1
126,11,106.66645699401006,-7.419762866945383,1
126,12,97.49936876162852,-0.606969146993116,1
126,13,109.6226785533519,-2.9187785671061985,1
126,14,-22.952214969393353,11.576738230109449,2
126,15,-2.6869254767377586,-1.7010100677869844,2
126,16,-7.880099049198755,-7.976262369080863,2
126,17,14.092355397789612,-4.928130156434901,2
126,18,-13.440769921033418,-17.803535983743487,2
126,19,-12.066165504300926,-11.028321953198358,2
127,0,-100.07874361469713,5.891846212173727,0
127,1,-74.4957980483259,-6.327974525069707,0
127,2,-86.94531332520215,-2.064684404852247,0
127,3,-92.24920016971802,-11.25815210625295,0
127,4,-83.47848550386307,-5.1759382444229995,0
127,5,-99.36223350972017,-4.969426300384699,0
127,6,-90.49540664975065,-7.251721114533744,0
127,7,-98.38046717219328,-10.053495379182058,0
127,8,111.91750809916203,6.014300737124412,1
127,9,109.81759124447802,24.798976101528055,1
127,10,107.15012265851401,-1.8641501544455452,1
127,11,106.72890782584273,-6.977952768906768,1
127,12,99.59841268206453,1.4233663039030657,1
127,13,110.61590976154199,-4.378836080529144,1
127,14,-22.9613667010744,11.016083465958394,2
127,15,-3.956992009135119,-0.3324402748236974,2
127,16,-6.345684440260666,-7.53676249198991,2
127,17,13.362416459241446,-4.501925325120201,2
127,18,-13.96416065394265,-18.44143187688896,2
127,19,-13.103259329122144,-10.818922873354147,2
128,0,-100.42907850070259,5.378830990140181,0
128,1,-75.53704169740713,-5.431248127563339,0
128,2,-86.88847462208679,-2.5955024948153453,0
128,3,-93.86801478398662,-11.75765075101253,0
128,4,-85.02017962910554,-4.903714555999257,0
128,5,-100.45409271345402,-3.9747967621006315,0
128,6,-90.96425479751618,-7.26114478519128,0
128,7,-100.27449650596127,-8.713260673675421,0
128,8,113.42965911842245,6.889537295631362,1
128,9,109.99601657464434,24.09689371554971,1
128,10,109.39341694109388,-2.1167944573645996,1
128,11,106.11090999203775,-6.198144051934795,1
128,12,99.06085030584082,1.482922531801671,1
128,13,111.04096790335235,-4.075296529808827,1
128,14,-22.971235093895096,11.856699086583419,2
128,15,-2.9312154164558146,0.4169259458516188,2
128,16,-6.11630801156714,-7.96947559939337,2
128,17,13.276023188911429,-5.38147691498192,2
128,18,-14.454719535422033,-18.571677854669105,2
128,19,-13.78609626285015,-12.366787357024467,2
129,0,-102.2838833065172,4.873975312351476,0
129,1,-75.6191512836594,-5.145032851772231,0
129,2,-87.90418243880444,-3.622784829913824,0
129,3,-95.31024036008407,-11.015119195846324,0
129,4,-86.24945556530315,-5.093944496541796,0
129,5,-102.02208777013988,-4.5097668411796965,0
129,6,-92.06103789776353,-7.134492711426973,0
129,7,-100.94202062879812,-7.642732220115729,0
129,8,113.20856398235577,7.706895663266811,1
129,9,110.9552606172408,23.444889649234433,1
129,10,111.29462948153812,-1.7520009301099269,1
129,11,107.06601244293591,-5.849982725220139,1
129,12,100.98622175189178,0.42517854767039065,1
129,13,110.9044127325853,-4.819556217725818,1
129,14,-22.400234902994153,12.853821117790629,2
129,15,-3.3157237027082074,0.7546239722098003,2
129,16,-6.808593469703971,-6.259027135657668,2
129,17,13.32418781700893,-6.45534135603555,2
129,18,-14.714602329039261,-19.133403298698415,2
129,19,-14.124139355932988,-12.817230244073322,2
130,0,-104.1267727920779,4.099472371742182,0
130,1,-77.99326665815543,-5.338349801064033,0
130,2,-88.31307119811801,-2.516887941797564,0
130,3,-95.84900657782707,-11.764476412470557,0
130,4,-88.19349357048189,-3.6120744664866167,0
130,5,-101.8272887176452,-4.129971329949643,0
130,6,-93.42869656567846,-7.718113840349878,0
130,7,-102.42125518694998,-7.124785006076718,0
130,8,111.70626819245841,6.6245328235135315,1
130,9,111.67491026047388,24.130800430027627,1
130,10,112.17572556932687,-1.808877779947118,1
130,11,108.14029440187912,-7.655752068503229,1
130,12,102.54641876082744,0.2357702253739959,1
130,13,113.65548256467727,-4.567763409739384,1
130,14,-21.53501573279048,12.612641423687235,2
130,15,-3.04377139570349,0.6716690672655705,2
130,16,-6.579310845941235,-6.0193566799211835,2
130,17,12.73234262903896,-5.882494196664027,2
130,18,-14.028333665347708,-17.959216685173157,2
130,19,-13.112329821581765,-12.811850749280623,2
131,0,-105.99544478801056,4.050425825960742,0
131,1,-79.39877589809609,-6.510519403320416,0
131,2,-89.29872805093643,-2.369992889053402,0
131,3,-95.55423623153318,-12.172818918672323,0
131,4,-89.05917921819898,-3.487554796363082,0
131,5,-101.82060714464909,-4.022237729364708,0
131,6,-93.15340650894646,-9.200210288823708,0
131,7,-102.79071311383291,-7.2057661849707255,0
131,8,111.94313791566536,6.767178641946747,1
131,9,112.34550714455416,24.400772354501893,1
131,10,113.75169384977619,-3.229613995323972,1
131,11,108.8982494011491,-8.214554097724825,1
131,12,102.60843895083188,-0.29791468711481434,1
131,13,112.93545979256693,-5.803620484192118,1
131,14,-22.856376049818184,12.868457027797676,2
131,15,-2.4126544753328227,1.2745090421263796,2
131,16,-7.315381380968757,-6.450850845647464,2
131,17,12.776870950563563,-4.612883512574683,2
131,18,-14.24602836457513,-17.519070137640743,2
131,19,-12.388530988346456,-12.774372346124967,2
132,0,-106.16814093765325,4.502023621191702,0
132,1,-80.31713154665579,-7.1085699188668485,0
132,2,-89.14692392263719,-1.6529393186209473,0
132,3,-97.13367347383016,-11.684042813000811,0
132,4,-89.80716252707569,-2.9564001644216753,0
132,5,-103.4247936010714,-5.309636332893726,0
132,6,-94.7073023809215,-10.151204374060613,0
132,7,-104.97126603418528,-7.577071190195392,0
132,8,113.88663566049043,6.218414033740521,1
132,9,112.95039276609552,23.780807797983663,1
132,10,114.59478006966174,-2.487170438223006,1
132,11,110.91712511595937,-8.472266986222325,1
132,12,102.17367170808353,-1.5011347674163569,1
132,13,113.30603924462103,-6.483697676273095,1
132,14,-24.092960180502825,13.354903969995462,2
132,15,-1.695551284401069,0.8895243544680566,2
132,16,-7.123291189470929,-6.919215848449333,2
132,17,12.157621112244925,-5.934772899382317,2
132,18,-13.384059846123007,-17.378654437094717,2
132,19,-13.109891816412466,-14.236768234544604,2
133,0,-106.88922060419411,3.09838265576591,0
133,1,-80.88365515200162,-6.50141199985642,0
133,2,-90.06538746178695,-1.310012091264789,0
133,3,-98.03676507501763,-11.905698675342538,0
133,4,-90.29925406392053,-4.369501912145854,0
133,5,-102.9081837885176,-3.6836918569525317,0
133,6,-94.59297766361105,-10.153932482526157,0
133,7,-107.36619986766112,-7.985316235015128,0
133,8,114.41866355054032,6.326186537954714,1
133,9,114.32722104272855,23.118167923684194,1
133,10,114.87239647571134,-2.035307897883492,1
133,11,111.03185147553893,-8.401463997324491,1
133,12,103.38799702564066,-1.6909153017365186,1
133,13,112.91401325415205,-6.625306263816283,1
133,14,-24.726862057318844,12.979191257835934,2
133,15,-1.4882822153220796,-0.12350985458824215,2
133,16,-8.647138458300262,-6.253140554475469,2
133,17,11.790017146364988,-7.676387968169712,2
133,18,-13.113117913791672,-17.679349714394426,2
133,19,-12.475896324801669,-13.243033941285677,2
134,0,-107.59864296702726,4.376753311562798,0
134,1,-81.9000635592995,-7.296401443443027,0
134,2,-91.31418941297838,0.4832706316134252,0
134,3,-98.51478038345577,-13.613902365352143,0
134,4,-92.06833009382191,-4.62362968978966,0
134,5,-103.41404204001161,-1.7994517354050035,0
134,6,-96.77242266181972,-9.68613742345234,0
134,7,-107.61182896043792,-8.170177801397598,0
134,8,113.88288423784039,6.206365386653999,1
134,9,114.08369368475248,23.60921394067028,1
134,10,115.08587919892895,-1.6604969789320252,1
134,11,112.74641642310337,-8.832425016585722,1
134,12,106.05322998089594,-1.1941918826541138,1
134,13,112.38533299840789,-6.024425802284831,1
134,14,-24.263258968474425,13.644761683967232,2
134,15,-1.1152787460525262,1.1096024164158451,2
134,16,-9.099261416825907,-6.474022356667191,2
134,17,12.375961525343957,-6.362257129652414,2
134,18,-13.560637215449018,-17.90472180695135,2
134,19,-13.093678504228542,-13.129426682914803,2
135,0,-107.7611510010709,5.530974044092113,0
135,1,-82.68393527024682,-8.628233740363656,0
135,2,-92.85186486746804,-1.0509206530332151,0
135,3,-99.35284971824646,-12.906003823740273,0
135,4,-92.86753360669984,-5.656305901900766,0
135,5,-104.40175869054407,-2.539206569846337,0
135,6,-98.3973965737033,-9.401457772685587,0
135,7,-108.43871215210534,-8.964031275397348,0
135,8,115.72871065232349,6.1090727079861615,1
135,9,115.34533787082795,23.765018002504423,1
135,10,115.47705862704922,-2.275010598609996,1
135,11,114.07654233226354,-8.698838725943421,1
135,12,107.7343134910687,-1.4532949388077263,1
135,13,113.36899586566636,-5.326239704163599,1
135,14,-24.387368716429577,14.39341450075383,2
135,15,-0.5453125075590821,0.43174130357773866,2
135,16,-9.278664831528328,-5.700661197001733,2
135,17,12.54195596824018,-7.360904865828572,2
135,18,-11.916404513034449,-17.891088384459035,2
135,19,-13.343953120566434,-13.280327880822224,2
136,0,-108.92487797320224,6.590884808397936,0
136,1,-84.37716575534975,-8.208561877090446,0
136,2,-94.78985349842867,-2.9169129525675483,0
136,3,-99.06822161678373,-11.841408425307637,0
136,4,-94.67641780486328,-6.848688412434219,0
136,5,-106.10396196987004,-4.222697982267103,0
136,6,-99.3012081348391,-8.779201186030615,0
136,7,-110.52324982037206,-8.179487939701058,0
136,8,117.83287335320458,6.790748684127857,1
136,9,116.15321225045962,24.75811499565248,1
136,10,115.82064836307842,-2.334708183425115,1
136,11,115.10349908154032,-7.917475120293069,1
136,12,107.57328328975343,-1.112512002181057,1
136,13,114.03309768413006,-3.6617215776670458,1
136,14,-25.48221648025841,14.806163380424085,2
136,15,-1.1274942499612273,-0.16946654365982294,2
136,16,-8.073360263004966,-5.746526256300378,2
136,17,12.359043814039532,-7.609426958350417,2
136,18,-12.082708429849818,-17.58028269608261,2
136,19,-12.547521133122991,-11.579970621672834,2
137,0,-107.91383377883358,5.718300822629512,0
137,1,-84.36237372897195,-7.947398273111833,0
137,2,-94.8522088504077,-3.375756702482011,0
137,3,-100.05486427118522,-9.930291634434479,0
137,4,-95.4465691438655,-6.718225477997586,0
137,5,-108.2974847210705,-3.739812641425517,0
137,6,-100.26360978390302,-8.661474823781944,0
137,7,-112.71603738712793,-9.30301082374918,0
137,8,117.61126350598909,6.536960557126753,1
137,9,116.73482235597399,24.85697038454296,1
137,10,116.94644666175508,-1.9565916541078623,1
137,11,115.36508176628973,-7.537904699824781,1
137,12,107.77422544544812,-1.4715108175968206,1
137,13,115.21329676066479,-2.685319178709086,1
137,14,-27.300001048252327,14.803177288134433,2
137,15,-0.33770376225440746,-0.07698128955613062,2
137,16,-8.180464547952807,-6.690110106906258,2
137,17,13.790502878818524,-8.927178584924606,2
137,18,-12.21920869699221,-18.502169659249358,2
137,19,-12.412707314199121,-12.369067200858218,2
138,0,-109.4025085084396,4.132970574047144,0
138,1,-84.41326959110789,-8.758853279492346,0
138,2,-96.04317703208385,-5.1577201528966885,0
138,3,-100.22478300939011,-11.396892352329075,0
138,4,-96.39836417486187,-7.518907413602959,0
138,5,-107.48198909411562,-3.2441888027742807,0
138,6,-101.23233111614296,-8.893404360567231,0
138,7,-113.45342621832863,-8.794867653406033,0
138,8,120.28809159347645,5.585317708986999,1
138,9,117.07452296637064,24.11883055311003,1
138,10,117.73559246925028,-0.7663323896582921,1
138,11,117.16968227664022,-7.131790124163877,1
138,12,107.83162331128851,-2.6412989369350917,1
138,13,117.83620930624555,-1.6665164961222507,1
138,14,-27.87595971389907,14.302124989442657,2
138,15,-0.5512742980159471,-0.20823305727654354,2
138,16,-8.73984736676463,-6.773718929047049,2
138,17,13.534264782643,-10.063061783216785,2
138,18,-11.734153591695884,-18.490323910869733,2
138,19,-11.93942229225795,-12.198825277345106,2
139,0,-109.85462374052442,4.697927398043703,0
139,1,-86.5453555888717,-8.595518728887619,0
139,2,-96.46187086187624,-5.22694602740876,0
139,3,-100.75159155562022,-10.778932778243886,0
139,4,-98.30943143283216,-7.37631598487464,0
139,5,-107.53397528590335,-2.0552667769779083,0
139,6,-102.32611915207522,-7.898805667357023,0
139,7,-114.7352683381456,-8.969880997566243,0
139,8,121.74035566450539,5.655502605702242,1
139,9,118.71099327215268,23.316092519093623,1
139,10,117.47975546739698,-0.8259679340886172,1
139,11,118.09808254677262,-8.015455660974085,1
139,12,109.22643791426285,-1.8697483316873078,1
139,13,118.421933904727,-0.9540616639144976,1
139,14,-27.200641180031262,13.82637446998541,2
139,15,-1.4829083894228474,-0.06422867793894083,2
139,16,-8.802019086650626,-7.650936707858369,2
139,17,12.29309141142437,-10.935792285003108,2
139,18,-11.501419722713152,-18.20341959565361,2
139,19,-11.754590435070812,-11.788181866211046,2
140,0,-110.29103158936176,5.2537847035618075,0
140,1,-87.27105885623841,-7.6682553443796735,0
140,2,-95.7545318394994,-5.287010766095618,0
140,3,-100.93121747005753,-11.156907675742898,0
140,4,-100.20955310712893,-8.66197408047509,0
140,5,-108.99479950631451,-1.3855116458268952,0
140,6,-104.67566891517886,-7.67895442980966,0
140,7,-115.6625258257728,-8.861670803195052,0
140,8,121.91311559090266,5.573854393322929,1
140,9,119.26988595286176,23.86657077829733,1
140,10,117.96035917699545,-2.426645058295498,1
140,11,118.5071716587958,-6.342647646170149,1
140,12,109.54219629210678,-3.0021719667755473,1
140,13,119.54900229569046,0.15794801047929807,1
140,14,-27.206170074372217,14.057219082833791,2
140,15,-2.2193315392811908,0.18350067330301073,2
140,16,-8.760393727719663,-7.781890734355952,2
140,17,12.816771017586447,-9.801565080960518,2
140,18,-10.854534755927148,-18.12988889652223,2
140,19,-11.024924266979834,-10.610028382762753,2
141,0,-111.32406064742227,6.278788607108429,0
141,1,-88.25381165145306,-7.644636471265936,0
141,2,-97.20647173582573,-6.691523520861523,0
141,3,-102.02499954528702,-11.02752545963336,0
141,4,-102.64914654948167,-8.309709114198741,0
141,5,-108.29994249824368,-2.2353535373146136,0
141,6,-104.16880593910449,-6.5293135375206095,0
141,7,-117.33258458610491,-8.052285121354878,0
141,8,122.00582309177854,7.347695252716731,1
141,9,118.23763233052745,23.68416062100789,1
141,10,118.89886208341213,-2.972981167090345,1
141,11,120.21386724378476,-6.342899294345865,1
141,12,110.0396572097631,-2.877598106944061,1
141,13,119.790075612695,0.33616209220695437,1
141,14,-27.71006003637287,13.615725097987962,2
141,15,-1.3386074241789814,0.5526305902937592,2
141,16,-7.660983487517486,-7.7447029886596574,2
141,17,11.447090237643346,-11.204814526381954,2
141,18,-11.679204799033212,-19.46094141572569,2
141,19,-10.896304066288454,-10.306190918791657,2
142,0,-110.42740139826988,4.926273464984214,0
142,1,-88.6338259776775,-7.221470369350982,0
142,2,-97.35734923122433,-6.831220566866147,0
142,3,-102.81441017726532,-10.306809166645467,0
142,4,-103.93003512073429,-8.189416893082274,0
142,5,-108.86576239162135,-2.6935422417496273,0
142,6,-104.01322294090058,-6.037404351347167,0
142,7,-117.4902180384268,-7.938960207060817,0
142,8,121.91867625623193,7.145540033564188,1
142,9,119.29307016112729,23.589657782103714,1
142,10,120.56677569068916,-3.080461863832018,1
142,11,120.66902152002635,-4.730307731362789,1
142,12,110.32688147314589,-3.292782532401637,1
142,13,119.58567276955692,-1.9443271656262429,1
142,14,-28.536102489974308,13.390286953072408,2
142,15,-0.4750505445101648,-0.7597707476059845,2
142,16,-8.846818798699353,-7.390586167510048,2
142,17,12.518930670575912,-10.682541324567424,2
142,18,-11.334145266798211,-20.140798489493942,2
142,19,-10.288336665369227,-11.213050349554138,2
143,0,-110.08711900600596,5.165369846623279,0
143,1,-90.03686987132413,-4.80711153903706,0
143,2,-98.13172570411187,-5.72209121558237,0
143,3,-103.03463448409948,-10.960613091681475,0
143,4,-104.47786783910954,-7.257648706814951,0
143,5,-110.85254082291141,-3.4578754450997184,0
143,6,-105.85694853507626,-6.929666265529986,0
143,7,-119.29482686505762,-8.45842166843672,0
143,8,122.70799648272622,7.169546740028284,1
143,9,120.31040580266712,22.87591537328278,1
143,10,121.05237816111068,-2.836103423965124,1
143,11,122.23834215681293,-3.7746595218675707,1
143,12,111.7781691486083,-3.5540060236876787,1
143,13,120.42717566211844,-3.0760215842163516,1
143,14,-28.569876958963256,12.841515617279523,2
143,15,1.160725039586287,0.7733980975965189,2
143,16,-8.228847877351775,-7.5939287467897785,2
143,17,12.169285100889633,-10.041993520929207,2
143,18,-10.77688160908961,-20.122928164237763,2
143,19,-11.034090452495594,-10.14556870780291,2
144,0,-111.71418742450933,4.618267741286134,0
144,1,-91.1931823600628,-5.0406348136772365,0
144,2,-99.39293223138519,-5.535006958923085,0
144,3,-103.91276158438333,-10.571245554774771,0
144,4,-106.14172790258027,-7.442694321710232,0
144,5,-112.20488842758857,-2.6845518552501715,0
144,6,-108.06977292905549,-7.341154231467936,0
144,7,-120.55708405450608,-8.281663767839124,0
144,8,123.06120499007643,7.610394674880043,1
144,9,121.82077526588968,23.419635938914986,1
144,10,119.68800657314459,-2.0363962575655097,1
144,11,122.76620884087568,-4.17142116053949,1
144,12,113.23853030031896,-3.2274124172866108,1
144,13,121.98061369677828,-3.835369873446453,1
144,14,-27.931466303281077,13.097340959181746,2
144,15,1.0489362069095733,2.003145194085811,2
144,16,-7.863095343615084,-8.151956876322533,2
144,17,11.531354680119517,-9.974525850825636,2
144,18,-9.597958847745591,-19.329045466254787,2
144,19,-10.444789932971512,-9.874159991788453,2
145,0,-112.568577266878,4.201421824395169,0
145,1,-91.28525510731406,-4.722012263258863,0
145,2,-98.41379185050401,-6.240402458854097,0
145,3,-106.00227989258525,-10.03480061175959,0
145,4,-106.8846758126103,-7.039270046100648,0
145,5,-112.75183202204629,-2.021658892351563,0
145,6,-109.7101698481661,-7.128533391970983,0
145,7,-122.53857301697609,-9.950621354227916,0
145,8,123.42172810515183,6.586368480433076,1
145,9,121.9817831287262,22.923569003538045,1
145,10,120.89887066479676,-2.7784017871966666,1
145,11,122.83295212248764,-3.5326022089492066,1
145,12,113.60949395567597,-3.408848461064962,1
145,13,123.34422286702384,-5.043426068147097,1
145,14,-28.04574863107763,11.99327919932748,2
145,15,2.424711076786848,2.2746044733088593,2
145,16,-7.3976673913275075,-8.313931056763382,2
145,17,11.603055910688239,-10.160182052981952,2
145,18,-10.359594477297717,-18.67006957689307,2
145,19,-10.255163110986206,-9.18824650015374,2
146,0,-113.4940703642365,4.5115725202358945,0
146,1,-92.88000301777707,-3.620035520050158,0
146,2,-99.90609491198597,-5.992789678326458,0
146,3,-107.06923931313102,-8.324055309497222,0
146,4,-107.78369279442714,-7.946569588737183,0
146,5,-112.62436355250355,-1.0957974339289807,0
146,6,-110.82716341151998,-6.036807669099514,0
146,7,-123.55570093145398,-9.800387419410928,0
146,8,124.15656831704595,6.793472827120598,1
146,9,121.99165860233633,22.335084297682734,1
146,10,122.16400334738799,-1.9540459282805025,1
146,11,123.49737034294152,-4.569377253129559,1
146,12,113.6931545679527,-3.561636605983991,1
146,13,124.82788671537688,-5.645151348509333,1
146,14,-27.068405738865277,11.978231888988539,2
146,15,2.238440240379404,1.770636848554643,2
146,16,-6.81203012575167,-9.782549372144263,2
146,17,12.837370590169666,-10.206333713186071,2
146,18,-9.669953495518051,-18.517961707353688,2
146,19,-10.131860027307056,-10.569879633703348,2
147,0,-114.21372023920154,3.1294535696869765,0
147,1,-93.56614924206413,-4.363253407594041,0
147,2,-100.77464299021717,-6.296758959531434,0
147,3,-109.31082764716282,-8.559243813439652,0
147,4,-107.82199046455132,-9.707567382384411,0
147,5,-113.43779791350498,-1.4985409625199997,0
147,6,-111.51438413835142,-7.394376906214338,0
147,7,-123.38435982711951,-9.518417194608746,0
147,8,125.93576760004625,5.007277723625078,1
147,9,122.56689143837363,22.714798713879787,1
147,10,122.61499512590909,-1.09247695309603,1
147,11,124.02322303074078,-4.5984507985357705,1
147,12,115.74775324263243,-5.117024031335513,1
147,13,125.08819924566266,-5.856863745435289,1
147,14,-26.59813331218854,11.211231322697596,2
147,15,2.271334549309608,1.947153972141183,2
147,16,-5.976109733590945,-9.805058318543336,2
147,17,13.016171582923121,-11.443974422764061,2
147,18,-9.503416090837957,-17.270739560106232,2
147,19,-10.744793991005338,-10.39937739144075,2
148,0,-116.58273387534669,2.7298997263235267,0
148,1,-94.69687801150924,-4.605930725066081,0
148,2,-102.30092767970372,-6.119175332224122,0
148,3,-110.57288799572314,-8.682070445795203,0
148,4,-109.4320468228706,-9.773813267897909,0
148,5,-114.25261893420488,-1.0680484022369754,0
148,6,-112.9012774239354,-7.92783786629003,0
148,7,-124.46914196567722,-9.58276131519051,0
148,8,126.80445998360797,6.576048886795218,1
148,9,123.54168569158453,22.26846464546384,1
148,10,124.26176340516845,-1.2347501960662572,1
148,11,125.79060846466878,-4.943290959478474,1
148,12,115.26985007404863,-4.909196162581157,1
148,13,124.57974926648482,-5.4584888072126905,1
148,14,-25.261877490724153,11.402627483841266,2
148,15,2.80339854880997,2.5759123357768674,2
148,16,-5.27598058051192,-9.637097246711718,2
148,17,13.266438207930273,-10.983768167729991,2
148,18,-9.622271326232413,-16.670143949181433,2
148,19,-10.221310943025129,-10.3200574444688,2
149,0,-117.13972822867949,2.7579721119774465,0
149,1,-95.42547720527956,-5.387072244160157,0
149,2,-102.48578724008046,-5.315467583406804,0
149,3,-110.21779983675218,-8.025737439808669,0
149,4,-110.7846716684258,-9.811225216036314,0
149,5,-112.86552742586326,-0.24243954663410827,0
149,6,-112.5260004310673,-7.714400233164751,0
149,7,-125.92414017515361,-8.28377560149046,0
149,8,127.30817433585517,6.311806053104282,1
149,9,124.71361516860603,23.195471614126834,1
149,10,126.72577964107688,-2.0262946579314436,1
149,11,126.98312044893424,-5.688094665535724,1
149,12,116.55046183990378,-5.316547656881129,1
149,13,126.15692772452356,-6.190349887743594,1
149,14,-25.58084495600343,10.20358609496797,2
149,15,2.7831145890308138,3.3443069858602112,2
149,16,-4.212605691513923,-9.900804885722993,2
149,17,13.546463244028056,-9.626848759800314,2
149,18,-9.451544944220746,-17.051107268598095,2
149,19,-9.150745975573331,-11.388019036476711,2
150,0,-116.15147663055419,0.7091999196346421,0
150,1,-95.80942985109291,-6.752163575509284,0
150,2,-102.1420866688937,-4.054683065440393,0
150,3,-110.80045102052057,-7.326871821715959,0
150,4,-110.82679464436664,-7.996013020365896,0
150,5,-113.29705121443858,0.33391018148972085,0
150,6,-113.8162946336921,-7.3880847564879515,0
150,7,-126.58721632585548,-7.104035362446649,0
150,8,128.18792883973168,4.684330248694552,1
150,9,125.85746330400177,24.078954100890613,1
150,10,126.84889200052609,-1.9684104037938877,1
150,11,127.33184618473078,-5.710625159624603,1
150,12,117.64221609914422,-6.41593287041361,1
150,13,126.3250343312221,-5.668636740927664,1
150,14,-26.142301303312912,8.248597363671799,2
150,15,2.8131630790869115,3.773691906211982,2
150,16,-3.067973111228449,-8.545494393175252,2
150,17,14.566449713325763,-8.251774081580448,2
150,18,-10.02947013981343,-17.162114085695173,2
150,19,-9.638012507184396,-11.78682637556667,2
151,0,-116.00179994176592,1.6163060278850963,0
151,1,-97.19461053459636,-6.141165417670742,0
151,2,-102.8213005836793,-2.0653147812774146,0
151,3,-112.13287842120133,-8.50561491869802,0
151,4,-111.59383387287046,-8.989102242922572,0
151,5,-112.97685449487814,0.06765014944732328,0
151,6,-115.2032428231915,-7.4949307034292305,0
151,7,-125.34387685109776,-6.165032698321832,0
151,8,130.96830611976756,5.3316718921371375,1
151,9,125.62448914483346,24.752850556595174,1
151,10,127.55716483308596,-0.08696785316834799,1
151,11,126.99042203698944,-6.106239096261629,1
151,12,119.32244767889901,-4.903388896423108,1
151,13,126.97052266450662,-5.726661416743573,1
151,14,-26.74394251638911,9.786001962511856,2
151,15,5.004887706991268,3.5460516602769587,2
151,16,-3.0731211277517128,-10.1917112200508,2
151,17,14.53720530864025,-9.42442359162495,2
151,18,-10.954913728858665,-19.070259035868805,2
151,19,-9.6072560295605,-10.900534520428115,2
152,0,-115.68573130018446,1.109677130560482,0
152,1,-98.74775212933456,-6.130272581844951,0
152,2,-102.94188992653919,-1.7069489467893941,0
152,3,-110.93859941415602,-7.716914102861572,0
152,4,-112.52271279705646,-8.6161120258242,0
152,5,-113.34316288149218,1.2934809067292194,0
152,6,-116.39116474913418,-8.068859156917867,0
152,7,-126.11305974889595,-6.038416884019336,0
152,8,131.5797044932983,4.340002417810631,1
152,9,126.73470130401898,22.56689795110832,1
152,10,127.0958220481837,0.2108084430660655,1
152,11,126.97353866791569,-6.785051554899049,1
152,12,120.50581763400679,-4.599346937093072,1
152,13,127.89676357351742,-6.782855277170339,1
152,14,-25.770411868178762,10.411229945126244,2
152,15,5.508479180464306,4.726246461348785,2
152,16,-4.034567923214706,-11.372557313032125,2
152,17,15.288865650478739,-9.086575883396055,2
152,18,-10.132055222994223,-18.606014791952735,2
152,19,-9.987401238166573,-12.59764257094491,2
153,0,-116.01570857395241,0.28027519268084244,0
153,1,-99.194208176231,-6.441153196884095,0
153,2,-104.65535005255653,-0.5005972957059557,0
153,3,-113.207603239653,-6.255242002878008,0
153,4,-113.64666193549797,-9.113865617113873,0
153,5,-114.6463340363752,0.6856633643147343,0
153,6,-116.53983517928887,-7.254211952831211,0
153,7,-127.01340822662559,-6.063679869835135,0
153,8,131.867001989096,3.8437917916620465,1
153,9,127.32229769139278,22.758603319389792,1
153,10,128.1178875373646,1.5856750497756396,1
153,11,127.08290373372252,-7.850066313545653,1
153,12,122.18606354427715,-4.143443203733592,1
153,13,129.35698957765408,-5.649122534832873,1
153,14,-24.81638816633185,10.553283893741089,2
153,15,4.642587359713897,5.431433948594718,2
153,16,-2.6923793987247278,-11.032401952861562,2
153,17,15.739233468940608,-7.905967374618191,2
153,18,-9.243872833534095,-19.590460165678458,2
153,19,-10.462173305130031,-13.601531043869283,2
154,0,-118.17567322944102,-0.46704143535302556,0
154,1,-99.51452773680106,-6.535975415030403,0
154,2,-104.87351260665652,-2.2773854167776473,0
154,3,-112.47477292439093,-5.697856091889828,0
154,4,-112.98468904337155,-8.788560559201322,0
154,5,-114.68679766866481,1.9151142142553317,0
154,6,-117.28047067732979,-7.21283431690669,0
154,7,-127.05729249623867,-7.971197599385738,0
154,8,131.77922860902626,4.195840062007411,1
154,9,128.018201082292,22.282816973157573,1
154,10,129.03702526071658,1.938746400903964,1
154,11,128.53158447508065,-7.644132763970194,1
154,12,123.68188635253816,-4.474269546240014,1
154,13,130.08459408595036,-6.319752723223433,1
154,14,-25.647134102248838,10.07895206450933,2
154,15,4.254135458346523,5.9068135504046975,2
154,16,-2.7044883451346697,-10.30092652327766,2
154,17,14.321214661680386,-9.211640570622293,2
154,18,-9.48222776886692,-17.990059956100854,2
154,19,-10.434659777093357,-13.91829425449943,2
155,0,-118.45336736107286,-0.22904457412193763,0
155,1,-99.39812489893242,-5.70196987216219,0
155,2,-105.06912056680424,-2.4258205802098907,0
155,3,-114.35902751630147,-6.071520836422941,0
155,4,-113.26463289363133,-9.11869437936248,0
155,5,-115.1142534567539,1.7524779888620952,0
155,6,-117.53307177058598,-7.043009423533374,0
155,7,-127.92245610916113,-8.8043479411293,0
155,8,132.21968070885228,4.777805007086442,1
155,9,129.71498410409848,21.60199140983811,1
155,10,130.73926237906085,1.378796393720568,1
155,11,129.15211185734697,-7.727633258309146,1
155,12,124.49417136812052,-4.044454683760591,1
155,13,130.23461612043303,-6.093416044704493,1
155,14,-26.670108851696178,9.09159158428782,2
155,15,4.575667843017802,6.5350920400927395,2
155,16,-2.7408780581641343,-10.34249196027322,2
155,17,13.602750090690712,-8.546061744506456,2
155,18,-9.07517654627816,-17.95407410014688,2
155,19,-11.621112381797122,-14.247785685157952,2
156,0,-118.28993842163845,-0.748030696806365,0
156,1,-99.82842467225382,-6.379991930562084,0
156,2,-105.29391649674821,-3.307238707774048,0
156,3,-115.32196595820642,-7.261655376490407,0
156,4,-114.41630037343558,-10.095707690514667,0
156,5,-116.45392992873326,2.767319348439102,0
156,6,-119.36625858120217,-7.626522648726591,0
156,7,-129.3510524512027,-8.573237921729994,0
156,8,132.713474231361,5.3026834162393355,1
156,9,129.5486321098487,20.567160329907484,1
156,10,131.023975794395,1.9338930333661615,1
156,11,130.04346549990314,-7.270361744593667,1
156,12,125.70809720530903,-5.5028225212168485,1
156,13,129.7016942401958,-4.939698542388332,1
156,14,-26.401138418102832,10.47553019724286,2
156,15,4.521228281795359,7.463680220052931,2
156,16,-2.468055625176525,-9.128144191090108,2
156,17,13.057205944296769,-7.490659943237871,2
156,18,-8.130700707158205,-18.42003875564868,2
156,19,-12.119468573873595,-14.279979228310998,2
157,0,-117.76588322311487,-2.8428217025336604,0
157,1,-100.4703201483676,-7.066676953559392,0
157,2,-105.36094117255918,-1.964740953229683,0
157,3,-116.41403860018458,-8.37664350194304,0
157,4,-114.74916545912264,-9.695541705566862,0
157,5,-116.00924044086172,1.7785964971317418,0
157,6,-120.36410741608869,-7.920627411811963,0
157,7,-129.6079667427654,-8.386950759867476,0
157,8,133.70905256369133,4.840250205412659,1
157,9,132.48507021821737,21.50013047603013,1
157,10,131.27051940338515,1.435294782895989,1
157,11,129.5398312696875,-7.191694923405677,1
157,12,126.08413432097656,-5.43040782963793,1
157,13,131.31246120315078,-5.134235868656215,1
157,14,-26.434664008713227,9.982123552112885,2
157,15,4.558123095768368,8.529202048481634,2
157,16,-2.4840992376364173,-8.51488283050729,2
157,17,12.828827013006364,-6.8222454235843895,2
157,18,-8.9938494919382,-19.176568520255643,2
157,19,-12.230582228550773,-13.061955131664396,2
158,0,-118.0480815639316,-2.8589901922602405,0
158,1,-101.17496453158707,-7.339792413916896,0
158,2,-106.72454038606845,-0.7438438440545534,0
158,3,-117.1138661702842,-7.04862326279214,0
158,4,-115.22942662410661,-9.625150651388772,0
158,5,-116.67057058248126,1.9662981376139759,0
158,6,-120.08127788967681,-7.5166656427816765,0
158,7,-130.47225594687617,-8.462198991880328,0
158,8,133.88873497490323,5.267138420520153,1
158,9,135.19125159834917,21.75690867558237,1
158,10,132.21819837853494,0.6037213769616578,1
158,11,130.05290929479756,-7.488200770391734,1
158,12,126.60819603022928,-3.9439629905801716,1
158,13,132.7809289633063,-5.439237360488232,1
158,14,-26.51687454117965,10.857136420654381,2
158,15,3.1104765066258446,8.375458974991956,2
158,16,-2.6342291803860607,-8.168657634718505,2
158,17,12.314992086091749,-7.656732959612143,2
158,18,-9.685556019390056,-20.30880484326535,2
158,19,-10.569084978415427,-14.00978003837365,2
159,0,-118.89448413207582,-2.575755970697818,0
159,1,-102.28209744639848,-5.548438284980419,0
159,2,-107.58553716321609,-0.7622135089851975,0
159,3,-117.99669672183866,-6.845754480157807,0
159,4,-116.8760727598089,-10.470726068596415,0
159,5,-117.43866947107817,1.0424084647493541,0
159,6,-120.59477307723677,-7.868927921168858,0
159,7,-131.97709921665154,-8.326867155503251,0
159,8,134.63814020376262,5.286934325255652,1
159,9,134.76352542688792,22.778990949659516,1
159,10,132.32257043398735,1.4492228757344126,1
159,11,131.1755386789044,-7.073791082832534,1
159,12,127.08715224560989,-3.7913996145222626,1
159,13,133.2238277378504,-4.8146197906376695,1
159,14,-26.078483961629864,11.837940835893463,2
159,15,2.7473275171341847,8.782441046501956,2
159,16,-2.7942910194104185,-8.691533539460973,2
159,17,14.238816754420675,-8.611080417998178,2
159,18,-9.87151886151992,-19.358797145121585,2
159,19,-10.003799302020258,-13.171077845126476,2
160,0,-119.70082522891343,-2.2465215142437205,0
160,1,-103.76606233830971,-4.557347594305396,0
160,2,-107.93834436745132,0.13724954272942047,0
160,3,-119.257223024763,-5.452622001160455,0
160,4,-117.84653561498982,-10.886280379456082,0
160,5,-118.49627389871468,1.4750904277680403,0
160,6,-120.9178559816334,-8.361400296573786,0
160,7,-133.98584611879258,-8.381301786852033,0
160,8,136.2727572573804,4.784583676630887,1
160,9,135.5425792891612,23.58944156853079,1
160,10,132.29125028760268,0.6404343689843117,1
160,11,131.84337437066822,-6.379244200118422,1
160,12,127.32467342474939,-3.57949775109972,1
160,13,133.1772956502637,-3.499562408512035,1
160,14,-26.92550022816619,10.420599604320557,2
160,15,3.899947506833396,8.700289036977264,2
160,16,-2.276161862223681,-9.046673822585927,2
160,17,15.029078042231522,-8.903023409041909,2
160,18,-10.947743264539525,-19.896765471849776,2
160,19,-11.149155092538232,-13.147357081937153,2
161,0,-119.4669737467469,-2.648041929992186,0
161,1,-103.43346724072707,-5.3287571761607095,0
161,2,-109.41685904808462,0.11979884345301389,0
161,3,-119.49268995595098,-5.9656216776166815,0
161,4,-117.527142564764,-10.905166119912497,0
161,5,-119.96701949073676,1.1063964836029265,0
161,6,-123.06168851553792,-8.99030303601501,0
161,7,-135.1626594538467,-9.531181063086647,0
161,8,137.91068225864143,4.346545689039408,1
161,9,136.2946172020171,23.81537255045937,1
161,10,132.36085652950422,0.3776924961829556,1
161,11,132.6588390972719,-7.464031055293463,1
161,12,128.52579274475434,-3.3946298797567214,1
161,13,134.37865411699244,-3.4525352597693333,1
161,14,-27.614538374300245,9.296259619080208,2
161,15,5.720953657281903,9.676538828512507,2
161,16,-1.8024815791780542,-9.137594649614396,2
161,17,16.259343587357026,-9.352847003941388,2
161,18,-10.928087177928319,-21.400896420708886,2
161,19,-12.364839120413132,-14.421169720216955,2
162,0,-120.20034431866914,-3.275695359034126,0
162,1,-103.53219667802357,-5.1244998084994995,0
162,2,-111.7427379636637,-0.600783293172678,0
162,3,-121.8933833854775,-5.250411200350885,0
162,4,-119.08825587038407,-10.352383333518487,0
162,5,-121.45617216347016,0.9766965557106041,0
162,6,-123.2078861514732,-8.677203482813358,0
162,7,-137.99015938749147,-11.117156175143325,0
162,8,138.69540897721876,3.6804114732795656,1
162,9,138.06810965137117,23.11116917145495,1
162,10,131.91763763595068,0.7801103135059894,1
162,11,132.67959895526099,-7.887805566879216,1
162,12,129.91100319365236,-4.312911451290136,1
162,13,136.23141874807317,-2.333724295638196,1
162,14,-27.364245678922902,9.020322635631347,2
162,15,5.726781153093189,10.649600819535888,2
162,16,-2.006520743140614,-10.723680263253565,2
162,17,15.813888705736291,-12.42574538558539,2
162,18,-11.754522452820648,-20.831449300467778,2
162,19,-12.930641336142338,-14.75424261560078,2
163,0,-121.07028317179159,-4.230528622441022,0
163,1,-103.75089897270814,-5.434130266911817,0
163,2,-112.49868528615298,-1.2311011008762818,0
163,3,-122.93386854327673,-4.801740924519794,0
163,4,-121.79113188827284,-10.527275551881237,0
163,5,-122.71773217241817,0.22990941235018292,0
163,6,-123.56879388459737,-8.768616077119072,0
163,7,-138.60779563798118,-12.146165261934113,0
163,8,140.05732474707702,4.486846312339517,1
163,9,137.59623453099752,23.03534704035719,1
163,10,133.08083532877217,-0.5173096691315756,1
163,11,132.3012867226742,-7.879611605702455,1
163,12,131.47972311313626,-3.781821950552499,1
163,13,136.1710368285989,-3.60322565511754,1
163,14,-28.46568699614706,9.5540509929802,2
163,15,5.208252495457082,11.01223816775571,2
163,16,-3.536764839564647,-11.514047388795582,2
163,17,16.326514556325545,-13.26867682999073,2
163,18,-12.657173357129063,-21.55645042422451,2
163,19,-14.553400222049126,-15.534735048022636,2
164,0,-121.48238275910836,-4.289873709950836,0
164,1,-104.02771862768559,-5.282924489817182,0
164,2,-112.8968255313432,0.014831895840199616,0
164,3,-123.4792067977691,-3.927336375351014,0
164,4,-122.12521107345258,-10.953048057110959,0
164,5,-123.20152991918343,0.16585350279005445,0
164,6,-124.78668239322499,-7.8137730789888495,0
164,7,-140.75747495533187,-14.136511257864246,0
164,8,139.57651425069443,4.0303358062823635,1
164,9,139.58434789148257,22.567717825569297,1
164,10,133.1456535971625,0.529633426240616,1
164,11,133.598182466284,-9.043942786762747,1
164,12,132.59502191777293,-4.724799817942458,1
164,13,137.59988002676874,-4.104761097830305,1
164,14,-26.108257574838294,10.203074508479814,2
164,15,5.6843866961794784,11.4355932797635,2
164,16,-3.307978806084689,-11.23522322438871,2
164,17,16.256578367074006,-14.03335831926033,2
164,18,-13.579909487365537,-21.198138794739467,2
164,19,-14.529840070459318,-16.42482576109299,2
165,0,-121.56498498699929,-3.0140681845402657,0
165,1,-104.90596674641431,-5.624518519816344,0
165,2,-111.84950374720002,-0.0479836902461674,0
165,3,-123.81143015143113,-3.780420854806411,0
165,4,-121.83401663242869,-13.164759682696912,0
165,5,-124.70299125331803,-0.3310366696562632,0
165,6,-125.31325139510133,-8.503373762343795,0
165,7,-141.8183305936834,-14.244973573204721,0
165,8,139.38158362058417,3.7181519191730996,1
165,9,140.10397597181478,22.204448489749748,1
165,10,131.86873298344216,1.642883905520196,1
165,11,135.63402758096822,-8.843037342975768,1
165,12,133.53542915668223,-5.770002039165382,1
165,13,139.31635219266818,-4.039394233192248,1
165,14,-26.35069953116326,9.23079688254051,2
165,15,6.294649595271608,11.99774318598702,2
165,16,-3.5986597368832456,-11.04507791446758,2
165,17,17.211692934066164,-14.621032018134006,2
165,18,-12.959623929012325,-21.67245747798174,2
165,19,-13.951088340582263,-15.77650989692851,2
166,0,-122.0948570678847,-3.7049562337384776,0
166,1,-106.1436820920479,-5.781749611095522,0
166,2,-113.02785589414594,0.3693616368009095,0
166,3,-124.00649114423432,-3.3203830342524716,0
166,4,-123.18511196481145,-13.010608405555333,0
166,5,-123.65762898137385,0.018984719776590442,0
166,6,-127.81909844175188,-7.436712243455869,0
166,7,-140.5046598643694,-14.247067806532973,0
166,8,139.32522156139487,4.239583574682228,1
166,9,141.05725769419396,22.407819465914084,1
166,10,133.4999201294406,1.3833719369597572,1
166,11,135.8853344076411,-9.131933959401918,1
166,12,133.3199920339375,-4.75093383848544,1
166,13,140.22079859245764,-3.141702203796659,1
166,14,-25.76195948631735,8.219277594017058,2
166,15,6.518215819218607,12.771896500656549,2
166,16,-3.5142996182353676,-11.14993060244431,2
166,17,17.84170503452703,-14.737497867097154,2
166,18,-14.266816040832486,-21.62312824950434,2
166,19,-13.238552566830258,-17.884001118677723,2
167,0,-121.77453012008374,-3.4949221612768184,0
167,1,-107.59896431615257,-5.779102308949494,0
167,2,-113.47049679302759,0.5937130127510619,0
167,3,-125.11960626616107,-2.7533611106799256,0
167,4,-125.55933709090584,-14.057476210034148,0
167,5,-124.85217493919419,-0.24984311530939557,0
167,6,-128.06072546067156,-8.422026898475723,0
167,7,-142.00241365551327,-14.45051233727229,0
167,8,139.2472214870382,2.7835731864416102,1
167,9,141.29026002251493,22.95524454412304,1
167,10,132.4882632550489,2.0342574927323653,1
167,11,136.6657242493026,-10.260597675678016,1
167,12,135.83128322841546,-4.1728608746068865,1
167,13,142.5465051043743,-2.337237626488009,1
167,14,-25.63687128657982,8.275324322416234,2
167,15,4.918519267419332,12.376911092513955,2
167,16,-3.576870425121693,-10.691261452014825,2
167,17,16.793995012383746,-15.09774681837553,2
167,18,-14.944235119746299,-21.448280657072967,2
167,19,-13.881154743732393,-16.037665717860587,2
168,0,-123.17858197813277,-3.765759484018126,0
168,1,-107.7654317675131,-5.3570179435295815,0
168,2,-113.6518345422127,0.6485243266632309,0
168,3,-126.58861689123415,-2.731373561716372,0
168,4,-127.53485201288431,-13.316928937148438,0
168,5,-125.58988057207073,-0.8382273235875928,0
168,6,-127.35284696900324,-9.20232807591449,0
168,7,-143.03958570505395,-15.035159449648088,0
168,8,138.3258062931062,2.4335992720227257,1
168,9,142.32656709848314,23.636497365348617,1
168,10,134.9085990003616,3.5210556621688527,1
168,11,138.0390610908248,-10.726668727607096,1
168,12,136.26682369875496,-4.533930167438182,1
168,13,143.60965841403106,-1.9865043087935974,1
168,14,-26.21753275569693,9.298073547287355,2
168,15,4.664698748314068,13.002524513776896,2
168,16,-2.915748382072448,-11.192210147114345,2
168,17,17.88510128071146,-13.563887776097989,2
168,18,-15.627543759086818,-21.468249652578248,2
168,19,-13.750764276794119,-15.268760813501546,2
169,0,-123.33087028855628,-3.6055344147997785,0
169,1,-109.12178813508868,-5.07941236991998,0
169,2,-113.83566924013249,-0.9504122171608366,0
169,3,-127.33979768034673,-2.4559416322225234,0
169,4,-128.1052676803003,-13.012660272036443,0
169,5,-125.92245697328615,-1.124820123589463,0
169,6,-129.00877359862463,-9.389037289745017,0
169,7,-143.81949016275288,-13.598541692296434,0
169,8,139.36843739880425,2.3789763221905105,1
169,9,143.6022587848884,23.80517761999406,1
169,10,135.31510277840388,2.4960706947724454,1
169,11,139.79257494792074,-12.712937708532467,1
169,12,136.10657325043488,-4.240275806718472,1
169,13,144.27034387487683,-2.2323943113123477,1
169,14,-25.634692187948446,8.885586320012042,2
169,15,4.978602239322727,11.353412877076586,2
169,16,-2.6929606012457823,-10.329325500324355,2
169,17,17.565786189434547,-12.920216860653346,2
169,18,-16.52515456438964,-20.80432237183512,2
169,19,-14.582901665366556,-15.02073251511721,2
170,0,-124.48370602424097,-3.48157526217381,0
170,1,-110.31173999835522,-4.971747966379528,0
170,2,-114.91749153784934,-0.9755958690571404,0
170,3,-128.43238778601216,-2.8665500478980452,0
170,4,-127.97322948763033,-12.295761597469827,0
170,5,-127.47329426821982,-0.17651616899683975,0
170,6,-129.38139201578775,-10.516150763260644,0
170,7,-146.56649551962997,-13.953065776701429,0
170,8,140.40886332681475,1.2703910173671504,1
170,9,145.25273882029686,22.87169689299794,1
170,10,135.81303121800514,1.3470167628604637,1
170,11,140.61340605630406,-13.649210449337797,1
170,12,136.14538502014128,-4.746055088957021,1
170,13,146.292723983673,-0.667353887664327,1
170,14,-25.608778107963634,9.166971288590357,2
170,15,4.572315102693016,11.018493075209495,2
170,16,-3.44946047452071,-7.873202419020055,2
170,17,18.207589267678134,-13.427189718036283,2
170,18,-15.357044494144382,-20.334921674184802,2
170,19,-16.314495754458218,-15.823169715644916,2
171,0,-125.56535522806382,-2.0771357424009045,0
171,1,-111.13503223316614,-5.398493970739997,0
171,2,-115.96747987138451,-1.6592418960444717,0
171,3,-128.98347355338203,-2.740188396321532,0
171,4,-127.09788119231278,-11.852233072346012,0
171,5,-128.27850445610483,0.18563985785702442,0
171,6,-129.8358602396063,-10.507375574674219,0
171,7,-147.2266322997492,-13.762934701445252,0
171,8,140.50256150099713,0.9799600489334892,1
171,9,145.59235279085317,22.808191274082834,1
171,10,135.58669899605835,1.6923045991388028,1
171,11,143.41067132951918,-13.818311404071217,1
171,12,137.38287469455324,-4.907788919419004,1
171,13,147.17374462343932,-0.5305579072492657,1
171,14,-25.9378596003123,8.951387026225284,2
171,15,5.332600476437216,10.947524054317933,2
171,16,-4.446264564382613,-7.014589319333943,2
171,17,19.269209531795088,-13.984223700143593,2
171,18,-15.437925034145199,-20.28094092781086,2
171,19,-15.698674160166817,-16.139251810071105,2
172,0,-126.66977864976448,-4.504449672111203,0
172,1,-111.60455284249743,-6.640931784778616,0
172,2,-116.66230594351264,-1.754233460809838,0
172,3,-130.51656359473975,-3.879285539399512,0
172,4,-127.81924023727008,-12.353330458201942,0
172,5,-129.11750344871248,0.24579047261003795,0
172,6,-129.93174388401465,-9.029582167520093,0
172,7,-148.83518370928178,-14.111897225992909,0
172,8,139.82241615386891,0.37983087729332077,1
172,9,145.23782936210617,23.725254981805097,1
172,10,136.9742852077773,1.9489678837850921,1
172,11,144.13676732914539,-14.005288117912382,1
172,12,138.30574645329773,-4.645364673977508,1
172,13,147.5453719774783,0.09017125831198947,1
172,14,-26.238388685053774,7.536569082344586,2
172,15,4.357419246653043,10.951315580395969,2
172,16,-3.6919582586024595,-6.829927527895858,2
172,17,20.246233804420132,-13.772323891028929,2
172,18,-16.44090210649371,-20.669762614563783,2
172,19,-15.95930949979924,-16.532446025378565,2
173,0,-127.41054777854144,-4.8497425207016125,0
173,1,-111.19558019494677,-6.067822150761714,0
173,2,-119.17750078358014,-1.8461161433727276,0
173,3,-130.67116192981322,-4.5742260989079995,0
173,4,-128.66784204518407,-11.616469065962068,0
173,5,-130.98128819938927,-0.31350949605310696,0
173,6,-129.86187331211786,-9.338367293067925,0
173,7,-149.11924551662997,-12.206280147235717,0
173,8,139.86632096849092,0.907957087883954,1
173,9,145.64545852428625,24.156304051317022,1
173,10,137.8329299364443,2.179948404427234,1
173,11,145.0410910602505,-12.875634222906543,1
173,12,138.86514811668047,-4.585403343414327,1
173,13,148.90126404041666,0.14391489496411206,1
173,14,-25.853416886712914,7.637348168633448,2
173,15,3.0849495293731026,11.104814965956118,2
173,16,-4.047520480169752,-7.262276726435302,2
173,17,20.29846671703428,-14.02688773195064,2
173,18,-17.70488851122896,-19.923408039227695,2
173,19,-16.24558772279665,-17.50333932165697,2
174,0,-129.0594678075623,-4.905598325602034,0
174,1,-111.55225933852527,-6.271575265008442,0
174,2,-120.62857376074709,-3.1070173113205284,0
174,3,-131.20131686600163,-4.723235316429965,0
174,4,-129.74929096844411,-12.332633146269876,0
174,5,-131.95960493230197,-0.20222206942866258,0
174,6,-130.1520569981441,-9.150107025464035,0
174,7,-147.85739683034822,-13.221301146950099,0
174,8,140.001783375863,0.5266609654528043,1
174,9,147.55213108285002,24.1645348616117,1
174,10,139.37217588266225,1.4172280973779536,1
174,11,146.23680541897158,-12.433738997192348,1
174,12,138.64817638077056,-6.063072106497636,1
174,13,150.47034572635948,1.3284243804270326,1
174,14,-25.6181714662754,8.108855610197852,2
174,15,2.875698827365213,8.519019877296966,2
174,16,-3.795184131452966,-7.053650436399108,2
174,17,20.438325408957063,-14.363554979865503,2
174,18,-18.94009304253473,-19.39343404658357,2
174,19,-16.435593754810544,-17.967844882679056,2
175,0,-130.2484928924776,-5.806433437477181,0
175,1,-112.33971003558187,-6.188055551273607,0
175,2,-120.85446123369185,-2.5951531925600877,0
175,3,-131.8993683555503,-4.184739524311771,0
175,4,-129.54870269246538,-12.097289912783586,0
175,5,-130.8586061892797,-0.40662294461318016,0
175,6,-130.66552256707186,-7.964936005104266,0
175,7,-149.40448214873405,-13.222712486695512,0
175,8,140.96518031171007,1.2224365760824718,1
175,9,146.61128647097723,24.33782673997183,1
175,10,138.38390381576122,1.7095771303825869,1
175,11,147.17294425732757,-12.224082206283871,1
175,12,140.16214876974132,-4.796867724023732,1
175,13,151.26478427169732,1.1617842618758336,1
175,14,-25.630497252776845,6.984946568484369,2
175,15,2.2455094827900175,7.850951675037816,2
175,16,-4.315484246944335,-7.0813809141893636,2
175,17,20.425921468194467,-15.195310501509121,2
175,18,-17.897083564564213,-20.719761346409168,2
175,19,-16.07633604443205,-17.247752319988688,2
176,0,-130.99839722677126,-5.673617363837174,0
176,1,-112.68618193891412,-4.907554301140426,0
176,2,-122.71626541279656,-3.227197171289127,0
176,3,-132.58899086492386,-4.029061116031212,0
176,4,-130.62728486697208,-12.980005140418882,0
176,5,-131.32650578544377,-2.2839577940354228,0
176,6,-131.22545995264156,-7.592805595778645,0
176,7,-150.74004095517003,-13.826245293243517,0
176,8,141.36091437903633,1.5005194912992719,1
176,9,147.60649384882254,25.020167669048412,1
176,10,139.99761603393188,2.255109538401726,1
176,11,148.6346366691419,-12.117199760246104,1
176,12,142.23654695887848,-4.800199232607651,1
176,13,151.12976438084166,2.68597130507579,1
176,14,-25.974135163705018,7.109021412142218,2
176,15,2.064918821046884,7.598451292490892,2
176,16,-3.262415468136878,-7.289995362848227,2
176,17,19.528939363807424,-14.885393084457306,2
176,18,-17.289161409663674,-20.119922673352193,2
176,19,-15.912205647327259,-17.33116036760822,2
177,0,-132.99351424783578,-6.141863161275781,0
177,1,-112.92097335876308,-4.524419924953322,0
177,2,-122.3671260042878,-1.9775788889716104,0
177,3,-134.33823184043996,-3.342015723523635,0
177,4,-130.33088266175233,-12.200530739481435,0
177,5,-131.5957403810938,-2.3292944741249633,0
177,6,-131.72530937126876,-7.785613688276359,0
177,7,-151.95011175865596,-13.103704776774492,0
177,8,142.29144263934424,1.4488219218544265,1
177,9,148.122284967305,25.346513264090262,1
177,10,139.92723585516936,3.367219474637694,1
177,11,149.26325128951672,-11.419935939104514,1
177,12,143.83460285802283,-3.5565083517299074,1
177,13,152.03753937135676,3.919701293164758,1
177,14,-25.136099705151505,7.151488227524679,2
177,15,1.2258974342176994,6.767500824504252,2
177,16,-2.9331874733413246,-6.588495830817214,2
177,17,20.199593656055008,-15.449844265690613,2
177,18,-17.677727363869657,-19.423213272436058,2
177,19,-14.883732961384771,-17.757399535599035,2
178,0,-132.43158502346935,-7.593245886119718,0
178,1,-114.11268194338273,-4.597510985947773,0
178,2,-124.05456333993762,-1.3634129542652333,0
178,3,-135.99561500976026,-3.6379777664577198,0
178,4,-132.24322612319037,-12.431964204961266,0
178,5,-132.88212948186435,-2.0997655146819225,0
178,6,-132.83920944527407,-5.597341923244106,0
178,7,-152.77726882995316,-14.774665794896585,0
178,8,144.46461769918952,1.210721376483969,1
178,9,149.47219768935045,24.74636348618518,1
178,10,138.47189928758763,3.626232255475525,1
178,11,149.88968662998553,-11.463975202802906,1
178,12,144.72311711081173,-3.3578608441088607,1
178,13,153.85480093818578,2.102699924707691,1
178,14,-25.16621870530401,8.814908392175276,2
178,15,1.753738979854114,7.146125343759106,2
178,16,-3.494250821016867,-6.67656495651684,2
178,17,20.497435978022896,-15.36446244198132,2
178,18,-17.41298404127529,-19.46790589879803,2
178,19,-14.204629766657215,-17.995773124573958,2
179,0,-132.59698218723517,-8.131745569098952,0
179,1,-116.50439100680691,-4.648221748271388,0
179,2,-123.71467058731407,-2.100492936688512,0
179,3,-136.73242077727758,-3.339469295209202,0
179,4,-134.15983632580023,-10.614954605441993,0
179,5,-133.85365489097754,-2.0164041265284642,0
179,6,-133.75309076606587,-3.9962400677476175,0
179,7,-153.05116471412185,-15.698715693288761,0
179,8,145.58082651222847,0.26145907026492254,1
179,9,151.2508738732416,23.81998579677918,1
179,10,138.83110688726117,3.382727135991092,1
179,11,150.18948552598945,-12.200551217070265,1
179,12,146.4737480777259,-1.4802328051966083,1
179,13,152.9359458344314,2.2911182689812106,1
179,14,-25.651819362188014,9.428554797989944,2
179,15,3.173175898154902,7.930351293431414,2
179,16,-4.699831879293448,-5.621659522460277,2
179,17,20.683218641773323,-15.778074094828714,2
179,18,-17.54245178840746,-19.123549684189353,2
179,19,-14.532309997456608,-16.675888674222662,2
180,0,-132.60002358693262,-7.98992042479578,0
180,1,-117.40585182900021,-5.267540096755056,0
180,2,-124.77010717016022,-1.9178873076243672,0
180,3,-139.7370321860065,-3.149481348743003,0
180,4,-134.94182747146127,-9.372753107267116,0
180,5,-135.32789643457892,-2.33944051725951,0
180,6,-135.00059288522098,-3.3202932513434216,0
180,7,-154.72905727998983,-14.58880810341992,0
180,8,146.2638957406245,0.41301197699817793,1
180,9,151.86878334569587,24.619691184044505,1
180,10,140.48121133648505,3.2768795619626228,1
180,11,151.05656473129497,-10.481919385585817,1
180,12,146.83737350718738,-2.7030465920367615,1
180,13,153.82223977319,2.046123503670464,1
180,14,-26.484033949166243,10.301662357031764,2
180,15,3.1236893390561526,8.202037440760716,2
180,16,-4.798113565681904,-5.572876346205278,2
180,17,21.203589629376147,-16.686726097671027,2
180,18,-16.78432241447433,-20.018199741169997,2
180,19,-14.182646600735843,-16.56981896872838,2
181,0,-133.0309958477644,-8.66250641563911,0
181,1,-117.75112069403886,-4.679677518874669,0
181,2,-124.45912875549239,-0.893356732334623,0
181,3,-140.29538236909647,-3.9741999321819232,0
181,4,-136.34736109487451,-9.11239519282096,0
181,5,-136.43663453698028,-0.596268986938777,0
181,6,-135.96984939390362,-2.8313853138269547,0
181,7,-155.7399278230085,-14.316403383230917,0
181,8,147.0191553584029,0.8802568609586633,1
181,9,151.85921055519916,25.405391814670153,1
181,10,141.5945091612737,2.0184165278802677,1
181,11,151.21420531204376,-9.365803170135855,1
181,12,147.4434514687551,-1.6275743673867233,1
181,13,154.6265434158449,3.4924333569219765,1
181,14,-27.023773428810482,9.602572571414681,2
181,15,2.43390732740862,7.260017246078608,2
181,16,-6.577488707856575,-5.767422451486638,2
181,17,21.443303397614578,-17.67507816465747,2
181,18,-18.344061959538806,-19.13970813343691,2
181,19,-14.448478840808244,-17.901903606113187,2
182,0,-133.63009198172125,-8.124190215738498,0
182,1,-119.13328241213364,-5.03346572605251,0
182,2,-123.75234251771323,-1.016593904818042,0
182,3,-142.6367968004351,-4.670300264249882,0
182,4,-137.28181676533623,-8.739629613632472,0
182,5,-137.14320943385908,-1.2626079330682705,0
182,6,-136.58556274547954,-3.2660842783266393,0
182,7,-157.74820494984183,-12.639137246636258,0
182,8,147.3676713910051,0.1943515289410872,1
182,9,153.23660318918596,25.061015105661962,1
182,10,141.59718847275792,2.806924425455877,1
182,11,151.09778427335658,-9.723382078114309,1
182,12,147.2739346464043,0.2379724187417147,1
182,13,154.3644024777788,3.595432002505731,1
182,14,-26.50399026939903,9.173622413216677,2
182,15,4.424141301735236,7.601801243822422,2
182,16,-6.73228231937023,-6.601068867471817,2
182,17,21.122535892799515,-16.586695930787858,2
182,18,-18.453142087239335,-17.750737155044437,2
182,19,-14.051324293068365,-18.333065449220527,2
183,0,-135.1543068909695,-9.310838487309484,0
183,1,-119.1151091597807,-4.283011423550317,0
183,2,-125.80337804837772,-0.21409410781022775,0
183,3,-142.5488144648567,-5.126186227907887,0
183,4,-137.89288178402506,-7.963068169134303,0
183,5,-138.7960419776004,-3.247875213967594,0
183,6,-138.1145374899564,-5.183746836774353,0
183,7,-158.78798773809086,-13.271918779953237,0
183,8,148.8213825390418,0.6468429665211581,1
183,9,153.68367068855312,25.56616410654273,1
183,10,139.89167587083998,2.198489252213452,1
183,11,151.7220548338007,-10.947507094512673,1
183,12,149.34332103643487,0.9335223715339376,1
183,13,154.97743894522563,4.112808069244711,1
183,14,-26.846928309550677,10.150618930569756,2
183,15,3.497993357453343,6.802368965311756,2
183,16,-6.3490341506025345,-5.959774341417127,2
183,17,22.070026870095287,-16.75832216236931,2
183,18,-16.883152516513483,-17.700511734539898,2
183,19,-13.52901793054503,-17.919389752670753,2
184,0,-136.9957787615785,-9.877415050630503,0
184,1,-118.96300135979372,-3.8627313558207526,0
184,2,-125.56777302616982,0.9749056357609563,0
184,3,-142.2622486952098,-5.218494978750266,0
184,4,-139.16779424870415,-8.77865532792836,0
184,5,-140.14757735483184,-3.239859900724643,0
184,6,-139.44512056192482,-4.805039025866328,0
184,7,-160.19351726253194,-12.386913713616057,0
184,8,148.85062093650293,0.15081824538386007,1
184,9,154.29677604474085,27.532012933332993,1
184,10,140.30855683399557,1.9805013590133551,1
184,11,152.174317862683,-11.09591166429931,1
184,12,150.47435478253112,0.3088443020752374,1
184,13,156.44972337501162,2.776410133561,1
184,14,-27.753319219157273,11.301321825139794,2
184,15,3.097509293600935,7.306787796276675,2
184,16,-6.526180179068741,-5.76437701654351,2
184,17,21.148328478532587,-16.547184258627695,2
184,18,-18.019730474213052,-20.13939358793007,2
184,19,-13.884492458787387,-18.1643153242039,2
185,0,-138.23246739645668,-10.378343189797725,0
185,1,-119.51557477201293,-2.948732972861469,0
185,2,-126.51902985583652,2.8531870280057268,0
185,3,-143.1867600508082,-5.152849260710765,0
185,4,-140.10877002677825,-8.552863749557954,0
185,5,-139.16198284664338,-4.951522032172509,0
185,6,-140.17704141535438,-4.4785755755257615,0
185,7,-160.53205390722619,-11.211261470279123,0
185,8,149.47277754068077,0.15128362460462372,1
185,9,154.55603209814527,28.90608211047714,1
185,10,140.96759710643084,3.1685100654003686,1
185,11,152.66759638843666,-10.396641713233317,1
185,12,151.77735134376837,0.8852155355099702,1
185,13,158.84978087399912,1.2731722720423382,1
185,14,-27.430683788854974,10.615613885447436,2
185,15,4.002879625436084,6.0110636755219,2
185,16,-5.625866023693671,-6.214486847109339,2
185,17,22.297874894653148,-15.480600909184803,2
185,18,-18.008920496716378,-20.435888247277767,2
185,19,-14.019367507701785,-18.68209514861806,2
186,0,-139.1045313151399,-9.072653865370443,0
186,1,-121.652528165121,-4.264780831444181,0
186,2,-127.1383172683022,2.583435070768524,0
186,3,-143.0291871361901,-6.425451432450036,0
186,4,-141.07487144115296,-9.327917550244583,0
186,5,-140.7233815084416,-5.0688101226274735,0
186,6,-142.63463414945778,-5.045242790292763,0
186,7,-160.27396743003948,-11.994844937420556,0
186,8,150.49408122777288,0.540213761545602,1
186,9,155.52199276434794,29.03272004151111,1
186,10,143.0878281089189,2.206623858850398,1
186,11,154.11317599928435,-9.124424651662423,1
186,12,151.9446233232623,1.0650228164319353,1
186,13,159.76860217479043,1.6262659534570272,1
186,14,-28.857384099151094,10.246465226762242,2
186,15,3.509017533003567,7.0920889417592425,2
186,16,-4.677972859938127,-6.673511332721334,2
186,17,22.348252494251092,-16.0425569408505,2
186,18,-18.36888035291786,-20.691606481868714,2
186,19,-14.12304428179212,-17.197811021649297,2
187,0,-139.4903450597024,-9.527322782969884,0
187,1,-122.31594088756086,-5.086225556347421,0
187,2,-126.63140436175001,2.4037555360743887,0
187,3,-143.25748242668286,-6.6234361981698076,0
187,4,-139.78006413503715,-8.518028931672795,0
187,5,-141.45580026110233,-4.369566767621467,0
187,6,-143.08902639292785,-5.14795335891204,0
187,7,-158.9825476765664,-11.746783677038652,0
187,8,149.97329405897656,0.716878787133058,1
187,9,156.15947269440463,28.98560561130002,1
187,10,144.6952036230994,2.234004174104455,1
187,11,154.62471879421338,-8.23715936019232,1
187,12,151.7113620963663,1.251919382892148,1
187,13,160.88414989253386,1.2676048625045582,1
187,14,-28.819445451214648,8.739118467695475,2
187,15,5.6477511728191185,7.77337757470945,2
187,16,-5.261309741053446,-6.42495587795621,2
187,17,22.998013288579084,-14.191578731104206,2
187,18,-17.932603237442972,-20.58352708153778,2
187,19,-14.151299120537779,-15.615364377992723,2
188,0,-139.79348682538415,-10.065073463917647,0
188,1,-123.02367937757214,-6.585577820975316,0
188,2,-126.1229882916273,0.6560745271265338,0
188,3,-144.79980438390746,-6.5655605071984695,0
188,4,-140.43908686262904,-9.551287901253346,0
188,5,-143.5402109095054,-5.259682582857265,0
188,6,-143.86590967507013,-4.7008893995805,0
188,7,-160.11664184610856,-12.516256955717802,0
188,8,149.4780795713732,-0.3242729327144622,1
188,9,155.9956259398011,27.916171011287066,1
188,10,144.5056928985392,0.8161674130583103,1
188,11,155.86735595770796,-7.204272197575334,1
188,12,153.06871486039702,2.146999890705638,1
188,13,159.5590495632058,2.450968069227586,1
188,14,-28.22256923154688,8.940163628168513,2
188,15,5.7612038404642,8.912748732378924,2
188,16,-4.810822085345933,-5.946623431821714,2
188,17,23.316578736917972,-15.538475988365924,2
188,18,-18.379404441329417,-20.63842031938416,2
188,19,-14.477634458739175,-14.551553545145461,2
189,0,-141.72158303595685,-10.709053608573177,0
189,1,-124.34278762927397,-8.519294786534218,0
189,2,-126.47340791379895,0.32470784040272543,0
189,3,-145.91438287643098,-5.818924659904216,0
189,4,-141.9660558331098,-8.710544216243314,0
189,5,-145.26203969868635,-5.683102705229425,0
189,6,-145.6054578813208,-7.069248005913698,0
189,7,-159.8258319749703,-13.305299704315045,0
189,8,149.7871431138672,-1.5910282649494913,1
189,9,156.64166472584023,28.77145560701523,1
189,10,145.16969359295962,0.9331378883649979,1
189,11,155.56423819616475,-7.21816145812882,1
189,12,154.38812775690894,2.4735267662170766,1
189,13,159.77906633488698,2.4164313674657585,1
189,14,-27.19421749804925,8.695950631617054,2
189,15,7.177578787700414,8.813960194927667,2
189,16,-4.723590153795613,-4.991102561280786,2
189,17,24.278609507707625,-14.291946068923302,2
189,18,-17.979075315543994,-21.87418434730711,2
189,19,-14.397689044289365,-13.766631921226749,2
190,0,-143.11481765309958,-10.777906594155798,0
190,1,-123.9429731291161,-8.410583813683893,0
190,2,-127.77585567040431,0.8340682443978245,0
190,3,-146.77579179285868,-7.217292405313627,0
190,4,-143.00325692547997,-8.996146373013513,0
190,5,-146.00172822511672,-5.521001827233323,0
190,6,-147.0774036591193,-6.348285086529834,0
190,7,-160.05237128580896,-11.617660666851672,0
190,8,150.22884291437495,-1.2885813748232948,1
190,9,157.32719222821757,27.759577967757142,1
190,10,144.96277703763207,1.2864939595692113,1
190,11,156.59195810158147,-6.096598316327783,1
190,12,153.30189266342754,1.8985092350174508,1
190,13,160.09000496985274,3.2715296005832686,1
190,14,-26.74273701726652,8.654327623016673,2
190,15,7.950067779726529,8.817148261034452,2
190,16,-4.526197771901753,-3.405423953900805,2
190,17,25.231364855660612,-15.736774655643902,2
190,18,-16.83918815847759,-21.614510862778257,2
190,19,-14.05703629298377,-13.45013005351857,2
191,0,-142.86466371537514,-13.001498773598634,0
191,1,-125.03833713946864,-9.177098793087456,0
191,2,-126.94806310249638,-0.9125015052791023,0
191,3,-147.95197474182154,-6.654431372904402,0
191,4,-143.1185701620823,-9.082153315640307,0
191,5,-146.22408838221602,-4.934834818171112,0
191,6,-146.92915507344134,-6.489069614038585,0
191,7,-159.5249829859589,-11.887375390753773,0
191,8,151.08639664646427,-1.340954578603986,1
191,9,158.4534510063149,28.458928012935875,1
191,10,145.21283524903816,1.1154683902247506,1
191,11,158.52825090663578,-4.980378800754708,1
191,12,153.76143681698218,2.594352546666069,1
191,13,160.8435755510207,2.6472197707313376,1
191,14,-25.862362970433896,7.603307316360791,2
191,15,7.6072257922770525,8.715120327839234,2
191,16,-3.0030155989906113,-3.672756517349471,2
191,17,23.669182862975703,-16.23716889127915,2
191,18,-16.49884025499556,-21.56560706810791,2
191,19,-14.890606073004534,-14.587732657955257,2
192,0,-144.4561842075358,-12.120384484492305,0
192,1,-125.19340090822618,-9.371049186588793,0
192,2,-125.4223434685315,0.04220108278788404,0
192,3,-148.1444342495133,-7.113125476971681,0
192,4,-142.89822389315702,-9.526601265589015,0
192,5,-147.1938690780231,-6.660632729137912,0
192,6,-148.2687761974593,-6.681412163398902,0
192,7,-159.44217998662143,-12.990424895016286,0
192,8,151.30429199964348,-0.9826272657006107,1
192,9,159.76031420271667,28.912496547779458,1
192,10,145.36346858161934,0.39583702587360303,1
192,11,160.46700934671617,-5.724004464627302,1
192,12,154.62060995466086,2.469099161551394,1
192,13,160.79737437332585,1.9392554034846534,1
192,14,-26.010177177475597,7.960526609386596,2
192,15,7.987142235349394,8.573015804735004,2
192,16,-3.344686624205836,-3.5675955918099636,2
192,17,23.612840520368305,-16.886212738902085,2
192,18,-15.119332360584707,-22.107007436054747,2
192,19,-13.771634464979465,-14.033220768482138,2
193,0,-145.17344537606587,-13.10369563131349,0
193,1,-125.85899099936871,-9.43761478084622,0
193,2,-125.59735790878393,0.9362400329841047,0
193,3,-148.84499365991599,-7.3603775106721825,0
193,4,-143.7196380132822,-9.729819098950896,0
193,5,-148.34404676579024,-6.472013067839859,0
193,6,-147.95014085262042,-6.499711064300001,0
193,7,-159.77607063246109,-12.882882491056,0
193,8,152.16883754340088,-1.7182609682518035,1
193,9,160.55645112146132,29.069000180594124,1
193,10,147.00949763692194,0.6982922667138225,1
193,11,161.71874640943582,-6.146155069956744,1
193,12,155.06857531076676,3.008647651257796,1
193,13,162.62147483592094,0.9128050957931599,1
193,14,-26.587517577174278,7.100121263035331,2
193,15,7.339317719072572,7.855977131016991,2
193,16,-4.195749747226449,-4.303917301032381,2
193,17,22.751811611171302,-16.82318833962455,2
193,18,-15.171531437812748,-23.04303103347002,2
193,19,-14.301284808367495,-15.352803054693272,2
194,0,-147.20600629281546,-12.398209996239867,0
194,1,-126.58013825739555,-9.558346559900425,0
194,2,-126.90623799512763,0.8146345198675892,0
194,3,-150.00793983938735,-7.762132325979595,0
194,4,-144.44277188336707,-9.132812405303975,0
194,5,-149.30757464338598,-7.63194745764574,0
194,6,-149.34712111075282,-3.913008252393499,0
194,7,-160.26486585811006,-13.060120267122546,0
194,8,152.10480152290629,-0.47566495737668024,1
194,9,161.47485866032656,28.381442754459705,1
194,10,149.25941398251172,1.611676536794366,1
194,11,161.39113649363628,-5.954144814659832,1
194,12,154.8235177804952,2.1625401360662484,1
194,13,163.30998738682965,0.09384618763716523,1
194,14,-26.976302239422864,7.257114997774113,2
194,15,7.280815342122696,6.555407082145286,2
194,16,-5.1610232442675885,-4.259249039424214,2
194,17,22.603939562235706,-16.89969884640025,2
194,18,-14.898401977709703,-23.06883123467494,2
194,19,-13.38401321093571,-13.793337919599223,2
195,0,-149.83556983659838,-12.29213494562342,0
195,1,-127.171947376862,-8.658391746827068,0
195,2,-128.34462634636353,1.3399821543205674,0
195,3,-150.89137809105787,-8.444173465012371,0
195,4,-144.18768913133422,-9.694304599042635,0
195,5,-149.69575973771984,-7.238764771688759,0
195,6,-149.74959416494818,-4.201374873740211,0
195,7,-160.6844889192416,-13.665738719914309,0
195,8,151.73080708581563,0.6846954300287731,1
195,9,163.00882040252304,27.743473355816818,1
195,10,149.95292682436045,0.6798919746998765,1
195,11,162.70378528711876,-6.429160757971502,1
195,12,156.37112521221175,1.5002747867585846,1
195,13,164.25240493306612,1.1123971830326047,1
195,14,-26.584440969328398,8.013334481634754,2
195,15,6.398770054861485,7.4070362975160755,2
195,16,-6.964546316716313,-3.6915468712926804,2
195,17,21.23820461133191,-16.46548886817502,2
195,18,-14.870685455966056,-23.575512728329493,2
195,19,-12.720613254019499,-13.847807493994717,2
196,0,-151.3707004404659,-12.209660768751315,0
196,1,-128.56949623967157,-9.07027485719776,0
196,2,-130.4118919038676,2.69320898848441,0
196,3,-151.1910791309682,-8.389443978571313,0
196,4,-145.03156489177667,-10.361410578243971,0
196,5,-149.48708855966362,-6.468016419865067,0
196,6,-148.7806658011623,-3.194638587657111,0
196,7,-161.05357624682284,-12.794170896895197,0
196,8,152.5766228054401,0.8479315300211295,1
196,9,163.93375788335098,28.357875758211623,1
196,10,151.75012766396432,1.2714634679832395,1
196,11,163.52559930924284,-6.959212756880895,1
196,12,155.8361813663417,1.2423350824103547,1
196,13,165.1054764132011,2.1590394973711073,1
196,14,-26.32965855793815,7.180534080709436,2
196,15,6.755340167477338,7.586153985500125,2
196,16,-7.952447617018397,-4.274657508091581,2
196,17,20.496090884971917,-17.440528841940022,2
196,18,-14.734646791826131,-23.61405859954184,2
196,19,-12.115927191311497,-13.244047265717402,2
197,0,-150.69061176146818,-12.59803447502241,0
197,1,-130.00790929099946,-10.120372878948249,0
197,2,-130.34029513155025,4.285176043824491,0
197,3,-152.13355509478703,-8.880838321470604,0
197,4,-145.56452991814848,-11.411848058387152,0
197,5,-149.50390168302994,-5.30622641410132,0
197,6,-150.40632382009548,-3.083942255255947,0
197,7,-161.6531586583131,-11.913931896919339,0
197,8,152.13972003704623,-0.4910451148366236,1
197,9,164.85725031683293,27.874369571744214,1
197,10,153.55705644201296,1.0432997622069555,1
197,11,162.42860073096492,-6.954588086702115,1
197,12,156.8540356052088,1.708962133118245,1
197,13,164.67744439362164,1.5921954996327061,1
197,14,-25.40754408361488,6.77941409977767,2
197,15,6.220504173687549,7.839497342547974,2
197,16,-7.44889645461091,-3.929124492600474,2
197,17,21.706935531476017,-18.497954645220346,2
197,18,-15.243568985925375,-24.680008984131984,2
197,19,-12.523090295854558,-13.532796352590106,2
198,0,-153.01715360723662,-12.170520974993686,0
198,1,-130.83785321361486,-10.47649182654182,0
198,2,-130.51364318509178,4.300831484622907,0
198,3,-152.52201161680676,-7.925786797080178,0
198,4,-146.01526062886336,-11.501968196377513,0
198,5,-149.89182564676796,-5.402092139063829,0
198,6,-150.6239804092048,-3.458820988558817,0
198,7,-161.8677147350687,-12.306587679788207,0
198,8,152.30763045714136,-0.37138215310148687,1
198,9,166.18359786418358,29.02804975800955,1
198,10,153.44398642808943,1.6228968938374027,1
198,11,163.6162464118372,-6.987433563548232,1
198,12,157.02466948427468,1.3573350390403875,1
198,13,166.19410096997348,1.9441884237406597,1
198,14,-24.167097631499434,6.3128477710874105,2
198,15,5.930166863960572,7.92078928562874,2
198,16,-7.501609432265741,-4.032259692951553,2
198,17,23.5364869428458,-19.7785805114491,2
198,18,-15.997543535305052,-25.299219866078655,2
198,19,-11.869290691568008,-13.713259202585785,2
199,0,-153.49152939355713,-11.671759846493462,0
199,1,-131.34716418066674,-9.364413697116632,0
199,2,-131.33136530796668,5.3551471040973695,0
199,3,-153.63849543966856,-8.061639458228768,0
199,4,-146.13662444708245,-13.28781973615436,0
199,5,-150.95625451823537,-5.999030183062305,0
199,6,-150.2993791039793,-2.4216341707481295,0
199,7,-161.51771133473275,-12.51077579816952,0
199,8,152.5264461225747,-1.1063944096254004,1
199,9,165.81224307001582,29.664034884460904,1
199,10,152.96509836231112,0.5350093276194199,1
199,11,163.06468888923388,-6.024085089136319,1
199,12,158.64386146654448,0.7884929196476689,1
199,13,166.5266032666537,2.5170424668504827,1
199,14,-24.341481075103406,6.184855908640021,2
199,15,4.632961823569849,8.906091165380507,2
199,16,-6.543839564648507,-3.3864426752882832,2
199,17,22.944466572628258,-19.718956784594827,2
199,18,-15.152933035309548,-25.302221268992685,2
199,19,-12.84291369613272,-13.591643676663416,2
200,0,-154.63508837308422,-13.016210601506542,0
200,1,-132.2123872224109,-9.227015349691413,0
200,2,-131.70802387697577,5.781752066211227,0
200,3,-155.07130482268326,-8.245068872576274,0
200,4,-146.49816474512653,-12.373286388050156,0
200,5,-151.52773031387682,-4.902799661605612,0
200,6,-150.44310718562608,-1.3072895519101952,0
200,7,-162.01542566483576,-13.058241766451058,0
200,8,153.96366913907661,-1.6202364195551788,1
200,9,167.14545739391792,29.893814375538632,1
200,10,154.13089720372383,0.5637661710536224,1
200,11,164.23517439320946,-5.7088285061214625,1
200,12,159.46612835927445,0.4721212213705183,1
200,13,167.21248607990375,2.895410618377119,1
200,14,-24.289540699401304,7.189129066361664,2
200,15,3.3674281129569557,8.34499466869446,2
200,16,-6.625074778715731,-3.2773542042902855,2
200,17,21.977546068098732,-21.61296106512554,2
200,18,-14.703958611421218,-25.634918719369004,2
200,19,-13.683911112721288,-12.467984894360141,2
201,0,-156.24285577527104,-12.055116213551706,0
201,1,-131.8873316059367,-9.07517814390549,0
201,2,-133.85104648489968,4.966494240275793,0
201,3,-155.51905266100346,-8.162144165130897,0
201,4,-146.4808422695129,-11.573000672940703,0
201,5,-151.98032670965117,-3.877163194637247,0
201,6,-151.2955787186834,-0.1753875713630375,0
201,7,-163.8074204383833,-14.285373330818631,0
201,8,154.69416163535698,-0.5424129984640378,1
201,9,166.64710966590704,30.508719501528134,1
201,10,154.27388962132125,0.1874840667162641,1
201,11,164.61094125511528,-5.982629253185969,1
201,12,160.05951839093893,0.6934959613667334,1
201,13,168.0939847046655,2.7312902321097488,1
201,14,-25.23402734070567,8.447350545048266,2
201,15,3.2643231175875136,8.824627253988593,2
201,16,-5.596078225746002,-1.7631867910700805,2
201,17,21.138921944474575,-21.67190545252251,2
201,18,-14.983784530575655,-24.041255420650327,2
201,19,-13.814582488809323,-12.463288075832748,2
202,0,-156.67106727141362,-12.466483362887512,0
202,1,-132.78153071230523,-7.5916011159212395,0
202,2,-135.0746067452104,6.2180241059563235,0
202,3,-158.33921869042197,-6.955740361138197,0
202,4,-148.0664333059746,-11.119583591533589,0
202,5,-150.61666865019274,-4.6337967074858835,0
202,6,-152.5427022980298,-2.0236291007461027,0
202,7,-163.63069457213916,-14.884458773720334,0
202,8,154.76970037816767,-0.649825219174048,1
202,9,166.49195716297507,29.7942269006158,1
202,10,155.7244352028723,1.066792125729877,1
202,11,165.68562965566468,-4.553708914255465,1
202,12,160.1218332055526,0.64831081037782,1
202,13,170.09855324969413,3.6459177780572105,1
202,14,-24.45975675699738,9.871518749871125,2
202,15,2.7873489459204417,8.957077613448861,2
202,16,-5.499574289826119,-1.2287819503933441,2
202,17,20.739944893195982,-19.91239763790788,2
202,18,-15.196471134879028,-24.637319167447256,2
202,19,-14.029396726017,-12.609458224841852,2
203,0,-158.6891656743741,-11.795581650674649,0
203,1,-133.7690750053427,-6.910715171847539,0
203,2,-135.55254606254084,7.544699160544514,0
203,3,-157.50989173022063,-6.033643380058966,0
203,4,-147.05676712188412,-11.714377513409602,0
203,5,-150.82143891369327,-4.963219936388932,0
203,6,-153.1888099354864,-1.3474708878925865,0
203,7,-163.54627626732918,-13.585623891863241,0
203,8,156.78979391855904,0.24501914473048025,1
203,9,167.18054646126646,28.89910890644372,1
203,10,156.02307211827966,0.5827104800077253,1
203,11,165.86331620437844,-4.424364943461129,1
203,12,159.75276160192053,1.5340175391860023,1
203,13,171.3255798407141,4.372941531336128,1
203,14,-24.20836668559513,9.257662856405357,2
203,15,2.0261976244579536,9.595086163679849,2
203,16,-4.99911585807787,-0.5419095735110444,2
203,17,21.33522003835617,-18.38703956282627,2
203,18,-13.862977979172841,-24.662235379841153,2
203,19,-13.08733249154225,-13.121313776056635,2
204,0,-160.7127487871146,-11.450079354893552,0
204,1,-133.7131082115963,-7.6142756446287825,0
204,2,-136.45290441005235,7.764182818090705,0
204,3,-158.40372135828687,-5.562421451566968,0
204,4,-147.85166643133292,-12.10320755903539,0
204,5,-151.46646306100448,-3.7142690464563595,0
204,6,-153.64814390947856,-1.5168498067308105,0
204,7,-164.0855078034498,-13.236713611417224,0
204,8,157.36430045885356,-0.3508599627681406,1
204,9,167.3396925202206,28.56922433755394,1
204,10,157.7185692655458,1.7499069312328235,1
204,11,167.15688396936557,-5.664308541497924,1
204,12,160.63252417525325,2.273934317505291,1
204,13,170.4893562586265,3.9002058268996613,1
204,14,-23.04934944333551,9.847012116908685,2
204,15,2.192581454970275,10.543813293897854,2
204,16,-5.87845887191581,-0.3303166967033794,2
204,17,21.654134028435735,-18.720090150090634,2
204,18,-13.61438815078467,-24.22977638113784,2
204,19,-11.87379871135915,-11.694078202129159,2
205,0,-162.8242134441827,-11.08870719384352,0
205,1,-133.78223676004995,-7.8576476499354,0
205,2,-137.82898139021665,7.407519644927693,0
205,3,-158.59207152847236,-5.130247695049858,0
205,4,-148.3993600818299,-12.470857475250877,0
205,5,-151.6214621437086,-4.378243916887419,0
205,6,-153.67942663262687,-1.123263465073954,0
205,7,-163.44323566897765,-12.796972697743001,0
205,8,158.00993338700272,1.1850172200256788,1
205,9,167.19421594845852,28.236004558992555,1
205,10,157.90377702775154,2.815578283596432,1
205,11,169.85471303703503,-4.71747396740859,1
205,12,160.87169942356994,2.523536674654526,1
205,13,170.80826573177765,3.2739887179795155,1
205,14,-23.302633375881015,10.860095747965957,2
205,15,0.32191549691081733,11.0673687922206,2
205,16,-6.071029646128092,0.8536623823373316,2
205,17,20.654161015731034,-18.180916707232907,2
205,18,-13.88218977704096,-21.77211553305481,2
205,19,-12.525289805774156,-12.579495702521443,2
206,0,-164.1904359082717,-10.551505204937147,0
206,1,-133.5020647825958,-7.413585912615384,0
206,2,-138.99852852108629,6.996154875593517,0
206,3,-159.81374507620822,-3.936203123553847,0
206,4,-149.42443418821688,-12.865929025895811,0
206,5,-153.56077849663987,-5.121236720345245,0
206,6,-154.96378199200643,-1.2488797135751117,0
206,7,-164.2032530136339,-12.187577611425336,0
206,8,158.04880448557554,0.7280065515090446,1
206,9,167.67796969076787,28.690785012419607,1
206,10,159.010203101728,2.3489818108535014,1
206,11,170.07590213282995,-3.9230960387969342,1
206,12,162.15047120715798,0.07026208600322814,1
206,13,171.2484754817621,2.4624230076653286,1
206,14,-24.41929224867455,10.492002567449626,2
206,15,1.1471015685464785,11.295632940570174,2
206,16,-7.192562823742948,0.97014753490826,2
206,17,20.33224792796787,-18.1131746000383,2
206,18,-14.001170308868968,-22.81245202896574,2
206,19,-13.941458250810516,-11.564182232493712,2
207,0,-165.34773817117528,-10.847620222803426,0
207,1,-133.22694106908483,-6.470641366643724,0
207,2,-139.11528761999332,6.88231142220936,0
207,3,-159.4264251349248,-4.175955544724552,0
207,4,-149.91649038575267,-12.080525079346389,0
207,5,-154.86901960615177,-4.29284186888254,0
207,6,-154.94751297625604,-2.0467546689482994,0
207,7,-164.59577509301803,-13.911512019275495,0
207,8,157.18259066659957,-0.521244551704644,1
207,9,167.14270685834816,29.96705467094197,1
207,10,158.76386173566172,2.856734456106284,1
207,11,172.57321563555368,-4.915969126888569,1
207,12,163.15915956732564,-1.189270548371917,1
207,13,172.76155816066094,1.458274915648609,1
207,14,-24.488914448226893,10.78303759357752,2
207,15,2.0710540567582134,11.222483740473535,2
207,16,-6.779091630432892,0.7257890835293987,2
207,17,20.15616426450588,-17.111779074907083,2
207,18,-14.554086468521671,-22.330123789256337,2
207,19,-14.674550887627989,-10.275055734808129,2
208,0,-165.90165436704848,-11.903274042547217,0
208,1,-133.68661348483812,-6.080286234741713,0
208,2,-140.34360858715587,7.935695072807873,0
208,3,-159.9235250206243,-4.210041173760863,0
208,4,-149.21864557330605,-11.894716295788658,0
208,5,-155.71231607633013,-4.6685523483068305,0
208,6,-156.0389260209442,-2.424997372247091,0
208,7,-165.77250862456074,-14.97721291052195,0
208,8,158.55962703352355,-0.7716799983416189,1
208,9,167.423645888127,28.883626153551532,1
208,10,158.5412675945373,3.5669387548659444,1
208,11,172.3234067955188,-5.282439347751742,1
208,12,165.25275658438943,-1.3786960171164977,1
208,13,174.6113410627443,1.8558343551965621,1
208,14,-24.624357322845963,11.526873071542402,2
208,15,2.7179059361608724,9.936860381692956,2
208,16,-7.1019556228235485,1.1318240355825804,2
208,17,20.009707989741692,-18.09209666236309,2
208,18,-13.84190436931129,-23.50400242428907,2
208,19,-14.870129811560155,-9.20469611346806,2
209,0,-167.70322358351197,-12.168955785063972,0
209,1,-135.31569234982643,-7.625838084545854,0
209,2,-141.74075216710412,7.687484150080686,0
209,3,-161.3786310858292,-2.9762009726273684,0
209,4,-151.5793301868502,-10.788641503678118,0
209,5,-156.5717009151564,-3.7584981507143813,0
209,6,-155.31724643168937,-3.4084523028439184,0
209,7,-166.13521256658316,-13.070519405823756,0
209,8,157.55276168866595,-0.3182253645484649,1
209,9,168.80630780400435,28.798667747457205,1
209,10,159.1574892792763,3.9904487742390375,1
209,11,174.0441856631962,-5.817636621776555,1
209,12,166.2972399090529,-2.358980564645556,1
209,13,175.61208058415687,2.845636353539572,1
209,14,-24.790877082598502,12.007224792139796,2
209,15,5.229560268330561,10.045251992021486,2
209,16,-5.903477819539038,1.8442784135280894,2
209,17,20.213907220939163,-18.204375587805753,2
209,18,-13.227231072632653,-24.974613106061724,2
209,19,-14.713963775639948,-8.131664466430875,2
210,0,-167.53604381973284,-11.117440762017324,0
210,1,-137.35172525462733,-7.8024928783793746,0
210,2,-141.94661164095285,8.167611040209064,0
210,3,-161.5509938178846,-3.485328937635189,0
210,4,-153.6522412880651,-9.785694761815936,0
210,5,-157.18948423719104,-3.985630581993145,0
210,6,-154.12248178661685,-3.6559236282253167,0
210,7,-166.14794766012105,-11.198500656087047,0
210,8,158.62434203820828,0.1333141623216002,1
210,9,168.0637760909038,29.606561566538556,1
210,10,159.89056374006864,4.646515206190389,1
210,11,175.0455075181753,-5.660592882760846,1
210,12,167.40950025408662,-2.416736484169289,1
210,13,177.44104609251227,2.1575188032935837,1
210,14,-23.63729998287254,11.378057154029293,2
210,15,5.479521764156021,9.171597683695563,2
210,16,-7.005982927319518,1.7725793965028567,2
210,17,20.47142116922269,-19.390952802426266,2
210,18,-14.331102507106346,-24.461715863021805,2
210,19,-14.821773767170262,-7.5112992729487615,2
211,0,-167.20594368948895,-11.498266677335204,0
211,1,-137.98761648002534,-7.909884939686936,0
211,2,-142.59890141843687,8.851133696868036,0
211,3,-162.33943049104505,-2.4832567892147317,0
211,4,-154.3115632383486,-9.827625939197347,0
211,5,-156.7710144815326,-4.389676461104031,0
211,6,-153.99221299088492,-2.388631012447462,0
211,7,-168.57222374803771,-10.845849058098551,0
211,8,158.34908649229826,0.2936109712828483,1
211,9,168.4062468867999,30.337509632715893,1
211,10,160.41804061840767,3.0230735737153616,1
211,11,176.328261001497,-3.4045194686526234,1
211,12,167.8214015927028,-2.6730732202321086,1
211,13,178.48450350117974,1.2954952871388867,1
211,14,-24.05004330521284,10.992379659628732,2
211,15,6.582715403927811,8.917440390233232,2
211,16,-6.7926727972775325,1.9980808760566482,2
211,17,21.058926982947085,-19.44284329017405,2
211,18,-13.55337878962297,-23.76354189647672,2
211,19,-15.110655780929045,-7.9241638002742105,2
212,0,-167.8255734940737,-11.788743808022671,0
212,1,-138.5546283457218,-7.581223333711854,0
212,2,-144.19612499927285,8.586055652737755,0
212,3,-161.98227213949855,-1.2006336122026102,0
212,4,-154.49313785092752,-8.312869651138401,0
212,5,-156.99830948084661,-4.889957141687501,0
212,6,-155.56547924751342,-2.583707372660791,0
212,7,-169.47594504801523,-10.578717183143892,0
212,8,157.7812692773408,1.0858511199299976,1
212,9,169.59733875896612,31.113017354368168,1
212,10,161.73262947782257,3.518507123980606,1
212,11,176.66120851512167,-2.5241280636335253,1
212,12,168.73136670347864,-3.0573942118310953,1
212,13,179.2190045533075,1.0407987319113634,1
212,14,-23.763012502403104,11.314979291693627,2
212,15,7.381233789565984,8.239977767315471,2
212,16,-6.648900578877576,1.0932600260802223,2
212,17,21.826297287205673,-18.472674824201505,2
212,18,-13.408539552685053,-23.373349918911135,2
212,19,-15.85624349902059,-7.43329239248328,2
213,0,-168.3867833992062,-11.015269294371587,0
213,1,-139.72389760468417,-7.5699140321201925,0
213,2,-144.94297658307195,9.227068037174076,0
213,3,-161.99178528684007,-1.4613186021279956,0
213,4,-154.9253765945976,-9.309105004023758,0
213,5,-157.2093520080566,-2.779086390474203,0
213,6,-156.79097566919103,-1.5421504482174058,0
213,7,-171.04003757244448,-10.533633131194284,0
213,8,159.10150361277988,1.0819989238435823,1
213,9,169.16209627356264,31.66774998871409,1
213,10,162.65246779138602,4.286333670176822,1
213,11,176.6661088979642,-3.448322400490559,1
213,12,168.31161457552537,-2.9950560729656694,1
213,13,178.75973787936493,0.7148292986015508,1
213,14,-23.541347484825387,10.434634217715779,2
213,15,6.699804986852021,9.600230173776591,2
213,16,-6.447583549946268,1.640949716442248,2
213,17,20.92922268326522,-19.030676798172227,2
213,18,-13.062168541632632,-23.24597232633561,2
213,19,-15.522426031582336,-6.150975247119218,2
214,0,-167.59582732286648,-10.260914449373521,0
214,1,-140.74909296600285,-7.725784104300096,0
214,2,-145.91709651392796,10.239853790710438,0
214,3,-162.8984431926427,-1.0158006073193437,0
214,4,-156.0180300915251,-9.987604558385163,0
214,5,-158.47904950289876,-3.12482392038575,0
214,6,-156.9262637518142,-2.413436666016697,0
214,7,-171.45256747652908,-10.824943891566537,0
214,8,160.30700879846185,0.2738167569438187,1
214,9,170.47999022647593,30.433095807378706,1
214,10,164.2205930840897,2.868191539453119,1
214,11,177.34380975566503,-2.1690113324584614,1
214,12,168.40065070831102,-3.3846714595787635,1
214,13,178.760183471165,0.6791208355359695,1
214,14,-23.631083821776855,10.72634615898418,2
214,15,6.506867000189796,8.38774635746911,2
214,16,-5.489763568759984,0.33841001964507944,2
214,17,19.913045853634532,-19.218688817376993,2
214,18,-12.753211361545665,-23.044302347591987,2
214,19,-14.855068527914053,-6.281530369866863,2
215,0,-168.3185263592328,-10.81080455840764,0
215,1,-142.14835848879403,-8.319268615689657,0
215,2,-146.16722533254227,9.46380898983109,0
215,3,-165.9706786814517,-1.1593086886715374,0
215,4,-156.98670305948752,-10.512519728764067,0
215,5,-158.70738410504475,-2.7242991144464286,0
215,6,-156.68813984852977,-2.112964055640187,0
215,7,-172.05638268515796,-10.556488959415269,0
215,8,160.5021671138223,0.536510973955751,1
215,9,170.86979736117215,30.3509976515262,1
215,10,165.80314982832016,3.38584286808776,1
215,11,177.31396199136984,-2.7062304569179516,1
215,12,167.60940571294378,-2.9660305499469826,1
215,13,179.13175214801348,0.8507002454358589,1
215,14,-23.633651789986594,10.265339117306365,2
215,15,5.410508898511665,8.632026643587109,2
215,16,-5.696351133025702,1.0588377720012034,2
215,17,21.128536444324833,-19.996375923933705,2
215,18,-13.79513287376318,-23.53536728094882,2
215,19,-14.879588315964947,-5.867391641642424,2
216,0,-169.4933948031663,-9.938348228356745,0
216,1,-142.23104636854225,-7.6381980539205205,0
216,2,-146.729204406536,8.38769805665067,0
216,3,-166.11388221873085,0.689607645285852,0
216,4,-157.11376004229254,-10.366311445870252,0
216,5,-158.92380609063363,-3.7849786775038554,0
216,6,-158.08137542814094,-1.7623032317297183,0
216,7,-171.97140144285365,-11.095210771918774,0
216,8,161.36056687019624,1.3546961948102012,1
216,9,170.97689264595348,30.05095926316503,1
216,10,165.3511142912954,3.390552279335868,1
216,11,177.10380464240848,-4.272541778295965,1
216,12,167.2265363972911,-3.3885967257167513,1
216,13,179.3202834255492,0.6723909526422513,1
216,14,-22.96752713868604,8.384414364479861,2
216,15,4.959130803126598,7.9128699948204915,2
216,16,-5.147836511622625,-0.12232360430574674,2
216,17,20.377756331441617,-22.05516363663117,2
216,18,-13.885632439225423,-24.243295571104326,2
216,19,-15.715797794933938,-6.345420623905906,2
217,0,-170.18636057612133,-10.313075835503263,0
217,1,-144.06194725903813,-9.011053879141835,0
217,2,-146.43795978224787,8.515866156054626,0
217,3,-166.8120522076823,1.2024945737708017,0
217,4,-157.8013389190004,-9.649295716264172,0
217,5,-159.04948143406,-5.443934400825757,0
217,6,-159.63814258119862,-0.8616548877664895,0
217,7,-172.23663962596956,-11.058351039033909,0
217,8,162.08515295364717,0.3214562196823958,1
217,9,173.1377916757666,30.08798381388645,1
217,10,165.60190537613084,3.9500129166368367,1
217,11,177.5455762608944,-6.177242609692297,1
217,12,167.88866914778964,-3.726596107550698,1
217,13,179.19102864357754,1.0144409479829755,1
217,14,-22.529719719299308,9.116634938249089,2
217,15,6.063556237883937,7.734863126823814,2
217,16,-3.599595623261399,-0.6395186190374229,2
217,17,19.581574986040362,-22.182630982574487,2
217,18,-13.125093973416673,-24.78527522715069,2
217,19,-17.06881338061342,-7.671408960088749,2
218,0,-170.7075377215138,-11.047562665706481,0
218,1,-146.30090103067747,-8.82315443601688,0
218,2,-146.26830111030515,8.882092315288789,0
218,3,-169.14690821889207,1.5420802634175983,0
218,4,-158.68021078123957,-9.264220462871572,0
218,5,-159.6753640435254,-6.322318253618725,0
218,6,-159.71462489757775,-0.4739898281440328,0
218,7,-172.79223186138688,-12.247158596120055,0
218,8,163.60823406619738,-0.1041443509862367,1
218,9,174.59965062616706,30.043499508814833,1
218,10,165.59126438385883,4.853136235569698,1
218,11,178.17274491513882,-4.8865420062975184,1
218,12,168.91021767407503,-4.374285721986615,1
218,13,180.5447841851099,1.1872071091086025,1
218,14,-22.76046777140746,8.66419260271716,2
218,15,6.633251517247832,7.918681307994502,2
218,16,-4.805766549191658,0.632355601283833,2
218,17,18.53080660926489,-21.037040538406657,2
218,18,-12.947437878617519,-24.959115787110218,2
218,19,-16.25213503646553,-9.131860816852058,2
219,0,-171.52245774052852,-11.103826502404724,0
219,1,-148.1517343976304,-6.786193550627271,0
219,2,-146.661521659085,8.255231143189107,0
219,3,-168.90059004305718,2.064095247773328,0
219,4,-160.324621662487,-9.676875027601719,0
219,5,-161.4538994315474,-6.439756647740621,0
219,6,-160.28459541367786,-0.030712524290905097,0
219,7,-173.88067506738776,-12.864599774739307,0
219,8,163.88738177968253,0.8415109110414247,1
219,9,175.89791211009984,31.007113444758872,1
219,10,167.005579851664,3.9151579246768975,1
219,11,179.9528688973031,-6.042638142098538,1
219,12,168.54265993083067,-3.109271796247068,1
219,13,182.42938968305407,1.6185483741570783,1
219,14,-23.20025399380421,8.918599033948905,2
219,15,6.488563385824445,7.955802400509562,2
219,16,-4.455688077290097,1.7628838333440535,2
219,17,20.43663921374688,-20.82832890882422,2
219,18,-13.286992601880888,-25.545499069891825,2
219,19,-16.104219483163302,-10.81590475480674,2
220,0,-171.89895810482952,-10.84153165608016,0
220,1,-149.12603306702158,-6.598947472132401,0
220,2,-147.3636647137725,7.87961817055985,0
220,3,-169.07459805199318,0.7659201184931943,0
220,4,-159.42956469794277,-8.473614618904858,0
220,5,-160.61337347570262,-4.586675826056141,0
220,6,-162.13567029311847,0.28358006994292945,0
220,7,-174.59937758947962,-13.239947520529821,0
220,8,165.3974695383865,0.28559676909719867,1
220,9,174.7703669266903,31.43974225059027,1
220,10,167.96885450857903,4.655817009007311,1
220,11,180.1211741597877,-6.072737858554535,1
220,12,169.31229636128793,-3.004842259392623,1
220,13,182.3789096738943,1.1495871338094161,1
220,14,-21.84808735206527,8.842401386889396,2
220,15,6.15662286884639,8.286487049382204,2
220,16,-4.240119066505421,1.08485200846804,2
220,17,20.90921836290791,-21.860347337534115,2
220,18,-13.540791633440016,-26.678333167249463,2
220,19,-16.47365399397752,-9.7731597048589,2
221,0,-172.10051839653684,-10.6986433319843,0
221,1,-150.06705462501435,-6.701701810516224,0
221,2,-148.64562052404116,7.123269080665751,0
221,3,-168.4910346408968,0.7713890509591357,0
221,4,-160.35463124568642,-9.192467372096017,0
221,5,-162.57024204117096,-5.080424573289921,0
221,6,-162.85965324111714,-1.1406099528385982,0
221,7,-175.27626777492904,-12.24816017197219,0
221,8,166.70595189186457,-0.416154022782545,1
221,9,176.35191947078977,31.158649126224507,1
221,10,168.79146071470112,4.806956217373267,1
221,11,180.63212759108345,-5.8857088935248045,1
221,12,170.10363569946173,-2.0531547643523442,1
221,13,183.5857070740509,2.531252669508852,1
221,14,-20.4576503785629,8.726663507671724,2
221,15,5.818488808402739,8.796811832076887,2
221,16,-4.649537227023006,0.6015351685368087,2
221,17,19.86691666466373,-21.838231021502192,2
221,18,-14.367547538240107,-26.45615083406906,2
221,19,-16.20668240147213,-10.102868667836061,2
222,0,-173.7031644119434,-9.913250063323684,0
222,1,-150.77926732377296,-6.455175297095124,0
222,2,-151.85722812942205,6.215537114360785,0
222,3,-168.31024060750522,1.2619361757814416,0
222,4,-161.49517553507008,-7.78956627526888,0
222,5,-163.22212986128577,-4.636762815871705,0
222,6,-164.6618391802896,-1.4931030472550222,0
222,7,-175.67956691375912,-12.143947740278938,0
222,8,167.31444205667194,-0.2673607341303663,1
222,9,176.90275499276905,30.72610496940377,1
222,10,169.3827007233778,3.994308215359763,1
222,11,181.38482483505814,-6.558260989456634,1
222,12,169.59779300122725,-1.2271367682685734,1
222,13,185.94610790942545,2.6891614236016252,1
222,14,-20.68861192531031,8.674146790628047,2
222,15,6.141808973435711,9.796533886044159,2
222,16,-4.124890617259072,0.7252769467515662,2
222,17,19.365292017961874,-21.60006682379889,2
222,18,-14.650911117216124,-27.574404758428926,2
222,19,-16.554733257105298,-10.51185005819825,2
223,0,-176.11695389341284,-9.821891829549118,0
223,1,-153.06559905952386,-8.415690007175767,0
223,2,-152.73194402259733,5.972062558012465,0
223,3,-169.52354994391456,1.8868625658386682,0
223,4,-161.8164525741421,-5.706181882974776,0
223,5,-164.84736320524527,-5.1422131018949315,0
223,6,-165.28945180948307,-2.526484153286985,0
223,7,-175.3974253434462,-13.497199884964722,0
223,8,168.9640529033132,0.1834581594374003,1
223,9,178.36869648575097,31.605542484672135,1
223,10,170.10641321748167,3.7381781235090523,1
223,11,181.11132788618104,-5.213895286316005,1
223,12,170.87463729602618,-0.6158880351146607,1
223,13,186.23245098538197,3.1165397816089886,1
223,14,-20.74437259731143,8.789379502635517,2
223,15,4.433744714863478,8.93808326328052,2
223,16,-2.771391968863276,1.487427280648728,2
223,17,18.990441924283544,-22.225772210194915,2
223,18,-13.833607663882932,-26.993845558267143,2
223,19,-15.217687133435357,-8.76310966724737,2
224,0,-175.93808040563795,-8.846237408723248,0
224,1,-154.0359164622961,-7.576656140012903,0
224,2,-152.27133011455436,6.3897718766627385,0
224,3,-170.60333028799462,2.2598722312129667,0
224,4,-163.47034184940202,-4.063993632718435,0
224,5,-166.45173174946203,-6.001675698789713,0
224,6,-166.53274127659117,-1.936754923633551,0
224,7,-176.55923994729048,-13.754087618740552,0
224,8,169.3857027496034,-2.0376797197717798,1
224,9,177.19887301181524,32.04333961447227,1
224,10,170.85621468964806,2.173323155972879,1
224,11,181.94517374240948,-5.6388777546300775,1
224,12,170.36291052073835,-0.43094350914540547,1
224,13,187.5362600340548,1.9659578084891016,1
224,14,-21.164420597538957,7.884121048847886,2
224,15,4.021492767569921,9.265386972075246,2
224,16,-0.5103578557954016,2.084876240938369,2
224,17,18.415593233935734,-23.159194285210372,2
224,18,-12.453455394428083,-27.01341090266281,2
224,19,-15.442783224037893,-9.388076523948419,2
225,0,-176.68023084490437,-7.829343381313456,0
225,1,-154.3983256279802,-6.586876493853261,0
225,2,-153.28395756372726,6.5110922035306995,0
225,3,-172.1165479651211,1.5805423603882836,0
225,4,-165.05252931232744,-4.882353490785425,0
225,5,-167.08631494535106,-5.532644637904813,0
225,6,-165.95159061722958,-1.9436731276215877,0
225,7,-177.87093164032154,-15.188339719096835,0
225,8,169.49188550812696,-1.5717595757506788,1
225,9,178.79471812353026,32.623265540397874,1
225,10,172.4120403103264,2.285306826091092,1
225,11,181.9882294715965,-5.929052252354393,1
225,12,171.95057280863855,-0.2079978753458723,1
225,13,187.34830481247968,3.613469791117776,1
225,14,-22.333654304339863,8.587265725674076,2
225,15,4.132014572550967,10.343802621254744,2
225,16,-1.5292463125456044,1.7350776854998868,2
225,17,16.338005368977896,-22.742727776697524,2
225,18,-12.498359992834624,-27.52273575008538,2
225,19,-14.78255908902476,-10.461021326880008,2
226,0,-179.88164626545915,-7.385596692262382,0
226,1,-155.7338101722981,-5.804559829354379,0
226,2,-153.88737293747172,5.286848438503318,0
226,3,-170.94107325002875,2.520837894120154,0
226,4,-163.870546448603,-4.736507671186705,0
226,5,-168.21002504054997,-5.014684353198239,0
226,6,-167.14057041082367,-1.6782148750945571,0
226,7,-178.305044932155,-15.954868690440676,0
226,8,170.10948840806412,-1.5403762111294923,1
226,9,179.0036059477784,31.984589246196034,1
226,10,171.94480099829025,2.8699077596852196,1
226,11,182.9694523951042,-5.958091269406871,1
226,12,173.11581994215024,-1.5141326655726095,1
226,13,189.2490520267876,3.3442386247136584,1
226,14,-22.987298335805125,8.441262798518,2
226,15,4.701266747227929,10.758072166016085,2
226,16,-1.6825141686211906,0.29853302653236113,2
226,17,18.811311119803328,-22.807332352356028,2
226,18,-11.76359409402511,-27.84977900428483,2
226,19,-15.541537710963944,-11.529466302218044,2
227,0,-179.86910536832738,-6.6255348358046815,0
227,1,-156.96973386497723,-5.196209646107832,0
227,2,-154.67727911900775,5.614272156253772,0
227,3,-170.42680756746637,2.3009372619657262,0
227,4,-163.96163695504188,-4.795774034255439,0
227,5,-168.95159735382308,-5.134098877844699,0
227,6,-169.8731154934978,-1.132050866383794,0
227,7,-179.32753288480396,-16.239757898099572,0
227,8,172.03003285198974,-1.1139924820965679,1
227,9,179.4221111292286,31.44399797755302,1
227,10,171.59582666873467,3.2129354922899425,1
227,11,183.6319723217624,-4.6352753700157985,1
227,12,173.82450497210354,-0.7826751149564092,1
227,13,189.42146957342237,4.628914157102925,1
227,14,-22.11551341087639,9.747293244677186,2
227,15,5.7803645777164,10.221513178364741,2
227,16,-2.171495629401505,-0.8458773866193714,2
227,17,18.381648264432005,-21.831090741278807,2
227,18,-11.48453297158196,-28.235583279099995,2
227,19,-15.895324331407316,-11.020204611765797,2
228,0,-181.01022898388274,-6.773677634028389,0
228,1,-158.54560693503691,-6.12294024116149,0
228,2,-155.83577068594437,6.680800688131333,0
228,3,-171.93399506809612,2.068726513607072,0
228,4,-164.23119659128037,-5.697370438118753,0
228,5,-169.43655791940915,-4.691620197924895,0
228,6,-171.09320873465924,-1.7680131107225168,0
228,7,-180.19073984030024,-15.244827490142384,0
228,8,173.30174018832565,-0.4586974536157642,1
228,9,180.22546667415273,31.63879736917166,1
228,10,172.02838903696386,2.399759111280827,1
228,11,186.22346216144635,-2.6709305854596073,1
228,12,175.611087604178,-1.4187724210435912,1
228,13,191.2060901420422,3.8269780082617384,1
228,14,-22.28218056264512,9.228925207866007,2
228,15,6.3711240043632875,8.818375961588863,2
228,16,-1.3305953962862067,-1.4185907253009618,2
228,17,18.85940548203694,-21.951012218500313,2
228,18,-11.532706359709874,-29.467454595247627,2
228,19,-14.777047732134507,-11.416632815542437,2
229,0,-181.29163432974448,-7.005328599661009,0
229,1,-160.41429442478966,-5.893637065999374,0
229,2,-156.37984816250196,6.391258026634172,0
229,3,-172.34448679153226,0.9558202646297889,0
229,4,-164.59603760306075,-5.931322874081477,0
229,5,-169.38581316019756,-5.621131490422402,0
229,6,-171.52535363392607,-1.2262200632243967,0
229,7,-180.73832365736442,-14.835096780115368,0
229,8,173.51581654103614,-0.43626810647390024,1
229,9,180.6020970843283,32.67149585153019,1
229,10,172.7331008286089,1.938057371401337,1
229,11,186.84603616414188,-1.4338187540124618,1
229,12,176.0142045848864,-2.023694351992333,1
229,13,191.30119244889795,4.139744069694525,1
229,14,-22.95948476274798,9.66057334819472,2
229,15,6.0755161289655355,7.559591217020992,2
229,16,-1.7471103843651972,-2.5110223504753435,2
229,17,18.546244027043453,-21.78373246878095,2
229,18,-9.030064345719923,-29.07162954254769,2
229,19,-14.702257034750565,-11.938944387319742,2
230,0,-182.57677568303626,-6.19713903769905,0
230,1,-162.115843974294,-7.5311431738634536,0
230,2,-158.22937563475114,5.680569588613202,0
230,3,-173.21070182308208,0.21451120291155246,0
230,4,-164.3692172349096,-5.730442587267702,0
230,5,-171.42076418511863,-6.580031502424859,0
230,6,-171.67186242810277,-1.936439601312781,0
230,7,-181.83717349130055,-14.866619439062362,0
230,8,175.18806622414846,0.7267613742222756,1
230,9,181.1191706710411,31.72824758511366,1
230,10,175.0631488533813,3.0340400707838047,1
230,11,187.66912067441658,-1.726895654628472,1
230,12,177.09543677417992,-1.7604390504304321,1
230,13,190.78735700591503,3.5188677393716006,1
230,14,-22.53717742417727,10.053357520399635,2
230,15,6.839722648104563,7.730196996740742,2
230,16,-1.9157221074818929,-2.5694151979818742,2
230,17,19.176993912553062,-22.70930462728914,2
230,18,-7.808600415633385,-29.13011100005802,2
230,19,-15.709914064215988,-13.042435309861862,2
231,0,-182.78000756218697,-6.116020901456497,0
231,1,-162.23757271922204,-6.8047909568451095,0
231,2,-159.573755298992,4.114463554635715,0
231,3,-173.22565863168984,1.0570567767926353,0
231,4,-165.53489998310215,-5.782579121735677,0
231,5,-172.43187963868186,-5.624105470898445,0
231,6,-171.38733970134163,-1.7222269364646274,0
231,7,-181.7054400472403,-14.463497219616595,0
231,8,175.9393328723042,2.0385302316898763,1
231,9,180.91854881280602,31.123159467087746,1
231,10,176.25454907183612,3.5625405924080593,1
231,11,187.65893286133553,-1.9850810302156547,1
231,12,177.64034927003112,-2.742437835586817,1
231,13,192.9496440788099,3.8210134461875804,1
231,14,-22.772808952518325,10.168491869796355,2
231,15,7.246748913354693,7.772350017886924,2
231,16,-1.687906824228625,-1.8525775008665955,2
231,17,19.199320488805288,-22.11599140594437,2
231,18,-7.962898054247069,-28.460241253433843,2
231,19,-15.923968087458556,-12.493273405055568,2
232,0,-184.34114022063991,-6.6861010886850885,0
232,1,-161.82727952969722,-6.513856777174831,0
232,2,-161.76688618451473,3.4475977541457263,0
232,3,-174.09388220679895,1.8760186674334811,0
232,4,-166.644801752024,-6.228016187262912,0
232,5,-173.19831591362825,-5.5690600718692576,0
232,6,-171.8438231883764,-2.5387184332011676,0
232,7,-181.6970615632354,-15.931843640916988,0
232,8,176.64276492513477,1.7325485423967555,1
232,9,181.279093824198,31.809727360293923,1
232,10,175.87682716746778,3.4673104249819637,1
232,11,187.05740040587503,-3.0018069070050357,1
232,12,178.71270528778754,-3.731445278861071,1
232,13,193.07606714546515,5.133580490790957,1
232,14,-23.539199246446586,8.741035777314876,2
232,15,6.028091837186555,7.144465410696297,2
232,16,-1.3204420608859666,-1.0833527668669973,2
232,17,20.786447518019152,-21.996096418238004,2
232,18,-7.620016780177334,-27.21231867181489,2
232,19,-15.451190352023254,-12.968280472202242,2
233,0,-185.26098455252287,-6.5179946196094045,0
233,1,-163.64663891591417,-7.403160631306682,0
233,2,-162.9268609895421,4.060229051444357,0
233,3,-175.41962934493162,1.9923998221513375,0
233,4,-167.9604117251718,-6.960565746022644,0
233,5,-173.25479042664426,-6.8084677837392,0
233,6,-170.92689016503923,-3.3863761960884884,0
233,7,-181.89751546993475,-15.91688855222851,0
233,8,177.877858185562,0.9616023490546272,1
233,9,180.7091855258533,32.11090270883516,1
233,10,176.69067722404552,2.3518467151017934,1
233,11,188.39358957391568,-4.331505044860876,1
233,12,179.95914279975108,-4.103915085699493,1
233,13,193.88738396916062,5.6775440780582835,1
233,14,-23.142234989782533,7.620256051124377,2
233,15,5.090249738097353,6.94447659395013,2
233,16,-0.6360734698411079,-1.62754478474257,2
233,17,21.333682057627296,-22.375855962058537,2
233,18,-7.543662834789488,-27.365829105482725,2
233,19,-15.174447842464225,-13.01522197087093,2
234,0,-185.4074637148245,-6.980186520027989,0
234,1,-164.0594945693144,-7.402857162142948,0
234,2,-163.66884894017304,2.421948287955124,0
234,3,-175.41237082878186,2.8568437408065885,0
234,4,-169.67564494198834,-7.641726132974638,0
234,5,-173.72120631914893,-6.1575143466213085,0
234,6,-172.5005557454225,-1.9105103361347031,0
234,7,-181.34953526454694,-14.633430880650582,0
234,8,178.26988953406033,-1.9241320852612835,1
234,9,180.65050679839118,32.92149363672812,1
234,10,177.81706109028315,2.8635896014182913,1
234,11,187.81895627778565,-3.5316411619074137,1
234,12,180.1696553838309,-4.035542746764325,1
234,13,193.616933165251,5.523534559219216,1
234,14,-23.573949260996518,7.375494210100432,2
234,15,4.898178501553827,6.2070073985875736,2
234,16,0.402615468505934,-1.8861944788171203,2
234,17,20.329824022074945,-22.98749045865625,2
234,18,-7.522682854451375,-27.25378406481562,2
234,19,-16.218799792364525,-11.634107816779098,2
235,0,-187.05339022073818,-6.000296763558606,0
235,1,-165.42726171416606,-8.128722361536086,0
235,2,-164.09811267677244,2.7158893386375884,0
235,3,-176.51963948923026,3.634718813902603,0
235,4,-170.09537563040402,-8.081327037942428,0
235,5,-176.25041085281558,-6.114433067133936,0
235,6,-174.34568874760586,-1.6465270012837443,0
235,7,-182.6057966642004,-15.237468634772707,0
235,8,178.83659739135305,-2.030645286303305,1
235,9,181.2146168479668,32.636464898976655,1
235,10,179.39530214123505,4.379229638292197,1
235,11,188.3983651735719,-5.058480011902697,1
235,12,180.6307954982482,-2.745164574927646,1
235,13,194.2992875742029,4.634403260697011,1
235,14,-23.768440266660242,6.276043117995566,2
235,15,3.8497991421394913,5.9425325274943885,2
235,16,2.1517940392163726,-1.4337205345649802,2
235,17,20.033959121090934,-22.994110538140635,2
235,18,-8.382658068864993,-25.582996665032805,2
235,19,-16.190625948301687,-11.588492982568974,2
236,0,-187.95405446112142,-4.516983261846527,0
236,1,-167.36161269270184,-7.353051599385432,0
236,2,-165.25457946603484,3.2261100198382784,0
236,3,-176.93353504278718,4.237721473137553,0
236,4,-171.08608328985343,-6.57609226901115,0
236,5,-176.95485320552828,-6.070739695677606,0
236,6,-175.42318822550226,-0.5031236831290373,0
236,7,-182.6921994529643,-14.310644596311207,0
236,8,179.64135922981004,-3.0894299795577496,1
236,9,182.7686110349538,31.851523038207205,1
236,10,180.50250331443266,3.5967438424161737,1
236,11,188.8913850797085,-3.8488205168089653,1
236,12,181.7745488627822,-1.7644708378342497,1
236,13,195.6847081063824,4.396026569474549,1
236,14,-22.253214135889788,7.311203918685601,2
236,15,4.752569800882475,7.368896036060765,2
236,16,1.3484145505578011,-0.8378362086145383,2
236,17,21.1081310420081,-23.778036679405314,2
236,18,-9.37223776073476,-24.55442110147448,2
236,19,-16.54793366720108,-10.393927342456674,2
237,0,-189.4583656026539,-4.6694939729438225,0
237,1,-169.38836685985777,-7.386146261211102,0
237,2,-166.2028874865714,4.456349235432548,0
237,3,-178.20142809122547,4.247458907099504,0
237,4,-173.2326658750926,-6.552629931587905,0
237,5,-178.1395917152761,-4.599705523038141,0
237,6,-174.8179948826,-0.7823014090470286,0
237,7,-183.15988482064637,-14.791125116444702,0
237,8,181.4719124266667,-4.168520913084817,1
237,9,183.35302673884232,33.133710813313925,1
237,10,180.81532777340118,3.0790015003016644,1
237,11,190.3887953005015,-4.834200629264902,1
237,12,181.3636592847876,-2.1397422714112153,1
237,13,195.2462437397758,6.267054157434403,1
237,14,-22.79976572466811,7.574615357399714,2
237,15,5.181304153481249,6.18569985835244,2
237,16,0.42786418844066854,-0.37759182782990935,2
237,17,19.762298287658673,-22.74460101384863,2
237,18,-9.512907377294454,-24.13270632008073,2
237,19,-18.258714913442603,-9.251797553360637,2
238,0,-190.02354996075456,-5.068263401909621,0
238,1,-169.51117991056188,-7.151503941840233,0
238,2,-168.09554908271065,4.111388584607508,0
238,3,-177.98514995078477,5.022763299825308,0
238,4,-174.67349263802635,-5.831359544239185,0
238,5,-178.50171708460218,-4.3297208069735715,0
238,6,-175.97426214290851,0.19177401721793808,0
238,7,-183.75388886649307,-13.460766204973048,0
238,8,181.60008029804862,-4.309035477036753,1
238,9,183.10486340057392,32.604019768507506,1
238,10,181.46416409509038,3.0349639454945208,1
238,11,191.4204681729683,-4.978293428843519,1
238,12,182.05036581750923,-1.5898711488094301,1
238,13,196.38311021119313,7.690500835687318,1
238,14,-21.908588542922153,6.756549426951653,2
238,15,4.552662531354085,6.901062362431161,2
238,16,0.6526176131366064,-0.06346312590795167,2
238,17,19.89579946807086,-21.858066217201195,2
238,18,-9.496039954857007,-25.19222198680974,2
238,19,-17.977278133349092,-9.600558810292275,2
239,0,-191.82071295343312,-4.268538623518522,0
239,1,-170.01736334145576,-8.687659414528923,0
239,2,-166.31830509219918,3.5714514357782727,0
239,3,-177.63109439749596,3.920367597101454,0
239,4,-175.7561651241666,-5.666953649999272,0
239,5,-179.12832034277008,-2.9837523283634084,0
239,6,-177.8279184355604,-0.4214760842028713,0
239,7,-184.78480812078615,-13.325171128907705,0
239,8,181.83286383215685,-5.058653952385159,1
239,9,184.41220979478214,32.82203418846869,1
239,10,182.3519073029342,3.6185642348534985,1
239,11,192.06415633787466,-4.96348486340783,1
239,12,182.93217641132398,-2.3082808184682007,1
239,13,197.62695148938528,6.245167039167766,1
239,14,-21.2370190408611,4.504782534889589,2
239,15,1.87163642260488,6.146403388041454,2
239,16,0.7646117114407438,-0.22356533182075722,2
239,17,19.105362357797734,-20.964789404272878,2
239,18,-9.022553452880302,-26.801298454539836,2
239,19,-18.252574331280922,-10.151762248560132,2
240,0,-191.63984668853033,-4.656317578894761,0
240,1,-171.31565123925193,-9.132488417673073,0
240,2,-166.7342611201848,4.0640515002722175,0
240,3,-179.0985815914985,6.049528566089754,0
240,4,-175.56794066207104,-5.973376619814198,0
240,5,-178.79254875843327,-2.15362341978879,0
240,6,-178.13667775619714,-2.311476954027275,0
240,7,-186.06772918046983,-13.603556374892804,0
240,8,183.2009667462673,-5.46914677073447,1
240,9,185.02605838936233,33.86441512468036,1
240,10,183.19469211568978,5.462966137865234,1
240,11,193.9784746037355,-4.830978665930451,1
240,12,182.75747366353477,-0.7889954887993296,1
240,13,198.08252233130307,5.287612626323589,1
240,14,-21.535551256526027,5.19063046092657,2
240,15,1.4196658178471973,5.662949894305145,2
240,16,1.421047447180889,0.46364019057020145,2
240,17,18.50338779350926,-21.669721120074577,2
240,18,-9.097670787381805,-27.062074877475332,2
240,19,-18.6406485975418,-9.826857782700401,2
241,0,-192.82460336934565,-6.048052289494024,0
241,1,-173.87382879364347,-10.151770786168118,0
241,2,-167.84263552010523,3.600352211887966,0
241,3,-180.96981732158244,7.112209282422215,0
241,4,-175.8268762653877,-6.102389140499187,0
241,5,-181.21838687196103,-2.081028593416335,0
241,6,-179.06933621070812,-2.538889508889734,0
241,7,-186.04320646602844,-13.956924951086371,0
241,8,184.7918451591126,-3.2131874997019048,1
241,9,185.72453158557084,33.80661344669141,1
241,10,183.16009075348813,5.7956939310373325,1
241,11,194.5213329743183,-5.173068825743699,1
241,12,184.1277778355248,-0.4164551677909209,1
241,13,200.11116972290262,5.316812967508678,1
241,14,-21.18817517528853,6.148368264297314,2
241,15,2.295760901906749,3.7228775367286024,2
241,16,1.3671939877251416,1.4337989904348736,2
241,17,17.507799228269857,-22.561785460760827,2
241,18,-7.89821714545535,-27.535683385985713,2
241,19,-18.272261134269876,-10.676617925724543,2
242,0,-194.32045040580815,-7.144193742047016,0
242,1,-174.8046098237562,-11.189695322201613,0
242,2,-168.7540185857498,3.4299878886164237,0
242,3,-181.52249000777778,7.431099785854967,0
242,4,-178.0569639557595,-6.679557911797216,0
242,5,-181.98850625004883,-2.6398346760965,0
242,6,-179.0727180550766,-2.147411702427907,0
242,7,-186.97170161713512,-13.672379389240977,0
242,8,184.96827272520494,-3.173102132998761,1
242,9,187.65896945802638,34.05376526751139,1
242,10,183.7741851149624,6.359397665337438,1
242,11,194.90198553237443,-3.4036724875378415,1
242,12,185.3025605023022,0.2705231364891311,1
242,13,200.62404332933392,4.642038196001527,1
242,14,-20.745833171594658,6.0212265339995055,2
242,15,1.8261392287338665,2.44169883751295,2
242,16,0.24404651568670466,1.5637059157956223,2
242,17,17.417135248542657,-20.746142050943668,2
242,18,-8.404605690238313,-28.1141183764655,2
242,19,-17.432390809358836,-11.160507948465142,2
243,0,-196.34025961667658,-8.847663448167683,0
243,1,-175.11971281958918,-10.110958005030914,0
243,2,-169.26995180882915,2.4577362190689778,0
243,3,-181.6919183306023,7.750565722977302,0
243,4,-178.76940359636524,-6.213943762724405,0
243,5,-183.18530340769982,-2.591968270978536,0
243,6,-179.8119065884758,-1.5599765868360094,0
243,7,-188.48955265965722,-13.425397676873803,0
243,8,186.40090540504445,-3.366568040304328,1
243,9,187.09835620379576,32.158598351676126,1
243,10,184.0745318294398,6.513550526251308,1
243,11,194.91824225272828,-3.1128893006764597,1
243,12,185.15316689871733,0.9464518246355218,1
243,13,201.57349030129217,4.239877133995941,1
243,14,-19.100823538455803,6.905172785014344,2
243,15,2.0223652969145838,1.7316047920471878,2
243,16,0.7782016136953256,0.7671939742515642,2
243,17,16.863172829565897,-20.397910806266587,2
243,18,-7.796385163449171,-28.674887864170756,2
243,19,-17.11651398174173,-11.958968455822934,2
244,0,-197.7004356608062,-8.251456326364284,0
244,1,-176.78908425871808,-9.547653354633619,0
244,2,-170.88603490571538,3.5376279931114056,0
244,3,-182.3261171292906,8.407043086811546,0
244,4,-179.61865482198132,-5.226499291877882,0
244,5,-185.22611079662417,-2.8012982581015495,0
244,6,-180.17934813080095,-1.3229501848855498,0
244,7,-189.02756581958536,-13.974341522963657,0
244,8,186.92516121469302,-3.350056552866571,1
244,9,187.05637547193194,31.822896268192945,1
244,10,184.04153599589856,7.008190735836508,1
244,11,194.76846410182122,-3.2234224653183476,1
244,12,186.73499195712176,0.8570087014209918,1
244,13,202.2518875591891,4.592227077278337,1
244,14,-18.437953544157565,7.858286184388872,2
244,15,1.8836395800621222,0.6627839605453287,2
244,16,0.7811583845664496,0.7940854948618727,2
244,17,15.405821095695885,-20.17207067195053,2
244,18,-6.7579228990573785,-28.412806796019797,2
244,19,-17.465915526232706,-11.988842121234368,2
245,0,-199.54093594022524,-7.802578135831288,0
245,1,-177.81849777445524,-9.531263753720749,0
245,2,-171.50509102167032,3.6758981603635514,0
245,3,-183.7236345415768,8.312944595902481,0
245,4,-180.9164963311538,-4.583941914175807,0
245,5,-186.10215889147256,-2.5275917215432595,0
245,6,-180.20894492143876,-0.9562131717108948,0
245,7,-189.03776890335,-14.16220165983881,0
245,8,188.08630672518555,-1.6630302796492615,1
245,9,186.78534743289492,31.058977101789026,1
245,10,183.41146067167873,6.712150766306816,1
245,11,195.32061570006957,-2.8462175772659024,1
245,12,185.81015371104576,0.3703363160167762,1
245,13,202.0480026191586,3.4688150002910434,1
245,14,-19.324385151624742,8.176801182155126,2
245,15,2.2357723277004986,0.307167723343419,2
245,16,-0.5990088303351933,0.2779714952310509,2
245,17,16.333594750050956,-19.998727882703573,2
245,18,-5.928228888506889,-28.41652191053821,2
245,19,-17.52353440119075,-12.203848081264923,2
246,0,-200.1193137498888,-8.381069552712205,0
246,1,-179.64537087063522,-9.363731675902896,0
246,2,-172.59486374949745,4.27465554726756,0
246,3,-184.8053010087964,8.742143099858815,0
246,4,-181.43334348717315,-3.8876062867208754,0
246,5,-186.90667889335867,-3.636374122825571,0
246,6,-179.90411326869202,-0.3352155017253574,0
246,7,-190.68306478035723,-15.387065399824778,0
246,8,187.89502729693393,-1.7249387779689074,1
246,9,188.06079322025747,31.397143098188696,1
246,10,185.33905214375616,5.295369514820681,1
246,11,195.78517520682277,-2.485021922714978,1
246,12,186.8854336049412,0.32507421384971047,1
246,13,201.36370830086764,2.9660087415845613,1
246,14,-19.969550580933145,8.519617288797205,2
246,15,2.327177154782921,0.13087957088910762,2
246,16,1.027547948899396,0.5253596621787913,2
246,17,16.552067983221196,-20.642587621567078,2
246,18,-6.572821757970759,-27.69703674647656,2
246,19,-16.453895284155195,-12.425218007392148,2
247,0,-200.31668712966163,-8.980147781530725,0
247,1,-180.15229242555,-9.36259363660415,0
247,2,-173.75091791055848,4.004668982807834,0
247,3,-184.95888963170057,9.951153764222836,0
247,4,-183.13699609253584,-5.33299454381797,0
247,5,-187.94978732312612,-3.676210605920838,0
247,6,-180.7339303532394,0.2548245321114828,0
247,7,-191.1999649610291,-15.687446434481407,0
247,8,189.61544592949173,-1.5633743634350319,1
247,9,188.31754629724034,31.09578709971612,1
247,10,186.56867767892032,5.379177661336265,1
247,11,196.37903104399172,-4.612125879085495,1
247,12,187.43665321426147,0.1009568852276177,1
247,13,201.88467201455805,2.829690046495595,1
247,14,-18.126975125046226,8.569257868254576,2
247,15,1.7141498236842934,0.30449485825820943,2
247,16,1.5307523570585646,1.2021233583364395,2
247,17,16.34089551360538,-20.18213727039353,2
247,18,-8.93655018572257,-28.11797915061117,2
247,19,-18.218751331559393,-12.687061236242679,2
248,0,-201.14924436802173,-7.862046473391191,0
248,1,-179.8040668070325,-7.279516308975539,0
248,2,-173.02061597800395,4.2729910470270855,0
248,3,-185.34960444032808,10.72551361353432,0
248,4,-182.62530866325523,-5.499151031668885,0
248,5,-188.36321192718282,-2.9448294357449716,0
248,6,-181.9530722113811,0.41376124138989634,0
248,7,-193.29042029563166,-14.464462238315669,0
248,8,189.65427077971754,-2.7964286934830884,1
248,9,189.85592462173722,31.006418057105442,1
248,10,187.0459274399497,6.242511669243636,1
248,11,197.410228609403,-4.538355884653851,1
248,12,189.63299132061874,0.16886356749636863,1
248,13,202.49642144045032,1.6979591645477041,1
248,14,-17.285110804646482,8.03806651425566,2
248,15,0.3176262082637711,0.8210546685568266,2
248,16,1.2902212679018346,0.2158611321183469,2
248,17,16.722005506703443,-18.93818088936429,2
248,18,-11.179036998123,-28.73001810909235,2
248,19,-18.272747294069365,-13.453912740755078,2
249,0,-202.69233743198492,-7.4703606102439775,0
249,1,-181.94932551008648,-7.859842109084929,0
249,2,-173.61274129435714,3.9258488727801844,0
249,3,-186.68812881630072,10.2023884525761,0
249,4,-183.40733951547497,-6.282188749436665,0
249,5,-188.67209568308164,-2.994222950891047,0
249,6,-183.97766130210874,0.5222707708860014,0
249,7,-194.06677775957635,-16.849385400656452,0
249,8,190.43013653372577,-1.6490285927300923,1
249,9,190.36733691563674,31.737360767458004,1
249,10,187.73974856921248,4.454449990563294,1
249,11,197.662486909629,-6.121235320051076,1
249,12,190.13338800928742,-0.6157256246738726,1
249,13,201.89459938506616,2.0328488863639342,1
249,14,-17.527973619684833,6.757181629928916,2
249,15,-0.22500710124222745,-0.17596769318814265,2
249,16,0.5880642034406713,1.0527458141519186,2
249,17,17.260282548184467,-18.72627524206975,2
249,18,-10.950022764960437,-29.59713715742159,2
249,19,-18.877944452353198,-14.72957225595765,2
250,0,-203.16546961694667,-7.06362156440309,0
250,1,-183.10065394110293,-8.439682015551108,0
250,2,-172.76979982173245,2.5806181214967827,0
250,3,-187.52531766642446,10.924241511648582,0
250,4,-184.0116091256072,-7.00718237055194,0
250,5,-190.27145993447306,-2.528510094242658,0
250,6,-186.6049194873303,0.3292698221263976,0
250,7,-196.51338718923802,-16.9044432155677,0
250,8,192.29028748737466,-3.251753990431831,1
250,9,190.85471830589753,33.741877466227685,1
250,10,188.65147897086936,5.0281445970300584,1
250,11,199.89111410934206,-6.056447614722041,1
250,12,191.6354958199788,0.11265578121375419,1
250,13,202.50622504870415,2.196875516654072,1
250,14,-17.830965781720376,7.296896093164138,2
250,15,0.05875336074150583,0.8095793642335858,2
250,16,-1.1009465482202523,1.5024262165007114,2
250,17,17.039367857360837,-19.442228377959033,2
250,18,-10.171313140953332,-28.089238560334696,2
250,19,-21.15036089223904,-15.426500655597193,2
251,0,-204.85626171726963,-7.013091309083799,0
251,1,-184.10696444677228,-8.003154224274896,0
251,2,-172.9411724121752,2.7457771170826404,0
251,3,-188.34863680342437,9.533025228431109,0
251,4,-184.26810915116107,-6.0473206844872145,0
251,5,-191.04804244614078,-2.2082537134977653,0
251,6,-187.4919824789169,0.960065725182214,0
251,7,-197.7876811796387,-17.573080190542292,0
251,8,193.27284831686467,-3.303369986227687,1
251,9,191.70284926784905,33.104463941205694,1
251,10,190.47225961534784,4.523807364199701,1
251,11,201.2885140174565,-5.405409878156617,1
251,12,192.35074885708343,-0.27513114245346554,1
251,13,203.44375259689966,2.736146423013436,1
251,14,-18.525160305099327,5.940099413506232,2
251,15,1.1897999866354072,-0.5589785695399996,2
251,16,-1.6682472775718213,2.5282288136240254,2
251,17,17.7797853664405,-19.09568692214483,2
251,18,-10.219223116943901,-28.574501285213856,2
251,19,-21.669051511881523,-16.90328845151474,2
252,0,-205.606243250332,-7.570839956322329,0
252,1,-185.28695810825042,-7.640613325263151,0
252,2,-172.63848284441846,2.287297501308305,0
252,3,-189.29720150023655,8.688461392184761,0
252,4,-185.3879890445897,-7.224804694163395,0
252,5,-192.38532417997806,-1.3403230929640078,0
252,6,-188.2600922483669,2.2308231951338753,0
252,7,-197.5213878548122,-16.992610878204758,0
252,8,192.99386541789258,-1.9855213226549697,1
252,9,193.15793212748602,33.39659549811762,1
252,10,191.19229145066367,4.095020672682214,1
252,11,199.69268666393498,-4.45017175998394,1
252,12,193.62735762824582,-1.0885250295285855,1
252,13,203.1726044323694,3.345309090836064,1
252,14,-17.23889280553212,5.208123272113724,2
252,15,1.2456976065595156,-0.9903020646514712,2
252,16,-1.4809052837253276,2.928976390791949,2
252,17,17.328392911272015,-18.931224750599373,2
252,18,-9.644123608987732,-28.679778867679843,2
252,19,-21.86756950458224,-17.121014993224932,2
253,0,-205.7799363119835,-8.22124890964023,0
253,1,-186.9870268783909,-9.105966454144202,0
253,2,-172.1852103247127,3.3448559839007133,0
253,3,-190.73165558877298,7.678621367599695,0
253,4,-186.30422208365988,-6.633868326129873,0
253,5,-194.1151394266603,-3.3440149267243706,0
253,6,-189.9411855819204,1.9449797904528725,0
253,7,-199.99081966529252,-15.837043611101324,0
253,8,194.81970279147637,-1.981683016050847,1
253,9,194.80288911833742,32.25558623171707,1
253,10,192.6010320220912,4.296460740887804,1
253,11,200.60643597125838,-4.201704578967944,1
253,12,195.42517006947062,-1.4065470457560627,1
253,13,204.96884654238042,4.256262185234458,1
253,14,-17.36685569302337,4.282679114459709,2
253,15,0.3272061924467563,-0.8502384116263493,2
253,16,0.49188101370958504,3.0549096811422776,2
253,17,16.239175350119382,-19.995439249541214,2
253,18,-10.016008295956462,-29.446283698436673,2
253,19,-23.078444315701795,-17.825381422734726,2
254,0,-205.56284988331902,-8.423476569135232,0
254,1,-187.25241050913837,-9.731358044666807,0
254,2,-172.96562453051928,3.1719464739119085,0
254,3,-191.8251121232957,7.275904785469683,0
254,4,-187.10237836100026,-7.986539429944125,0
254,5,-196.03659712176594,-3.415331799725305,0
254,6,-191.02893794230818,1.9101697324526372,0
254,7,-200.01307793179507,-16.397195468792816,0
254,8,195.94085475501777,-1.996133816947732,1
254,9,195.0274496546177,33.31299877030105,1
254,10,192.56871541433364,5.102486608012714,1
254,11,200.23117099177574,-5.502920821402736,1
254,12,195.39248974355306,-0.8232036761169178,1
254,13,206.7274014622907,4.422060977339735,1
254,14,-16.590920529968923,3.7386367827807145,2
254,15,1.0686772483359845,-1.2712243641795895,2
254,16,2.487931193095057,3.650725944041154,2
254,17,16.180132270851836,-19.381088267036663,2
254,18,-9.84764607587888,-27.77222568063067,2
254,19,-22.391767552381296,-17.24054182911182,2
255,0,-204.9563179105897,-10.068601144597995,0
255,1,-188.24736759352098,-7.814355531266591,0
255,2,-174.3412992032655,3.0209894708575717,0
255,3,-191.65778279368286,7.332597929387115,0
255,4,-186.7405852031433,-7.948205576095027,0
255,5,-198.17313264147626,-2.507640101768938,0
255,6,-192.06813564243058,1.7927286084452414,0
255,7,-201.2718515935846,-16.344300959966546,0
255,8,195.73899599376398,-3.608070904345034,1
255,9,195.31852837279496,32.234732048156275,1
255,10,195.1634710018919,5.757873101735464,1
255,11,201.771088934761,-5.211755394387414,1
255,12,197.69181333643027,0.5190374422181879,1
255,13,207.89330528896238,5.444989813031901,1
255,14,-15.48665287837364,4.011105149597123,2
255,15,1.590605290183274,-1.5666625547922965,2
255,16,3.7129919630710635,3.207551160455749,2
255,17,15.779169786791433,-17.751141965007832,2
255,18,-9.641257028240663,-28.21890368241391,2
255,19,-22.501721344601133,-16.457200590023778,2
256,0,-204.6396260882987,-9.448797341251707,0
256,1,-188.5854706002942,-7.986024346803613,0
256,2,-175.35126686906472,4.264605013834331,0
256,3,-193.6896496704188,6.775954695694235,0
256,4,-186.75328397772176,-8.725844216289572,0
256,5,-198.45903005759004,-2.995552021508965,0
256,6,-192.51602646718555,3.124589997018817,0
256,7,-201.43900033098652,-16.399138845622474,0
256,8,195.9919356182481,-2.971580611004061,1
256,9,197.61907716201895,32.181023965556946,1
256,10,195.12121632618545,6.492186297843325,1
256,11,200.66758861699418,-6.0558894942428365,1
256,12,198.65122060283542,0.09481698907278602,1
256,13,209.28072436375498,4.510362370780421,1
256,14,-14.78285121760203,5.416878420017415,2
256,15,1.4993011492154906,-2.257365759387492,2
256,16,4.215681731059536,3.9442748575119433,2
256,17,15.475069383208957,-18.851874270377632,2
256,18,-9.775905815195285,-28.21103757868651,2
256,19,-23.11320315335168,-16.390811541423577,2
257,0,-204.24149789410677,-9.354405041196431,0
257,1,-189.1253129614166,-6.2458087785488,0
257,2,-175.2975474094376,4.876056019671497,0
257,3,-193.58692840103706,6.632370897536432,0
257,4,-187.33297173640867,-7.656741470770458,0
257,5,-200.29034971563289,-5.302282954666184,0
257,6,-192.06276909217993,2.898302532458577,0
257,7,-200.95295743727405,-15.77677918041667,0
257,8,197.0444183130919,-3.015763334305347,1
257,9,196.7356128718432,34.359105605396756,1
257,10,194.9842175546712,5.624884205648305,1
257,11,202.40554671017316,-5.8948279626570965,1
257,12,200.74205016637129,-1.0583052176046754,1
257,13,210.46138439607998,3.816889434401308,1
257,14,-15.25372227473769,5.024757963681466,2
257,15,0.8828828002692957,-3.1314782415707265,2
257,16,2.966641136214655,4.190794712115985,2
257,17,15.853163980846206,-19.678281440692682,2
257,18,-9.760298880856622,-28.398413196030738,2
257,19,-22.008957143245116,-16.123368189590252,2
258,0,-205.48651062479132,-8.2892343307503,0
258,1,-190.05243964438603,-6.676160059797606,0
258,2,-175.9680607507446,3.62516663171803,0
258,3,-193.4914819343661,6.686804769988891,0
258,4,-188.2798246465722,-8.540348685933582,0
258,5,-200.46865650327513,-5.405881196597063,0
258,6,-192.92727630011385,2.6408389662851635,0
258,7,-202.13379665373822,-15.444653897879835,0
258,8,198.57437453315387,-4.1235188511154455,1
258,9,196.9704735817329,34.31681917850866,1
258,10,196.18546163288372,4.827043605387396,1
258,11,203.1849563709293,-6.082639017505567,1
258,12,200.08357991890003,-1.6648197764645194,1
258,13,212.257404888397,3.346210743333043,1
258,14,-14.959331195387604,3.856630416718593,2
258,15,1.3009018575439035,-1.2423451780212684,2
258,16,2.5511786948187027,3.443863295479913,2
258,17,16.500011329334583,-19.129768354870688,2
258,18,-10.390731667880994,-28.35054786408638,2
258,19,-21.257883420450902,-15.671335287889265,2
259,0,-206.16737931394118,-8.627320715442641,0
259,1,-188.47393230626835,-5.43028979765007,0
259,2,-178.4828308434613,2.926531990863143,0
259,3,-194.15906004257832,6.221880518469577,0
259,4,-188.18078683324643,-8.628480596928801,0
259,5,-200.83935130101875,-5.416988243840726,0
259,6,-194.18327350179078,3.3116665153171434,0
259,7,-203.2216301283269,-15.885166841635806,0
259,8,198.58020499772073,-4.335130574431363,1
259,9,198.07105201174153,33.970945769881695,1
259,10,197.4417160750887,4.095835435377649,1
259,11,204.75759645584338,-6.0811945810080825,1
259,12,201.57025508865544,-1.7654361409225436,1
259,13,213.6803772096128,3.306726946495372,1
259,14,-15.446528191822011,4.050890986515255,2
259,15,1.5077969962458704,-0.3899443379469829,2
259,16,2.9165458830856186,4.000594547047158,2
259,17,16.802162364080953,-19.47375011221933,2
259,18,-10.725902384834049,-26.669675293393038,2
259,19,-21.657086658061907,-15.542190562488493,2
260,0,-206.0271082677259,-9.01531069573643,0
260,1,-189.09755970684856,-5.9362481055489145,0
260,2,-179.80415644637995,3.4281755992392426,0
260,3,-195.85443798207737,6.1508588259959165,0
260,4,-188.73581668032872,-8.754482167334274,0
260,5,-201.76410621314324,-6.617207537964223,0
260,6,-195.14807852066008,3.957360879913403,0
260,7,-203.627411723485,-15.722593106501545,0
260,8,199.48371628540707,-3.1131989002219793,1
260,9,198.4303500206057,34.12044694599334,1
260,10,198.30230288120427,4.388677679739079,1
260,11,205.46287798883063,-5.941666788680046,1
260,12,201.43300432598383,-2.617876856554451,1
260,13,216.8973678865767,4.172625168900469,1
260,14,-13.71138483298781,4.938435202525612,2
260,15,-0.18517439055246387,-1.7909125020044123,2
260,16,3.7066971108920366,3.1073852033338127,2
260,17,16.79097709237143,-18.651623074925094,2
260,18,-10.258770744207593,-27.308963422393557,2
260,19,-21.46654133182819,-14.972473864701657,2
261,0,-204.76182386871668,-8.05206647532399,0
261,1,-189.57297542047615,-5.860579743625382,0
261,2,-181.12388980646455,5.00855617703626,0
261,3,-197.50540890508108,5.362197101625842,0
261,4,-189.7729263217908,-8.247897882840563,0
261,5,-201.8081553730583,-6.033497641907619,0
261,6,-194.621991767809,2.855242028781534,0
261,7,-204.78633201460224,-14.883228316249529,0
261,8,199.8068253855049,-3.5695654600899047,1
261,9,199.6292065042098,34.62235117527301,1
261,10,198.9922347602338,4.994336599179912,1
261,11,206.1264158158115,-5.062600467355221,1
261,12,202.17954605783882,-2.4980355940272836,1
261,13,217.6108330122475,3.9082131578909296,1
261,14,-12.45379482589399,3.5243167229530155,2
261,15,0.3851842787418345,-0.7756322751986116,2
261,16,4.129578357826142,3.2988377179198314,2
261,17,16.1751355350048,-19.123123905243208,2
261,18,-10.747089878018771,-26.10763532514486,2
261,19,-21.47952291793771,-15.528117983127382,2
262,0,-206.32403762331342,-8.261470281881929,0
262,1,-189.4061603904095,-5.931850734340507,0
262,2,-181.93663395959678,6.0316354594159165,0
262,3,-198.524584927064,4.747088631603042,0
262,4,-190.11490064199197,-8.936779024001552,0
262,5,-204.7106451792358,-6.374092632790821,0
262,6,-195.83992471751242,2.4409856271682884,0
262,7,-205.38573428005083,-14.135395647660232,0
262,8,201.10001364545911,-2.9681590938239775,1
262,9,199.18317982037283,35.772049267196756,1
262,10,200.16590480374663,4.355801084945794,1
262,11,207.26909118407374,-5.127017779326992,1
262,12,202.06711556834267,-2.4330783370919624,1
262,13,217.58138094332648,3.9547952523381595,1
262,14,-13.101573852042783,3.757722257797945,2
262,15,1.0868209928036887,0.34540946704342956,2
262,16,4.211669291885097,2.4884169120158908,2
262,17,16.630342672330805,-18.316741648135597,2
262,18,-10.526998147527301,-26.07704605184016,2
262,19,-22.18663169141097,-16.27101103335486,2
263,0,-205.9467474322631,-8.467964578869301,0
263,1,-191.85850858568,-5.113819345516432,0
263,2,-183.14008945553238,4.796220763117214,0
263,3,-198.96033331432247,3.5406731891673404,0
263,4,-191.83766595899982,-9.569851895121728,0
263,5,-205.259484462019,-6.243874815949922,0
263,6,-196.55241883195717,1.5782841788094943,0
263,7,-206.22181934701268,-13.921935752984272,0
263,8,201.47498960895615,-2.0826509090418943,1
263,9,198.62534394507696,36.347927599744956,1
263,10,200.02827751101728,4.359065573988122,1
263,11,208.15781931734304,-3.745634290334417,1
263,12,202.14052509788164,-3.237799872828819,1
263,13,218.70608963820132,4.424353690082759,1
263,14,-13.041375678607578,3.860797405293148,2
263,15,2.197435531998604,1.6115152820004144,2
263,16,5.452038795148024,3.116661792384294,2
263,17,16.821690051823982,-17.909329347444316,2
263,18,-10.112884698145285,-25.043579902839127,2
263,19,-21.606716658334133,-14.950888973108272,2
264,0,-205.85950325473257,-8.094926722039727,0
264,1,-192.21953336292805,-4.209378594155181,0
264,2,-184.1001785862833,5.270992495905579,0
264,3,-200.01365030336655,3.2008077926749565,0
264,4,-193.4998916182879,-8.75899608151673,0
264,5,-205.30867262075623,-5.725714875409966,0
264,6,-197.44469910737692,1.0657986849168202,0
264,7,-208.4722930184727,-12.727932551939984,0
264,8,202.33237449946944,-1.6344666436719544,1
264,9,200.17838111236162,35.87184312220509,1
264,10,199.99871556671735,4.48855055730325,1
264,11,210.37610191704368,-4.29267469245739,1
264,12,204.76353558121957,-2.3853947897773407,1
264,13,220.987365347373,6.125305682254518,1
264,14,-12.478064058870059,3.3274261369283673,2
264,15,1.3715712416205335,1.619612588822887,2
264,16,6.504550518010558,2.6607842844619047,2
264,17,16.863179857168216,-17.10002128082307,2
264,18,-9.642850945764112,-25.607020088736128,2
264,19,-21.858676159495257,-13.937467418144012,2
265,0,-206.62165640584385,-8.005136996400736,0
265,1,-193.80823782654448,-3.0912266899414966,0
265,2,-184.4085968154411,5.715052815444941,0
265,3,-200.0173831630115,4.571565513094354,0
265,4,-194.61034484098437,-8.329028872265907,0
265,5,-206.29341475617846,-6.489374986472542,0
265,6,-198.65692204434478,1.4852818710118962,0
265,7,-209.45230280638486,-13.799520169545426,0
265,8,203.12922774043255,-0.1992065617626435,1
265,9,200.9582029621756,35.37042243930693,1
265,10,202.26704977832114,5.135820320425715,1
265,11,209.78217687860604,-3.137512047026203,1
265,12,205.0991838612784,-1.9525911443687278,1
265,13,222.38297508001642,6.690788486555231,1
265,14,-13.26277145183188,3.340550453688696,2
265,15,1.5236731047707959,-0.28946882332496404,2
265,16,7.081629946473906,2.8103986853775385,2
265,17,18.006152523170247,-16.94362769541548,2
265,18,-9.63940501136238,-26.516278168462193,2
265,19,-21.12201101353282,-13.493956968924406,2
266,0,-207.1302178727597,-8.367859065904867,0
266,1,-195.2836732719874,-2.622338410728291,0
266,2,-185.03658028655175,6.478129668474137,0
266,3,-201.42446393733445,4.95942877372261,0
266,4,-195.48264195161957,-6.551207718010079,0
266,5,-208.75771686960553,-6.188561576575934,0
266,6,-200.0430190090915,0.1004924197947401,0
266,7,-210.8330074254952,-13.816076770837624,0
266,8,202.8849632311963,0.020289905348073622,1
266,9,203.45012467157193,35.89015605997883,1
266,10,203.44137167152374,5.699771588774382,1
266,11,211.07639244622945,-3.268651810523439,1
266,12,206.21566236136846,-2.8694178578113183,1
266,13,223.1258357338648,5.791465205949773,1
266,14,-12.753423459661452,4.09795114553598,2
266,15,1.9586817241961658,-0.7862288878409232,2
266,16,7.185104850797844,3.1224037898095856,2
266,17,18.32766926058249,-17.348560817336725,2
266,18,-8.576436610639293,-26.237337002397464,2
266,19,-20.861666955009003,-13.910010202558311,2
267,0,-208.8814216222085,-8.349485983957463,0
267,1,-195.18307228886133,-3.418372086326263,0
267,2,-185.74831223769067,6.371728050438016,0
267,3,-202.182562350681,5.003801847741742,0
267,4,-195.98531532501957,-8.018889620838477,0
267,5,-208.4559200707542,-5.448239699469952,0
267,6,-201.4731818445475,0.9124801731543363,0
267,7,-210.88592591974475,-14.53489733302855,0
267,8,204.1913395041282,0.6795818592692374,1
267,9,204.85683693064507,37.10658127872641,1
267,10,204.4661807407145,6.115017730489868,1
267,11,209.96191423274914,-2.908995348312631,1
267,12,206.79621437878006,-3.7746717651176493,1
267,13,225.1717871492512,5.300030085490295,1
267,14,-13.211007586755489,4.854220175819217,2
267,15,2.9386981933710628,-2.5057747007662274,2
267,16,7.704936420552938,4.516207632571552,2
267,17,18.265702919863784,-18.76520863593737,2
267,18,-8.698030632467823,-25.56067937541525,2
267,19,-20.999864965607877,-14.061427948347658,2
268,0,-208.60973699279964,-7.940891914274935,0
268,1,-196.94594421867924,-2.4331114009142865,0
268,2,-186.81528147337454,6.908261282716026,0
268,3,-202.80427343646218,4.7065322031397825,0
268,4,-194.67443018809735,-8.120609174446752,0
268,5,-208.89806591387,-4.17614785167096,0
268,6,-202.18087768195682,1.187565668998411,0
268,7,-212.79087734243825,-15.065826653779899,0
268,8,205.80002550210102,1.1190182303775478,1
268,9,206.7239726187795,36.78604261105178,1
268,10,205.98124938794354,5.494399865170012,1
268,11,209.6931938322553,-2.8969377538462915,1
268,12,208.0328699745703,-1.2970477248202283,1
268,13,226.91632536382303,3.7747105894874506,1
268,14,-13.378560075637974,5.094505570841351,2
268,15,2.2293324163212764,-2.995582807682781,2
268,16,8.012495814168574,4.587927456897847,2
268,17,18.13174851372464,-18.269086995931293,2
268,18,-8.804813841567926,-25.65748161417599,2
268,19,-19.719731298836063,-14.098071093773354,2
269,0,-208.88789981628193,-9.314459340854087,0
269,1,-198.38350205376526,-2.628584582757018,0
269,2,-187.28247790678364,6.145766297183378,0
269,3,-203.5998090565347,4.226125861973062,0
269,4,-195.23525179245843,-8.994421183638897,0
269,5,-209.47153062850674,-5.114485236706817,0
269,6,-203.84309148981345,2.240583938825641,0
269,7,-213.0452256624836,-15.433752751175724,0
269,8,206.35047147864535,0.7225312891489866,1
269,9,208.7279420670779,36.956539385271384,1
269,10,205.41535886265387,6.589534641959166,1
269,11,211.0285207622678,-2.090909128672397,1
269,12,208.07759069068626,-2.426451642509339,1
269,13,227.8013701151062,3.189662406266753,1
269,14,-13.323015462418555,4.484569167741907,2
269,15,1.5986356538801303,-2.807541160981862,2
269,16,7.256101942683497,5.293517739944325,2
269,17,17.819633938620335,-17.909504639064043,2
269,18,-10.552167853999213,-25.159820022519455,2
269,19,-19.360408034545753,-14.068019342835719,2
270,0,-210.72413993115921,-7.79230559921022,0
270,1,-198.52441468528943,-3.042662686550352,0
270,2,-188.65901538045748,5.3511932080266496,0
270,3,-203.74766111318908,3.3396766584482593,0
270,4,-195.25937747998162,-9.568341413992014,0
270,5,-210.3323451695464,-5.284157817169958,0
270,6,-204.75500774613857,2.6692342412929673,0
270,7,-213.63822327996354,-14.917927548463124,0
270,8,208.60392476185834,-0.5760417558992712,1
270,9,209.40351081409165,37.50133320304793,1
270,10,205.14058961492236,6.5690206506924795,1
270,11,210.73358338092729,-2.6890607427738655,1
270,12,209.1377651433017,-1.9488807538418689,1
270,13,228.3679556067748,3.786960396106972,1
270,14,-14.814771368287838,5.025068015634278,2
270,15,2.176495253513758,-3.5215522557932957,2
270,16,6.07694618891565,4.824886867279241,2
270,17,18.514348909013364,-18.270796684169657,2
270,18,-10.797483804560168,-24.52389543913409,2
270,19,-19.83811013301157,-13.476675230141687,2
271,0,-212.87347734868257,-9.21764587119523,0
271,1,-199.70156359868594,-3.663061042509654,0
271,2,-189.8738136282728,5.485812387798217,0
271,3,-203.9770754366728,3.080078324887013,0
271,4,-196.60713893032246,-10.049934497401722,0
271,5,-210.8099152234636,-6.168463124805696,0
271,6,-206.4261711837486,3.3881271619001896,0
271,7,-214.1421979463483,-14.232756038840755,0
271,8,209.67122592856668,-0.8358533189877905,1
271,9,209.47237925715606,39.4329130567741,1
271,10,205.8852548177285,6.123056216849855,1
271,11,213.39925189773268,-0.9278333231855604,1
271,12,208.93146603873507,-2.6104614854002506,1
271,13,228.2300989459506,4.120498847774062,1
271,14,-14.037583695605242,3.5015030358985184,2
271,15,2.081093514533026,-4.001399681512686,2
271,16,7.228628253415166,5.547211243762769,2
271,17,19.75169196587864,-18.53658415953346,2
271,18,-10.928116931104185,-24.641705953350005,2
271,19,-19.398019087480534,-13.755894029583873,2
272,0,-213.35349783414947,-9.770683755279427,0
272,1,-200.89076718237573,-2.138508507777553,0
272,2,-190.65231068736347,4.884832139719164,0
272,3,-204.82414616022854,1.2656469363862912,0
272,4,-198.0485549130887,-9.078714625804459,0
272,5,-211.6027777356399,-6.354946616004855,0
272,6,-207.72734228480584,3.842305096139045,0
272,7,-215.01114102859867,-15.539466245258632,0
272,8,211.0626200655835,-2.8095711520665416,1
272,9,209.86028728055106,39.280856618971484,1
272,10,205.55620204109186,6.182222860852801,1
272,11,215.00749668963186,-1.278551076279253,1
272,12,209.69464392564706,-3.191135924708271,1
272,13,228.23633342965798,4.22146317781815,1
272,14,-13.699345862936774,3.7587470638144502,2
272,15,1.334203204479768,-3.207636701628043,2
272,16,6.394611303690351,6.120037266994968,2
272,17,19.379858647984953,-19.871415067910284,2
272,18,-10.794585553998166,-24.894232563263486,2
272,19,-18.97093507122574,-16.113623449443146,2
273,0,-216.0462426915878,-9.237487148135118,0
273,1,-201.86223743280814,-3.1117386037216765,0
273,2,-192.22024243219968,4.56549866377681,0
273,3,-204.98693659434232,0.5391815875205663,0
273,4,-197.52255368183967,-9.457566121466597,0
273,5,-212.84373567446318,-4.633061340111809,0
273,6,-208.13538785813827,3.8119236544024893,0
273,7,-216.624044628097,-14.913454091449468,0
273,8,211.98223828947522,-2.7570594575086664,1
273,9,211.0503490091212,38.42842185730038,1
273,10,206.96314696770918,5.604550339412454,1
273,11,214.52280612664936,-1.05724920173639,1
273,12,209.68856503109524,-3.614343654323043,1
273,13,228.26998933168147,3.6062267159123627,1
273,14,-12.338805403481295,3.5300003833862146,2
273,15,2.3896669631401855,-3.4414907015309075,2
273,16,5.425799968906691,7.35017755574975,2
273,17,18.50349870007508,-19.734159245951126,2
273,18,-10.113137056280033,-26.535314365670775,2
273,19,-19.466526447506848,-16.29931470362192,2
274,0,-217.88456520541493,-9.368681367440209,0
274,1,-202.872393453421,-4.557770881708426,0
274,2,-192.3563350172374,4.078558082158939,0
274,3,-205.57899090607023,1.300766784008386,0
274,4,-199.2182913965671,-8.832543268015549,0
274,5,-213.81583916446993,-3.8807925878943244,0
274,6,-209.14119509186196,3.276018345001855,0
274,7,-217.12763254837645,-14.673622739583779,0
274,8,212.67129005905218,-3.878972445178052,1
274,9,212.01483156959782,37.42586648969228,1
274,10,206.74147569207923,4.512580428948764,1
274,11,213.44482854361397,-0.6381933424656829,1
274,12,210.07980326023795,-4.385186815187163,1
274,13,228.28697601606592,3.0556780154521697,1
274,14,-12.866476586803582,3.264398991906752,2
274,15,3.0369643239618487,-3.2058202682851142,2
274,16,4.824261335728887,7.212716878705927,2
274,17,18.897984355239956,-21.018164563065696,2
274,18,-10.388076129197993,-26.16720742120941,2
274,19,-20.653674399984986,-15.810987428847467,2
275,0,-219.9363008377007,-9.27608377780518,0
275,1,-204.39316034698277,-3.9575359523900295,0
275,2,-193.48835894402217,4.259083846281222,0
275,3,-206.20133701227687,0.0009118764414544067,0
275,4,-199.65511985721193,-7.677685513403422,0
275,5,-214.1352925593671,-3.8778149130125836,0
275,6,-211.1817109256032,3.5086419151160335,0
275,7,-217.5449293097495,-15.214894558298642,0
275,8,212.83096153231182,-2.811316484936159,1
275,9,211.92409523524947,38.71442002872201,1
275,10,207.47978446144174,4.245308815904726,1
275,11,213.8509098679986,-0.017658224121606003,1
275,12,210.38075342602565,-4.155985202301883,1
275,13,228.7364153935971,1.4275309400340865,1
275,14,-12.424451321875576,2.501031846480448,2
275,15,3.406351593831671,-3.3318212477427047,2
275,16,4.6275197879413525,7.739369844383491,2
275,17,20.684048445371314,-21.50684346855119,2
275,18,-10.392806425043574,-26.415949129466263,2
275,19,-20.463642082633175,-15.234255884525297,2
276,0,-220.36847450364237,-9.268265752022355,0
276,1,-205.66072972278158,-4.190435822676015,0
276,2,-193.83000571062937,5.079023734176347,0
276,3,-206.0563514951677,0.7286240127552271,0
276,4,-200.8935169143468,-6.182836213196953,0
276,5,-214.42263544653972,-3.984994081576511,0
276,6,-211.9934806005316,3.106954389650674,0
276,7,-219.35413106898102,-15.715484923561533,0
276,8,213.18288419972416,-3.1001840339117486,1
276,9,214.14364979616855,37.790044708632415,1
276,10,208.47760073666194,5.72914510853148,1
276,11,214.96012074629948,-0.6586064759194831,1
276,12,211.1838252868841,-3.1385301750580634,1
276,13,229.92787215660977,0.9618638415341128,1
276,14,-10.05245942972649,3.2851199037361063,2
276,15,4.011981877962937,-2.000101588943052,2
276,16,4.973293653388085,9.198024866015533,2
276,17,20.741001257049078,-22.094712854818845,2
276,18,-8.63148574325248,-27.075124190599695,2
276,19,-19.827236980182878,-16.07563732534998,2
277,0,-222.71332971798574,-7.997906109523583,0
277,1,-206.47372393165676,-5.9104855803350365,0
277,2,-194.63374515094108,5.647950193429898,0
277,3,-207.26876914818487,2.242931565527518,0
277,4,-200.78179460664026,-6.114616819906255,0
277,5,-215.18488933716816,-3.4171884106980692,0
277,6,-212.6360803562055,3.8120216970062626,0
277,7,-219.31441458055593,-15.853645354718951,0
277,8,213.31272998015132,-1.9857517624339487,1
277,9,214.66693095292328,36.919060052208756,1
277,10,210.27271560164232,5.7740253236390835,1
277,11,216.38513707827016,1.6050782966259374,1
277,12,211.4221505444817,-2.9297716363988986,1
277,13,231.37327332759827,0.704778861750077,1
277,14,-10.91486467371576,2.2249059331301826,2
277,15,2.6210914813014825,-3.2626578015090146,2
277,16,5.321933303996383,8.717108207820319,2
277,17,19.402921920387048,-21.251980570611693,2
277,18,-10.120095051556437,-28.75802953128817,2
277,19,-19.569751838228,-15.671755416892124,2
278,0,-222.28319784177728,-9.308998650486341,0
278,1,-207.19100645067934,-5.970080454088327,0
278,2,-195.44331663366503,4.0243896500637675,0
278,3,-207.12777797121745,2.6239065628567078,0
278,4,-202.38687327608457,-6.386294591274302,0
278,5,-217.06814057801947,-4.745676798565613,0
278,6,-214.86142009382885,4.7635979985207255,0
278,7,-219.9117602419611,-15.798801298779852,0
278,8,213.5854710186409,-1.9794234403655022,1
278,9,214.599913878891,36.89558726056554,1
278,10,210.72509383393555,6.838159091551187,1
278,11,216.83560079142353,0.8106915310440268,1
278,12,211.1549402540456,-3.0828428945811392,1
278,13,231.70017466181807,0.8892872115051746,1
278,14,-12.74372185412754,2.6968309385346623,2
278,15,3.256503844179333,-4.795369333904102,2
278,16,5.826192810411445,6.313095787043428,2
278,17,20.063246521569262,-22.33269170538269,2
278,18,-10.61649225537186,-29.22601906291971,2
278,19,-19.72360784151455,-16.37198263331728,2
279,0,-223.75313311814256,-10.28318376087706,0
279,1,-209.39743203007038,-5.705724522288399,0
279,2,-196.0127630109051,4.9450862064674554,0
279,3,-208.71086626663333,2.4955007356112264,0
279,4,-202.27422462071914,-5.683380490745606,0
279,5,-216.68077830234577,-3.439861894857662,0
279,6,-215.81259869040494,5.488149530345663,0
279,7,-221.56460484648414,-15.479798110040761,0
279,8,214.17151605708628,-1.920760477264537,1
279,9,215.57354500655862,38.2369232276524,1
279,10,212.7543182805135,5.931394300194938,1
279,11,216.10641197711942,0.8102608229452903,1
279,12,212.41018267054386,-2.419730999692237,1
279,13,233.16387924815584,0.868755623494183,1
279,14,-12.702055880163263,2.506838724061022,2
279,15,2.169867537044572,-4.539071024614731,2
279,16,7.15449810517648,7.624456548395631,2
279,17,20.607173286720116,-23.278945828700234,2
279,18,-11.14372639803857,-28.157321773009667,2
279,19,-20.433207707667083,-15.966715957158163,2
280,0,-223.0901099550967,-10.117275536756516,0
280,1,-209.72648156873856,-5.26281965876788,0
280,2,-196.15805897919148,4.830819518233953,0
280,3,-211.11674735720123,2.5150539313212756,0
280,4,-202.88592521354335,-5.1960020475721445,0
280,5,-217.6721647198768,-3.6571652204463394,0
280,6,-218.52451228496207,5.182270895058046,0
280,7,-223.11609534241964,-16.359449983883614,0
280,8,214.52323740002353,-1.0748223926544176,1
280,9,217.25060522027113,40.38724176356534,1
280,10,212.3082240232198,6.273885892599783,1
280,11,215.85457645820216,1.0719496232961325,1
280,12,213.02050026375042,-1.6367047621708957,1
280,13,234.60281111183463,0.6553093430274083,1
280,14,-12.571100060726794,2.6804062766903165,2
280,15,1.1053270637407708,-3.8197765615531476,2
280,16,6.7897660575221055,7.087058239028023,2
280,17,21.218299043024516,-24.025310148569833,2
280,18,-9.653518724116042,-29.28840565351125,2
280,19,-20.94528358271204,-15.366687871934769,2
281,0,-224.04335298351106,-11.458348048710917,0
281,1,-210.1852684316956,-4.844799346548616,0
281,2,-197.2691326586493,3.260775752400111,0
281,3,-211.43237178794013,1.441238522110369,0
281,4,-203.21032569644552,-5.5810799616872995,0
281,5,-218.34677708262421,-4.178094270616366,0
281,6,-219.7968865381143,5.656851294416159,0
281,7,-222.80666807997696,-18.239147698031417,0
281,8,215.25112148089346,-1.9097202352417044,1
281,9,217.71212087252064,40.634016644575546,1
281,10,212.806976287278,6.175133875300235,1
281,11,216.86626074876298,1.3840004837640811,1
281,12,213.51472597790908,-0.3117468834086994,1
281,13,236.6546222841239,1.4903436267128973,1
281,14,-12.239509975592489,2.9212176176138747,2
281,15,0.6960722446370758,-4.279686005028148,2
281,16,7.547686145211063,8.069581438755124,2
281,17,22.271389826957346,-22.68551391986026,2
281,18,-10.573877536738193,-29.313747464003832,2
281,19,-20.149540708749207,-16.439406058135603,2
282,0,-225.3699217116048,-10.9044098809004,0
282,1,-212.69285486022127,-5.483725709511299,0
282,2,-198.08402556333365,1.9218078040942508,0
282,3,-212.46606553293236,0.9956593923469801,0
282,4,-203.41485271587334,-4.829551335462754,0
282,5,-219.30150067695973,-4.758804598755283,0
282,6,-220.52512175604582,5.476150073430802,0
282,7,-223.94754095878366,-18.97454665567604,0
282,8,216.80894940149344,-1.9014427355598957,1
282,9,218.97516766223012,41.07016944700832,1
282,10,212.37083243776408,6.821024660865319,1
282,11,217.40204065018284,1.976730756529856,1
282,12,213.4532511981503,1.8643419818701754,1
282,13,237.669424013879,-0.13628763794664556,1
282,14,-11.464693105478304,2.6220813481300764,2
282,15,0.6613773154838285,-3.61383788469865,2
282,16,7.735506022154961,7.5173314746832345,2
282,17,20.31899593200119,-22.93956702728957,2
282,18,-11.759196990593493,-29.122128004769447,2
282,19,-20.468644871358006,-15.50087774073868,2
283,0,-225.9870916717065,-9.47080189599788,0
283,1,-212.97246262018885,-3.7266805273946533,0
283,2,-199.30450381501893,1.6026692101121145,0
283,3,-214.13335286850887,1.412854867263989,0
283,4,-204.94309050505785,-5.659433318568128,0
283,5,-219.3434229674883,-5.211968471094268,0
283,6,-220.9590025354235,5.9043362488568105,0
283,7,-225.5424982791493,-20.12102176003544,0
283,8,217.39035187206966,-0.19493528201058252,1
283,9,219.8155268442001,41.11419467908628,1
283,10,213.35482562038862,7.026881216661913,1
283,11,218.33852066692756,1.4655024300372363,1
283,12,212.6257068120218,2.0425839367227256,1
283,13,237.6278132540839,1.512190711324481,1
283,14,-11.519304551508213,2.795704276759031,2
283,15,0.05151243100595859,-3.051878069524062,2
283,16,7.917067667374124,8.203967502422875,2
283,17,20.865732684806318,-25.35330281482214,2
283,18,-10.881348376319734,-29.586735864568777,2
283,19,-22.1628433822775,-15.054632145601701,2
284,0,-226.1538974335191,-9.27231835115162,0
284,1,-213.70863794522216,-2.4602942422421274,0
284,2,-200.33229707786558,2.028873008517008,0
284,3,-215.6263922693023,1.4058664435691666,0
284,4,-206.81530130270065,-7.374798262025367,0
284,5,-220.7336923988289,-4.341704922532827,0
284,6,-222.92235046965558,6.07653189641346,0
284,7,-226.20815273799383,-20.776004143009303,0
284,8,218.09673155034537,0.2593761225225394,1
284,9,221.8273083973209,41.357651137116854,1
284,10,213.23583772925625,5.932476453816912,1
284,11,220.26732424096312,2.5472442636589028,1
284,12,212.47282597891513,1.3431174053215047,1
284,13,237.56276943560573,2.752785156520027,1
284,14,-11.185806760834657,2.058251659772958,2
284,15,0.600619888609042,-3.9084323274347765,2
284,16,7.009292937676885,8.765505963129051,2
284,17,21.87301632910955,-25.831133438575105,2
284,18,-9.73204239292993,-30.00729581217648,2
284,19,-22.258511771566315,-14.093673258432716,2
285,0,-227.3995278258254,-10.361659870914643,0
285,1,-212.35386608066463,-2.7275376555169824,0
285,2,-201.9913558567148,1.4067147249668386,0
285,3,-216.80436358011008,0.985437041024884,0
285,4,-206.26597004778358,-7.011089823940808,0
285,5,-221.67907566947991,-4.8151607836545836,0
285,6,-223.93097274304705,7.158183822540039,0
285,7,-226.53343552486444,-21.662302547196088,0
285,8,218.8706302999333,1.203726728364345,1
285,9,221.58509996155595,41.66921466693118,1
285,10,214.09538675119475,6.0252317671788855,1
285,11,221.15465987074842,3.2081658519157523,1
285,12,212.4465330344546,0.5219652042540781,1
285,13,238.59544685561184,3.5072675708963796,1
285,14,-10.315282231923742,1.893165124863873,2
285,15,-0.09047812043624115,-3.5517292755693117,2
285,16,6.046003229035643,7.385622995405983,2
285,17,21.272696987238522,-26.406494799744703,2
285,18,-9.595908718470401,-29.215878020519533,2
285,19,-22.142159040316,-14.41273885001755,2
286,0,-227.11139929925636,-10.267887644720037,0
286,1,-214.12833329419448,-2.1193435633603923,0
286,2,-203.28783764261215,0.10471952274324359,0
286,3,-218.24892344611095,1.3282122800165335,0
286,4,-206.63704624628306,-6.181025948153355,0
286,5,-223.74676258336396,-3.790158233208934,0
286,6,-225.0124118540629,7.689092319079226,0
286,7,-225.76753547126407,-22.256718180272596,0
286,8,219.98364315441998,1.0609384085597153,1
286,9,221.9824719074563,41.6875892182057,1
286,10,215.27001231522053,6.081052726542512,1
286,11,221.53205766333963,3.7170212083124654,1
286,12,213.08537269268444,0.14506517120835072,1
286,13,239.62022925599825,4.161124826360553,1
286,14,-10.04976675129938,2.552757131412895,2
286,15,-0.5527579841831947,-4.3010510212160655,2
286,16,5.4680561626353095,8.272160422913592,2
286,17,21.410629775669644,-26.586318840812172,2
286,18,-8.893315875190952,-29.71582911290683,2
286,19,-21.779882938835176,-15.487674153980288,2
287,0,-228.9038740675935,-10.886987251359873,0
287,1,-214.4196121777654,-1.9130729180003372,0
287,2,-204.4648985643804,0.2164308851732915,0
287,3,-218.83062325998503,1.3795732591114453,0
287,4,-206.4995834315891,-5.138472394757638,0
287,5,-224.0420178759958,-3.2132064893731913,0
287,6,-226.89388540941508,6.22510565862733,0
287,7,-226.1136743865174,-21.737408896551845,0
287,8,222.1972860401392,1.64758955387248,1
287,9,223.02130051397964,42.79845119274686,1
287,10,215.20886841579463,5.363522886052214,1
287,11,223.4997304750406,2.5741525547767354,1
287,12,213.53062459027797,-0.45792174809419517,1
287,13,240.5210519317797,3.5199124062314975,1
287,14,-9.28044977766017,2.258796724884574,2
287,15,0.6154943820049463,-5.554346128401559,2
287,16,3.8767570250020906,8.272503247865593,2
287,17,20.729333333880124,-27.540905331518445,2
287,18,-8.228798862854859,-30.519326475256,2
287,19,-21.43255776655809,-15.743765913005468,2
288,0,-230.99721342543415,-10.10166745917287,0
288,1,-215.45461028740536,-2.0743827217463515,0
288,2,-204.68408310713272,0.15859751928222798,0
288,3,-218.7052438637429,2.18065170879889,0
288,4,-207.60825926500806,-6.210254028591375,0
288,5,-225.23060435026395,-3.2753956359269263,0
288,6,-225.96878996490318,4.911080357961801,0
288,7,-227.66631337974357,-20.550763006365003,0
288,8,222.04874697617782,1.6822872352760265,1
288,9,223.92741113077682,41.93449630114813,1
288,10,214.75803780015116,4.967044764755428,1
288,11,224.49668777979613,2.1151000186735622,1
288,12,213.30101813114854,-1.2639423293831253,1
288,13,241.3091713643497,3.1581509585846654,1
288,14,-7.688536784596235,2.7832312812163806,2
288,15,0.736987277505796,-5.326660553796472,2
288,16,2.482075964908233,9.263467817916531,2
288,17,20.91157922185166,-26.769523546514268,2
288,18,-7.948342713515351,-30.07909388662521,2
288,19,-20.587869129234722,-17.231454890078414,2
289,0,-232.03135633497828,-9.676765769380657,0
289,1,-216.97560149780494,-1.48554935038,0
289,2,-205.29605451036088,-0.44344284732579653,0
289,3,-219.03681044161166,3.2814296405995913,0
289,4,-208.70141748677676,-6.00150784312055,0
289,5,-225.04514772865537,-3.133342974996799,0
289,6,-226.26909553691547,4.219094341105141,0
289,7,-229.34809718975217,-20.16530584064092,0
289,8,222.42299566017584,0.8452786912216441,1
289,9,226.0817090186153,42.45419790603718,1
289,10,214.9868763842906,4.638142610411487,1
289,11,225.71252956982954,1.4494559636804913,1
289,12,215.61991246644132,-0.031661038604048564,1
289,13,242.70359344915258,3.1761803192445597,1
289,14,-8.684729091866835,3.263406834801174,2
289,15,0.9426053449906671,-5.049458329488282,2
289,16,2.74038598029954,8.723966903415592,2
289,17,21.16428547818397,-26.724899172316853,2
289,18,-7.466623765707329,-30.373359796582243,2
289,19,-19.68062144196099,-18.23302636840543,2
290,0,-232.56200543600795,-9.83145760660454,0
290,1,-218.0262764530527,-0.6243977732705078,0
290,2,-206.6268160785396,0.17581195246099068,0
290,3,-219.4702544323469,3.540636581962639,0
290,4,-209.01335047221806,-7.008449480906801,0
290,5,-224.79696591597798,-3.5249208032577934,0
290,6,-225.73453547269114,3.8485069757253023,0
290,7,-229.8778584713309,-20.371699945843968,0
290,8,223.39546032709993,3.2894367936765416,1
290,9,226.31241499076938,41.12141591942563,1
290,10,215.50802821833386,2.989637527048946,1
290,11,225.73740555046768,1.815459158990587,1
290,12,216.56588240039437,0.27561110684939716,1
290,13,244.85751310224614,2.5742710997127354,1
290,14,-8.366151743724538,3.411370270059098,2
290,15,2.3721504851327833,-4.4750246788894845,2
290,16,1.1852421575234608,9.156765284827388,2
290,17,20.329796429095122,-28.428623520590353,2
290,18,-7.820130174619682,-29.755189897369945,2
290,19,-20.465286567998444,-17.3461784861363,2
291,0,-232.78625051594332,-8.45310410919337,0
291,1,-220.17609848316323,-0.4287201531220293,0
291,2,-208.10374617144979,0.1750387216775837,0
291,3,-220.20402044802682,2.167422704097099,0
291,4,-209.37734788480446,-6.619491795364142,0
291,5,-225.50259323368385,-4.2342571136712905,0
291,6,-227.13511911132198,3.5059683738931002,0
291,7,-231.63823244390213,-19.9248667286975,0
291,8,223.2912634608914,4.44070553826792,1
291,9,227.84758112610456,41.540962445632275,1
291,10,215.92746987555316,2.716133960774251,1
291,11,227.18328400988543,1.9772198899076074,1
291,12,215.49306454373033,1.3408877246466466,1
291,13,246.00685176017228,2.462551542390833,1
291,14,-8.556650847429726,3.2800285353515486,2
291,15,3.854523013808345,-2.9341055149656947,2
291,16,1.0416894517289306,8.593278627832637,2
291,17,20.259396870570924,-28.88726341375871,2
291,18,-7.762662638796277,-29.412250090375544,2
291,19,-19.459046349160385,-17.271563877865354,2
292,0,-233.43186885782873,-9.922464179090891,0
292,1,-220.74105081665078,-0.0631161906267868,0
292,2,-209.05353800192148,0.08678396540812536,0
292,3,-221.72502805119746,1.5831061575259813,0
292,4,-211.49459739164126,-6.382636258362145,0
292,5,-226.4024836078415,-3.5018606321725487,0
292,6,-227.95671328873001,3.568415142973802,0
292,7,-233.11164391153582,-20.018633569768355,0
292,8,224.80030264794567,4.934174017946926,1
292,9,228.89968945142795,40.92995452111875,1
292,10,217.81532722475373,3.156645081023701,1
292,11,228.43994139963908,1.0920745029851058,1
292,12,216.78680741715579,1.4973625125536332,1
292,13,248.20599213523332,1.7451889539234324,1
292,14,-8.554456556199423,3.514830550414508,2
292,15,3.5116963131531085,-3.874695845533374,2
292,16,0.2673717043775685,7.6477344104983915,2
292,17,20.017016214395372,-29.538212638607042,2
292,18,-6.834725011772743,-30.038093001994078,2
292,19,-20.013049504623773,-16.393467904584064,2
293,0,-234.34177984600214,-9.28450111707394,0
293,1,-221.2525708420685,0.579465780828579,0
293,2,-208.83710151087072,0.019066178498670053,0
293,3,-221.49112858016247,2.52445111157511,0
293,4,-212.66975902770963,-7.440650356583941,0
293,5,-227.97527918029596,-3.144569221511368,0
293,6,-229.59362200298258,4.263500503429679,0
293,7,-233.487316525074,-19.475369981388106,0
293,8,226.51709372952607,4.8712739046003435,1
293,9,229.50722231313375,42.902839714689826,1
293,10,218.23458074287242,1.7891861782997138,1
293,11,228.56525046588476,1.6990592308686567,1
293,12,217.5357156623469,1.9026366219870925,1
293,13,249.37446988728914,1.5653769964025623,1
293,14,-8.398209536989027,3.479763422653679,2
293,15,3.2894295183252775,-3.789907074534814,2
293,16,1.2112986206308862,6.845335150934562,2
293,17,18.965299170795475,-29.10047279486791,2
293,18,-6.2604973135129445,-30.360906411475028,2
293,19,-19.88028246746773,-16.228775702616343,2
294,0,-233.64261647036383,-9.84681700653625,0
294,1,-221.91893485391074,-0.2983182788616785,0
294,2,-211.96999310992223,-0.1124690471804231,0
294,3,-221.55907162606152,2.9512139900125205,0
294,4,-213.29354230071988,-8.546800556978585,0
294,5,-228.70020911540615,-3.444701895310197,0
294,6,-229.29641750243815,3.6904242791634703,0
294,7,-234.16781716656473,-21.275960835769823,0
294,8,227.39892042047208,4.106164945149162,1
294,9,229.61481115181434,42.70683833284178,1
294,10,219.04715073785076,0.39578392071325097,1
294,11,228.98823752866406,1.7684842789952753,1
294,12,219.03885699721778,1.3020541853233403,1
294,13,250.8122709864335,1.3267727633458217,1
294,14,-8.338645121266962,2.225205695964342,2
294,15,4.0887285076416475,-3.5529782399010315,2
294,16,0.05119125614312647,7.1859145871603785,2
294,17,20.10137178824173,-27.828307945497247,2
294,18,-7.011957827518793,-30.420613435794913,2
294,19,-19.579208708622726,-16.429060940879484,2
295,0,-234.51264008116385,-9.297723254681433,0
295,1,-222.7606254128102,0.053060562467342365,0
295,2,-214.03343621507378,0.4758677546624734,0
295,3,-222.32520773831877,2.307532142834043,0
295,4,-212.20617941721176,-8.413099764061542,0
295,5,-228.75912418359977,-3.462408228872192,0
295,6,-230.30822297516016,2.6700072356921303,0
295,7,-234.35295928886148,-21.810105658011135,0
295,8,228.53455517677108,5.325271913818879,1
295,9,231.9764859590498,42.36236495804274,1
295,10,219.17510676545623,-0.6548154418859298,1
295,11,231.2729454597719,2.146314297432567,1
295,12,219.07233893469916,1.54965188327445,1
295,13,250.75369389034128,1.5439523097533128,1
295,14,-7.444119108594468,1.914828803628727,2
295,15,3.5479582129631098,-3.584356085103482,2
295,16,-0.3621831484350107,6.052573367067769,2
295,17,20.828567153523412,-28.065752311979573,2
295,18,-8.07572428240263,-31.92402165679914,2
295,19,-20.091760787464732,-17.02085767588203,2
296,0,-233.73336525314943,-8.780926838788698,0
296,1,-224.6679159646748,0.421926462096397,0
296,2,-214.2384437518956,1.6238108847837682,0
296,3,-221.89946293221504,2.999407691827153,0
296,4,-212.25707330959438,-10.59273363413233,0
296,5,-228.5172974608169,-3.503358500873716,0
296,6,-231.72033154054313,1.9627162283717476,0
296,7,-235.16854888957232,-20.221114851209865,0
296,8,228.4714895618259,4.7583417060342965,1
296,9,232.8622680686014,41.67473147884685,1
296,10,219.52422418622996,0.4704805543732984,1
296,11,232.2560748881173,2.9179808383817445,1
296,12,220.16483732205958,0.5081471193918348,1
296,13,251.71933399040103,2.275647982825096,1
296,14,-7.362147178341201,2.55334002958429,2
296,15,3.388865969348852,-3.3064022668980955,2
296,16,0.9113140222320526,6.485824960922992,2
296,17,21.024799497585516,-27.073963754633134,2
296,18,-8.498771457404139,-30.63210470796049,2
296,19,-21.155530436947117,-17.72448484409264,2
297,0,-235.14664700019006,-8.590386352326533,0
297,1,-225.13337489164866,0.06592930227026628,0
297,2,-214.2783794946972,2.1574323398958057,0
297,3,-222.7375502062185,2.730185775422784,0
297,4,-212.97206217568933,-9.526370932145726,0
297,5,-229.26119308285539,-4.051523982880224,0
297,6,-232.70298464476346,1.2622763871433786,0
297,7,-235.40417019749148,-20.531719088250522,0
297,8,229.1695240185539,4.823385715801387,1
297,9,233.89222955503934,41.45971196136433,1
297,10,220.00646694586248,0.7986084546500066,1
297,11,234.02558698487866,3.1124967282084013,1
297,12,220.9422561850805,1.8413944423167479,1
297,13,251.94177705660627,3.014793455473458,1
297,14,-7.623768943150016,1.8634836406329844,2
297,15,3.4905245917642445,-2.7953693238546857,2
297,16,1.000309991314368,6.359681910244481,2
297,17,20.954397522591602,-26.0922496110465,2
297,18,-9.09404046563885,-30.31128538799793,2
297,19,-21.7606410402958,-18.127052059819395,2
298,0,-236.58129587720077,-8.912496697335616,0
298,1,-224.83167687674683,-0.02379974166102905,0
298,2,-213.61070532626485,2.9197846414522015,0
298,3,-224.34415413910608,3.262884706682959,0
298,4,-213.97989555326748,-9.211184785021901,0
298,5,-230.2344540827058,-4.462042295703045,0
298,6,-234.34551780959868,1.3645204918292737,0
298,7,-236.85039349979527,-21.241046271042322,0
298,8,230.7170871619007,5.367118753502337,1
298,9,233.79017614558032,41.38989767478711,1
298,10,219.5790321091406,1.670930804164838,1
298,11,234.2980496621939,4.208145813985659,1
298,12,221.2163233394651,2.9451442132057553,1
298,13,254.32662821285132,2.2445604996156474,1
298,14,-7.936119149842019,2.382964480010313,2
298,15,5.357847887307594,-3.6615647109248393,2
298,16,0.13174981447903222,6.23527263084129,2
298,17,20.529698728949345,-25.408956322415158,2
298,18,-9.479796824842524,-30.594433607416565,2
298,19,-22.415681894630605,-19.01954854621298,2
299,0,-236.78787284997347,-10.58572484341935,0
299,1,-225.5142814836247,-0.08048443306755476,0
299,2,-214.1863588803396,2.7844574328643357,0
299,3,-222.7228861766586,4.031727398662246,0
299,4,-216.078521177962,-9.54468885610747,0
299,5,-230.50947888526133,-5.669170593024467,0
299,6,-235.26206634000573,0.4668424073068056,0
299,7,-238.5650244643516,-21.719930372082572,0
299,8,231.14465540515965,4.7846592880696885,1
299,9,234.05745538086322,40.09551627384316,1
299,10,221.30113111624186,1.4705322494048008,1
299,11,236.32607891478696,4.352873559206606,1
299,12,223.0452735489563,4.520611174783845,1
299,13,254.2446439908459,2.0878233609076267,1
299,14,-8.323630481040748,2.7390589038130693,2
299,15,5.6402572862115505,-3.259168625956204,2
299,16,0.8553630735896158,7.07526096829929,2
299,17,19.87906285115751,-25.908503524593844,2
299,18,-8.963950369427392,-30.62671726805231,2
299,19,-22.366872376095237,-18.268462465944662,2
300,0,-237.4376173648858,-11.302883384562197,0
300,1,-227.5544276789841,-0.9603846484830181,0
300,2,-214.6637076178977,4.116510173458559,0
300,3,-222.7864291237182,4.776003112878374,0
300,4,-215.99080290608504,-9.762766125645822,0
300,5,-231.5388651228146,-5.537173687084749,0
300,6,-235.24018259133743,1.347615591457913,0
300,7,-239.4681595783668,-21.048802326263655,0
300,8,230.23101498016507,5.4624275157995275,1
300,9,235.02216269621434,40.505249988028694,1
300,10,221.1216717637192,0.9894104677906306,1
300,11,237.07601552341518,3.411858616760184,1
300,12,225.32954096740056,5.015671310979167,1
300,13,256.8060426574008,4.206351016595532,1
300,14,-9.269457802564073,1.8898952324726572,2
300,15,4.956700120242756,-4.260371795398379,2
300,16,1.3317297778918924,7.96738218726389,2
300,17,19.79239229944862,-24.2680884506997,2
300,18,-9.216142294436002,-30.64353002620981,2
300,19,-22.174637890701156,-18.240644005125358,2
301,0,-238.73207308875507,-12.386801297451427,0
301,1,-228.18028993372258,-0.22355748483195026,0
301,2,-214.8796848287114,3.0400950552677117,0
301,3,-223.589280610065,4.218863597461483,0
301,4,-215.78467039522405,-9.2052271152774,0
301,5,-232.98233477554896,-6.031743378559869,0
301,6,-235.52626312797315,0.575807406712809,0
301,7,-240.85155795292866,-20.859843585211237,0
301,8,230.48040786502094,5.565818783122222,1
301,9,236.17152980449865,40.70521804375912,1
301,10,221.87125099806417,0.687080766776991,1
301,11,238.4982968602717,4.735286325863976,1
301,12,225.82894589659531,5.390699959451861,1
301,13,256.7996341712029,4.1775669610593145,1
301,14,-10.230325524382186,1.6791958500687298,2
301,15,4.707513855973579,-3.022624702132842,2
301,16,1.6616954620749995,6.263390213312533,2
301,17,19.31281640655385,-25.754255274074826,2
301,18,-9.891797066864486,-30.774249905222575,2
301,19,-22.583793663933594,-18.972433205704142,2
302,0,-238.70452116328565,-12.392751187293824,0
302,1,-229.32929149784746,1.792779794302246,0
302,2,-216.28813710997628,2.9172837201520045,0
302,3,-224.77418105582774,4.000469168261968,0
302,4,-216.86935609418225,-9.408068534765281,0
302,5,-231.94848758441609,-6.669028124845223,0
302,6,-237.24381075946457,0.3543604660628972,0
302,7,-241.79320336958403,-19.76507777123009,0
302,8,229.36283172327876,4.496256656414696,1
302,9,235.74975305665984,39.32342620299481,1
302,10,221.29741688383055,-0.9730084175959758,1
302,11,239.6742893872465,5.619955370824782,1
302,12,226.9318720892299,5.83169325269551,1
302,13,257.95844566184223,3.297175717205479,1
302,14,-10.53732761353318,1.4089583770779441,2
302,15,4.649943982704429,-2.9227927948838643,2
302,16,1.400455085858876,5.05049737826889,2
302,17,20.70033789773675,-26.27019603186646,2
302,18,-10.043456687431616,-30.966792969961393,2
302,19,-23.97827767032781,-18.53699017169063,2
303,0,-240.211222426479,-12.627123658026836,0
303,1,-229.13320118963995,1.0288059546050303,0
303,2,-216.65099422871307,3.3327777811784802,0
303,3,-226.51607962199637,3.7779941478591956,0
303,4,-218.45426597960952,-9.537930381269154,0
303,5,-232.09996150526345,-7.230453553030863,0
303,6,-237.95222821579708,-1.1162743283240149,0
303,7,-242.694174411813,-19.748900843402115,0
303,8,230.25007027322786,4.954315794516253,1
303,9,237.9914003862175,38.94294456008849,1
303,10,223.25686324302947,1.0333700290578003,1
303,11,241.79825560508144,5.479200649364637,1
303,12,227.4037926522224,5.359160330267681,1
303,13,259.9591795958706,2.6326585299694654,1
303,14,-10.385548437398677,0.8881281573547051,2
303,15,3.823033525607724,-3.5119652695859314,2
303,16,1.9761137228895955,4.951890993063481,2
303,17,20.25861548066738,-25.668600057351604,2
303,18,-10.487188466433231,-30.0505790079716,2
303,19,-23.37935866591323,-17.054069949618437,2
304,0,-240.58145355494227,-13.64547940790083,0
304,1,-229.4330497417416,0.00046101441647139474,0
304,2,-217.85428112223616,3.6241815562503534,0
304,3,-227.835536211862,3.0502230921309303,0
304,4,-219.89024283017062,-10.14472769948795,0
304,5,-233.1502361566466,-6.878678536299714,0
304,6,-240.0873744658579,-0.7414740887897767,0
304,7,-243.61679704434152,-19.89890308054256,0
304,8,230.90108872344635,4.615729916011786,1
304,9,238.72438459319562,38.697876322111945,1
304,10,225.12648188310095,0.6007619945301141,1
304,11,241.86875073299888,5.606299070236943,1
304,12,228.97315123095453,5.730464921465069,1
304,13,261.63651691381364,2.6190443790901514,1
304,14,-9.59654708527996,2.840306713110551,2
304,15,3.4289117034340633,-3.825282942703263,2
304,16,1.9142055863524645,5.526048122861237,2
304,17,18.501922945373522,-25.56049355733737,2
304,18,-9.805643932102864,-30.46678061640436,2
304,19,-24.12168488828129,-18.947195287628492,2
305,0,-241.54350899908135,-14.044842085751965,0
305,1,-231.381470665885,0.027374491354930527,0
305,2,-217.51765641738487,5.4079799800166874,0
305,3,-229.3446679699232,2.0807971544347037,0
305,4,-220.8281256853071,-10.979660328374786,0
305,5,-233.6579712595202,-6.578763282317375,0
305,6,-240.3540171245259,-1.4021697915722382,0
305,7,-244.00377846245155,-18.674806431985818,0
305,8,232.1481759614909,4.639062054408373,1
305,9,239.87167254573464,39.436406677766925,1
305,10,225.9100720229759,1.0426634684529992,1
305,11,242.8011804417441,5.305061606252529,1
305,12,230.21170720638108,6.488011429529089,1
305,13,261.58491897418844,3.7615519397698547,1
305,14,-10.128013652796678,2.8399219657441686,2
305,15,4.008502905009317,-5.1738408237798765,2
305,16,2.071620765923683,4.699351873897792,2
305,17,17.59026721233975,-23.966098771997203,2
305,18,-11.738872738529402,-30.894484288555404,2
305,19,-24.7259465651053,-17.847217676290207,2
306,0,-243.22070427842203,-13.299802201981153,0
306,1,-231.97702487318617,0.5268678622801408,0
306,2,-218.19161169975771,4.298703809534321,0
306,3,-229.27157866646024,2.689316950551214,0
306,4,-220.87497165749528,-12.126334165769311,0
306,5,-235.0417786840752,-8.254997873636402,0
306,6,-240.56347857556116,-2.5025348035138713,0
306,7,-245.5857946694576,-17.441213943731473,0
306,8,232.60737715411352,4.339421872994659,1
306,9,240.453472476777,41.17722422366233,1
306,10,228.04751728286462,1.045498996075708,1
306,11,244.0113621545976,5.789894886045471,1
306,12,230.91495653277613,6.2108041932702545,1
306,13,262.60931852365763,4.598642083651484,1
306,14,-10.758058024629001,3.1911568648319637,2
306,15,5.445085132134503,-4.582942086202777,2
306,16,1.7914463117944783,5.342828168603072,2
306,17,18.76825115508787,-23.552910251811852,2
306,18,-11.373410598424254,-32.668259462874325,2
306,19,-23.89046625432837,-17.43296452746805,2
307,0,-244.75124092650685,-13.816892436380666,0
307,1,-233.39628132294732,-0.007438663171147719,0
307,2,-218.75066748093653,3.644609687092962,0
307,3,-230.03582497045085,1.8770002642335415,0
307,4,-220.60000988898233,-12.550814756194237,0
307,5,-236.09423492449866,-7.9712270873718545,0
307,6,-241.10858471235338,-1.9684008504613244,0
307,7,-246.44946150370544,-17.60996396932789,0
307,8,233.11568054259456,3.517830512907712,1
307,9,240.36357437606583,41.91318890913639,1
307,10,227.68389383039337,1.9689143275835912,1
307,11,244.3884074210516,5.207193294613299,1
307,12,231.52849175855874,7.251090249790601,1
307,13,264.6127360795655,5.869384024064058,1
307,14,-11.336945213714834,1.3463167673565712,2
307,15,4.780279807854258,-4.640976069543099,2
307,16,1.3791357473805959,4.605848774325208,2
307,17,19.171083430851162,-23.53727854121021,2
307,18,-9.720948380826664,-34.156909810555476,2
307,19,-22.912419452599753,-17.574614592305856,2
308,0,-244.88052396439136,-14.921457497546882,0
308,1,-233.82136181204447,0.07466243610411825,0
308,2,-219.853544125929,3.279681947274033,0
308,3,-230.22674300518028,3.8113598977543353,0
308,4,-221.87099915837175,-12.836106610488011,0
308,5,-237.93644075813208,-7.9407394504567925,0
308,6,-240.4770791338297,-0.5610322549391942,0
308,7,-247.0021695058828,-18.171187775978797,0
308,8,233.84114778710205,4.34911191682485,1
308,9,242.6632312905076,42.02297746040269,1
308,10,228.36338931025398,2.0127640612807167,1
308,11,245.70174163099077,4.784332890242999,1
308,12,231.1803217022175,7.45701543635831,1
308,13,265.65016389944805,4.0902102973543055,1
308,14,-10.040060937264753,1.6049310001652368,2
308,15,4.91187477662166,-4.7716527349913935,2
308,16,2.891053841658362,5.03823885475883,2
308,17,19.874053521687,-23.73826304623018,2
308,18,-12.23346132207204,-35.61076037134446,2
308,19,-24.30959468452486,-17.515306023040598,2
309,0,-245.70895379628598,-16.172870931678776,0
309,1,-234.3013656672607,1.3980440260197824,0
309,2,-220.12381545474622,4.31687704939111,0
309,3,-230.7006210652152,4.484731054472711,0
309,4,-222.87136328644496,-11.511621723905057,0
309,5,-238.97783626317852,-7.980103362294366,0
309,6,-241.24400265594974,0.3325420241465711,0
309,7,-246.73826782796357,-18.289337104213672,0
309,8,234.63201956684156,4.09107283889521,1
309,9,243.26540242973292,42.07403839457599,1
309,10,229.89229130571604,1.1653446254714352,1
309,11,246.51832420032937,4.709864764243701,1
309,12,231.93430652425184,7.001079940602505,1
309,13,266.7903978699614,4.973575488187367,1
309,14,-8.418459184915065,2.1778138051810183,2
309,15,4.417004723982099,-5.84017762773736,2
309,16,4.223093950908983,3.785619735757841,2
309,17,19.456223368100158,-24.45780097244984,2
309,18,-12.407565145429793,-37.66838566710347,2
309,19,-24.816875074552428,-15.442279910755026,2
310,0,-245.75208703642065,-15.32362906846977,0
310,1,-235.31547383364133,0.736910626071582,0
310,2,-220.2234750571132,4.6437936547745196,0
310,3,-232.66495920248093,5.039452297137088,0
310,4,-224.15063930336785,-12.186915918120098,0
310,5,-239.9367925202356,-7.132445783973884,0
310,6,-241.13449533539108,-0.3111122702179152,0
310,7,-247.11646672349434,-18.39504875052933,0
310,8,235.78873640063563,5.25173256987427,1
310,9,244.11627011842089,40.74613766335883,1
310,10,230.60818106801503,0.5733685349422293,1
310,11,246.74729614860053,2.784743117439753,1
310,12,232.87635256466518,7.172954057752694,1
310,13,266.8878935777695,5.138965443981985,1
310,14,-9.382528386153286,2.2434543880032933,2
310,15,4.437480189050174,-5.837233892420722,2
310,16,4.423474528911523,4.057353253356903,2
310,17,19.0729663245176,-24.06229581143799,2
310,18,-13.623166494448114,-37.43382791840739,2
310,19,-25.527381742571883,-16.897961636289644,2
311,0,-245.4633392579779,-16.209523471388717,0
311,1,-236.35488503698272,0.4655144804459592,0
311,2,-221.3218595129857,4.325785942105423,0
311,3,-233.66903667499338,3.687616229456686,0
311,4,-224.0972656448637,-11.833195207480966,0
311,5,-241.69168065718614,-6.887509518462128,0
311,6,-241.85524326813413,-1.8724069450948726,0
311,7,-245.99481586896724,-16.918326416924792,0
311,8,234.8851603476976,4.144545565271,1
311,9,244.87116591467307,39.36082666144205,1
311,10,231.45926222018926,1.7933065631055738,1
311,11,247.80098758463777,2.537748382900433,1
311,12,233.28303029992426,8.045622246528367,1
311,13,268.470309752165,4.47047757792301,1
311,14,-10.195102631687698,1.2570463891034787,2
311,15,5.453175160057486,-6.478075693621097,2
311,16,4.068486771994316,3.343319642647768,2
311,17,19.396638413213818,-23.645473459791326,2
311,18,-13.202445601294707,-36.780253455079254,2
311,19,-23.517686588809497,-16.88700003487246,2
312,0,-246.59874036922682,-16.550600995951974,0
312,1,-237.6382107244258,0.986891562049712,0
312,2,-221.35980116086827,4.342780712593284,0
312,3,-234.4586719267728,3.4176562372928343,0
312,4,-225.40262552423414,-12.29807648938113,0
312,5,-241.6646159517118,-7.232720552306718,0
312,6,-241.88199398954046,-2.0483027760518175,0
312,7,-247.69964870531157,-17.40262434923043,0
312,8,235.93199043712963,4.830307924173386,1
312,9,246.55740850305185,39.130382456312525,1
312,10,231.43367246450848,0.733192571042871,1
312,11,248.52655159075016,2.489250277828295,1
312,12,233.58461797157844,8.231587812707827,1
312,13,269.93287016170467,4.09867145116639,1
312,14,-10.771364207860215,2.4131915903296886,2
312,15,5.349240207513485,-4.3747458555334156,2
312,16,4.52674207438998,3.2792880885598836,2
312,17,20.486673458784633,-24.05094400710348,2
312,18,-13.025073565305457,-37.06347444046083,2
312,19,-23.116174044518687,-16.335839043260776,2
313,0,-246.96980495120474,-17.4678344853785,0
313,1,-239.38921597051169,1.2966501455341444,0
313,2,-222.44633055747525,4.4115416299279335,0
313,3,-234.40077491356922,3.359012329846753,0
313,4,-225.1443849435951,-11.9996992914622,0
313,5,-242.03078044675584,-6.036914689032507,0
313,6,-242.42977940897893,-3.3426861478465866,0
313,7,-248.53469401192885,-18.020316764273353,0
313,8,236.12836963055344,4.524703833676409,1
313,9,247.14311973617703,39.3539115582639,1
313,10,233.62447820837872,0.8454863523919245,1
313,11,249.61557534237897,3.0716658954694305,1
313,12,235.25110788342585,9.009281483652174,1
313,13,270.5306336263364,6.038546931580926,1
313,14,-10.959499800784394,2.5628930280147055,2
313,15,5.009730107864638,-3.1555070877027096,2
313,16,4.777099630623942,4.031344717592325,2
313,17,20.412103880621924,-23.525181888497897,2
313,18,-13.032700234733918,-36.7512002952254,2
313,19,-22.955457993449905,-15.514483374881243,2
314,0,-246.66860250552543,-17.564875546990574,0
314,1,-240.78926349840023,0.9266512503333731,0
314,2,-224.2466976168225,5.7280596310257055,0
314,3,-235.4586856764345,2.0359683999971288,0
314,4,-226.1165631784412,-11.369812499476874,0
314,5,-241.36943434779715,-4.494326643525895,0
314,6,-242.5329253790471,-2.918758758487308,0
314,7,-249.4847441812479,-17.720318690753246,0
314,8,237.84262059645613,2.6777759787520177,1
314,9,248.28148348737855,40.72471550971033,1
314,10,235.90265611918903,0.8256870465683067,1
314,11,250.16014091540842,2.722921508988673,1
314,12,236.3228858618946,8.607662343416223,1
314,13,272.16298128583503,5.78777392701911,1
314,14,-11.955434273997508,1.1779999516755826,2
314,15,5.711103784026076,-3.369844205776623,2
314,16,3.1772928877116327,4.468550170852143,2
314,17,20.075274397121234,-23.923432950823777,2
314,18,-14.497425706447185,-37.134890858476545,2
314,19,-23.833383322916575,-15.42212180326664,2
315,0,-247.81081167250892,-17.390627000058092,0
315,1,-241.35571683986495,-0.14161703420980964,0
315,2,-225.21666341949935,4.996898970593934,0
315,3,-236.26039178257486,1.1786032815160667,0
315,4,-225.56301176780153,-10.312476999986963,0
315,5,-242.77198519499797,-4.076536377325767,0
315,6,-242.98473009503422,-1.909356715709651,0
315,7,-250.75854023470418,-17.684104777278193,0
315,8,239.293933258246,1.813654518832526,1
315,9,249.3216684653347,40.193946252906734,1
315,10,235.40253988981968,2.063251663755687,1
315,11,251.53264927326074,2.7683490127703347,1
315,12,237.09884213964904,9.709452814574933,1
315,13,272.34496909836906,5.770602873997822,1
315,14,-11.792826957574649,0.5814356026905516,2
315,15,4.259757422124704,-1.928630811231863,2
315,16,2.4862324208233537,4.3429458319243865,2
315,17,21.910710686583368,-23.812332128996108,2
315,18,-14.159754354883598,-37.27202496616024,2
315,19,-24.888406479995623,-15.033186668632132,2
316,0,-249.65395300118558,-18.5259446009947,0
316,1,-242.85967486232695,-0.3598374149281487,0
316,2,-226.03214697432458,5.708328559018048,0
316,3,-237.20046035984768,2.299577508886335,0
316,4,-227.94711478224954,-10.159499450469186,0
316,5,-243.61607572911626,-4.849763710892817,0
316,6,-244.181867540379,-0.8653516495833076,0
316,7,-250.47169885166943,-18.57412378183358,0
316,8,240.0968883779448,2.0384049779553073,1
316,9,249.76894975647556,41.14556294039424,1
316,10,236.60642469659044,1.6321226154871473,1
316,11,252.82916601187173,2.899380093318675,1
316,12,237.75913197965986,9.971078948217558,1
316,13,273.93345635045745,5.962448961096518,1
316,14,-11.320685280070471,-0.3572100789335123,2
316,15,5.059576545202315,-0.9849138402911525,2
316,16,3.1115968977424835,4.611101223154812,2
316,17,21.979475926989114,-25.354859196917566,2
316,18,-14.186979421672515,-37.41897195715647,2
316,19,-23.750342148102817,-14.671576213940652,2
317,0,-251.4444554977107,-19.1283295126179,0
317,1,-243.37116183670034,-0.8066964279140831,0
317,2,-226.5848482295738,5.150543561804173,0
317,3,-238.47425154356876,1.1538825320022408,0
317,4,-228.30777159839556,-10.819203515613596,0
317,5,-243.85227818819965,-4.4378122102489135,0
317,6,-245.62695294588468,-0.42139639351043523,0
317,7,-250.43823442263684,-18.644877780803956,0
317,8,240.70641452581813,2.9621568071659627,1
317,9,250.88535717301457,40.48126230828171,1
317,10,238.4768763308846,1.9818841228786592,1
317,11,255.4731228282908,3.6591696460291034,1
317,12,238.61178319541608,9.860635246720802,1
317,13,275.22356647713633,6.865284439661197,1
317,14,-10.468490716613683,-0.6624541010814226,2
317,15,6.094415576268128,-0.9136743161604116,2
317,16,3.323810280414588,4.835264241663508,2
317,17,22.31941761156896,-23.455825068639342,2
317,18,-13.623987121087357,-36.690912864493605,2
317,19,-23.513260842666384,-14.143206178733166,2
318,0,-252.4429535899083,-19.104861818635733,0
318,1,-245.22902136757077,-1.7798903512810251,0
318,2,-227.18033278345732,7.129122210535956,0
318,3,-239.93572458393444,1.1758901258233516,0
318,4,-228.31502035158653,-11.450996302674191,0
318,5,-244.1064281599231,-4.4484072049527335,0
318,6,-246.25165693104663,-0.13654286771601154,0
318,7,-251.48751902085445,-17.943066812369874,0
318,8,241.9647849219641,1.8140920625701789,1
318,9,252.48453884776524,40.22655087857527,1
318,10,238.65288987637334,2.2039559947567904,1
318,11,257.1926890731515,3.3351925581347306,1
318,12,239.35203918634053,9.276011508915563,1
318,13,274.8116910484552,7.667368563804976,1
318,14,-10.830335107955234,-1.2058652689581195,2
318,15,6.847704227046984,-0.3406708467732964,2
318,16,2.122730266037266,4.682756718606273,2
318,17,22.39136978741569,-22.238609402589578,2
318,18,-13.1167174755089,-36.06547698634208,2
318,19,-22.61221297070167,-14.832365616230271,2
319,0,-253.59483955915704,-18.290211127792958,0
319,1,-246.81269945237523,-1.1245973776053764,0
319,2,-228.12721156034573,7.596334742059125,0
319,3,-240.2019171666688,1.090583625692139,0
319,4,-230.34717396011763,-12.429127329727486,0
319,5,-245.9407836121011,-4.728563924673295,0
319,6,-247.55279769344722,0.5243228884062627,0
319,7,-252.24963730899165,-16.911843389444112,0
319,8,243.05768895203582,0.7424268597618096,1
319,9,252.29183295958336,39.47884248090636,1
319,10,238.97156126554833,0.4201486114593891,1
319,11,256.8120789096017,2.8913122355654086,1
319,12,239.4686911059377,8.481828260199537,1
319,13,275.9066249295837,7.980086494160762,1
319,14,-10.587432135002318,-0.7111536467487567,2
319,15,7.926050847182198,-0.5186297544891111,2
319,16,3.4238836891776785,2.855813298326039,2
319,17,21.812052935481226,-22.06444857704168,2
319,18,-13.003466848353575,-35.92372596680644,2
319,19,-21.08789606864745,-16.008804887291973,2
320,0,-256.44110017073837,-18.506121815880338,0
320,1,-245.4115183503984,-0.6814560309436093,0
320,2,-229.96664551119235,7.696789985861005,0
320,3,-241.38491062733652,0.9248721760893107,0
320,4,-231.24850274244992,-11.376073405216758,0
320,5,-246.6179743871602,-4.142192979592835,0
320,6,-249.28549093190634,0.3784206832312451,0
320,7,-252.63170002563112,-18.50693370805219,0
320,8,243.60414870934414,0.026595433344330344,1
320,9,251.88290799571428,39.41676647927819,1
320,10,239.81565587258555,0.7312834252614129,1
320,11,257.3825202848916,2.6766505680341135,1
320,12,239.43783253788868,9.462683608303836,1
320,13,276.24756133386796,7.551142115830638,1
320,14,-11.056850262359553,-0.143746834755216,2
320,15,7.838982405451874,-0.4869913320699989,2
320,16,3.547432277822896,3.0450820567174333,2
320,17,21.78254891988856,-21.56111610498011,2
320,18,-13.46241423071512,-36.18759588502809,2
320,19,-20.43802875071642,-14.837688732151868,2
321,0,-257.4474677792044,-20.608275249829298,0
321,1,-245.82576743668065,-1.0968161228381261,0
321,2,-231.0811903930879,7.931384631536538,0
321,3,-242.31996954678945,0.6533087304939038,0
321,4,-231.09348526076164,-11.772253395348576,0
321,5,-246.49836079761565,-4.441695487987794,0
321,6,-250.95893798750217,0.6615562410849267,0
321,7,-254.8634705083642,-19.958254503614228,0
321,8,243.14009429244672,1.2654372829679361,1
321,9,253.81931625238207,39.62342012290572,1
321,10,238.83001307756115,0.590077425621073,1
321,11,257.18145204463946,2.4599193853081966,1
321,12,239.81450590886374,8.98604938119974,1
321,13,276.79302800132007,8.12478129685458,1
321,14,-11.600060838764993,-1.1090954647126428,2
321,15,9.28123969589142,0.07906395181554393,2
321,16,2.920768798416501,3.95359037369305,2
321,17,21.67819575914968,-23.24098468389752,2
321,18,-12.57715564573392,-36.885045298149315,2
321,19,-20.10146704852085,-13.549471148971355,2
322,0,-257.8083415624523,-19.363173115430765,0
322,1,-246.00373048772053,-0.4092394863091402,0
322,2,-232.64517380095782,7.154255240851578,0
322,3,-243.05052398124994,1.6672905671487515,0
322,4,-232.7987408134954,-12.315361724982763,0
322,5,-248.27337596726628,-5.099399789487462,0
322,6,-251.56452327029373,0.38902495085943745,0
322,7,-255.89382344937354,-19.915257253667576,0
322,8,243.7532142601481,0.5655089361413216,1
322,9,253.84561696451775,39.6853317152238,1
322,10,239.11006926379437,1.3541268393864514,1
322,11,257.0682410904109,3.9589451663573825,1
322,12,239.83152448033755,9.90777983292832,1
322,13,278.7753175368845,9.28963318320728,1
322,14,-12.225346627006466,-1.0649741843007572,2
322,15,8.878219556943424,-0.255475543375557,2
322,16,2.8246419965781344,2.787973542497155,2
322,17,21.29641069199061,-23.522692100419615,2
322,18,-12.10553208767048,-36.208622184748066,2
322,19,-19.44351879012385,-13.259345489072638,2
323,0,-258.87673556369504,-19.61881284655931,0
323,1,-248.65566427476696,1.1669257701629356,0
323,2,-232.39031598113763,8.811011372564318,0
323,3,-243.45545892317935,1.0548569052226524,0
323,4,-233.3959165889139,-12.708290288204033,0
323,5,-248.31588034757073,-5.063642287018354,0
323,6,-252.71544242683868,0.2815141523648195,0
323,7,-256.37334769693376,-19.752648294497806,0
323,8,243.78120188405524,0.26737249427695503,1
323,9,254.4118672145688,39.796369906116624,1
323,10,239.98824047510834,2.097733404077718,1
323,11,258.4893870435916,4.607662912770274,1
323,12,242.12652420658497,7.495368353030827,1
323,13,279.5102855811071,9.10564233287079,1
323,14,-13.534958958086019,-1.044641034675774,2
323,15,7.854845853771286,0.019351298073040202,2
323,16,2.819829285238363,2.717931708197972,2
323,17,22.509878039308255,-22.762517721001366,2
323,18,-9.73724628379328,-35.97177722479733,2
323,19,-21.03622890117237,-13.624419586424361,2
324,0,-259.41649673213806,-19.38551329575363,0
324,1,-249.31542708551513,0.9959455279935507,0
324,2,-233.67954125131874,8.232270424294581,0
324,3,-244.14345516377028,1.8507622011645606,0
324,4,-235.6160712289193,-12.497843857461529,0
324,5,-249.00560137752456,-4.479356720549062,0
324,6,-253.30369558147567,0.8806510244095802,0
324,7,-258.02757500251926,-20.42434312262824,0
324,8,245.131009744795,0.48396329389988646,1
324,9,254.29041293785681,40.70819516489498,1
324,10,240.0317135034377,2.0646444190605733,1
324,11,257.9704656726911,4.777136392160516,1
324,12,243.0802357541297,6.127298752828028,1
324,13,279.8305306711274,9.602393330432266,1
324,14,-12.462253617008638,-1.8587163120596895,2
324,15,8.179948389351166,1.5265527885314505,2
324,16,2.6926261974856716,2.6583331890500683,2
324,17,21.94836597442833,-22.174483909320642,2
324,18,-8.287515295075686,-36.176028284329874,2
324,19,-20.289554783593097,-13.988032556277952,2
325,0,-260.45916569959525,-19.508813857149512,0
325,1,-249.89891838520626,1.486047523370535,0
325,2,-234.22336118964773,7.970474424212396,0
325,3,-244.56592536378278,2.265118692584628,0
325,4,-237.2233900820234,-12.122156521119033,0
325,5,-249.00632837636297,-2.56196534437039,0
325,6,-253.7221531792394,1.901368653047561,0
325,7,-259.0643190747247,-21.002640455011456,0
325,8,246.14870622618392,0.6603781133682975,1
325,9,253.40590014993543,39.156232768659635,1
325,10,240.7750074059241,0.479682167053735,1
325,11,258.1976674843603,4.378210725637984,1
325,12,244.95076499657458,6.54458731535629,1
325,13,280.43702403666344,9.915209893125175,1
325,14,-12.57546030947242,-2.263601337432723,2
325,15,7.7430066712513295,1.9808727514587223,2
325,16,3.714810296370983,3.2855447787180734,2
325,17,21.090642369244154,-22.72991976589955,2
325,18,-8.394200714314183,-36.69738581529943,2
325,19,-19.809823699304264,-14.276801499422296,2
326,0,-261.2241450716348,-19.242961454517655,0
326,1,-250.0437935465723,2.2724231390140073,0
326,2,-234.53635909239074,8.552761464342785,0
326,3,-244.85937924174317,2.928388451135646,0
326,4,-238.63495393247464,-12.514394899824595,0
326,5,-250.5845350620633,-0.179755898074498,0
326,6,-254.85321849240648,1.303732457287468,0
326,7,-259.82398540913175,-22.354648302639255,0
326,8,247.80833180097562,0.7863560265740132,1
326,9,253.94061877707313,40.6034691895434,1
326,10,240.91244121009854,0.17807798065051972,1
326,11,258.53669450994016,4.4973062967235755,1
326,12,245.38188392942232,4.579262070584019,1
326,13,282.3651237129191,10.561047035515024,1
326,14,-11.654425932240795,-2.8727888351715625,2
326,15,9.30576602075541,2.7412774749796722,2
326,16,4.056631478052317,2.1194590256711145,2
326,17,21.540175822255765,-22.24584919147661,2
326,18,-9.795169434629623,-37.38574861449212,2
326,19,-20.123179090449817,-13.99530757993411,2
327,0,-262.7326229820333,-19.10359418963867,0
327,1,-251.26428335123234,1.984015040123614,0
327,2,-236.87297543683087,9.040564881672813,0
327,3,-246.75117011047578,2.7690235504892255,0
327,4,-240.0439130794674,-12.412806212591649,0
327,5,-251.2420044850752,1.0113188808769904,0
327,6,-255.8290014925328,1.124844532305276,0
327,7,-260.608721155527,-23.327236012182592,0
327,8,250.0929920748279,1.6540751050617848,1
327,9,254.29198508650634,40.90170960522248,1
327,10,240.45612806813588,0.36641510244894027,1
327,11,259.89752129788224,4.86195430607667,1
327,12,246.2056585571618,5.132854227533547,1
327,13,283.09477286412465,11.310765273250029,1
327,14,-11.040541418836526,-1.5104727559624487,2
327,15,8.555908545589057,2.3975937307045996,2
327,16,3.3684787873529083,1.6156720119841914,2
327,17,21.21596627052314,-21.337616156487826,2
327,18,-8.673548128128989,-38.22877607669832,2
327,19,-19.503661381813927,-14.648878918913844,2
328,0,-262.1470238937132,-19.51976916550795,0
328,1,-250.91013026262672,2.7166961207281757,0
328,2,-237.68755579789772,8.713580297103746,0
328,3,-247.67716528409048,2.9724790072009672,0
328,4,-241.19156854543698,-11.886386056822095,0
328,5,-253.08624849395272,1.3416919822392979,0
328,6,-255.1289485048532,1.5037905235567133,0
328,7,-260.77761573084456,-23.64212197974438,0
328,8,251.14611084579073,0.9578054186898213,1
328,9,256.442847051726,40.85801286115658,1
328,10,239.23936806070992,1.0422926345639065,1
328,11,260.15276748106703,5.111593868030548,1
328,12,246.07640632450887,5.003969594399827,1
328,13,282.16945975681847,11.153402678009353,1
328,14,-11.187335077205361,-1.24544117239893,2
328,15,8.373027155260608,2.1248248236529044,2
328,16,4.001845937024605,0.6384609570350311,2
328,17,20.71495929460991,-21.499485793115927,2
328,18,-9.17963272996328,-38.260827266478685,2
328,19,-18.647296338248008,-14.923718071348423,2
329,0,-261.5470124377971,-18.485161527032403,0
329,1,-251.6320941549524,2.7671029259048265,0
329,2,-236.6352179258925,8.550741763753276,0
329,3,-248.1384382819381,3.51203243948693,0
329,4,-242.2016385450501,-12.53481544347122,0
329,5,-252.90225002233845,0.8061766407288681,0
329,6,-254.9246044553063,0.8064191296033926,0
329,7,-261.09631521723213,-23.339704411622698,0
329,8,251.5141434554344,1.4740369347853428,1
329,9,259.12406438810467,42.24027187387744,1
329,10,239.40308507955007,0.9521376389359428,1
329,11,260.58359777682307,4.878669967028205,1
329,12,247.67508032837733,5.89459384922131,1
329,13,283.5851627163527,10.639797594226849,1
329,14,-10.432829171659192,-0.6294466480950908,2
329,15,6.928207793036963,1.6295525853401691,2
329,16,6.173858319528513,0.6813350494819804,2
329,17,19.83988034050858,-21.565601216606186,2
329,18,-8.51790540574724,-37.76347434298029,2
329,19,-17.88554863096358,-15.380866806902949,2
330,0,-261.9980934965495,-20.87099605551829,0
330,1,-252.6873579064729,3.463307846283095,0
330,2,-237.98491063574323,8.197958031314233,0
330,3,-249.15055290265002,2.5911240424266637,0
330,4,-243.7082665613895,-12.0714567349284,0
330,5,-253.33820812630336,0.5706394192359528,0
330,6,-257.0718559772592,2.2095757087561547,0
330,7,-263.52089834084416,-23.634621645063056,0
330,8,251.71161541521263,0.520494368429559,1
330,9,260.6525589108375,43.120254651627434,1
330,10,240.0660462702366,-0.6003286610793137,1
330,11,261.60922743791934,3.8352042139203375,1
330,12,249.35970571733606,6.526599821156081,1
330,13,285.64718005377625,10.670949530604453,1
330,14,-10.436279697370596,-0.4724954654985375,2
330,15,7.5305358288175235,1.7323481185008651,2
330,16,5.633012081815119,1.2316878528880064,2
330,17,20.90332953054894,-21.915932766310696,2
330,18,-7.8561198139472035,-37.98197208929934,2
330,19,-18.182221327938446,-14.96146911145524,2
331,0,-262.1131763636845,-21.237899631373036,0
331,1,-253.37450367535425,3.8066285980936656,0
331,2,-238.87104652634616,8.794832965398946,0
331,3,-249.64630777999872,2.476123142437744,0
331,4,-243.19301169388726,-11.176460977361792,0
331,5,-255.26601515237707,-0.4396276827871376,0
331,6,-258.80706519831904,2.3358359972614413,0
331,7,-263.96587948771787,-25.3524985602697,0
331,8,252.1928974286745,1.0573436903584699,1
331,9,260.9002964738923,43.132383845843165,1
331,10,240.98440091505637,-0.4939044024439902,1
331,11,261.97650042309544,3.4461613767158954,1
331,12,249.85460083580583,6.36704535515727,1
331,13,287.01571587794666,10.991382701396764,1
331,14,-10.0397858014296,-0.526269197250463,2
331,15,8.308518104392961,1.696636412242289,2
331,16,6.028837954801957,2.4122346792900236,2
331,17,19.584943035277973,-23.131400146509606,2
331,18,-7.415733713326219,-37.81174106160393,2
331,19,-17.548912378337608,-14.409058911419047,2
332,0,-263.3391853300714,-20.491179028534145,0
332,1,-254.36550292942496,4.005517027384846,0
332,2,-239.40775010203984,8.78701793313689,0
332,3,-250.2067202903847,1.4419430710213132,0
332,4,-245.0465607988805,-10.859433673799558,0
332,5,-255.43270267672926,0.31334953099384655,0
332,6,-258.96445227396913,1.9643132481859291,0
332,7,-263.9717583571176,-25.677016969039716,0
332,8,252.97844111894622,0.3204244832929368,1
332,9,262.0418393455711,42.291291968271814,1
332,10,241.91715768632454,1.7835100136088013,1
332,11,263.60401375090373,3.0987756801271678,1
332,12,252.05184764605096,7.494015381430771,1
332,13,287.19026619011834,11.458120535706593,1
332,14,-9.403209670207792,-0.2508523947607327,2
332,15,9.23402867373144,1.369380695851605,2
332,16,4.115715748019961,2.486976588917073,2
332,17,19.911050249730142,-23.280185325316744,2
332,18,-5.85617163672922,-36.43916673790001,2
332,19,-18.194314083877998,-15.580408786575537,2
333,0,-263.34976019620024,-20.748933374890708,0
333,1,-255.79892974212882,5.128034444376011,0
333,2,-241.797195016409,9.244535671556845,0
333,3,-251.1780174626676,1.755014236492113,0
333,4,-245.995966684337,-10.540815654436626,0
333,5,-257.6095240272838,-0.12419764545988188,0
333,6,-259.80737201526154,2.5829281385877985,0
333,7,-265.2404641309515,-24.9819953162882,0
333,8,253.24090179709964,-0.2367723097552048,1
333,9,264.15606189183063,41.073908410488585,1
333,10,242.3135445475311,2.0812630490498263,1
333,11,265.96266124160434,3.62880019666453,1
333,12,252.92723397790257,8.056691219141637,1
333,13,286.43087448598976,11.757986435517026,1
333,14,-8.691297158009906,-0.6372474154189065,2
333,15,9.33272212486607,2.297287043165263,2
333,16,4.999930060782924,1.3406036498875127,2
333,17,21.641071552394898,-23.42622235258139,2
333,18,-5.362918230354474,-35.65498089198484,2
333,19,-17.842941018872274,-15.58099911841283,2
334,0,-264.7043897258449,-19.849181150147174,0
334,1,-256.3714323269621,6.050859815581587,0
334,2,-241.66948554396197,8.222722229242388,0
334,3,-252.77162960099614,3.3503366760658544,0
334,4,-246.94552455481016,-11.096007173267788,0
334,5,-257.4396071568727,0.7769669895568956,0
334,6,-261.6586011082533,2.0177276235282657,0
334,7,-265.89770376049927,-24.91625975970066,0
334,8,254.8803228719624,0.7883950315422978,1
334,9,265.1127282003207,41.882804702375864,1
334,10,243.7089973204768,1.513303085363595,1
334,11,267.20886905714383,3.457922312051013,1
334,12,252.8013723112778,8.529742326737145,1
334,13,288.11288412451376,10.449874205170833,1
334,14,-9.024243832565105,-1.3338135454408784,2
334,15,9.238895258163268,2.637945149243048,2
334,16,4.645853804605345,1.6274997420671526,2
334,17,21.04001395899895,-23.787885978093918,2
334,18,-4.7379235500298496,-34.63424094273319,2
334,19,-18.862869926121675,-16.247434664959027,2
335,0,-266.0838710954024,-17.854817237992307,0
335,1,-257.5272060249975,5.037684302303999,0
335,2,-242.99721034639117,9.20592234697337,0
335,3,-254.1554852779338,4.936083581865136,0
335,4,-246.59666875543635,-11.966727435019504,0
335,5,-258.5452479179259,0.359164422975671,0
335,6,-262.1539759259289,1.6093697439604213,0
335,7,-266.3936713387582,-26.26477864611864,0
335,8,256.3189129340327,1.3003263038586748,1
335,9,265.2780338629446,41.34937240890991,1
335,10,243.46651524188835,2.035134023896036,1
335,11,268.67013198820524,3.6059432413126675,1
335,12,253.9327308382515,7.225478633085333,1
335,13,288.5106124664765,11.227899386832483,1
335,14,-10.709504860447574,-3.493540257129075,2
335,15,9.068567994715886,2.8110269794650478,2
335,16,4.685006082870795,0.8375241067108583,2
335,17,21.523482085864323,-25.34129737991251,2
335,18,-4.326164953932478,-33.90985800487457,2
335,19,-19.014760900661585,-16.703011242451876,2
336,0,-267.15749514487254,-17.451087450964053,0
336,1,-259.1111334983337,5.604615957833752,0
336,2,-243.04718887435325,10.107444344575937,0
336,3,-256.20946187789525,3.986362139174432,0
336,4,-247.60463435498102,-10.62989117590955,0
336,5,-258.91194197360153,0.08905286487814729,0
336,6,-262.21835711032185,1.5415513515835049,0
336,7,-267.5203023207811,-27.250556342501756,0
336,8,257.4021556288839,1.8558274542154707,1
336,9,265.9593997536373,41.11829819227923,1
336,10,244.55382041315966,1.6012293698320728,1
336,11,269.4483803429407,4.242663620494817,1
336,12,254.88912731882564,6.869303827879986,1
336,13,290.9264388687339,10.186849214988362,1
336,14,-9.664550329885564,-4.702619074912622,2
336,15,8.767645910354823,2.98171250549228,2
336,16,4.6269638343143304,1.2771480190842763,2
336,17,20.867717951818424,-25.02184971625493,2
336,18,-3.422699153832177,-34.14597333103859,2
336,19,-19.658256674308582,-18.592698891199284,2
337,0,-268.5313265894026,-17.4344295281768,0
337,1,-259.2470674123247,6.0910011965004,0
337,2,-243.93265236227126,10.441919410176215,0
337,3,-258.367191917952,4.944166644817555,0
337,4,-247.9295245566851,-11.164522121342934,0
337,5,-259.9178537983968,-1.34551294206844,0
337,6,-261.6416479203223,1.0698861254588714,0
337,7,-268.16393582058896,-26.085255022563377,0
337,8,257.96336945982813,1.4825001100676214,1
337,9,267.01797539831085,41.647647942086344,1
337,10,245.66153310789772,1.389338682162833,1
337,11,270.52608490553104,5.62053944442713,1
337,12,256.68896107243245,6.466843571237839,1
337,13,292.4118438042422,9.743308415272418,1
337,14,-8.688094960102074,-4.523621165952599,2
337,15,9.374495454662402,2.9091778938971466,2
337,16,5.28071871464423,2.999789108787124,2
337,17,19.459624143523975,-25.719036011790973,2
337,18,-3.6217020468672216,-33.97886111587932,2
337,19,-19.307191872649753,-18.416397423107902,2
338,0,-267.66999256106095,-18.10738222647277,0
338,1,-262.15330779986704,3.973890269828478,0
338,2,-244.30969707276938,11.632068146882794,0
338,3,-258.08863711399175,4.807378171784187,0
338,4,-248.69728745392382,-10.725115664231508,0
338,5,-261.58032049080566,-1.7429416248297616,0
338,6,-262.19669107520895,1.1931823770736294,0
338,7,-269.5640036850915,-25.298115758612315,0
338,8,258.62452996925145,-0.5357851572002976,1
338,9,268.2876034450889,43.03235903797717,1
338,10,247.20072932492042,-0.9442173016726947,1
338,11,270.6957661683586,7.017519132854076,1
338,12,256.8880090944684,6.952975862771785,1
338,13,292.5079737591057,10.231371976083045,1
338,14,-9.828405578490306,-3.8476058142103366,2
338,15,9.094193138863986,1.7663169933965361,2
338,16,5.078330640395442,2.9803036434654744,2
338,17,20.249344334161716,-25.753467539910712,2
338,18,-4.176871329439249,-34.77551298458684,2
338,19,-18.30059812134664,-17.856518754303274,2
339,0,-268.3699138776134,-18.634399236063494,0
339,1,-262.7561468541881,3.498539995059341,0
339,2,-244.3649326541157,12.150186145132635,0
339,3,-258.9352946759473,4.704367303548974,0
339,4,-249.9073779136538,-10.196008961347662,0
339,5,-262.9144475812464,-2.2722246721666006,0
339,6,-262.3993015335662,-0.07001149752520419,0
339,7,-272.65329862827394,-25.570595291455607,0
339,8,259.574148702647,0.2751090791361501,1
339,9,268.70502591224937,41.93620853407917,1
339,10,248.4719074600139,-1.7577003942114016,1
339,11,270.75845804904503,7.699637203453747,1
339,12,256.602829367001,5.5875374113405005,1
339,13,293.60053825975234,11.17616328895295,1
339,14,-9.401279009779275,-3.163585055762569,2
339,15,9.555931036953199,3.002864855554212,2
339,16,5.387600713337452,2.1014840167100854,2
339,17,21.441585376999733,-25.403309649806605,2
339,18,-4.773706502285066,-35.53590251902385,2
339,19,-18.98989141419311,-18.24226648708277,2
340,0,-269.09638251859053,-18.25934894154305,0
340,1,-263.6465589281928,3.0377848959762415,0
340,2,-245.69321998221133,12.202046359524616,0
340,3,-259.2266662062192,4.261411831029932,0
340,4,-252.24309932840407,-8.25821195689793,0
340,5,-262.86737701388535,-2.6392919419706935,0
340,6,-264.2556775596119,0.12358092103583604,0
340,7,-274.46256047245305,-26.30068943662583,0
340,8,260.0031125008681,-1.1293620199246246,1
340,9,269.7403555247169,42.0397208578309,1
340,10,248.6329591319551,-1.312288318772066,1
340,11,271.6350094925618,7.492555990881373,1
340,12,257.15986208309664,6.412657168210753,1
340,13,292.5642534096797,11.095456117947295,1
340,14,-9.586260528465209,-2.296420859134991,2
340,15,9.297879738830074,2.7069236940345283,2
340,16,4.477122227260771,1.8373538244099195,2
340,17,21.118507586480174,-26.290054507632885,2
340,18,-5.748010820302568,-35.42913404633065,2
340,19,-18.864349178144376,-18.934078346480067,2
341,0,-270.9006932401979,-19.22793921621407,0
341,1,-265.67790309861914,2.7675632244366875,0
341,2,-246.8588394613744,12.861701045446653,0
341,3,-258.87511960093514,5.368993926603816,0
341,4,-252.06862166128187,-7.386504754988037,0
341,5,-263.85608150047193,-1.5215399978820172,0
341,6,-265.70381474151026,-0.7072054072767642,0
341,7,-276.49736599687986,-26.238881748124193,0
341,8,260.2232681207479,-1.8580973449810236,1
341,9,270.529609828086,40.27798746470709,1
341,10,248.82366076888417,-2.1005244904607405,1
341,11,271.9525945022983,8.18684399594666,1
341,12,258.06319466019994,5.4469947800160385,1
341,13,293.0307680937663,10.907594166849993,1
341,14,-10.865388309048996,-2.5942172440015967,2
341,15,9.077234020342376,2.8645520872921724,2
341,16,4.439482531818882,2.876276614219687,2
341,17,22.110881133216846,-26.573801383092402,2
341,18,-5.774170511572505,-35.34933733640553,2
341,19,-17.59010326558886,-19.14448837853074,2
342,0,-271.3585186104912,-19.070320571022823,0
342,1,-266.63473590719803,1.8464179772929143,0
342,2,-246.64369886007267,15.66671216813975,0
342,3,-260.25664873125834,5.398300356790495,0
342,4,-253.93031082923497,-7.064714685624126,0
342,5,-264.93826965643564,-0.5122180379207035,0
342,6,-267.85166584188926,0.1320145510808748,0
342,7,-278.4123252128089,-27.187128134225,0
342,8,260.3647674066153,-3.394483785792346,1
342,9,271.2270771911796,40.05755361625327,1
342,10,248.2803947649638,-3.0749801494042277,1
342,11,274.4606775617039,8.201018208021988,1
342,12,259.268479158955,5.7176735006811406,1
342,13,294.3711735503006,11.910673432076615,1
342,14,-10.328703074624089,-3.0017552613204064,2
342,15,9.653555785492568,2.3643028793343612,2
342,16,3.666323225462833,3.8706772496552984,2
342,17,20.938796902640792,-26.90540224149551,2
342,18,-6.006473624260469,-35.99316487983758,2
342,19,-17.563774091807296,-19.294259184832946,2
343,0,-270.81105555876593,-20.178529760492115,0
343,1,-268.17345895491417,2.0711925221720557,0
343,2,-247.84535126754946,15.804715051733789,0
343,3,-261.5863381984927,6.9023883404758255,0
343,4,-253.45229375502439,-6.936725019626462,0
343,5,-264.1140615757734,-0.46811003749055063,0
343,6,-268.57172382440285,-0.03537289091970047,0
343,7,-279.13486618900737,-27.741959500638085,0
343,8,260.3784205393126,-3.773544052466539,1
343,9,272.79853658882865,40.03072236680344,1
343,10,247.79960750396052,-4.451472263189287,1
343,11,275.80979809748067,7.827527865609805,1
343,12,259.35808719110844,3.7908882507380435,1
343,13,297.17664110145364,11.474219098397468,1
343,14,-10.473028373721176,-2.4901917021445956,2
343,15,8.751837746488574,2.5585503355155925,2
343,16,3.418635483072763,4.084820852032474,2
343,17,21.13873423596719,-28.896389936398425,2
343,18,-4.973947559884798,-35.13236131859566,2
343,19,-17.90973340950606,-18.73405825539341,2
344,0,-272.55079061429075,-19.563463133215844,0
344,1,-268.00242859139416,3.3207098015137997,0
344,2,-248.65788860584246,15.202133321062067,0
344,3,-262.1679152305932,6.511032733689225,0
344,4,-255.4519233484545,-7.699151642784565,0
344,5,-265.1051409618856,-1.6835898958503805,0
344,6,-269.9503331098603,0.3912702131858727,0
344,7,-279.8649487043183,-28.183003764656124,0
344,8,259.50352000984253,-3.5706940603767823,1
344,9,273.9900068845095,39.726278478950015,1
344,10,250.00049883786983,-3.94124037530302,1
344,11,276.692495063776,8.386490808628311,1
344,12,259.6281091627274,3.7793147108618665,1
344,13,298.9682339161008,12.06513204549379,1
344,14,-10.067711686152395,-2.221685269354536,2
344,15,8.21090355265062,3.161076375562083,2
344,16,3.752358191835576,3.7792093907672637,2
344,17,21.96924563466146,-29.49191323770871,2
344,18,-4.929359187945211,-34.49976547746733,2
344,19,-17.37122864105347,-18.69114178997431,2
345,0,-274.40964702571495,-19.72752724615971,0
345,1,-269.1407711363228,2.257069850419311,0
345,2,-249.12533281007654,14.094675925629533,0
345,3,-262.86724314320793,7.482698927188073,0
345,4,-256.3866946961575,-7.5593017904923965,0
345,5,-264.72612136792895,-2.3556481649564622,0
345,6,-270.2268808973425,-0.3311523140905919,0
345,7,-281.0417383922986,-27.39543360392007,0
345,8,259.48402004896116,-3.1133937335255717,1
345,9,274.82210656564575,39.284171159344204,1
345,10,250.35092678068156,-4.9364327286135845,1
345,11,278.63686733352904,9.058514279769788,1
345,12,260.931868885043,4.023640962399352,1
345,13,300.25733476239037,11.174673806062266,1
345,14,-9.788897586360138,-2.1341630163318146,2
345,15,7.749351555251196,3.2521499788277124,2
345,16,4.027347362962563,4.016995159506397,2
345,17,20.221309952251104,-28.28957054918587,2
345,18,-5.414170498416455,-34.31066918353243,2
345,19,-18.213088998298005,-18.330779319118292,2
346,0,-274.12678598303484,-20.779033248851544,0
346,1,-269.4485999922162,2.2039183449667727,0
346,2,-250.06282768146067,13.309894932000057,0
346,3,-262.81435199872175,7.518827457549228,0
346,4,-257.3639410724215,-6.721914254838865,0
346,5,-267.0096289705662,-3.0140565344903227,0
346,6,-269.9378482000148,-1.0328862888411903,0
346,7,-283.17719426028185,-27.49776765269588,0
346,8,261.0935243022402,-2.341505099364314,1
346,9,274.9633368535058,40.71617033087324,1
346,10,249.73389762231113,-4.102614762800782,1
346,11,279.75907728351706,9.024091723713903,1
346,12,262.42096821891283,3.9937751444706278,1
346,13,300.88870065731953,11.1947333196201,1
346,14,-9.115591233841984,-1.6649816952127268,2
346,15,7.317344685512916,2.2380226332755413,2
346,16,3.1840918994179015,4.510914432235254,2
346,17,20.1823322408167,-28.329251315578453,2
346,18,-6.560938444128571,-35.25754435187076,2
346,19,-18.994232770657682,-17.872492783611865,2
347,0,-275.8996159603958,-21.61414766976157,0
347,1,-270.17799742672685,2.512023546271666,0
347,2,-252.37475567012294,14.04138666184825,0
347,3,-263.51217167678215,7.464753404675421,0
347,4,-258.3641892638596,-5.634459985625338,0
347,5,-267.5715119300588,-2.9888187048355452,0
347,6,-271.80281565266506,-0.3445070232811026,0
347,7,-283.4992169552534,-26.684141865005774,0
347,8,261.0943389436468,-2.434194504386289,1
347,9,275.25100028623496,41.80551993082525,1
347,10,250.11914387889001,-4.282968712687136,1
347,11,281.3864371581689,8.091495083433873,1
347,12,263.5490911576025,4.804205166087104,1
347,13,301.314247732251,11.090605851670254,1
347,14,-9.067543883547142,-1.6932199300387043,2
347,15,7.2973213331435645,2.4486120057429916,2
347,16,2.3357966713887537,6.286691265644886,2
347,17,21.488164988176067,-28.833471622600047,2
347,18,-6.89523778932207,-36.5938544708655,2
347,19,-17.57212420455074,-16.171623137968773,2
348,0,-276.3086883263222,-20.98779069852325,0
348,1,-270.01621355416296,1.829456851180419,0
348,2,-253.33783742689602,13.873396582457397,0
348,3,-263.9968142378992,7.040551089801549,0
348,4,-259.2309954764718,-4.613998967241045,0
348,5,-268.4101623541701,-1.9796809544970997,0
348,6,-273.0806525106546,-0.4705176607726895,0
348,7,-283.81745333830355,-26.977917058507714,0
348,8,262.1571801417383,-1.5710342075506163,1
348,9,276.00065544192336,42.92777483379945,1
348,10,249.19745501604208,-4.898615257272826,1
348,11,283.05387347479257,6.4235532619167985,1
348,12,264.5305807894568,4.533428340699612,1
348,13,302.5361088014464,10.295322156021642,1
348,14,-9.263460698402895,-0.6831806210725475,2
348,15,8.425448290776925,2.421430719218751,2
348,16,2.0307084008298917,5.687882659408557,2
348,17,21.980118479207327,-29.438654408011185,2
348,18,-7.374964094852483,-36.80528681290014,2
348,19,-16.562571177835153,-16.657180759977393,2
349,0,-276.6351059538363,-20.816333271367736,0
349,1,-270.627278372647,1.5311207900321189,0
349,2,-253.68269566529128,12.95767779015314,0
349,3,-264.4502313269466,6.23518815259114,0
349,4,-259.8377292045357,-4.407038868832932,0
349,5,-269.78452475780284,-2.289559286849075,0
349,6,-272.3590823831824,-0.36862417299906614,0
349,7,-284.4797254671365,-25.761744193082272,0
349,8,262.95136424295663,-1.8983909155754883,1
349,9,275.85184579216394,43.734736329449206,1
349,10,250.7438146317801,-5.092131486062979,1
349,11,283.0277412237252,6.839439746653885,1
349,12,264.7110676557291,3.3196912124705285,1
349,13,303.55300040504596,9.840568377337666,1
349,14,-9.314898829731064,-0.7524694567446776,2
349,15,8.991949756265994,2.6562404804029103,2
349,16,2.3267797308891938,5.252513679330409,2
349,17,22.017926606788734,-28.873498083642385,2
349,18,-7.355677060464608,-37.23689914493586,2
349,19,-15.901512401851416,-16.883768925199146,2
350,0,-278.3601626208966,-21.74544713289029,0
350,1,-271.585198256257,1.242727149875005,0
350,2,-253.73248642263266,14.205921504306337,0
350,3,-266.51372471393165,7.39012537693651,0
350,4,-260.59477425820177,-4.403972793116854,0
350,5,-270.3217570055867,-2.46904069177853,0
350,6,-273.2026439404143,-1.699136518549957,0
350,7,-284.4571713634881,-26.142170044731643,0
350,8,263.17315421518214,-1.872902721669504,1
350,9,275.7512050372642,43.081632361399365,1
350,10,252.12371693049914,-5.478692328105172,1
350,11,284.1658552524024,7.04902986885059,1
350,12,264.65097752719834,3.3915915286001073,1
350,13,304.4458202665585,10.190045467611181,1
350,14,-8.769724121548963,-0.6942932269856485,2
350,15,6.6125661415491646,2.8201115660435594,2
350,16,2.739907027244189,5.857446066813165,2
350,17,21.645288478319042,-28.651933074460494,2
350,18,-6.80919493076933,-36.50007762912577,2
350,19,-15.441679076860469,-16.808067425037056,2
351,0,-278.50478487851683,-20.609469684398928,0
351,1,-273.3949882289058,-0.13203684043452069,0
351,2,-253.27060484530557,15.10152725832297,0
351,3,-266.76564446510054,6.528244411362572,0
351,4,-261.2419540871807,-3.8942033720197493,0
351,5,-271.6040503957595,-1.7707087414443743,0
351,6,-273.39343727182126,-1.092142317180404,0
351,7,-284.17641417566523,-26.811131957117478,0
351,8,262.41736659863386,-1.618576722318026,1
351,9,277.06368112972876,42.83558672962335,1
351,10,254.70654657676366,-4.781083584602956,1
351,11,285.8436675115941,6.368034934696434,1
351,12,265.93793795104887,3.1486634809802325,1
351,13,305.6972685720923,9.660964290710748,1
351,14,-8.660627728688858,-1.2899571857740622,2
351,15,7.712731681844727,2.7138565058690065,2
351,16,3.7012474205676487,4.361809410967719,2
351,17,20.43491571738937,-29.133296408713683,2
351,18,-7.230878823419044,-36.79479249861561,2
351,19,-15.259129190545519,-15.783772112062007,2
352,0,-278.36412800518065,-21.929623928195056,0
352,1,-274.8523610620585,-0.6254419917018044,0
352,2,-254.45860658933802,14.845570474472186,0
352,3,-267.32430669996626,7.7642329724366155,0
352,4,-262.50765966152125,-4.091295632030244,0
352,5,-273.1106317049033,-0.3199688725735239,0
352,6,-275.7707172702871,-0.8302120356724747,0
352,7,-286.26892642270093,-26.31554935345975,0
352,8,263.51219622438805,-2.040538840388143,1
352,9,277.13751315668185,42.555524733857446,1
352,10,255.21777915642656,-4.427148397127465,1
352,11,287.64561104206604,6.626442250757606,1
352,12,266.22307104121967,3.761244352427477,1
352,13,306.1624783673505,10.096980345162912,1
352,14,-7.843369415902174,0.11179881311046325,2
352,15,7.681626707256652,2.5153444312215383,2
352,16,3.4083942248292733,4.7817445838887895,2
352,17,20.84163562724856,-28.734049822469572,2
352,18,-7.421559010573605,-36.23745991399383,2
352,19,-15.058575861105382,-17.298240303006082,2
353,0,-278.85401672717654,-22.487051010402357,0
353,1,-274.8924876677886,-0.5455311208105682,0
353,2,-254.2526110298358,14.678051102784472,0
353,3,-267.4967884641207,7.816901650596501,0
353,4,-264.5885078533658,-3.722236291003412,0
353,5,-273.22045457185686,-1.808316333028317,0
353,6,-276.4441111104866,-1.2191995154595514,0
353,7,-287.38745065144127,-27.505581132369226,0
353,8,263.59057042151437,-1.2010160161713976,1
353,9,277.35040713887867,41.74898321526724,1
353,10,256.13258147663305,-5.661672917774319,1
353,11,287.1212429396238,6.19096161013535,1
353,12,266.2217901942074,2.670808599796352,1
353,13,306.85448609746487,9.471589060891697,1
353,14,-7.192208791071511,0.7953716820027167,2
353,15,9.687002186445087,0.6000468454054577,2
353,16,4.08404780906213,4.264932977757356,2
353,17,21.613448549315148,-29.127346748153077,2
353,18,-8.16963097077803,-36.88488443367642,2
353,19,-15.671144996614222,-17.74035819764167,2
354,0,-278.74467535233026,-21.861071141285386,0
354,1,-275.2113043717471,0.6016214512595726,0
354,2,-255.98809409957371,14.010114702317743,0
354,3,-268.55127143445003,8.574612912430643,0
354,4,-265.33767096728155,-4.318192147508971,0
354,5,-273.7211772748292,-1.6414825825789854,0
354,6,-277.3051790267146,-0.6974807577845294,0
354,7,-287.32770723122144,-27.68924036253521,0
354,8,264.66904718860275,-2.7458111891864427,1
354,9,277.17003787207597,40.80059774774143,1
354,10,257.1541661874723,-6.741423756962444,1
354,11,288.21369613222356,6.442677023235171,1
354,12,267.51466947400996,2.605381039264361,1
354,13,307.59945255317496,9.680751556104578,1
354,14,-6.631435506886463,1.5055977137042413,2
354,15,10.223287288430507,-0.1417517177134493,2
354,16,4.113283556514471,4.557374001570811,2
354,17,21.187247980206273,-28.939931045236875,2
354,18,-8.322523749611245,-36.8829219886501,2
354,19,-14.909528319490574,-17.79566710235778,2
355,0,-279.6378669177679,-22.089417877763484,0
355,1,-275.2825822263535,1.245858567603603,0
355,2,-256.3789633344633,14.224639098788998,0
355,3,-269.95650663972276,8.109457129793709,0
355,4,-266.0568176154772,-5.137955313261673,0
355,5,-274.39687696504507,-0.8629153987881286,0
355,6,-277.7141678742699,-2.520121858741326,0
355,7,-286.90533656585274,-27.85410254698797,0
355,8,267.17729670637806,-2.355109608659716,1
355,9,277.3042987790005,40.2056990305348,1
355,10,257.52357576450976,-7.493674822748695,1
355,11,289.7525176168792,6.986983805551545,1
355,12,267.6143325871154,2.699367672932886,1
355,13,308.7791023833983,10.298544558868565,1
355,14,-6.696991416858425,1.530609699019998,2
355,15,10.561631868200223,-1.6707651585183705,2
355,16,5.386149951822378,3.333704136102587,2
355,17,22.13886247094475,-29.323772448212264,2
355,18,-8.288052000511492,-35.77543380780733,2
355,19,-15.16513849617395,-19.097234028410185,2
356,0,-281.76934313951074,-22.70469179616636,0
356,1,-276.9889516531556,0.8218408627714193,0
356,2,-257.41940464687383,12.321982403797112,0
356,3,-270.35022723717117,8.185266886975423,0
356,4,-267.31148308694594,-6.329240901302087,0
356,5,-274.28509422089974,-0.24971363934252322,0
356,6,-279.63083478415473,-3.1904970969442483,0
356,7,-288.0371077132411,-27.94295430822163,0
356,8,268.0298880345993,-2.7865976868854756,1
356,9,279.0951224809796,40.08744520751343,1
356,10,258.4328782935058,-7.01035861616616,1
356,11,289.0129511753906,5.746063200521385,1
356,12,267.7377023166738,3.9290190620161733,1
356,13,308.34806935406135,11.945873954601486,1
356,14,-6.576421792004323,1.0233333436772454,2
356,15,10.669751509766416,-0.8384426291206839,2
356,16,5.7373474850485735,1.9768927243638013,2
356,17,21.663034328782327,-27.80630413477614,2
356,18,-9.10765829594234,-35.55394770511082,2
356,19,-15.609692419969873,-19.84652823937414,2
357,0,-282.3788505300328,-23.27351916017562,0
357,1,-275.8611163141233,0.3504103892104866,0
357,2,-259.28878020504646,11.923014520198658,0
357,3,-271.5942743266275,9.15566910186791,0
357,4,-268.2768656596042,-6.895754352970661,0
357,5,-275.0226018224332,-0.3693316477033741,0
357,6,-280.18233437163946,-2.6389694447438803,0
357,7,-288.9800301777079,-27.65346328122891,0
357,8,268.26810262594887,-3.4664997761600804,1
357,9,279.03893309975814,41.10188034897354,1
357,10,260.6106509325528,-7.344033840466985,1
357,11,289.33492973897603,5.917607640230565,1
357,12,269.2545878062799,3.2441581280608656,1
357,13,310.01083992570756,10.635287588712513,1
357,14,-6.708346550111353,0.22093332489688355,2
357,15,10.370084208809919,-1.5285356396209233,2
357,16,7.318128564905044,1.9654965850502617,2
357,17,23.177317260898537,-28.21313398813465,2
357,18,-8.806859119672444,-36.9166469596298,2
357,19,-15.731395561401548,-19.015646543949703,2
358,0,-283.66019157806454,-24.270937074965666,0
358,1,-276.49419583144726,-0.21919995022718997,0
358,2,-259.6474885404302,10.649595086088253,0
358,3,-272.86130055919443,9.960749458973318,0
358,4,-269.84579244455233,-7.3889907319538475,0
358,5,-274.88234874038704,0.11563778996679969,0
358,6,-281.27337249964637,-2.979875705573381,0
358,7,-290.3564599117639,-28.166359229703936,0
358,8,270.9207406133958,-4.029070226888113,1
358,9,279.28214483489256,41.67590515133128,1
358,10,261.5718137533521,-7.069109847113728,1
358,11,290.2417535663281,6.271618836140236,1
358,12,268.4011697716147,3.977614862812234,1
358,13,310.48267063404165,11.287840892997192,1
358,14,-6.934428814456051,0.9177271735558729,2
358,15,9.498737892967164,-0.5215140959648581,2
358,16,6.948837720335302,2.0040867569278102,2
358,17,22.384102529645165,-27.205314185261336,2
358,18,-9.260385689983718,-36.74871908134015,2
358,19,-16.06019398795709,-18.763926413143157,2
359,0,-285.1256591030899,-22.11029142845483,0
359,1,-278.67349228621384,-0.6865435046261991,0
359,2,-259.87863656678184,11.314521141323693,0
359,3,-274.51380145550206,9.998058330643744,0
359,4,-270.4419528292309,-7.906843966139815,0
359,5,-275.3047158716615,-0.22805225167860388,0
359,6,-281.6160210610933,-2.2972973083968213,0
359,7,-290.53740814702667,-27.584844002242594,0
359,8,272.32459292582206,-3.960095099681389,1
359,9,280.8960470527628,41.513827544414255,1
359,10,263.99417429646667,-6.53515217096699,1
359,11,290.9790747824344,7.423158092561332,1
359,12,269.3119094250018,2.5895457246938287,1
359,13,310.9489226216123,12.009267888574776,1
359,14,-5.974731949657802,0.3380469135055483,2
359,15,8.307727210814127,0.05919197107788099,2
359,16,6.042813147276579,1.7495099388403788,2
359,17,22.710888355848603,-27.59704443570749,2
359,18,-9.839756985392947,-35.837613390865954,2
359,19,-15.711242729015526,-18.95637142839857,2
360,0,-285.89622927049356,-21.595491256565246,0
360,1,-279.7562706138495,-0.9219801110677222,0
360,2,-261.5061623858082,11.863945468172417,0
360,3,-275.1451990864617,9.9936174628834,0
360,4,-271.1867673950641,-7.704610340890234,0
360,5,-275.4107848720882,0.45082774024218186,0
360,6,-283.19121928921794,-2.3857743018760194,0
360,7,-291.7241302096282,-27.338982204492382,0
360,8,273.091418505867,-3.5794613134037854,1
360,9,281.56728330274643,41.09360961547868,1
360,10,265.20403096733475,-7.044592510489576,1
360,11,293.08283679623946,7.763683338268851,1
360,12,271.5892567275251,3.2219528991315256,1
360,13,311.06757737603556,11.823130467687314,1
360,14,-4.650127986952657,-0.011281065606805196,2
360,15,6.874526817024693,0.1825676187626553,2
360,16,7.086967524240698,2.5327672876312013,2
360,17,23.132042374154015,-27.416164159251455,2
360,18,-9.976385259323152,-35.78345740119483,2
360,19,-15.40655495296111,-17.706717386205273,2
361,0,-286.66644814357926,-21.261994786378214,0
361,1,-280.5527486503933,-0.46008516848679093,0
361,2,-264.02273977583474,13.048429070014882,0
361,3,-275.8539231454208,10.062288914688184,0
361,4,-271.30958571199005,-7.6257926198580295,0
361,5,-276.66105292386703,1.0945016247209034,0
361,6,-284.00870688225024,-1.1193641260760874,0
361,7,-293.897337400392,-26.68343576693823,0
361,8,273.83811577239703,-3.2819710936308826,1
361,9,282.1378842510022,41.98256164554573,1
361,10,265.12179575410414,-6.596012082769462,1
361,11,293.8623309103409,8.84852699019409,1
361,12,272.3838804116095,2.3786506253413178,1
361,13,312.62086609498374,11.129710949100826,1
361,14,-4.0637233315570285,-0.426112740417809,2
361,15,8.58040980230406,0.6513084963681753,2
361,16,6.2913467629578905,2.802520407533802,2
361,17,23.07849525200039,-28.098176813851794,2
361,18,-11.297988522978947,-35.99818389105467,2
361,19,-14.007957226504152,-16.865835513906394,2
362,0,-287.772390294851,-20.43939540529888,0
362,1,-280.8074593315419,0.3305790537794835,0
362,2,-265.8669894178003,14.066775819207214,0
362,3,-275.86785616461236,9.382448103767564,0
362,4,-271.35221505206187,-7.62690217812809,0
362,5,-276.0301156998736,1.153270265970318,0
362,6,-284.4312020350009,-1.4981436767216514,0
362,7,-295.22532048730096,-26.501092161740665,0
362,8,275.6564796700175,-4.272142469385766,1
362,9,283.6562920393951,42.583534625809705,1
362,10,266.0261200744153,-6.91032180092345,1
362,11,295.1496674176846,8.388388588267924,1
362,12,272.93144177697485,3.602870441724719,1
362,13,313.61687950828394,11.336877820273221,1
362,14,-4.165661768839988,-1.559171167561785,2
362,15,8.60063864297339,0.46165302373427697,2
362,16,6.235465057447985,2.166939715250955,2
362,17,21.707357603380487,-28.55135077618725,2
362,18,-12.1599517680933,-35.44300932784343,2
362,19,-14.11501141011677,-17.90132380894122,2
363,0,-288.26433806487523,-20.73168805979768,0
363,1,-281.05318468061694,1.0226197064343503,0
363,2,-268.27350661742753,12.443624733373907,0
363,3,-276.0850371417372,7.912903965410776,0
363,4,-272.21873659635224,-6.835734979541647,0
363,5,-277.584712826788,0.5872253231255179,0
363,6,-286.81468186406005,-1.357114474318803,0
363,7,-296.5908570496563,-26.984042883983697,0
363,8,275.60527788446956,-3.7824156601316647,1
363,9,284.9082972054608,41.777895198691816,1
363,10,266.8676794533092,-6.918656794292016,1
363,11,295.8012445041949,8.063202893716577,1
363,12,273.8370910456258,3.066235299198555,1
363,13,314.6329810751385,10.057174100821921,1
363,14,-4.2183858392758085,-1.531220121625153,2
363,15,8.22081519182602,-0.10268633970883567,2
363,16,6.722932509643353,1.8047705023832048,2
363,17,21.660025510755982,-28.129619356838692,2
363,18,-11.516335416320757,-35.17373122885464,2
363,19,-13.948381342909585,-17.93303619985812,2
364,0,-288.17015201049253,-22.62991871044185,0
364,1,-282.23996277901983,2.1989249553038586,0
364,2,-268.92340808814845,11.541476969464645,0
364,3,-276.08110257033945,7.616891064542992,0
364,4,-272.7687034492062,-6.18164256741127,0
364,5,-279.0153313592739,-1.048168208406263,0
364,6,-287.7799294831642,-1.689018407808773,0
364,7,-295.9277163360276,-27.443422583290687,0
364,8,278.49533353871414,-3.374133502523682,1
364,9,284.70350719736285,41.700612638889965,1
364,10,266.04174565558816,-7.745214445798938,1
364,11,296.89228156144367,8.359237884448266,1
364,12,277.10348650850614,2.2450831229858927,1
364,13,314.16209411212196,8.859286856948716,1
364,14,-5.053122552683382,-1.9007662671095995,2
364,15,8.803981931114059,-0.4510444584582076,2
364,16,6.433037993745913,1.487602245991364,2
364,17,21.3842152803531,-27.23479615540884,2
364,18,-11.28167002892196,-34.348345578848004,2
364,19,-13.681596762121535,-18.097453343188803,2
365,0,-288.2905161683208,-21.68590898206922,0
365,1,-282.97138981995266,2.4310353599436105,0
365,2,-269.00223374216563,11.37049881290672,0
365,3,-277.4119206410586,7.666968169091909,0
365,4,-273.2867159489187,-6.5098820841187575,0
365,5,-279.78911245229494,-1.4481910187626879,0
365,6,-288.7812957212107,-1.3717447534828398,0
365,7,-297.1912926066128,-26.815850039657384,0
365,8,279.307233577551,-2.82217370185136,1
365,9,284.4093266267085,41.26431515845484,1
365,10,267.9088114595701,-7.475649768277611,1
365,11,296.2454477208966,8.059287632880622,1
365,12,278.3272182538719,2.903489031648191,1
365,13,315.06562907799,7.295283604631409,1
365,14,-4.5791365293059725,-2.088038497693161,2
365,15,9.07982202644956,-2.299961950407525,2
365,16,6.40419720121131,1.8327984674223485,2
365,17,21.52310942523078,-26.428062920360357,2
365,18,-11.112117868733506,-33.75092087722214,2
365,19,-14.597039397922547,-18.689478159740016,2
366,0,-288.72025252639565,-22.2857854871853,0
366,1,-284.536184435915,2.7635984873886947,0
366,2,-269.4068466267152,10.672481031178023,0
366,3,-278.02337453214955,8.034318948292135,0
366,4,-274.09029719045515,-6.409452208695225,0
366,5,-279.6093103745495,-0.8442079759138524,0
366,6,-291.0311865428616,-0.8090549816023875,0
366,7,-298.8036728161713,-28.374579903519358,0
366,8,280.4131302490693,-3.644307506100848,1
366,9,284.13807860600747,41.49178466022181,1
366,10,268.91183227513903,-7.589838185310958,1
366,11,295.64887544903036,8.720194649122046,1
366,12,278.8508901485891,3.360000654345883,1
366,13,315.7629445117297,7.708282128588176,1
366,14,-4.540551552753814,-2.402919581773518,2
366,15,8.259046815641435,-1.7567839539220964,2
366,16,7.819544479182329,1.8578842214298048,2
366,17,21.134314419221234,-26.781501449509665,2
366,18,-12.49691671970179,-33.69362330933754,2
366,19,-14.637953490162772,-19.887732691718593,2
367,0,-290.63671775333876,-21.991716071644465,0
367,1,-285.5526337743977,2.92251782320469,0
367,2,-271.5959809798334,9.620916654130147,0
367,3,-278.65558681418645,9.33357263953458,0
367,4,-276.3376853711741,-5.796253011646537,0
367,5,-281.71438891931774,-0.16560031154592447,0
367,6,-291.2349409020365,-1.803517476735026,0
367,7,-298.996438089212,-26.179406112165637,0
367,8,280.5660057277487,-3.588603957253537,1
367,9,285.32491824569956,41.229891738754816,1
367,10,269.4404322692209,-6.875920031081215,1
367,11,297.5272436882754,8.339071958226102,1
367,12,280.0756780199854,3.1619077204851056,1
367,13,316.52215941270623,8.490472292320115,1
367,14,-4.191143480988816,-2.978880694489063,2
367,15,7.247412757348266,-1.8541835153840678,2
367,16,7.3042301924022395,2.53080494379419,2
367,17,19.81445695406862,-27.025976338760145,2
367,18,-11.33008862523312,-33.55713746961275,2
367,19,-15.48836728079545,-19.305606188383504,2
368,0,-290.14807384692625,-22.46055010874982,0
368,1,-285.93138104320906,3.964971543314779,0
368,2,-271.5673571935071,8.88167085831126,0
368,3,-279.0634661044666,10.087495125828697,0
368,4,-277.4301669201423,-5.3686363019455,0
368,5,-284.24170639316026,0.613032516644712,0
368,6,-291.6255937136201,-2.08552519691083,0
368,7,-299.0006476613859,-26.994919319876846,0
368,8,281.2794492437439,-4.0395750074282635,1
368,9,286.54799213711686,40.832081193231545,1
368,10,269.04127809728783,-7.061481196796561,1
368,11,299.1026287054423,8.452392918672526,1
368,12,281.0343792915469,1.9156883275664143,1
368,13,317.37718099060356,8.370433918988732,1
368,14,-4.215194176107981,-3.2290284686913258,2
368,15,6.859920977329227,-1.4223547669286747,2
368,16,7.396306478773347,1.9892295375115574,2
368,17,18.773539670412084,-26.292917783897998,2
368,18,-10.832251415689136,-33.094287523921324,2
368,19,-16.631106467780068,-19.844720495358338,2
369,0,-291.1134528142863,-22.12936213555009,0
369,1,-286.2956067058154,3.8408401571402067,0
369,2,-271.97751478212194,9.649235956342922,0
369,3,-280.80527579776134,10.1260432328511,0
369,4,-277.3500983082644,-5.050332626529654,0
369,5,-284.36714903716506,0.44126414506209344,0
369,6,-292.6814759761103,-1.7460724987064977,0
369,7,-297.6556571279388,-27.71981918140271,0
369,8,281.8961661881056,-4.321619017557479,1
369,9,286.1781961470503,40.742365973432356,1
369,10,269.9905730017437,-7.094810887960014,1
369,11,299.2171197424404,8.048332937717129,1
369,12,280.98638667442015,2.668824115276476,1
369,13,318.3718129196875,9.781797248850905,1
369,14,-4.471137779113659,-2.7487731821959263,2
369,15,8.808776274792702,-0.6578948289203087,2
369,16,8.514648947081373,1.9547379226174044,2
369,17,19.86603875266989,-26.911072838788357,2
369,18,-10.24651505122431,-32.942282565677324,2
369,19,-16.17246384131941,-20.778011901155192,2
370,0,-293.5955948676283,-21.537206458361016,0
370,1,-287.89856117236224,3.5579740779160947,0
370,2,-273.8793255079499,9.10860355984965,0
370,3,-282.3372885408402,9.046512686718039,0
370,4,-277.62998925556155,-4.6591835486417885,0
370,5,-284.22986296900814,1.1496464903407166,0
370,6,-292.9875462796871,-1.0353935437474655,0
370,7,-298.98832614360117,-26.850389887133893,0
370,8,281.6988738579274,-4.420501581202654,1
370,9,286.2840837142413,39.646984207351984,1
370,10,270.43786637453576,-7.241880279596335,1
370,11,300.8620175842605,8.887540651366677,1
370,12,281.6175856692528,3.0285147754542807,1
370,13,319.12147873663486,9.480466677191597,1
370,14,-4.127395758192378,-2.2214677354563985,2
370,15,7.495565023996752,-1.6678278528530308,2
370,16,9.155339956360839,1.358268259220862,2
370,17,18.358587546987867,-26.48046257347178,2
370,18,-9.577004035173106,-33.46331226879101,2
370,19,-15.409871448655007,-21.127884272373528,2
371,0,-293.86287671662177,-20.689324509773456,0
371,1,-289.1944270863102,4.510643620476283,0
371,2,-274.38303410770953,9.383469506595125,0
371,3,-281.1429353217013,8.99067536190421,0
371,4,-278.31685698820326,-5.280162197627877,0
371,5,-286.14958616569197,2.1682022078314,0
371,6,-292.6287234206803,-1.457882173622637,0
371,7,-299.17263917653486,-27.08823024259665,0
371,8,283.874945106337,-4.902177962199418,1
371,9,286.3536224724483,40.213416162924375,1
371,10,269.96601032964196,-6.614150397166511,1
371,11,300.51025157423203,9.21777257709876,1
371,12,281.88312982468494,3.7328494659171927,1
371,13,320.4341916760232,7.381225560705427,1
371,14,-4.7722267613776985,-1.1849453321623242,2
371,15,7.7256557203921385,-2.2850701486381686,2
371,16,8.259353627247371,2.286493163996439,2
371,17,17.95218780951995,-26.501698926530498,2
371,18,-9.533693331695686,-33.94570719796736,2
371,19,-14.92972146773868,-21.094064346396696,2
372,0,-295.3033567284071,-20.510640465256724,0
372,1,-291.5994294828913,3.9627094670950918,0
372,2,-275.7402872140051,8.598578658640179,0
372,3,-282.4275156197832,9.308181863641192,0
372,4,-278.5260692653052,-3.743690351272673,0
372,5,-287.38420833368997,4.137157015829578,0
372,6,-293.7614194410542,-0.6985276511674208,0
372,7,-299.230553804211,-26.07276237444648,0
372,8,283.99348571390635,-5.088309497298658,1
372,9,287.1381745435169,40.94054738680316,1
372,10,271.1265033101297,-7.195933164496154,1
372,11,301.92848242120584,8.222118568920992,1
372,12,282.8177073274509,4.047433495455392,1
372,13,321.06480818815044,5.537078997634289,1
372,14,-3.8995200344699024,-1.934192823134141,2
372,15,7.737360916040673,-3.0906970226063017,2
372,16,8.659792636987033,2.7671576383313505,2
372,17,17.936640610637372,-26.433463361618546,2
372,18,-9.74774674723184,-34.36849499058909,2
372,19,-14.773808759228027,-20.744431055572452,2
373,0,-293.93427998109206,-20.16949010201938,0
373,1,-291.302437413583,4.311157142222132,0
373,2,-277.17648746012327,8.993695828463244,0
373,3,-282.10326424254885,10.075557082576394,0
373,4,-279.10599939989396,-5.553514081365382,0
373,5,-287.71062429029314,3.9587203238269213,0
373,6,-293.17546388842544,-1.2413548448607628,0
373,7,-298.7442059931763,-26.07646834428164,0
373,8,285.1956161003357,-4.60315384313206,1
373,9,287.32714074009584,40.946404692507215,1
373,10,271.7994580266632,-8.246333383231013,1
373,11,302.71340188954173,8.453624179101473,1
373,12,284.3304283533622,4.060066680157522,1
373,13,321.3248290639723,4.584032679618346,1
373,14,-3.8412742640188067,-2.0883938632379806,2
373,15,7.915663397689859,-4.423198272301674,2
373,16,10.361393448057017,2.8787643564556737,2
373,17,18.176094266412562,-26.720206308747553,2
373,18,-8.804253712626084,-33.750882072486526,2
373,19,-14.501235143355036,-20.66794222505051,2
374,0,-294.70733904619027,-19.75377155081247,0
374,1,-293.10813093064155,5.648380744399073,0
374,2,-279.90887020223624,8.457289524133822,0
374,3,-281.95045699519204,10.12813464782181,0
374,4,-280.2939267667048,-5.301449875506497,0
374,5,-288.2678435006479,2.303821939448805,0
374,6,-293.2804194916005,-1.833190423039262,0
374,7,-298.9397962674251,-24.776958408775037,0
374,8,285.0919926923794,-5.17195771836143,1
374,9,288.3121541711953,41.22645952804929,1
374,10,271.9936967972917,-9.146880739304013,1
374,11,302.02941347354624,8.860509872715717,1
374,12,284.88530598033,4.223011216678601,1
374,13,322.52249414530763,3.1591509373078486,1
374,14,-4.611543362969663,-3.4098846398558855,2
374,15,7.0384102018109544,-5.6665117623735455,2
374,16,11.505787196220535,3.161919723677438,2
374,17,18.465118314519724,-26.74708347087015,2
374,18,-9.005233009485687,-33.28316746108227,2
374,19,-13.422083146097354,-21.55328003154705,2
375,0,-296.1543135867676,-18.657858377160476,0
375,1,-293.6156914210272,4.604055316282246,0
375,2,-279.46999849040947,7.239685442031003,0
375,3,-283.3481349651751,9.646794149209116,0
375,4,-281.1362226582899,-4.395971834084475,0
375,5,-288.81806526577446,1.8023393906903629,0
375,6,-293.9998277822186,-0.5736323207956442,0
375,7,-299.9463764721497,-24.904140752113292,0
375,8,286.4658758797831,-5.270634913346717,1
375,9,289.40841974692137,40.3669219572622,1
375,10,271.7353226227947,-10.901698159527594,1
375,11,302.17501653523897,8.51173670766555,1
375,12,285.4063154448975,5.049378108244616,1
375,13,323.397226009697,3.3361258340543287,1
375,14,-5.102356142240184,-3.6106141360543864,2
375,15,7.765388285473029,-6.194471302884656,2
375,16,10.511329277141154,3.2340644269050554,2
375,17,17.296852783819286,-26.41415549576217,2
375,18,-8.21123696554331,-33.23585310312532,2
375,19,-13.541172275419871,-21.445514251362624,2
376,0,-298.1367777746372,-19.35032478001139,0
376,1,-294.3077402102631,4.500426057092101,0
376,2,-280.64679183086247,7.374034623312885,0
376,3,-283.2459559943718,7.719068934218919,0
376,4,-281.837180089749,-4.6457181813612065,0
376,5,-289.54192822704323,1.2158955479224343,0
376,6,-295.40645140618835,-1.0442643815244974,0
376,7,-301.8452082041011,-25.157279120445303,0
376,8,287.43130314446915,-6.247218799442458,1
376,9,289.7245812428577,41.819443745899235,1
376,10,272.7864151550405,-9.93991215296426,1
376,11,303.93603919723495,7.5646712041991035,1
376,12,287.26613803819583,5.378979885906608,1
376,13,325.1130248272492,2.853943970589513,1
376,14,-5.114699785086888,-4.998371581960024,2
376,15,7.672318022181922,-5.879431846353168,2
376,16,10.940664588322136,2.3767579534385437,2
376,17,17.81750057335517,-26.02613335727528,2
376,18,-8.870995390294015,-33.427931527895865,2
376,19,-11.806671316834125,-23.257316032406017,2
377,0,-299.05344450655383,-19.705168362450568,0
377,1,-295.9922548707263,3.721033592580989,0
377,2,-281.5228180627217,6.9257393803331935,0
377,3,-284.48987769502344,6.475521879403979,0
377,4,-281.9293684638688,-4.352431037689024,0
377,5,-290.9267976250774,2.0998319695883167,0
377,6,-294.8954096505927,0.7571672199051909,0
377,7,-303.5921992855964,-24.962643885376952,0
377,8,288.70153050716874,-6.905819249075279,1
377,9,288.87910556590026,42.47967712959984,1
377,10,273.9051768603085,-10.436777709562067,1
377,11,304.2420004585653,6.949992115671903,1
377,12,287.7259946045031,4.768820793793626,1
377,13,325.8072317721998,3.599204417561179,1
377,14,-6.3405719884107885,-5.717922365315864,2
377,15,8.23967270973774,-5.237424942087704,2
377,16,11.277413224719433,1.5811260248385,2
377,17,17.479262554966894,-26.97427638417297,2
377,18,-8.317515219939557,-33.316631139806795,2
377,19,-11.361948593150766,-22.87649453816305,2
378,0,-300.7017947502477,-19.47319008675933,0
378,1,-297.3260786488308,4.7810665955027805,0
378,2,-282.80192829997446,5.925844822482432,0
378,3,-286.4725094189871,7.894361110091852,0
378,4,-281.23763147753033,-3.297775333184423,0
378,5,-292.20727409237617,1.7805209706170824,0
378,6,-295.65030820626225,-0.8555893237711418,0
378,7,-304.182924930309,-25.874712569705107,0
378,8,289.6109355766999,-7.214620763421117,1
378,9,289.214309864561,43.2599004097848,1
378,10,273.04036817273874,-11.695167468044113,1
378,11,303.0380150204861,8.071572709445755,1
378,12,289.22525682407087,6.082556856032127,1
378,13,325.22966944029145,2.372360677460245,1
378,14,-5.576677822221648,-5.982884230959052,2
378,15,7.025415977731935,-6.113825692902785,2
378,16,10.706203474039174,1.255813196556671,2
378,17,16.501159701386694,-27.16229487564171,2
378,18,-7.5133696263294105,-33.68492468319319,2
378,19,-11.47234768401954,-22.80330457812202,2
379,0,-300.99885478909636,-20.847468425584907,0
379,1,-296.694144646287,3.8057308071201215,0
379,2,-282.8320821141424,5.9028956351818875,0
379,3,-287.4673989170124,6.71016943646425,0
379,4,-282.42336197263546,-3.825131816414818,0
379,5,-290.9768716924443,1.4454460288244801,0
379,6,-295.06421366535534,-0.02518923858444866,0
379,7,-303.9050172807229,-25.02947072582972,0
379,8,290.02668731505753,-7.392976472658816,1
379,9,291.0883192724951,42.54760774457919,1
379,10,273.599780537287,-12.75764595178346,1
379,11,303.54405346589846,8.384393558212324,1
379,12,289.2532731045203,7.068749825306179,1
379,13,325.92468880250493,1.4892057753439456,1
379,14,-5.4195526298619985,-6.354730233556413,2
379,15,7.7600490779415034,-6.310912225565329,2
379,16,10.606824335949891,0.6081810221823643,2
379,17,16.42949921833405,-27.955479492333517,2
379,18,-7.9394677814619605,-34.052495325917484,2
379,19,-11.829461156143852,-21.353992350484905,2
380,0,-302.31155612248773,-19.273995895375776,0
380,1,-297.5957668257568,3.8116308940325747,0
380,2,-283.56776015232356,5.577124139866388,0
380,3,-288.15142704619916,7.263838582252784,0
380,4,-283.1101185811085,-3.9202372195217783,0
380,5,-291.788561871836,1.2920097026416926,0
380,6,-296.7620400019596,0.030139967448250884,0
380,7,-305.30210715788724,-23.895019451065473,0
380,8,289.8183646131334,-6.7365353954206375,1
380,9,290.909151647208,42.21429229721541,1
380,10,275.1198174819558,-13.41256157667316,1
380,11,303.9337817331372,8.626575305687512,1
380,12,290.3883961595262,7.872195339075087,1
380,13,326.5980500824658,1.4328172240811627,1
380,14,-5.475053053392861,-7.123051284728081,2
380,15,7.943997256784223,-6.011473202562543,2
380,16,10.435328175042152,-0.25589387996690416,2
380,17,17.009545886944856,-28.229165579148066,2
380,18,-9.301054173261402,-33.29272071146016,2
380,19,-11.922858864854451,-21.21578936187046,2
381,0,-302.7586764410293,-18.63865160110848,0
381,1,-299.3511028862522,2.9776935456734024,0
381,2,-282.93973657859533,5.914321407466819,0
381,3,-289.63450871037685,7.577398378136477,0
381,4,-284.2841821562941,-3.35525135587946,0
381,5,-292.8777241009727,1.0826393919571413,0
381,6,-297.84048563114777,-1.5563937579864295,0
381,7,-304.66415677128515,-24.22044409758259,0
381,8,291.58318896049155,-7.054771944847117,1
381,9,291.40620977821936,41.808532253669014,1
381,10,276.3123495671732,-11.672203290550302,1
381,11,304.2203687237722,9.607782115989469,1
381,12,291.17931355448485,9.300465410439012,1
381,13,328.30918586855955,0.7065448509207668,1
381,14,-6.35376772724659,-7.861652929770027,2
381,15,8.20610325512907,-6.4669935917615495,2
381,16,10.966010162027667,-0.32404100907484595,2
381,17,16.833540844840023,-28.633309296180855,2
381,18,-9.527542927601111,-34.15172530443971,2
381,19,-11.663623847061604,-20.870040241674694,2
382,0,-303.83755228994767,-18.95494222686721,0
382,1,-299.2996167146596,2.850697393339706,0
382,2,-283.99689463004927,5.752897487856707,0
382,3,-291.3360199732268,7.9079837571008165,0
382,4,-287.0091153824835,-2.3371862521418674,0
382,5,-292.94593051840155,0.39575382134222337,0
382,6,-298.68653942416853,-1.8701784761443392,0
382,7,-305.40618103624666,-25.165236385197527,0
382,8,291.45506699443564,-7.277804344657547,1
382,9,292.07900083654863,41.56029560656693,1
382,10,275.81343996572457,-11.397941916070273,1
382,11,305.4896967167313,10.221340988011129,1
382,12,292.7493765220939,9.21708625755183,1
382,13,329.16269397703763,0.8566003681186086,1
382,14,-6.324416654535717,-7.375842425932082,2
382,15,8.015471596544485,-6.586240884860875,2
382,16,10.883375143293922,-0.26973297796853885,2
382,17,15.487160424422118,-30.32244095505264,2
382,18,-10.123074561156903,-35.60203896455467,2
382,19,-10.888069083120307,-21.596875854877748,2
383,0,-304.20271044879337,-19.698901188502152,0
383,1,-300.86968508036085,3.7598991712855163,0
383,2,-285.2902241314012,5.290469761140054,0
383,3,-292.10078392001304,7.804673272043444,0
383,4,-287.83431856170967,-2.1843703962783847,0
383,5,-293.75757745869834,-0.7214750328995261,0
383,6,-299.4815141079848,-2.8257335348934873,0
383,7,-304.47754774031256,-26.189460353119628,0
383,8,291.88742636450525,-7.772942692050733,1
383,9,291.7320503246847,41.5846815164578,1
383,10,275.9619605476818,-11.781836041996986,1
383,11,305.5524407309574,8.599764604069323,1
383,12,294.1350810707127,9.721317516724703,1
383,13,329.74194434809004,-0.1705773504868061,1
383,14,-5.496039358025358,-5.89529237194863,2
383,15,9.732048880215281,-6.711115551791101,2
383,16,11.938416796215146,-0.877024372237653,2
383,17,14.219371525030358,-29.00965216955019,2
383,18,-9.879360683616348,-35.98602174367658,2
383,19,-10.083635210387662,-21.230639956346508,2
384,0,-304.66609591232503,-20.214071476392174,0
384,1,-301.73294109639625,3.8765726081407403,0
384,2,-286.5083428459583,6.350891128159075,0
384,3,-294.4470873884855,9.099070845371056,0
384,4,-288.0015141809054,-1.6336725358076407,0
384,5,-294.8777111698754,0.6959615383802482,0
384,6,-300.62721423225884,-2.863539216171212,0
384,7,-304.43493632987537,-26.769260871118597,0
384,8,291.00135861694145,-7.6850550013817385,1
384,9,291.1783670921721,43.36783943549694,1
384,10,277.91976190040145,-11.279473299623833,1
384,11,305.2791736468045,8.254122275888363,1
384,12,294.75723434250295,10.225017573563912,1
384,13,331.3881049364035,-1.3604143516300913,1
384,14,-5.112920333856298,-5.449322203451933,2
384,15,9.59191996592244,-6.744688947910395,2
384,16,11.398570985599616,-3.357216257423663,2
384,17,13.762970814706264,-27.920581290260504,2
384,18,-8.83646554004425,-36.117724157496156,2
384,19,-9.433212706073952,-21.194325309245677,2
385,0,-305.3679937045188,-19.401751076462013,0
385,1,-302.80124442223945,4.798856748463425,0
385,2,-285.25257591291336,6.910194612524772,0
385,3,-294.42091649915847,10.142049157076473,0
385,4,-288.6605007862071,-2.123372231051299,0
385,5,-296.22639267530184,0.6877012675503323,0
385,6,-301.50837934362977,-3.9187373854117533,0
385,7,-305.53679540394216,-27.558358221792254,0
385,8,291.93562893100375,-8.544432383254255,1
385,9,290.6125454528841,42.533887864732975,1
385,10,277.56035473462117,-12.66127735619055,1
385,11,305.5357924698878,9.800832574476377,1
385,12,296.1233742648082,9.73264263106432,1
385,13,332.1362492290503,-1.7319913725978586,1
385,14,-4.9323957554533395,-4.467486611025398,2
385,15,10.175690867251072,-5.258612746807672,2
385,16,11.92046295442498,-4.78003671868205,2
385,17,12.965396834038515,-27.26109178740897,2
385,18,-8.114397853316525,-36.768332539358255,2
385,19,-9.02414859464517,-21.19043128159528,2
386,0,-306.3288521697352,-18.879182805326426,0
386,1,-302.99712998735816,5.522897507284158,0
386,2,-285.4414369164784,6.708198768434212,0
386,3,-295.9747812732048,10.965849638709845,0
386,4,-289.64972430952764,-1.0259579137083057,0
386,5,-299.5265942646194,0.40934180402651504,0
386,6,-303.0910314886409,-3.7377209065215222,0
386,7,-305.8016173168121,-26.614986574421224,0
386,8,292.86219415883517,-7.929508756693017,1
386,9,290.7182728485525,41.748066975054066,1
386,10,277.12771738823494,-12.363334984376548,1
386,11,306.09840777885415,9.895588891313784,1
386,12,296.38929472071817,9.938437513943295,1
386,13,332.1891239784172,-0.7473760510344608,1
386,14,-5.774342779862028,-3.211252073114487,2
386,15,10.16353747429856,-6.491691119420871,2
386,16,11.762076288064627,-5.315451899129794,2
386,17,13.717990548455345,-25.638904662350452,2
386,18,-8.116011892871162,-36.65122385903413,2
386,19,-10.387493275643443,-21.546141500197553,2
387,0,-306.540626360669,-19.639897162881297,0
387,1,-304.68674948471556,3.7763545121542723,0
387,2,-286.3719818129272,6.865179859406779,0
387,3,-296.0462104128675,10.328454915174296,0
387,4,-291.4445561850601,-1.9903735178623627,0
387,5,-300.9907749046709,0.6112084244854116,0
387,6,-302.5159567515567,-3.418892930667383,0
387,7,-306.0689466147418,-28.278460586403543,0
387,8,293.75891044736545,-8.116376249424388,1
387,9,290.7477273639613,40.48744061923157,1
387,10,278.2906554744,-11.85763266808604,1
387,11,307.2110200049937,8.8011908577891,1
387,12,296.92359009514456,10.631942055648217,1
387,13,334.30359165623116,-0.6027232280182797,1
387,14,-4.762456391918284,-4.8730608480274915,2
387,15,11.131869281850292,-7.324217004966363,2
387,16,13.20303950704812,-6.354700564862699,2
387,17,13.111030507826296,-25.45351745569581,2
387,18,-8.104380290511031,-36.81181573153354,2
387,19,-9.93997407778272,-21.10962667615523,2
388,0,-306.4501071132556,-19.260291301068794,0
388,1,-306.7829227050307,3.0807023060884333,0
388,2,-287.7379771734583,5.860934656863378,0
388,3,-297.25506406562863,10.683331273818181,0
388,4,-290.99600350864404,-1.4780046332119965,0
388,5,-303.03508425440964,0.10201304472613981,0
388,6,-302.3736936634511,-4.917221480894558,0
388,7,-306.7885988546989,-29.059069914336654,0
388,8,294.17009600953105,-9.157742732743152,1
388,9,292.2790979857021,40.957732450893936,1
388,10,277.92921592571366,-11.09265011023991,1
388,11,309.482320323236,9.220099079514304,1
388,12,296.60928898189934,10.131819969271056,1
388,13,335.0494279236111,-0.6240375476376385,1
388,14,-6.133076389982599,-5.023082428375509,2
388,15,11.018708034132787,-7.2001346878552654,2
388,16,13.469521313440156,-6.382620358171157,2
388,17,12.043813156746653,-26.46431978202436,2
388,18,-7.960505021867582,-36.45248209471943,2
388,19,-9.673184240492525,-20.2958941796209,2
389,0,-306.46468853907004,-20.630525307449904,0
389,1,-308.1231050272247,3.3315459950250355,0
389,2,-288.836671476327,6.703112938329546,0
389,3,-299.56997632013866,10.98893683627934,0
389,4,-291.076785525801,-1.2398736033544533,0
389,5,-304.5219836863066,1.0205832841884883,0
389,6,-304.13655289747334,-4.248094611646545,0
389,7,-306.83120817067027,-29.50435168971199,0
389,8,294.01206849282516,-9.27666629859489,1
389,9,294.4062681990969,43.056662279700966,1
389,10,278.59709650789443,-12.187959371379826,1
389,11,310.4230078490581,9.01382001535769,1
389,12,296.7518790343531,9.686485877422859,1
389,13,336.21152193541303,-0.6849162976429695,1
389,14,-6.4379968033442685,-4.479368242995374,2
389,15,11.480747112495656,-7.985828802636519,2
389,16,13.23283948434265,-6.7139137505213995,2
389,17,10.956966658495446,-26.57213332019689,2
389,18,-8.606872500110159,-36.11697736175975,2
389,19,-10.761097212240808,-19.597179704328965,2
390,0,-307.5245479310973,-20.424554926541635,0
390,1,-308.05049258042874,3.230541240895912,0
390,2,-287.50016317715654,7.564399315318784,0
390,3,-299.75214625997717,10.534900278804358,0
390,4,-291.95107585613215,-2.9468800127572496,0
390,5,-306.8281085990396,1.4487406651585983,0
390,6,-304.75723264771295,-5.83071851939185,0
390,7,-307.2758391336747,-29.052767306916362,0
390,8,294.29278183383036,-10.583571596491254,1
390,9,295.16897465161077,43.4224344438446,1
390,10,278.4333522213374,-12.7149337486417,1
390,11,310.729303097173,8.413802424383972,1
390,12,297.1855627076468,9.5611658230787,1
390,13,337.77009879574416,-0.05077771273461473,1
390,14,-6.18353408241982,-4.794023920089083,2
390,15,11.717279680237555,-7.928955231634363,2
390,16,13.228333957900924,-5.331886443461572,2
390,17,11.300571878092708,-26.64755389279117,2
390,18,-7.636488547532208,-36.36263783755303,2
390,19,-10.120509987922231,-17.695875141811705,2
391,0,-308.8854204238606,-21.75745271017076,0
391,1,-308.56305208975306,3.507818805710772,0
391,2,-288.2210960191799,6.506193712313956,0
391,3,-301.71851685183503,11.659256700196472,0
391,4,-292.8325285967352,-2.5347018006337394,0
391,5,-308.5463886770308,2.650597332996165,0
391,6,-305.00509019844145,-6.5407187946569065,0
391,7,-307.2609259257228,-28.86885759627821,0
391,8,295.9191940303774,-10.29609579348236,1
391,9,295.3753708949706,43.24541210759082,1
391,10,279.4853761548936,-12.15949256143283,1
391,11,311.02567563931945,7.9281365060901035,1
391,12,299.8445670977149,9.773000010366905,1
391,13,338.65135282183,-0.7373699782028473,1
391,14,-7.160816473155198,-3.3105090313218586,2
391,15,11.705958434913885,-7.93222415944872,2
391,16,12.968320583049701,-5.684698575103792,2
391,17,11.892006006957326,-26.847603420050543,2
391,18,-8.2387961663533,-36.64326221740977,2
391,19,-10.93643496530425,-17.03207332141546,2
392,0,-308.3279810072864,-21.857600386432676,0
392,1,-309.8471807779499,2.571197394351678,0
392,2,-288.2819030083494,7.27443398777444,0
392,3,-303.1137159026267,11.604742576773438,0
392,4,-294.7974087355647,-3.0320312947334545,0
392,5,-308.310433599715,3.615285656981884,0
392,6,-306.73443661441735,-7.644993785133989,0
392,7,-308.80891923571147,-29.556781111902186,0
392,8,297.00994954443917,-11.368023169326136,1
392,9,295.35519434423975,43.268954993146274,1
392,10,281.17599609656605,-10.762692707383568,1
392,11,313.23346939267606,8.070180775939685,1
392,12,300.80730522320687,9.29374306614551,1
392,13,338.6806461744216,-0.9643318904534978,1
392,14,-7.875056302009595,-4.041143358880198,2
392,15,11.656708563785614,-6.913785509429055,2
392,16,14.346572722523895,-6.170106971577428,2
392,17,12.906883045014109,-27.69651682860707,2
392,18,-8.133680331091602,-36.84358216651658,2
392,19,-10.41896494748515,-18.585529493250437,2
393,0,-308.98520391682393,-21.587973009369588,0
393,1,-311.1001723697669,2.19388342825137,0
393,2,-289.182522046185,6.428605726213907,0
393,3,-303.5998234035176,11.818826354571115,0
393,4,-295.6317694760362,-2.8657565824829376,0
393,5,-308.8609047417816,4.241194996349315,0
393,6,-308.7426215364183,-7.095279487514542,0
393,7,-309.2547806582098,-30.088236942189756,0
393,8,298.0838919365831,-10.692168258693977,1
393,9,294.5820133792239,42.45467139612128,1
393,10,282.03832400417616,-10.877456640992646,1
393,11,313.48855558051645,7.701430460566899,1
393,12,303.33651495348073,9.183698802894385,1
393,13,338.31413973433746,-2.8555841824234958,1
393,14,-7.303067211120741,-3.742595664688764,2
393,15,10.323642157252022,-8.301014750847532,2
393,16,15.675996773431306,-6.021544880989411,2
393,17,12.406599161350716,-28.599240585826983,2
393,18,-8.487289954586071,-37.79932570081278,2
393,19,-10.372662724209382,-18.848437310148455,2
394,0,-309.3969944258794,-21.157360158809592,0
394,1,-310.7879734052854,1.5541541678437227,0
394,2,-289.63397872530993,7.826534581864913,0
394,3,-303.0514479403788,12.333790005858368,0
394,4,-296.40920108056605,-2.5576837372760095,0
394,5,-309.78406096831435,3.7666265046878387,0
394,6,-310.56573075694536,-6.517270965724352,0
394,7,-312.53585994065656,-30.579642805405715,0
394,8,298.48664995174494,-11.741645281755982,1
394,9,295.51947436266977,44.107717693415246,1
394,10,283.5039782745487,-11.661194209520355,1
394,11,313.6122592272462,7.128468290158538,1
394,12,304.44408256710415,9.543172976960268,1
394,13,341.046106055376,-4.161217328937487,1
394,14,-8.325351750052427,-3.2742706145996356,2
394,15,10.716148906501783,-8.181861379640463,2
394,16,15.51156996133744,-6.8405292188648925,2
394,17,12.629088910245484,-28.70773040543023,2
394,18,-8.646803404829715,-37.34228511477079,2
394,19,-10.400714930772736,-17.411645010742166,2
395,0,-311.97861674265727,-20.79564064982908,0
395,1,-310.78589237554075,1.7800192870793263,0
395,2,-289.38307641608634,9.267006067821592,0
395,3,-303.66910221490576,11.953525479806629,0
395,4,-296.8779821135231,-3.2024176055433475,0
395,5,-308.9789543777458,3.6367961506734248,0
395,6,-311.29103196693046,-6.1773288406289275,0
395,7,-315.0062296764308,-31.19860946654955,0
395,8,298.1962706800913,-11.810472141028654,1
395,9,295.89868949167413,44.13644307924245,1
395,10,285.6846664098162,-12.539823430623876,1
395,11,313.4163883320305,6.381636578257855,1
395,12,303.9682618920467,10.38530687759972,1
395,13,342.2121247336824,-2.2821160013279442,1
395,14,-8.589062179970899,-3.2550171893033655,2
395,15,10.450142490090222,-9.386580824733558,2
395,16,15.400947137984552,-5.558706005597233,2
395,17,12.166538671700938,-29.104225268156167,2
395,18,-8.720638898843184,-36.49838030673824,2
395,19,-11.078127597745247,-16.83563813253239,2
396,0,-313.1060701557147,-21.06179771353817,0
396,1,-311.80034317833963,3.1494717055272474,0
396,2,-290.1123324830338,7.864666781258522,0
396,3,-306.79124721639795,12.756653024936316,0
396,4,-298.04812806919085,-3.0831441122919205,0
396,5,-309.77380752462847,4.072508231261965,0
396,6,-311.1025585625624,-5.575028038346226,0
396,7,-316.0956707858936,-31.357929634877028,0
396,8,299.3538847382283,-10.07919970421158,1
396,9,297.2214399450732,42.898807043548736,1
396,10,287.01514754623247,-13.492416537735341,1
396,11,312.795050608124,6.028991204023388,1
396,12,305.0776423090989,11.452794069489672,1
396,13,344.2145799242339,-2.6084508250905345,1
396,14,-8.854503688145336,-3.146607251629117,2
396,15,10.405807038612224,-8.571144044901315,2
396,16,15.916449910529417,-5.921580581666692,2
396,17,13.308907705768378,-29.390640844802306,2
396,18,-9.509381996848886,-36.920307411228045,2
396,19,-11.027670208952443,-17.562913826283292,2
397,0,-315.04655436192337,-20.64652537951961,0
397,1,-313.12537539731176,2.591288054833973,0
397,2,-291.8201901555763,7.5203934031489865,0
397,3,-307.6723037905514,11.874591217233199,0
397,4,-301.69738900285404,-3.0844290597385045,0
397,5,-309.3154933106098,3.7193012723491568,0
397,6,-313.05148424061167,-5.832176679925338,0
397,7,-314.93936753561223,-31.412670419889032,0
397,8,299.8121203770578,-9.499020547058675,1
397,9,297.7165153855414,41.539776885084486,1
397,10,286.1887655701084,-13.110955094817834,1
397,11,312.9876847904582,6.985592249701952,1
397,12,306.07833247448315,10.746823920784703,1
397,13,345.11022785277936,-1.9440182792621057,1
397,14,-8.904918561683116,-3.4930757161467527,2
397,15,9.217829729910793,-10.36841670948449,2
397,16,17.132615542367983,-6.168096951315817,2
397,17,13.03854402254234,-29.664565008425296,2
397,18,-9.640117726042384,-37.53890995669551,2
397,19,-13.44049158665258,-17.34547547949044,2
398,0,-315.5075480204,-20.97252975621167,0
398,1,-315.87566846645217,2.7104825244355495,0
398,2,-291.96668482305057,7.865858921568325,0
398,3,-307.83408919431264,12.45822381392726,0
398,4,-302.5277950100479,-3.1199384854828924,0
398,5,-310.01723372722927,3.058592229959673,0
398,6,-314.1822165166003,-5.2923162426225,0
398,7,-316.3427305652845,-32.36040032870837,0
398,8,300.751954300055,-10.13537057472486,1
398,9,296.5938655556366,41.7889213635442,1
398,10,285.9353737456634,-12.765304196634096,1
398,11,311.8824707275224,8.005534692422756,1
398,12,305.5613254726399,10.253531392921033,1
398,13,345.2395387000083,-2.521618936799627,1
398,14,-10.374974300529022,-3.78785263070416,2
398,15,9.164443615292157,-10.24377295008521,2
398,16,17.82638453770395,-5.978161138808932,2
398,17,13.37432797611165,-29.762283348241912,2
398,18,-9.418465349192493,-38.66689742913869,2
398,19,-14.791355333336936,-18.768641532469285,2
399,0,-316.4490716585642,-21.62717522978156,0
399,1,-318.40846107623804,2.7543948302358245,0
399,2,-292.47324485946694,7.078318222507614,0
399,3,-306.98702821287765,12.804806329574907,0
399,4,-302.500008825077,-3.780640916182063,0
399,5,-309.1658328577991,2.431202925022616,0
399,6,-315.19509082797777,-4.940978672160131,0
399,7,-317.49629721923213,-31.427416831387124,0
399,8,300.82744653399084,-10.961149539796239,1
399,9,298.340193171525,42.24015899988118,1
399,10,286.11692426283093,-13.250807064656547,1
399,11,312.8094797569163,8.633084083458467,1
399,12,307.3369509176743,10.466914512824532,1
399,13,346.7670094360271,-1.666843285473702,1
399,14,-9.905145555196784,-4.294594036508875,2
399,15,9.686492934529989,-10.890505369279287,2
399,16,17.565169786271493,-5.081586354880747,2
399,17,12.327212084470888,-30.741973039001692,2
399,18,-8.542661958368718,-37.60538686279722,2
399,19,-14.194418885333551,-19.358409073205177,2
400,0,-317.49618328276796,-22.03878820143384,0
400,1,-320.0408329692611,2.4181693738248495,0
400,2,-293.5706569489059,6.3955491343193,0
400,3,-307.72441853367906,12.569345958643874,0
400,4,-302.7490041111107,-4.49723376960822,0
400,5,-309.7512973059403,3.343422160036733,0
400,6,-316.21792569909985,-5.270487327602381,0
400,7,-318.37575790630547,-31.325819223018993,0
400,8,302.83385778065076,-9.929265107522987,1
400,9,297.9296737749941,43.20911265150093,1
400,10,286.62321326599084,-12.460691498289412,1
400,11,314.0336102520326,8.466779207817074,1
400,12,306.82254757147655,10.62497745332877,1
400,13,349.4545672359212,-1.3493893994388089,1
400,14,-10.933322292146855,-4.927747288216354,2
400,15,11.420671987621759,-10.485378361696252,2
400,16,17.288413513797696,-5.047719452166622,2
400,17,13.84686462385704,-30.075293616696438,2
400,18,-8.055374222669956,-36.97856931615894,2
400,19,-13.528756008687543,-19.325638612561633,2
401,0,-319.07243051706195,-23.24675395213265,0
401,1,-320.0297198882718,2.481461408091726,0
401,2,-295.75647338668267,6.882577260750152,0
401,3,-307.01568301913534,12.919002920859763,0
401,4,-304.23242552176106,-3.476141394978862,0
401,5,-311.1384941942396,4.638506792135738,0
401,6,-317.39453059605876,-4.490488698818172,0
401,7,-320.70642191881615,-30.657602892330384,0
401,8,304.9411257451647,-10.009666062192792,1
401,9,299.4817858512048,42.72564045331151,1
401,10,286.8342689426498,-11.69417708400448,1
401,11,313.9006633365249,9.868196961223576,1
401,12,307.3430410625456,10.872437332582555,1
401,13,350.5087203924311,-2.2188979866145564,1
401,14,-11.122630222843759,-5.23174633297493,2
401,15,10.35159213363418,-10.56393059910595,2
401,16,17.938759783181883,-4.342026825060652,2
401,17,11.2747995602917,-31.530761831254114,2
401,18,-8.509813171056809,-35.868924043153626,2
401,19,-14.44096108173062,-19.345833333742256,2
402,0,-321.18657354152816,-22.99022474186084,0
402,1,-321.05460211699256,2.934999627355355,0
402,2,-297.0612422234191,6.670112551046334,0
402,3,-307.59942911183686,12.569386299152637,0
402,4,-305.16228285256585,-5.059496896388789,0
402,5,-312.04099313461734,5.955835175523456,0
402,6,-317.28635390618996,-4.747466143064076,0
402,7,-322.57096113799213,-30.578039958742412,0
402,8,305.3143293254867,-9.605145080325531,1
402,9,299.23925335445375,43.27073606771721,1
402,10,288.1447071174221,-12.287352798201692,1
402,11,315.3238403441844,8.81320965516149,1
402,12,308.82980204915225,10.622798853257526,1
402,13,353.0568852037872,-2.263235529292761,1
402,14,-10.918650009162764,-6.500524363131653,2
402,15,7.489906743764227,-9.765905187866037,2
402,16,18.72962217255795,-3.7276123563066927,2
402,17,11.072946238025647,-31.8198984128092,2
402,18,-7.973645747231591,-36.47392635733422,2
402,19,-13.8177460176328,-18.22906695481693,2
403,0,-322.3265364388984,-21.290752711230823,0
403,1,-320.29416462970164,2.614993117207512,0
403,2,-298.46962037723296,7.1835186921586995,0
403,3,-308.8855247256866,13.1864135904721,0
403,4,-305.96816732868507,-5.98155720212939,0
403,5,-311.55386517975484,5.560323363031942,0
403,6,-318.67254714719184,-4.199648109308448,0
403,7,-323.2672515497688,-31.31821882727825,0
403,8,306.17822471869374,-9.519664397801002,1
403,9,300.88298166068665,42.86467377783827,1
403,10,289.0725786294287,-12.464932174536981,1
403,11,315.88112981516565,9.0144738936748,1
403,12,308.28163315277334,11.513091596850265,1
403,13,354.7207089163003,-3.0415968011849173,1
403,14,-10.953553114335342,-6.674176545855371,2
403,15,5.374644408967958,-11.36305063103508,2
403,16,19.64921481270554,-3.586072207626247,2
403,17,9.475448359309777,-31.96333134993549,2
403,18,-7.167244275439691,-37.63778765776167,2
403,19,-13.156851521611445,-18.68424465479785,2
404,0,-322.05333514677466,-18.73352016074159,0
404,1,-321.1805409262159,2.7058898439081367,0
404,2,-298.9101410720613,6.455988426910297,0
404,3,-309.73460929603317,12.929594466392466,0
404,4,-306.32058262052124,-6.300351442162143,0
404,5,-311.8705005611819,5.4425335052210135,0
404,6,-319.1855276706651,-5.370511812054623,0
404,7,-323.60319519387286,-31.15666656134892,0
404,8,306.5524447722931,-8.971449470318975,1
404,9,302.52885097860934,42.866965993818155,1
404,10,289.5209292582758,-14.233621184971184,1
404,11,316.92514965836745,9.893005602855837,1
404,12,309.9702690911223,11.548559355359377,1
404,13,355.07020156543416,-3.1487106615762857,1
404,14,-10.547182654036666,-5.915372400004787,2
404,15,4.406112965116149,-11.816191301069727,2
404,16,18.647262186358383,-3.908534747857132,2
404,17,8.703672732359966,-32.45849488808174,2
404,18,-8.386042134634824,-37.97664221934178,2
404,19,-12.199818348022797,-18.91846932417256,2
405,0,-323.4372736948752,-18.45033823224115,0
405,1,-321.04042130388865,2.899406662975261,0
405,2,-298.998173438201,6.153875866632691,0
405,3,-312.3269168676556,12.169415023545874,0
405,4,-306.11861856565315,-7.015146590904313,0
405,5,-312.5097606128573,6.1243230561992785,0
405,6,-319.80133582584267,-5.639146372623123,0
405,7,-323.33942920320953,-32.64174232171855,0
405,8,306.83375671413415,-8.527153388014362,1
405,9,303.3817466949167,43.52488610548859,1
405,10,290.3872927216155,-13.392239640913887,1
405,11,318.5493112093987,9.842609920753144,1
405,12,310.9825611920041,10.827788539773927,1
405,13,354.88254400769085,-4.0655386284708035,1
405,14,-10.266492925965604,-4.219340348575013,2
405,15,4.308158303265145,-9.93076348888788,2
405,16,18.34076665991013,-4.539625613329377,2
405,17,7.919117515625709,-31.935635233494065,2
405,18,-9.665694919691207,-38.257294363879716,2
405,19,-12.055703139198123,-19.45651183345315,2
406,0,-325.5969712562687,-18.976131348620747,0
406,1,-322.0695783944471,2.6245119901818774,0
406,2,-299.30797399670496,5.16466816113317,0
406,3,-313.32793128471144,13.014794153460773,0
406,4,-307.8971567812861,-7.528321222545672,0
406,5,-313.7141521113566,5.447615173116687,0
406,6,-319.40471386276147,-4.851677359055821,0
406,7,-323.07610151813407,-31.818773603059938,0
406,8,306.7859969108534,-7.840344252130804,1
406,9,301.8986667225506,42.62583477984936,1
406,10,290.8418118172043,-14.263829327589313,1
406,11,319.3480253320316,10.515459488447714,1
406,12,311.4972961758522,10.719865519301635,1
406,13,355.17643858371855,-3.74778773364147,1
406,14,-10.681876205834254,-3.073203042587081,2
406,15,3.681970484553964,-8.81809373708996,2
406,16,17.89841213527889,-4.468579095744191,2
406,17,10.626611936759605,-31.39401969807535,2
406,18,-10.475700247900114,-38.64203914064889,2
406,19,-13.971926455782544,-20.6132304876716,2
407,0,-326.14164410283587,-18.782290831029812,0
407,1,-322.13885188621657,2.4144886677998882,0
407,2,-300.517846022918,6.1442997553683565,0
407,3,-312.84312649866683,12.309180019330014,0
407,4,-308.8377812635462,-7.184969054032604,0
407,5,-313.70404598238275,6.825394007585983,0
407,6,-321.00502417855176,-4.807055645943236,0
407,7,-325.1368942626406,-31.717716814831157,0
407,8,306.0723243859565,-8.55407275702663,1
407,9,303.12248069531336,43.51426999602621,1
407,10,291.7793224888228,-14.158717690468613,1
407,11,319.6946525637461,10.577935940304393,1
407,12,312.6032373110818,10.393131686270149,1
407,13,355.12625298258195,-3.318879095085308,1
407,14,-11.029688874252301,-2.1942100564262845,2
407,15,3.391451986348792,-9.787789976150957,2
407,16,17.660432742298237,-6.081553795424541,2
407,17,11.362612498035297,-30.640136801570424,2
407,18,-9.912669824417026,-38.795981087297854,2
407,19,-13.872119867446505,-20.94981932609789,2
408,0,-327.93521799531686,-19.619686317885957,0
408,1,-322.76878325570954,3.711144074648785,0
408,2,-301.8964532640912,7.241432228645639,0
408,3,-313.7854923856632,11.380408879325268,0
408,4,-309.29310254398706,-8.09257430961444,0
408,5,-314.6051182369929,6.929020956931441,0
408,6,-322.19651536447606,-4.013397662759277,0
408,7,-326.05351918724097,-31.141324428748597,0
408,8,307.8850654017542,-9.02446977011437,1
408,9,303.21707124414803,43.79581388681499,1
408,10,292.32794047261723,-16.363866564404205,1
408,11,320.07016875913,10.281628364157756,1
408,12,313.11205632539503,9.453786924440157,1
408,13,355.4235185593286,-3.8326253235373047,1
408,14,-11.015623998684656,-2.8944423183085646,2
408,15,3.6037965709060478,-9.094335125106074,2
408,16,17.077958604727495,-5.490746881063728,2
408,17,10.55102575810342,-30.506086060597962,2
408,18,-8.785045091874597,-37.68387537561001,2
408,19,-13.625799370800758,-20.84999910956072,2
409,0,-328.94591737274226,-20.201623622952788,0
409,1,-324.1101668433106,4.134503499595867,0
409,2,-303.62200670669836,7.65981784584926,0
409,3,-314.5700363125985,12.303273526152763,0
409,4,-311.56545875059504,-7.362502348067293,0
409,5,-315.7310031765528,6.018084357912033,0
409,6,-323.2769810093598,-3.9956396768438305,0
409,7,-326.55494466399006,-31.424723846483065,0
409,8,307.59470677743195,-7.901772140122533,1
409,9,304.8329836897699,44.26580550063199,1
409,10,293.46569692281486,-15.681771522401846,1
409,11,320.7835299381289,11.299959107462316,1
409,12,313.7480587860899,8.650998240068851,1
409,13,356.3267918572649,-4.148512030710985,1
409,14,-12.696761709664926,-3.5916470276189703,2
409,15,2.3925822384787088,-9.123021405650125,2
409,16,17.234974533055304,-5.796132069801615,2
409,17,10.436375631908914,-28.49394751010408,2
409,18,-8.881815110736758,-37.63826166808514,2
409,19,-13.971430463698626,-19.192264678980102,2
410,0,-330.228241143825,-21.43065305434727,0
410,1,-324.38948336943554,3.489353285109436,0
410,2,-303.9234362261112,6.10027454347706,0
410,3,-315.42625674485987,11.727006038484173,0
410,4,-312.85210789462093,-6.918770934483217,0
410,5,-315.68807980293013,7.1167202048126255,0
410,6,-324.58373220839707,-4.754375368594228,0
410,7,-328.4341569697622,-31.17133391701701,0
410,8,309.8288594180339,-7.499649972066749,1
410,9,304.8947254258252,44.419846210051126,1
410,10,294.4945234494078,-14.83344989661883,1
410,11,322.294262989711,11.707216083610613,1
410,12,314.9368472415145,8.962476983891577,1
410,13,357.4378872651791,-3.3967831700360716,1
410,14,-13.431385495195501,-5.41637754162652,2
410,15,3.065353220604102,-8.711671386417322,2
410,16,17.361926938312237,-5.407128692221114,2
410,17,10.62039615179937,-28.120693075823297,2
410,18,-7.9854608854543345,-38.34238016492539,2
410,19,-14.231240716038055,-19.81291143787322,2
411,0,-330.10133942691897,-21.97907484653926,0
411,1,-325.94796373468284,4.293697149150772,0
411,2,-305.1650103723892,6.033361253932456,0
411,3,-316.5289140478662,13.193026723676965,0
411,4,-312.73118424357216,-5.861491905600922,0
411,5,-317.2547050351261,6.07551913103334,0
411,6,-325.7304992596858,-4.161656520286229,0
411,7,-328.9280384476685,-30.644469232116254,0
411,8,310.97789207756307,-7.007989693022639,1
411,9,304.5164007971958,44.0142375837825,1
411,10,293.5880418667247,-16.05968217798207,1
411,11,322.75997323174875,12.883930693799718,1
411,12,315.712899883546,8.476562359659004,1
411,13,359.41090380228957,-5.138158620067,1
411,14,-14.011477950018346,-6.00213017820972,2
411,15,2.954275810107542,-10.481512884647321,2
411,16,17.336440994875776,-6.661928531384164,2
411,17,9.810079856374797,-27.966083579546734,2
411,18,-8.060150110088337,-37.720138794256904,2
411,19,-13.218260649579053,-19.40914416462981,2
412,0,-330.5173275468047,-21.9699834864773,0
412,1,-326.68667515392923,3.508755540199529,0
412,2,-304.1552894836308,6.915505169000853,0
412,3,-318.74202298114005,13.679229702094831,0
412,4,-313.8330640843134,-4.910742373096861,0
412,5,-318.5874239838169,6.829577714571469,0
412,6,-327.03696390936267,-4.048830730297692,0
412,7,-329.66574913606445,-31.088930270149334,0
412,8,313.74499051754395,-6.744533470135813,1
412,9,305.9213841627075,43.26823585236895,1
412,10,294.81200397112616,-15.832120817099419,1
412,11,322.87245869972554,11.812232896420493,1
412,12,317.38315577379234,8.08959285144788,1
412,13,359.6568777884228,-5.683988568730011,1
412,14,-14.159451311843641,-6.051060703120451,2
412,15,3.1906451295915903,-10.775200657404962,2
412,16,18.410812036186282,-8.370600879220637,2
412,17,10.058516885649103,-27.24771201643717,2
412,18,-9.042568789675068,-38.63299795490504,2
412,19,-13.936262119302814,-19.402013123295507,2
413,0,-331.4335564031042,-21.095110554559806,0
413,1,-329.14795731383373,3.1146007791952544,0
413,2,-303.672796806629,7.325082123473701,0
413,3,-318.8202360204765,14.521688222875627,0
413,4,-315.2043175807641,-4.790964286586036,0
413,5,-320.65365482023344,6.025984787931385,0
413,6,-328.1652751995674,-4.149961522378029,0
413,7,-331.08752605808166,-29.33254732442539,0
413,8,313.8346574078878,-4.877781384243836,1
413,9,306.67682786471653,44.183195640618656,1
413,10,295.522837975646,-15.696593137636716,1
413,11,324.0256375164809,12.741654090262402,1
413,12,318.8432846417879,6.368473020626773,1
413,13,360.1609568268468,-5.410811881615784,1
413,14,-14.981646492464117,-5.58072020473989,2
413,15,2.2996806711461835,-11.143846785076008,2
413,16,17.672077759500937,-8.163551304940576,2
413,17,10.76196028339779,-27.215657377774495,2
413,18,-10.334980778401272,-37.13665334927504,2
413,19,-14.469073019557271,-19.561269702732865,2
414,0,-332.80230525045977,-21.887029168182192,0
414,1,-329.3581492986133,2.1016411159848696,0
414,2,-304.7973215895952,7.225164575924941,0
414,3,-320.1953273036659,13.188800154663957,0
414,4,-316.1837331294397,-5.537559324967983,0
414,5,-320.835649220374,4.147187796109759,0
414,6,-329.1889020318794,-3.747254124392309,0
414,7,-333.3797715201412,-27.885707255247294,0
414,8,313.52614957310954,-6.052025026391707,1
414,9,308.87740600759776,43.867156309944235,1
414,10,295.16321943721607,-16.165923059987524,1
414,11,323.90475167024374,11.44556759824744,1
414,12,319.28892172878324,6.208933901356356,1
414,13,362.29115068308465,-5.431387659893857,1
414,14,-15.282337084034005,-4.2714344219040585,2
414,15,1.1223622367165556,-10.422962802839148,2
414,16,17.79117472719876,-8.601288045417581,2
414,17,10.923196681977283,-26.71854250229347,2
414,18,-10.368236133410837,-36.36434998140801,2
414,19,-14.88611971240393,-20.26876111142351,2
415,0,-334.45337550121843,-21.85520431056308,0
415,1,-330.0978911910464,1.1644494793230717,0
415,2,-305.02724061095944,6.115852410929967,0
415,3,-321.81850300833315,12.284712791283443,0
415,4,-316.63056409109566,-6.633137013116074,0
415,5,-322.38482660390633,4.2628085601026955,0
415,6,-330.2312893077162,-5.196352361121048,0
415,7,-334.27630863541475,-27.629822339819643,0
415,8,314.26405418875487,-6.296890413063193,1
415,9,309.6119068213851,44.726514063890036,1
415,10,294.1110061291459,-14.881032450915352,1
415,11,323.3757587540551,11.443317759375374,1
415,12,320.39673546828857,6.5062982994901315,1
415,13,362.31137725228945,-3.7699106948082344,1
415,14,-13.766148374324683,-3.4669142266198123,2
415,15,2.658456647266855,-9.693866902813264,2
415,16,17.38042277080805,-9.306891548589595,2
415,17,10.011961279501792,-26.513126019719248,2
415,18,-8.51304384471565,-36.547452757129484,2
415,19,-14.343849567596985,-20.240788568461177,2
416,0,-334.49529591233016,-22.440450078640204,0
416,1,-331.6478842725776,-0.11518749921443505,0
416,2,-306.22136553683055,5.382612125026268,0
416,3,-322.0178642865425,12.023380045820153,0
416,4,-316.8605841747157,-7.02347462745842,0
416,5,-322.0422292120401,3.3854656283186886,0
416,6,-330.0845121116832,-3.8734548075071484,0
416,7,-334.29576659387334,-26.363744532202055,0
416,8,315.28232158552066,-5.093625660046764,1
416,9,310.04479025761054,44.72206869127134,1
416,10,293.63556638951763,-13.888947155806996,1
416,11,324.8864725524891,11.71653276008571,1
416,12,320.2079477153079,7.60046946266058,1
416,13,362.2491749200879,-4.293924595022112,1
416,14,-13.296793042335642,-4.136525676130005,2
416,15,3.619314284881848,-8.38418207489247,2
416,16,16.436001126269332,-8.215334564542164,2
416,17,9.848433218734531,-26.09746383357084,2
416,18,-7.46208076690816,-37.43766645384484,2
416,19,-13.440198901872082,-21.952092492713177,2
417,0,-333.6432695706914,-21.68682909893499,0
417,1,-332.68278784766306,0.5619499950809105,0
417,2,-307.3073004302149,5.636761964770344,0
417,3,-322.10265968899586,12.685989964259221,0
417,4,-317.3497097026888,-6.59601207453561,0
417,5,-323.5599191161754,1.2991006224083805,0
417,6,-330.374074338109,-3.969714947196577,0
417,7,-335.0770400082647,-26.87668679248848,0
417,8,315.1876302508053,-6.302449418145012,1
417,9,310.6928856941351,44.35429582018309,1
417,10,293.8220805914205,-13.852321670667225,1
417,11,326.0028912595444,12.066520492033298,1
417,12,320.9670115181904,7.805277907387024,1
417,13,364.0988119533629,-4.563342050387105,1
417,14,-12.99783011359901,-4.064304287528775,2
417,15,3.1162568214590167,-10.586230660716069,2
417,16,14.04176541913528,-10.11180429958544,2
417,17,11.244855364740136,-26.183305546943195,2
417,18,-6.728136206533389,-36.24793161888862,2
417,19,-14.190364498123373,-21.60021658937734,2
418,0,-333.07914807183744,-19.741939745225213,0
418,1,-334.42386989334534,0.5986403194856577,0
418,2,-308.68115109407734,5.8878661764952716,0
418,3,-323.71645772453417,11.125285387485736,0
418,4,-319.11577398454943,-5.893980186855465,0
418,5,-324.2412309371496,0.8920192168748955,0
418,6,-330.2524662356252,-4.6165521662821085,0
418,7,-335.6463405760709,-26.488396664555562,0
418,8,315.73781726102135,-5.886640559275423,1
418,9,311.32324191486344,44.681576001959115,1
418,10,294.1147580132167,-14.287877871304946,1
418,11,324.87643371726193,12.30399318928268,1
418,12,322.3497057431116,8.073213313586603,1
418,13,364.9702619413615,-3.871164068265731,1
418,14,-13.351631490908375,-4.079306261924918,2
418,15,2.965904861423932,-11.077824141975869,2
418,16,14.644930609277193,-10.840637263811685,2
418,17,10.175907051503446,-26.519096414026485,2
418,18,-6.7461977020335455,-34.751322387621265,2
418,19,-13.735975575575996,-22.620529719109825,2
419,0,-332.62666211821943,-20.107430817647476,0
419,1,-334.6936535896216,1.765809987490865,0
419,2,-309.3641673231665,5.660915839616819,0
419,3,-324.0015599465709,11.093771844396656,0
419,4,-319.95439972234556,-5.195300005115871,0
419,5,-323.8459432291677,0.7319919063007732,0
419,6,-331.0883600223509,-3.0592068328630826,0
419,7,-336.37429879082265,-25.941122325217894,0
419,8,316.9125527531958,-5.95742157088945,1
419,9,311.27277956021953,45.287479866908235,1
419,10,295.6498557971304,-13.9987590703522,1
419,11,325.25118113598165,12.627490326176558,1
419,12,322.9824940174818,7.282211152389526,1
419,13,366.8511933356171,-3.700436964206171,1
419,14,-12.320091705623108,-3.5795233853014032,2
419,15,3.004671325292417,-10.216036708572412,2
419,16,13.303585425245995,-11.812899976511693,2
419,17,9.685276270103417,-27.03332709619116,2
419,18,-7.175529642511427,-34.69795044136882,2
419,19,-14.275351194383465,-23.17861677554373,2
420,0,-334.5537843948035,-19.069687722084485,0
420,1,-335.8140028435518,1.8459496427741808,0
420,2,-309.96079978000853,5.329754048682044,0
420,3,-325.9873311673214,11.916566455662126,0
420,4,-320.57157655920594,-4.811096788939118,0
420,5,-325.77903056960497,1.1830733319877125,0
420,6,-331.8130129013388,-1.6363792896177056,0
420,7,-336.64277025508517,-24.31645345907176,0
420,8,317.83411313693625,-5.152160211279916,1
420,9,311.88251041583794,46.3246431982116,1
420,10,298.4789835162406,-14.567414413164832,1
420,11,324.81432258114813,14.701406362501665,1
420,12,323.5837645572574,6.4203142373854085,1
420,13,367.8149764205287,-3.7404607339949703,1
420,14,-10.82324705991974,-2.5943507434748794,2
420,15,1.8991302157631247,-10.78238997941334,2
420,16,13.710229490120943,-10.672985085017276,2
420,17,9.149027881030634,-26.161321795797463,2
420,18,-8.093681288666534,-33.60971025322781,2
420,19,-14.541263166798473,-22.598798775311405,2
421,0,-335.17758647372995,-18.932899712874136,0
421,1,-336.2186424338384,1.4306621240483095,0
421,2,-309.6486576908509,7.039026203147962,0
421,3,-327.5590972187553,11.142910438413113,0
421,4,-322.14266134775494,-5.330467284700678,0
421,5,-325.78780391888586,0.13285042853854856,0
421,6,-333.2295255585167,-0.9413989873929824,0
421,7,-337.33358608162143,-24.581064304386135,0
421,8,318.0351884397935,-5.844033776601129,1
421,9,312.7502996279742,45.81300498200828,1
421,10,299.12579774280306,-15.395049255316263,1
421,11,326.91954309813156,15.895141190478702,1
421,12,325.6985090284084,5.835977651900523,1
421,13,369.0915245819869,-4.385151776195574,1
421,14,-10.46365722417506,-2.8999695113036763,2
421,15,1.9209020790712086,-10.24476754187083,2
421,16,14.433179647039307,-10.951938883158476,2
421,17,9.744322147714435,-24.95181447842111,2
421,18,-7.791311350355575,-31.905947915569655,2
421,19,-14.701640604773495,-22.981199755018963,2
422,0,-336.46836098988535,-19.210125327631996,0
422,1,-337.2515801464257,1.0309800636894233,0
422,2,-309.50618636418164,6.72993000009824,0
422,3,-328.32312906487215,12.128598410055918,0
422,4,-324.05432129625683,-5.8953103601060395,0
422,5,-327.36673461792486,2.0401577281700796,0
422,6,-333.4329914305546,-0.35985101106098427,0
422,7,-338.57461494210975,-25.180674363161998,0
422,8,317.67514965876876,-6.368053912377915,1
422,9,314.5455819168461,46.187281480111004,1
422,10,299.8205323243432,-14.262096842476257,1
422,11,328.47263079629147,15.996453814654302,1
422,12,326.8733230372863,6.3394728011526045,1
422,13,369.0313160461155,-3.1509231131024134,1
422,14,-11.607922989657212,-0.8735325954545048,2
422,15,1.5238264867238258,-10.0984075053241,2
422,16,14.077355529343292,-11.601872647745845,2
422,17,9.832916140144517,-24.893598509569347,2
422,18,-7.5721925456866455,-30.25991853915028,2
422,19,-14.42913714694859,-22.319531616312297,2
423,0,-337.2603459137016,-19.9252717126495,0
423,1,-337.43272563849047,1.6821794687072016,0
423,2,-310.48042610290014,7.477647753647324,0
423,3,-329.87273137373484,12.504661240734162,0
423,4,-325.531533873157,-5.683364505245388,0
423,5,-327.4696140346722,2.7645861997124257,0
423,6,-333.2339062368702,-0.17294375350600633,0
423,7,-338.31576223066406,-25.039878372204264,0
423,8,319.4937218430671,-6.1283094044093325,1
423,9,314.99615221959186,46.82040520245718,1
423,10,300.78756218604735,-13.971149946204903,1
423,11,329.8743727395102,16.00810403243857,1
423,12,327.6565474960973,6.5639864790259805,1
423,13,369.5337639880036,-3.3709489881013615,1
423,14,-10.492680710593872,-1.278629868893241,2
423,15,2.8734835432372208,-10.462191143924962,2
423,16,13.9366439280798,-11.992998307694545,2
423,17,10.81014390946823,-24.308658816597436,2
423,18,-7.461507344448923,-30.845336253344225,2
423,19,-14.893477286840461,-22.63884451274802,2
424,0,-338.68488169367424,-19.282029267497062,0
424,1,-338.2056586232808,0.42583406755503916,0
424,2,-310.1226155106597,6.9149017731866875,0
424,3,-329.8333754058736,12.805170059985983,0
424,4,-325.9375096490895,-6.415014454925902,0
424,5,-329.9449614687925,1.997152662283118,0
424,6,-334.74736250100227,-1.250701272110329,0
424,7,-339.56400599919886,-23.488316641776752,0
424,8,320.0411783268923,-5.548107647917618,1
424,9,315.8326570030246,47.313806114322496,1
424,10,301.8737551572632,-14.33596551191151,1
424,11,329.6330111012949,16.13140631644952,1
424,12,328.28094108269846,4.876055170416229,1
424,13,370.7209785425197,-2.887824153998682,1
424,14,-10.593244683993834,-0.9503252812890071,2
424,15,1.6921619657781792,-10.209755041869938,2
424,16,14.209202214222008,-12.448219612642234,2
424,17,11.619706701417162,-24.07395832448399,2
424,18,-8.18044748744796,-31.781142932686993,2
424,19,-15.892011186666805,-23.350682012778357,2
425,0,-338.9238397782328,-18.751385478843332,0
425,1,-339.061493164381,0.08982154160992678,0
425,2,-310.30119422655673,7.134961633361754,0
425,3,-331.2447199210568,12.874122028541654,0
425,4,-325.977771252695,-6.0128166029441505,0
425,5,-329.35605439316146,0.8868647482481622,0
425,6,-335.7062504495362,-1.7512955283596352,0
425,7,-340.2441707146707,-23.731226103412748,0
425,8,321.4195467611348,-5.157086724750642,1
425,9,316.5246611790349,47.362154217530005,1
425,10,303.11223716927464,-14.48430200121387,1
425,11,329.91811982326817,15.80853338829956,1
425,12,326.847330148686,5.42687407226828,1
425,13,371.5991840713755,-2.423016485300088,1
425,14,-10.21531311949617,-2.066471043091775,2
425,15,1.4059845235507522,-11.333567464039668,2
425,16,14.421912978586946,-13.090116196442242,2
425,17,10.179315814071298,-23.499724573645228,2
425,18,-9.362549963230418,-32.18791433094431,2
425,19,-15.036240842464665,-21.538509080223733,2
426,0,-339.78544891912736,-18.77351614896062,0
426,1,-338.6967531071324,-1.6014872181923627,0
426,2,-310.1037971453778,7.291259926605194,0
426,3,-332.43302297992375,12.96809089157808,0
426,4,-327.2642640621534,-5.912486612560216,0
426,5,-329.93379067204467,0.1669812206130601,0
426,6,-336.2130329316461,-2.275787374728253,0
426,7,-340.0336691498559,-25.168103771010742,0
426,8,322.9429903719951,-5.841112200979425,1
426,9,316.77653450722687,46.44561607085271,1
426,10,304.29997940847306,-14.486116386713302,1
426,11,330.7927102848993,15.296970095372538,1
426,12,327.1627651047449,5.702285413139886,1
426,13,371.62907553289386,-1.115242595243498,1
426,14,-11.301512830133948,-2.3422769982613465,2
426,15,2.0256734258156355,-10.99284603864407,2
426,16,14.043443475796138,-13.96595823789976,2
426,17,9.959473954036904,-22.938598442582723,2
426,18,-10.206857072827878,-31.6073100335784,2
426,19,-16.94420197412531,-20.52607880230901,2
427,0,-340.76125677526727,-18.42298754918723,0
427,1,-338.8048424040239,-1.815905574491777,0
427,2,-310.94018958881026,6.426742589413969,0
427,3,-334.53861905517374,12.706333104261885,0
427,4,-328.0487403501321,-6.820075275300178,0
427,5,-331.445246044307,0.3322230128892274,0
427,6,-336.37714730287075,-2.722693628706656,0
427,7,-339.998875877212,-24.730111269366773,0
427,8,325.1990805850117,-4.95402307380463,1
427,9,316.6553999207517,46.467160059209746,1
427,10,304.4128029139644,-14.00221778664444,1
427,11,331.4002305939696,16.4580046232864,1
427,12,328.0792385004045,6.991850319970763,1
427,13,373.1551341083506,-1.3599197823217786,1
427,14,-11.938923286989517,-2.7153541017496177,2
427,15,0.7541845987914257,-10.304617723696982,2
427,16,15.125597926739974,-14.918152385167522,2
427,17,9.59746413876652,-22.379325763626277,2
427,18,-10.406542535308581,-32.64725171974892,2
427,19,-16.817963187622183,-21.07838726284159,2
428,0,-341.42364237198854,-18.07816872124514,0
428,1,-338.52379697637895,-1.7761208352179294,0
428,2,-310.73534537013467,5.921037242117041,0
428,3,-335.4369122207909,13.626193126408168,0
428,4,-327.72120343659736,-6.648743005544299,0
428,5,-331.9595946217037,1.8671131947326178,0
428,6,-337.1138126244048,-3.616147686670862,0
428,7,-340.87918925976675,-23.984536480114375,0
428,8,326.8357940564365,-6.018966251555005,1
428,9,315.8560969216398,46.666286585638645,1
428,10,304.87116790301417,-13.020102386397259,1
428,11,332.13180842102605,16.0900525355961,1
428,12,330.0771787406037,7.301886688092077,1
428,13,372.6614829105415,-1.5020983244908894,1
428,14,-13.536710207194496,-3.9896775476281174,2
428,15,0.6378795137425125,-11.150514272856231,2
428,16,15.060336498405253,-13.319870891851291,2
428,17,10.345843265927785,-22.359814409102697,2
428,18,-10.38542240493152,-32.82988115888273,2
428,19,-16.421178822740114,-20.999466361829015,2
429,0,-343.76293443761875,-19.282804227037502,0
429,1,-339.70465593625767,-2.0038829107458196,0
429,2,-311.73302470475306,6.474570411233827,0
429,3,-336.38715349607344,13.690410360253216,0
429,4,-328.43687776844286,-6.290879013245782,0
429,5,-332.66955495272583,3.081596753931346,0
429,6,-337.99236874881433,-4.417126410268422,0
429,7,-341.1783938137109,-23.84058790231987,0
429,8,327.16239061568643,-5.4463163757146145,1
429,9,316.84695028286745,47.42230642837043,1
429,10,305.8410927826242,-12.410612872293035,1
429,11,333.5967467247548,15.979202475241415,1
429,12,331.87890296060255,6.601249113662614,1
429,13,374.87141393042344,-0.8515031014034407,1
429,14,-12.423711831750715,-4.9860341762894365,2
429,15,0.8443487536314943,-10.594323815708929,2
429,16,14.338922843617377,-15.549847502213517,2
429,17,11.118632628484972,-22.86574773927643,2
429,18,-8.997332469591765,-33.27097995460415,2
429,19,-17.228957664356514,-22.153746448544737,2
430,0,-344.3860347306396,-18.718438171082507,0
430,1,-341.74714309732764,-2.4428051741901915,0
430,2,-313.6805242670956,6.37731032712196,0
430,3,-337.7652336481719,13.754407881170717,0
430,4,-329.8262677883458,-8.295747174503983,0
430,5,-334.0738541974899,2.5427547820159333,0
430,6,-339.3695132761697,-3.7699602393210405,0
430,7,-341.52822270148476,-24.17625927008437,0
430,8,329.14251168627993,-6.13107052876925,1
430,9,316.3496596623473,47.94796263371096,1
430,10,305.61298710250105,-12.024402589574143,1
430,11,334.90991049259577,17.4625115648728,1
430,12,332.2046729756789,5.5926684830651485,1
430,13,374.574331030087,-1.812439940105047,1
430,14,-12.09394933202096,-5.039433338874787,2
430,15,0.8523615194108665,-11.110418917977064,2
430,16,13.551312919731513,-15.38587834937678,2
430,17,12.745124115888471,-23.467308599512098,2
430,18,-10.231994850249013,-33.99850912366627,2
430,19,-17.928147799346117,-22.250652239585662,2
431,0,-346.1524256737952,-18.21949261644588,0
431,1,-343.6523992595248,-1.7248230767645203,0
431,2,-314.3440654366623,7.485280742528351,0
431,3,-338.60365437754797,13.360529216029109,0
431,4,-331.601324089338,-7.597381249491446,0
431,5,-334.14680120920946,2.720408907088446,0
431,6,-340.4762707938085,-4.3429741581300005,0
431,7,-342.57165021189115,-23.410205552016084,0
431,8,329.31595213834476,-6.032655544771312,1
431,9,316.0583869710822,47.79958153629518,1
431,10,306.49275740750886,-10.749653128954487,1
431,11,334.5104373453734,17.605386281659584,1
431,12,333.0606472881358,5.108757127574739,1
431,13,375.3857682028529,-3.061649043817392,1
431,14,-12.392262749257274,-4.106332663338758,2
431,15,0.49833595831723865,-9.82516288238681,2
431,16,14.609002756063957,-14.294374292529326,2
431,17,12.563637671790676,-22.45915536294167,2
431,18,-10.52363569934131,-34.47826705817577,2
431,19,-17.751692469790115,-21.732078319790098,2
432,0,-345.5601466263659,-17.827990833584863,0
432,1,-344.1359705685463,-1.7610905221619506,0
432,2,-315.4272020000473,7.809867963385946,0
432,3,-339.2584695881844,13.924215833508965,0
432,4,-333.1839237721252,-7.31090345731249,0
432,5,-334.6053697138996,2.4090681184783165,0
432,6,-341.3290247148944,-4.980408323626202,0
432,7,-343.70949233961363,-23.869216544292644,0
432,8,329.73148883278157,-4.479812179005435,1
432,9,316.8992647924686,49.110235124291975,1
432,10,307.53440308061744,-12.030613350511606,1
432,11,334.28693730149723,16.518295857241284,1
432,12,333.1166743470479,5.49689304743161,1
432,13,376.0340710180275,-2.5688044914218415,1
432,14,-12.29811584227697,-3.7976394354243688,2
432,15,1.9525864474036534,-9.178841896714735,2
432,16,14.710671368858431,-14.66320681749435,2
432,17,13.88419447816405,-20.51398163480934,2
432,18,-10.059384207256633,-34.47955227762585,2
432,19,-18.87374092296671,-21.552260320244176,2
433,0,-346.33739301811573,-17.013062993146978,0
433,1,-344.41030918002343,-2.1727268145734224,0
433,2,-316.11589777946404,7.022637341421627,0
433,3,-340.19677612095546,15.018614192316463,0
433,4,-334.5399096340523,-7.006996403915989,0
433,5,-335.72190165199186,2.125534527554172,0
433,6,-343.4931224328131,-6.21811283509119,0
433,7,-343.765919784366,-24.996134477019663,0
433,8,330.09743320224464,-4.359051329686771,1
433,9,318.33998105374644,48.94863337599608,1
433,10,308.8844088274365,-11.965216299449352,1
433,11,335.62421477996435,17.531361084073055,1
433,12,332.7331713631343,6.222541394395133,1
433,13,377.23577602261196,-2.661517426477252,1
433,14,-12.053381675775501,-3.1073143965354646,2
433,15,2.741057700162881,-8.744143201262842,2
433,16,12.819929873844544,-14.979507088969203,2
433,17,14.03637311910226,-20.559869770479118,2
433,18,-10.378173416221127,-35.37424565619854,2
433,19,-17.74927923679933,-20.97854113276643,2
434,0,-347.83130228695694,-17.555860742975437,0
434,1,-347.52415040620485,-2.496639035618586,0
434,2,-316.23481031365213,6.2356650168643775,0
434,3,-340.1215033182335,15.569011442337768,0
434,4,-334.8551024184102,-6.263604134626252,0
434,5,-337.08681253299983,1.8871616226927594,0
434,6,-343.21613608455715,-6.810281971798307,0
434,7,-343.633686931835,-26.756840933248036,0
434,8,329.9289495133477,-3.6222086413752717,1
434,9,320.74898578851503,49.55314865841461,1
434,10,309.9064840213703,-13.274794144037509,1
434,11,336.3702051888468,17.21289580508397,1
434,12,332.69386917897987,6.410166926489138,1
434,13,378.9518015008174,-2.485860955962642,1
434,14,-11.264407556476291,-3.290956070142778,2
434,15,1.954389109255658,-8.1545796670065,2
434,16,12.721799704086315,-13.987402449173468,2
434,17,12.820655952837335,-21.081199845647447,2
434,18,-8.772789222210825,-35.82965142594764,2
434,19,-16.742094052510307,-21.706399814019758,2
435,0,-348.1504847266267,-16.790459681158165,0
435,1,-350.09550450435097,-3.170940725344434,0
435,2,-315.917190114881,7.045335218387017,0
435,3,-340.6520031810219,15.316115184698557,0
435,4,-335.6011231309668,-7.232099337247535,0
435,5,-337.4546935712529,2.243461994542749,0
435,6,-344.42935179132274,-6.881529633731061,0
435,7,-343.8653180786966,-27.082483782791364,0
435,8,331.5837331679463,-3.486992634544415,1
435,9,321.10412266644767,49.207677109450515,1
435,10,310.35024123319306,-14.6889297200767,1
435,11,337.5259453646031,17.774457786598767,1
435,12,331.2842456277054,6.386095986788376,1
435,13,378.6543814296505,-0.9728108388080461,1
435,14,-12.613160287537575,-2.786795402769698,2
435,15,2.9820580285345875,-8.442512186440625,2
435,16,11.08094525935486,-12.894480047156911,2
435,17,13.518948748735223,-22.341281369371558,2
435,18,-9.29144156023197,-35.866707826326824,2
435,19,-16.885081418523917,-22.520989628954545,2
436,0,-348.45318816565157,-15.8400410046874,0
436,1,-351.8048840158222,-2.8958386536834366,0
436,2,-317.7308035741774,6.942607173975882,0
436,3,-342.1620395261499,15.370605882717864,0
436,4,-336.1063314004552,-7.772238822754064,0
436,5,-338.04982046618613,3.1489651100491054,0
436,6,-344.46873885123983,-6.928575098780857,0
436,7,-345.8751242049787,-27.657667257337096,0
436,8,332.54603905624805,-2.682709525696553,1
436,9,322.03494170768244,48.21048031505106,1
436,10,311.35092211959346,-14.921203635856145,1
436,11,338.0360227449849,17.65271184974356,1
436,12,332.64481236603444,6.564074411298415,1
436,13,379.539264974787,-0.2615215865261249,1
436,14,-12.294440446511974,-3.435565301569827,2
436,15,2.854514562750595,-8.31016073987763,2
436,16,12.072441412182568,-12.883834823205817,2
436,17,14.031968379435549,-21.138882407609884,2
436,18,-8.711304222752076,-36.39587782003211,2
436,19,-17.488869544166306,-21.915826214656487,2
437,0,-349.13235029430064,-16.573340625195417,0
437,1,-353.252835403925,-2.751002728732716,0
437,2,-320.12063313198115,5.994505781457473,0
437,3,-343.89488094427946,15.38159347331639,0
437,4,-337.5320865588738,-7.283421347415558,0
437,5,-338.8787647549881,3.035731961915596,0
437,6,-346.43887665362456,-7.637182163460523,0
437,7,-346.0296628860505,-26.19183983054075,0
437,8,334.5188176282294,-2.6330913111841445,1
437,9,324.2936118735339,47.790409541127275,1
437,10,312.89371681150453,-15.53651126100936,1
437,11,338.5435931317655,17.691952854166374,1
437,12,333.16758090373725,6.118518447649579,1
437,13,380.1505049892457,-0.7452910952593317,1
437,14,-12.615840909660161,-3.779245562187817,2
437,15,0.654308796493992,-8.540725191444606,2
437,16,12.45335678826444,-13.454699777047843,2
437,17,12.415640663634765,-20.405063805093853,2
437,18,-8.24508878940137,-36.47983243345292,2
437,19,-17.61578972670129,-21.81473496253702,2
438,0,-348.69695855176315,-16.87421515441372,0
438,1,-354.5285193194947,-1.2707118169728784,0
438,2,-321.7714289136374,6.123110798286786,0
438,3,-343.86417700998544,14.729363730725886,0
438,4,-338.6353106271188,-6.964718545578403,0
438,5,-338.94818074086186,2.9439863615796513,0
438,6,-346.6878122931013,-7.379610188521013,0
438,7,-346.91550627246846,-25.193987271986433,0
438,8,333.38515267792866,-3.1612230324621793,1
438,9,325.8021917388493,48.518150166383194,1
438,10,314.04183275082363,-15.661796694546235,1
438,11,338.7938506851082,17.507262776513425,1
438,12,334.4021565983898,6.011309544156126,1
438,13,380.46752304774765,-0.3882441108299117,1
438,14,-13.77235709028333,-3.001827288381589,2
438,15,0.2346726174815123,-7.812065264366803,2
438,16,12.615180579079526,-14.607393537970179,2
438,17,13.25467358637856,-19.835825873226067,2
438,18,-7.92584814677503,-36.52739317292187,2
438,19,-17.054606560526327,-21.890944857691064,2
439,0,-349.1594142509611,-15.429528364369034,0
439,1,-353.5327361025629,-1.15558998665666,0
439,2,-323.29801983524584,6.911013667717319,0
439,3,-344.29627162918746,15.781501845880863,0
439,4,-339.4243931673845,-8.041220745451731,0
439,5,-339.7263691833226,2.567457836929146,0
439,6,-347.45086576658076,-6.214628211116545,0
439,7,-347.1721884959625,-25.94951984559162,0
439,8,335.22747842260276,-3.195415194494584,1
439,9,326.6644532016331,47.4216315948712,1
439,10,314.4607603827326,-15.643247323174863,1
439,11,339.51742369893554,16.84815862181874,1
439,12,335.2902493181628,4.659961925937033,1
439,13,382.006132099092,0.12549212120479092,1
439,14,-13.675191355616484,-1.7272456286851792,2
439,15,0.7304894776886599,-8.15263498367221,2
439,16,13.641563617099383,-14.234901557837329,2
439,17,14.79008493428804,-20.31032203622252,2
439,18,-8.828633840117464,-36.96582558167129,2
439,19,-17.08725797506523,-21.695862908449847,2
440,0,-350.05494536624263,-14.81263046839024,0
440,1,-354.2799635782607,0.5449865126993623,0
440,2,-324.2013598414843,6.466432783272011,0
440,3,-345.855541801127,17.33768437984203,0
440,4,-342.2289617506044,-7.646428420216552,0
440,5,-339.4319799228217,3.4843623901895153,0
440,6,-347.13244814193246,-6.177122387980847,0
440,7,-347.8717401156357,-26.667480439733737,0
440,8,335.6634717147401,-4.365044466518681,1
440,9,326.6478869794143,47.185236444193976,1
440,10,316.04628719836916,-15.846373909729522,1
440,11,339.27495708194067,16.2492741088664,1
440,12,334.91022068229626,3.519642696189539,1
440,13,383.3533653885046,0.7528544959729615,1
440,14,-15.196998245050752,-2.070110246939473,2
440,15,0.18216433693725753,-8.12627216586223,2
440,16,14.300438050954739,-14.143542604985047,2
440,17,13.383547831267203,-21.336340488366847,2
440,18,-10.719682790972264,-36.46666699891864,2
440,19,-17.089359836365073,-21.732942618214118,2
441,0,-349.9870476673956,-15.112003367440972,0
441,1,-355.11806575215815,0.10847067230288354,0
441,2,-325.56998424809785,7.048293124907599,0
441,3,-347.4322987799242,16.24628506317153,0
441,4,-342.8800962643762,-6.768878337618035,0
441,5,-339.18442782991156,2.7939697621146866,0
441,6,-348.738092929584,-5.0448729219903505,0
441,7,-349.46500651753706,-26.19198701519646,0
441,8,336.8433735160182,-3.726082785762175,1
441,9,328.0648762637217,47.90422212374517,1
441,10,316.9561225677347,-14.894836747574198,1
441,11,341.00731164118554,15.767943415332443,1
441,12,334.64181758442845,4.983935110065736,1
441,13,384.03254016082076,0.07937970583070486,1
441,14,-16.066481378434275,-2.781605946801717,2
441,15,-0.26814693121154404,-8.281658076505764,2
441,16,14.475160053863393,-15.596962902542476,2
441,17,13.484456385637447,-22.186665001904146,2
441,18,-10.840195333976943,-37.451651441312556,2
441,19,-18.299652309721655,-19.414356256662746,2
442,0,-350.67991141497157,-14.185594678762142,0
442,1,-357.47345817467146,-0.41665666970796433,0
442,2,-325.5699432348896,7.133487232217387,0
442,3,-346.3093619426873,15.650238620441106,0
442,4,-344.36604530094763,-6.693619151139873,0
442,5,-340.4744730088808,2.292824907167585,0
442,6,-349.6254972002293,-5.26625058830574,0
442,7,-351.1710568604486,-25.935643707185015,0
442,8,337.2659852132525,-3.1541094654117607,1
442,9,328.43629962822763,48.25397537274585,1
442,10,317.95777732034134,-15.296379966819504,1
442,11,341.6229048003674,16.353566746613385,1
442,12,336.0802185316103,4.852082663108203,1
442,13,386.2446333898707,-0.7309832702433408,1
442,14,-16.524605331168477,-3.464172296127086,2
442,15,-0.7362033271422697,-9.183809822088199,2
442,16,15.138117735032784,-15.542400077136364,2
442,17,12.77230992313648,-21.788355363144827,2
442,18,-11.184722076770717,-37.65834051776955,2
442,19,-17.515512390692308,-20.214409820901615,2
443,0,-351.32702599615266,-15.32397886438079,0
443,1,-358.80720490814514,-0.5428185456538177,0
443,2,-325.8900688205824,6.65880412651401,0
443,3,-347.2728335569383,14.08907093846488,0
443,4,-345.34951495374315,-7.060703223043024,0
443,5,-340.2962549653197,2.7764252088656276,0
443,6,-350.49516028754323,-4.963871296569317,0
443,7,-351.18807433773736,-26.13699803972946,0
443,8,337.7499170879691,-2.356423530803357,1
443,9,328.63387844102164,47.826028354040034,1
443,10,319.10215599899016,-16.328144899360172,1
443,11,341.9220634640958,16.0764337849783,1
443,12,336.3741071448356,4.572644107525789,1
443,13,386.03427235610144,0.6752155657190668,1
443,14,-16.980205856591322,-2.279890406027339,2
443,15,-1.6322757543540507,-9.659760628914961,2
443,16,15.598133922573371,-16.094433360974435,2
443,17,11.583365591097124,-22.15194705203524,2
443,18,-11.260424246267235,-36.50396830143736,2
443,19,-18.100982697937617,-20.811770003367393,2
444,0,-351.8587965500368,-16.135406486079535,0
444,1,-358.84903883204896,-0.32868267866170053,0
444,2,-326.96843647368746,5.556887419847296,0
444,3,-348.00493134852366,15.196908164123874,0
444,4,-345.4233988310861,-7.3083152956431485,0
444,5,-341.10447026756435,1.3516230747336468,0
444,6,-352.3510954847066,-4.796909698979153,0
444,7,-352.15803258028905,-25.28026033130986,0
444,8,337.8560868773367,-2.3505058326550006,1
444,9,329.0261756643624,47.67402851069229,1
444,10,320.7531941668555,-16.25282680435038,1
444,11,343.90841061814626,16.68684722395553,1
444,12,337.5898810284997,4.776825492372081,1
444,13,386.8874480344578,1.3914659951286812,1
444,14,-16.847737911905686,-2.2878050148205293,2
444,15,-1.2989066922182166,-9.664744212366394,2
444,16,14.907146163987989,-14.78447309413316,2
444,17,11.764625098033939,-22.945781338185736,2
444,18,-12.04172963449825,-36.70707577086804,2
444,19,-16.97912653558173,-21.77675743508521,2
445,0,-351.41392789645874,-16.697706584551177,0
445,1,-359.256017342238,-0.21744442594002034,0
445,2,-327.85832000133513,5.344190569565572,0
445,3,-347.2592275138683,13.736387391084717,0
445,4,-347.0860364661718,-7.471008746881377,0
445,5,-341.3078833069774,0.2965804513284176,0
445,6,-353.17949353671384,-4.208967629811561,0
445,7,-352.9832610514191,-25.982587441213713,0
445,8,339.08235669563805,-2.8407514922131476,1
445,9,330.3840420078621,48.28623673519951,1
445,10,321.688453227874,-16.272878040241963,1
445,11,344.30447641619355,15.742776790194851,1
445,12,339.56069591177817,4.612884712903316,1
445,13,388.0602164128007,1.3480150036199379,1
445,14,-17.388391615951218,-1.4663751358140025,2
445,15,-0.6624672647990649,-10.129152222629974,2
445,16,14.924901371303761,-14.826408524976857,2
445,17,10.973680089335573,-23.53590071027628,2
445,18,-11.549323596007975,-37.45600906739075,2
445,19,-15.839255166863346,-21.64036626379555,2
446,0,-352.4186414643407,-15.623391808469092,0
446,1,-359.41796459178147,0.511343147211089,0
446,2,-327.7574477234839,4.4295275346920215,0
446,3,-347.8922614984015,12.971879914610087,0
446,4,-347.1883473078595,-7.016911361204415,0
446,5,-341.7448088982062,0.2243911454574926,0
446,6,-354.06251362638443,-5.0582372031204486,0
446,7,-353.3322375784805,-25.93239258652187,0
446,8,338.8973810728415,-3.910667992727057,1
446,9,330.849412655959,48.248008467345244,1
446,10,323.91461911617637,-15.115626703641759,1
446,11,345.92602862860997,15.313171545798204,1
446,12,340.5070339556441,5.051990617345433,1
446,13,389.96102185931295,0.7491535207046908,1
446,14,-17.807643089674933,-1.5998058148225285,2
446,15,0.9206487555539223,-9.807803604817982,2
446,16,14.46735293454128,-14.62017972246357,2
446,17,12.08935523396404,-22.69515529267222,2
446,18,-11.966311885728413,-38.47624298698186,2
446,19,-16.01301736814995,-21.086266273599193,2
447,0,-353.43156218439077,-16.015895094226572,0
447,1,-359.9277230734028,0.957873148749102,0
447,2,-328.2006035600645,4.679808339602163,0
447,3,-348.4678931273191,12.886520162247617,0
447,4,-347.6674784806778,-7.0595127131182425,0
447,5,-341.74465139753306,1.1230750714351392,0
447,6,-353.8913782798593,-4.029682062382751,0
447,7,-355.09399991843094,-26.524936566515763,0
447,8,339.79500651869597,-2.099559224084313,1
447,9,332.47093976296844,47.63916003630811,1
447,10,326.28225833521606,-15.66132075539801,1
447,11,347.8903867883343,15.735816023124245,1
447,12,341.7772048288303,6.619192927175172,1
447,13,390.98050196279115,-0.5685657501049871,1
447,14,-17.773362406455615,-3.187430462878701,2
447,15,1.447154183796422,-7.9315586971754195,2
447,16,13.815271155828878,-15.964472108394375,2
447,17,11.478824551348502,-22.999814803054814,2
447,18,-12.942851096572353,-38.205692634948385,2
447,19,-17.0713123988468,-21.30749275896107,2
448,0,-355.09290117908785,-15.42597769405948,0
448,1,-361.39316052539766,0.5746120967489323,0
448,2,-327.958711238917,3.908518404293218,0
448,3,-347.59602263532605,13.894725174563105,0
448,4,-348.27813537768225,-6.307137252452762,0
448,5,-340.37343417885336,0.1506043109404761,0
448,6,-355.1147893384352,-3.7263200264816994,0
448,7,-355.42773510865425,-24.426298322156637,0
448,8,340.1617783986768,-2.3789210884791,1
448,9,332.7269897556586,46.95747259072686,1
448,10,327.24617628404263,-15.576316815133582,1
448,11,349.47890201893256,16.203910869405796,1
448,12,341.4483734518556,6.561192101892825,1
448,13,391.3989841041272,-0.24065171422086062,1
448,14,-17.675756809809148,-3.450382098672882,2
448,15,2.408617151612666,-7.613806708227773,2
448,16,14.831157915020142,-16.298297971171962,2
448,17,12.304110176804544,-24.218323391277778,2
448,18,-13.933058613422345,-38.117233963550845,2
448,19,-17.376337181323635,-21.076442093119088,2
449,0,-355.7996671704676,-15.203313526810462,0
449,1,-362.8774377901461,-0.13256986794096237,0
449,2,-331.91587754939616,4.627316908772422,0
449,3,-348.278622526256,12.871052940211685,0
449,4,-348.99359285375397,-6.610470153102532,0
449,5,-341.9859670236582,0.9582886925874041,0
449,6,-356.5949027564748,-4.20276483837509,0
449,7,-357.29053864478567,-24.665758447446862,0
449,8,341.22393164257176,-2.0647751351271824,1
449,9,332.1076561588373,46.47070917990771,1
449,10,328.74563760020965,-16.404222300868973,1
449,11,351.82659336465116,16.03032396626703,1
449,12,342.5448061427542,6.47696927331738,1
449,13,392.81046866242565,-0.4996580491757074,1
449,14,-18.146635587637558,-3.6787554783869694,2
449,15,2.4251073623722723,-6.654761108543123,2
449,16,16.091708804709963,-15.624403008076037,2
449,17,13.407602128748476,-22.757630611381792,2
449,18,-14.552517027723265,-38.52350977811607,2
449,19,-17.48641403571156,-20.65388945638033,2
450,0,-356.42968576228003,-16.20602471539434,0
450,1,-363.53914836545437,-2.672403681494803,0
450,2,-333.55458977976826,5.557390185023937,0
450,3,-349.22145436554365,12.6304344068826,0
450,4,-350.4850163474942,-7.095629526255695,0
450,5,-342.22743585505896,1.1422467055799945,0
450,6,-357.0231362365265,-3.7649680270935155,0
450,7,-357.4557815924443,-24.991830511443023,0
450,8,341.6090824299365,-1.6051051711991475,1
450,9,332.4598222391929,46.67844871619457,1
450,10,328.8679897204528,-16.317365732746563,1
450,11,352.46526889155655,15.951763751957566,1
450,12,343.9293373185283,6.526334809077017,1
450,13,392.7915481989002,-0.6983111425072841,1
450,14,-17.160769097185135,-3.774936153202638,2
450,15,2.154440535994465,-7.247470388970887,2
450,16,16.485171841433516,-16.145357697233184,2
450,17,14.613680300820347,-21.77331828567551,2
450,18,-14.087063551133463,-39.064975027002795,2
450,19,-16.813162236150987,-20.167800919260184,2
451,0,-358.75973082656003,-16.359842384078704,0
451,1,-364.56872433949536,-2.203737445645192,0
451,2,-334.9483606499784,5.1653432193993005,0
451,3,-349.78347591746524,12.12483421457495,0
451,4,-351.22096977487155,-7.14569863539746,0
451,5,-342.78922456755345,0.2716527725981803,0
451,6,-356.109231483568,-4.597929367879353,0
451,7,-357.82213343864805,-26.603499921129725,0
451,8,341.8498160176913,-2.4173122812616943,1
451,9,332.56056031506637,46.88595149642145,1
451,10,331.0789632941288,-16.319533158679512,1
451,11,352.2156858063018,16.539145865864825,1
451,12,343.2068369749347,6.550664964746638,1
451,13,393.89880449789507,-1.8048880840365071,1
451,14,-17.936781156772597,-4.324576781518049,2
451,15,1.9703706279498274,-6.734665592947154,2
451,16,16.55917278477919,-15.92473901260186,2
451,17,15.436639948024597,-22.471332270855374,2
451,18,-14.829283614090633,-39.6225384307792,2
451,19,-17.42019073978952,-20.787690695615183,2
452,0,-360.3579523336057,-15.626887595229306,0
452,1,-364.01081626795303,0.3186048035418487,0
452,2,-336.1146484014096,6.4359350870077305,0
452,3,-350.94872586912834,10.476863605330195,0
452,4,-352.1496356434904,-7.478945237756265,0
452,5,-344.4324819715743,-0.021301075241688117,0
452,6,-354.9662661721635,-4.372315584957943,0
452,7,-358.52446996457934,-26.27817702529519,0
452,8,343.3192650356694,-3.1005121493770185,1
452,9,334.59949062068085,46.328045450961426,1
452,10,331.72080408921744,-17.41119565210265,1
452,11,353.70580920320583,16.92367054087034,1
452,12,344.9287377695967,5.157811378919871,1
452,13,393.6387027667948,-1.8111630545822415,1
452,14,-17.309828061944717,-3.8708890816457346,2
452,15,2.28070858511268,-7.241442280071807,2
452,16,15.89997710512776,-17.436021115674095,2
452,17,15.580080524154354,-23.647600485837646,2
452,18,-14.63166786333,-38.35493850129353,2
452,19,-16.884356685560878,-20.08207088011699,2
453,0,-361.1718053116414,-15.3435722903154,0
453,1,-364.67704245357737,1.1870320615101078,0
453,2,-336.579987746322,4.412066502562176,0
453,3,-351.6587986685257,11.10874561671096,0
453,4,-353.5224832188158,-6.666713191516771,0
453,5,-346.5407483690866,-0.09303636740985231,0
453,6,-356.0806415092828,-3.1308264619811466,0
453,7,-359.7151353876229,-26.704848937955028,0
453,8,343.2725472665328,-4.010637723047049,1
453,9,336.691697762413,45.728408965948816,1
453,10,331.8922860913284,-17.39519591481098,1
453,11,355.0349009189817,15.50959497393305,1
453,12,344.7360552780758,6.546529726364445,1
453,13,394.44525844518853,-1.5331626029545422,1
453,14,-16.353390900028106,-3.7069104463370572,2
453,15,3.328820962839788,-7.332967492293944,2
453,16,16.120448512966853,-17.69102440181285,2
453,17,15.955692930564414,-22.928837503851824,2
453,18,-15.193011462123513,-37.61438826451926,2
453,19,-16.877227456966622,-20.089393492918283,2
454,0,-360.9100324023968,-16.00824313969283,0
454,1,-364.8888099057815,0.8108690445277622,0
454,2,-337.04442863167475,3.445265476919587,0
454,3,-352.5072318658622,12.654453387172586,0
454,4,-354.42112780400356,-6.412201906381794,0
454,5,-347.2319947784198,1.6125388948029853,0
454,6,-356.60709466986714,-2.4496405033523643,0
454,7,-361.27961914070954,-27.420562062149237,0
454,8,343.96397450896825,-3.9184958692947456,1
454,9,336.65694403292844,46.54864497798208,1
454,10,334.00422343846907,-15.468868513444182,1
454,11,355.529451193323,14.721720579956258,1
454,12,345.7969036955545,6.8550591001634915,1
454,13,394.93440833385375,-1.7384023934802864,1
454,14,-17.138255267322666,-3.2021111079989857,2
454,15,3.0814864468654006,-7.197325438913525,2
454,16,16.002596044565557,-17.80173570858059,2
454,17,16.273124558471995,-24.407667237488166,2
454,18,-16.038465552920094,-37.29791059548623,2
454,19,-15.995619925504906,-18.57711035894158,2
455,0,-361.60042466257124,-16.910830192111987,0
455,1,-366.02149408469546,0.9044083975364126,0
455,2,-336.7087279622122,2.6378014029700143,0
455,3,-352.9002816737558,12.250841939164873,0
455,4,-356.04894467891717,-6.490378924261997,0
455,5,-350.0412489668878,0.7315301893480859,0
455,6,-358.1869308839432,-2.2953196957937756,0
455,7,-362.15809878774326,-27.510246291495072,0
455,8,345.5361986413684,-3.4066084941602197,1
455,9,338.08535340235585,48.42284416853397,1
455,10,335.2862826000496,-16.400206205174904,1
455,11,356.7172572778632,15.198521846494831,1
455,12,347.5295320829693,7.3735887936719084,1
455,13,395.7762031304955,-1.0211538806520912,1
455,14,-16.21113610021475,-2.660212455310464,2
455,15,3.6149833333651475,-6.7138279762667326,2
455,16,16.423476492314453,-18.61668821333687,2
455,17,16.10586559922765,-25.511610097153778,2
455,18,-15.644243945362287,-36.25225606039418,2
455,19,-15.113537735152892,-17.86506704966811,2
456,0,-362.71883529805876,-16.68959536005022,0
456,1,-366.58053205618853,-1.0225984401794608,0
456,2,-339.45839064629297,2.2024993112361124,0
456,3,-353.2675037624836,10.941069024546238,0
456,4,-358.23919054818487,-7.218894248401913,0
456,5,-351.19233567907446,1.6692517597813057,0
456,6,-358.7556663812924,-3.1001149441054183,0
456,7,-361.91475710238063,-28.568071680327773,0
456,8,346.86485622311096,-4.620986711648421,1
456,9,339.6283681006163,47.44946159048782,1
456,10,335.25592619597995,-14.966324583710731,1
456,11,357.10404044215795,15.23189992283521,1
456,12,349.51915454007735,6.606557924428168,1
456,13,395.9245471933545,-0.04027684671035281,1
456,14,-17.174263761069575,-1.788062389688415,2
456,15,4.091913541709178,-6.022114739931767,2
456,16,16.912099709113075,-16.23961716077322,2
456,17,16.039181039774206,-26.054163986299578,2
456,18,-15.861341608803608,-35.979838346531366,2
456,19,-15.45601229441999,-19.286157412749475,2
457,0,-363.36299682095125,-17.37307945448557,0
457,1,-368.371160296718,-0.7146670466129605,0
457,2,-341.0724848605199,2.2407799037062297,0
457,3,-354.2696773449934,11.074707065666418,0
457,4,-359.0191058958087,-8.482302261050743,0
457,5,-351.3530347179091,3.1175062912911957,0
457,6,-359.75603162628863,-3.403576852940728,0
457,7,-361.5334328074516,-29.190431243588897,0
457,8,347.72017845402524,-4.781075582462081,1
457,9,340.3508031885123,48.02444592706474,1
457,10,336.06025896226924,-14.622802327627758,1
457,11,358.2932217618441,15.235925314885115,1
457,12,350.39319956798187,6.889330064201199,1
457,13,396.88277855333297,-0.6112814483542952,1
457,14,-16.187379642737177,-1.2826152168165739,2
457,15,4.210146778065746,-6.2359847820223155,2
457,16,17.687937730888223,-16.30997261687261,2
457,17,16.392021047091717,-25.80929046137544,2
457,18,-15.611024927348419,-35.29518905118215,2
457,19,-15.315553660253968,-19.43962724407708,2
458,0,-363.8834142972358,-17.8653171879981,0
458,1,-369.81143482783324,-1.155974913218313,0
458,2,-342.3763063013862,2.4643892811500905,0
458,3,-354.55112701564406,11.664214259623673,0
458,4,-359.42008813260765,-7.575432010983914,0
458,5,-351.5036799427695,3.2218540503695334,0
458,6,-358.76612352788663,-3.056269788841752,0
458,7,-361.45256791808544,-29.82167018761057,0
458,8,347.8327096425852,-3.7487202256383645,1
458,9,340.6197945899628,48.16942667204293,1
458,10,337.40984965478043,-14.721982288714777,1
458,11,359.0673856669977,15.42593350839518,1
458,12,351.1210579912044,5.143659085845337,1
458,13,397.41200604523243,-0.4255104153219357,1
458,14,-17.065459364734576,-0.90220012173127,2
458,15,3.979188035101555,-7.736900588207412,2
458,16,18.51247004891025,-16.798091410854457,2
458,17,16.880958052441503,-26.13224904021606,2
458,18,-16.438615083055623,-35.0653134332887,2
458,19,-14.866923566558569,-19.756467606508597,2
459,0,-364.17372391243185,-16.665633039754862,0
459,1,-369.3088236717493,-1.864078390832916,0
459,2,-342.36546840272837,3.0542966310176114,0
459,3,-354.9134059007294,10.33648388688449,0
459,4,-360.0395038435838,-7.1564194451633485,0
459,5,-352.358274289901,3.552039770581618,0
459,6,-359.77389149370805,-2.4538275358255075,0
459,7,-360.48448754049554,-29.115411543435155,0
459,8,348.9461343598968,-3.9193317563225545,1
459,9,341.91893970803227,48.270958203191775,1
459,10,338.1710464253429,-14.571804148195481,1
459,11,358.82886648510697,15.046875661410722,1
459,12,351.49796738132903,3.8406537424261646,1
459,13,398.99182853548626,-0.30919240680861115,1
459,14,-16.96225669213219,0.9638792708591098,2
459,15,3.4968246369599276,-7.687926273741267,2
459,16,17.099073450665323,-16.553744174865383,2
459,17,14.442819828749869,-26.03935763988815,2
459,18,-16.341221671168924,-35.1163434603411,2
459,19,-16.35375032954966,-19.822185830841043,2
460,0,-364.3414801794053,-17.1974269469516,0
460,1,-370.98998941229536,-3.188854960444816,0
460,2,-343.94775438709706,3.4070698306056832,0
460,3,-356.7275322333804,11.480865461311408,0
460,4,-360.16055919373315,-7.457677381664215,0
460,5,-353.72624255600317,2.552555537114184,0
460,6,-360.5890643130117,-2.1882493964244714,0
460,7,-360.8499272932582,-30.161508501749207,0
460,8,349.25512273061906,-3.190564619372656,1
460,9,342.6117411611254,48.36323041859814,1
460,10,337.90030896592896,-14.924869414226443,1
460,11,359.4602022829754,16.204735165459667,1
460,12,353.8247901386486,4.4957146876696665,1
460,13,399.5093738442875,-0.44897011526460484,1
460,14,-17.776974161462096,0.8087104440044405,2
460,15,3.8044447849309533,-6.88752882660922,2
460,16,16.529833450062494,-15.909116507525479,2
460,17,15.284959655506661,-26.467563878026745,2
460,18,-15.826855752567678,-35.34629242762133,2
460,19,-16.315596670058852,-20.958988584943643,2
461,0,-364.8025207107566,-17.15863442440631,0
461,1,-370.55340188705463,-2.2036461099263165,0
461,2,-345.02704093365037,1.7388675467464745,0
461,3,-356.44671335333294,10.876424363186414,0
461,4,-361.21004869818114,-8.84676330880967,0
461,5,-354.87896753036836,3.670996013879457,0
461,6,-362.9876882755875,-2.976927583865662,0
461,7,-362.6000569746795,-29.933767266440782,0
461,8,350.1825424470201,-2.8087276475349956,1
461,9,342.7957861327769,47.67202173969792,1
461,10,337.9461046222762,-15.139083982944621,1
461,11,360.4144834596891,15.697514838342057,1
461,12,353.41345016368575,5.348094728311842,1
461,13,399.8805658025171,0.9806098580674025,1
461,14,-18.010466475646034,0.3361753247741553,2
461,15,3.687291022059377,-6.912148040345081,2
461,16,16.426886461583134,-15.777895963224436,2
461,17,14.28784271864606,-25.731241889110894,2
461,18,-17.687906483951405,-35.874098720861944,2
461,19,-15.754251115370806,-20.54827306314023,2
462,0,-364.8613368176796,-17.535873567528263,0
462,1,-370.55178349302815,-1.6105041444867394,0
462,2,-347.766993674226,0.9673303733662677,0
462,3,-357.0127242656639,12.216253743433372,0
462,4,-362.8825398274956,-9.010748286679231,0
462,5,-356.2124621182351,2.901350839268789,0
462,6,-364.064176839718,-0.7060119808221241,0
462,7,-364.1458021692672,-30.042024651413087,0
462,8,350.96462070080906,-2.72037143425983,1
462,9,343.49283312629666,47.8289596902169,1
462,10,337.8023170476778,-16.44448385962661,1
462,11,361.09524648308104,15.564461206762514,1
462,12,355.33819613387686,5.613876969878426,1
462,13,401.31305861944696,1.4796391507700333,1
462,14,-17.984851058145154,1.191157464656153,2
462,15,5.3646149576049655,-6.3486709689135425,2
462,16,16.821697405335225,-14.839905192308978,2
462,17,12.539795309718933,-26.53551284780716,2
462,18,-17.980819725217742,-35.53332176093133,2
462,19,-16.21855161313881,-19.678765149005745,2
463,0,-366.6735269878506,-17.950412201075256,0
463,1,-371.4206515220337,-1.9076904019389833,0
463,2,-349.66067503350206,0.611329108552586,0
463,3,-358.07449298366004,13.775306567102707,0
463,4,-362.1159001825424,-8.061395870449696,0
463,5,-356.8877867938488,4.25077741550694,0
463,6,-365.1132842874078,-0.9027518620789332,0
463,7,-364.0063473314943,-29.2724737142628,0
463,8,351.4163324920382,-2.7592996784230435,1
463,9,344.1396529086488,47.581979994339214,1
463,10,339.0768101291698,-15.821188324604089,1
463,11,360.49094036773687,15.813550362930457,1
463,12,355.482970589901,5.896172159910601,1
463,13,400.5784479875041,2.0074761796688985,1
463,14,-17.29800352962141,1.010797407070882,2
463,15,6.101868962995172,-4.522501094807314,2
463,16,18.17365518690522,-14.377088238982699,2
463,17,12.387219758409293,-27.524888688183225,2
463,18,-19.55096532058417,-36.07057476422587,2
463,19,-16.080311330025175,-19.340674820958945,2
464,0,-366.92287525661,-18.83529485976646,0
464,1,-371.6213532955516,-1.6171873136384334,0
464,2,-350.84858196177635,0.5026158289857954,0
464,3,-359.0558279969526,14.008157671353487,0
464,4,-363.4346079017169,-7.502821621981103,0
464,5,-358.0456865771552,4.564803381078257,0
464,6,-365.7697975051066,1.3981958568075183,0
464,7,-364.4720650403377,-29.99158319003238,0
464,8,351.65216462751795,-1.5270153780459061,1
464,9,344.30351147963404,47.212079596352964,1
464,10,340.04783666125553,-14.841158134043148,1
464,11,363.17272557758616,16.54957451954886,1
464,12,356.0817235154347,7.368417139797569,1
464,13,400.6514453493179,1.6856799830145812,1
464,14,-17.19638358852287,0.23555580807642373,2
464,15,6.321119841159599,-4.5949908804291075,2
464,16,17.499523638681353,-13.58893044101688,2
464,17,11.711741855991175,-26.69084549706993,2
464,18,-20.512711406339196,-35.86650821030644,2
464,19,-15.71097843521164,-20.924410392878887,2
465,0,-366.8859761991631,-17.62340896706706,0
465,1,-371.62017226081383,-0.8421221634890792,0
465,2,-352.3134087027906,0.8129980975445579,0
465,3,-359.93159467691146,14.99746364502367,0
465,4,-365.0890289440685,-8.37031360788661,0
465,5,-358.9876249980564,4.667336563288251,0
465,6,-366.68490820457015,2.0887959945476258,0
465,7,-365.79184812242613,-30.187385938566674,0
465,8,353.04239199041956,-0.9852694082733393,1
465,9,344.1671637492199,46.63558576013532,1
465,10,342.12545112057865,-14.202540396230875,1
465,11,363.972522267958,18.385063168488518,1
465,12,358.2571199195791,7.122116347962428,1
465,13,402.06626167725057,2.0037725686331838,1
465,14,-15.864246921092949,0.09958829086549204,2
465,15,6.525788653437634,-4.437679518106823,2
465,16,17.066224545668398,-13.810715265452744,2
465,17,10.148481626716187,-27.022826631357717,2
465,18,-21.12556075978051,-35.8938455292013,2
465,19,-15.568683980386085,-20.743419023887288,2
466,0,-366.93552145712033,-18.24656100632917,0
466,1,-372.6616791018561,-0.2426868096422442,0
466,2,-352.13684832625324,1.6339546744773588,0
466,3,-361.10001959104363,14.204408672521309,0
466,4,-365.7910489219054,-8.667137516069259,0
466,5,-360.99541579519195,4.332185532855748,0
466,6,-368.239827388465,2.695575189922288,0
466,7,-367.30150367450113,-29.228687778274868,0
466,8,353.6930590628855,-2.088318178744866,1
466,9,345.4735538618723,47.19879072249673,1
466,10,341.6013836572724,-13.932538084934285,1
466,11,365.08109185707644,18.072534966848337,1
466,12,359.5520562232428,7.220268595943774,1
466,13,402.5874231682692,3.137185109296995,1
466,14,-16.446758375000126,0.30219180593238454,2
466,15,8.060672491063334,-3.7669152208764114,2
466,16,16.26222631508244,-13.011073685562108,2
466,17,10.376649771711705,-27.102992014344917,2
466,18,-20.512518074956404,-36.53906465765033,2
466,19,-15.311024197419428,-20.351209555544536,2
467,0,-369.1067035861835,-18.12714333403335,0
467,1,-373.16069429441245,0.6195847048050864,0
467,2,-352.15203498422807,2.34074523184594,0
467,3,-361.9661407437022,14.180367144678803,0
467,4,-365.6050563175105,-9.141160901165394,0
467,5,-362.05495575029926,4.741426429658499,0
467,6,-369.8176754988956,2.0384793375848718,0
467,7,-368.3449033996456,-28.017601011185167,0
467,8,355.9378231444666,-1.7566745638814973,1
467,9,344.3507570918112,47.30048720984086,1
467,10,340.787059935491,-13.517462421757974,1
467,11,365.9139055246993,18.02751231721648,1
467,12,361.07815902619797,8.719561977004709,1
467,13,404.0695654164068,3.4041126654948686,1
467,14,-15.930670757694568,0.031097132387791993,2
467,15,5.83693208642234,-3.923209323473017,2
467,16,16.95624981082851,-12.196551503092056,2
467,17,9.943981231625138,-26.28150085936728,2
467,18,-18.36034021600627,-36.61334294926104,2
467,19,-15.853662044400897,-21.524568251784032,2
468,0,-370.15120464968936,-17.809189832122698,0
468,1,-375.0249138734159,1.1949901483293464,0
468,2,-353.21272213579715,2.5480678052388215,0
468,3,-363.44130161084274,14.237546334804582,0
468,4,-365.9345097714195,-7.3972927526252885,0
468,5,-363.26798761264143,4.670954048566104,0
468,6,-371.5324436361452,1.7133167364841226,0
468,7,-369.8813320091673,-27.927928651703013,0
468,8,356.0541623402108,-1.6370456063438188,1
468,9,344.4784662535211,47.74947736160636,1
468,10,342.0327933382661,-12.53014210222904,1
468,11,366.2594231625678,17.520905986815432,1
468,12,363.57331644079613,7.701974855891089,1
468,13,404.58691155940625,5.0771308322553645,1
468,14,-15.470059617319908,0.37762013356515317,2
468,15,6.479374953089909,-3.430122874065559,2
468,16,16.17375169413235,-13.0579981756288,2
468,17,8.866869068910493,-27.695641397026257,2
468,18,-17.56348329300319,-38.36133689913872,2
468,19,-15.245989325460382,-22.03383510956387,2
469,0,-370.6901175858005,-18.404373704712654,0
469,1,-375.24468121936644,1.0217559575712025,0
469,2,-354.3432665498057,2.278417340572815,0
469,3,-362.60769980697415,13.135949421049698,0
469,4,-367.53592244543927,-6.970829770262695,0
469,5,-364.1193235672952,4.778702198744529,0
469,6,-373.2114907885976,2.398130454550782,0
469,7,-370.5284473994229,-28.004538197383177,0
469,8,356.1220672278197,-3.431751327074988,1
469,9,345.90716100840524,47.25056156296961,1
469,10,344.1436903665624,-11.63597290851789,1
469,11,367.0457262732915,18.936828750675648,1
469,12,362.1051708487402,6.675279498294497,1
469,13,405.13093124346534,4.954519109188233,1
469,14,-14.967271072800765,0.6830927243487523,2
469,15,6.974203353034618,-4.59106226535677,2
469,16,14.427799372692311,-13.273950951806649,2
469,17,8.100851712568023,-27.335076702382377,2
469,18,-18.419611873574546,-37.62516133958352,2
469,19,-15.037823656317249,-22.95396354297052,2
470,0,-369.8419078024788,-19.03513567878472,0
470,1,-376.10169972118706,1.0080752364645207,0
470,2,-356.0215378860847,1.0091844440229643,0
470,3,-363.2003322677511,12.49501973328127,0
470,4,-371.30981081671564,-6.929500150189061,0
470,5,-365.10059725753626,5.091614366642636,0
470,6,-374.46728274034666,3.343506413653825,0
470,7,-370.0447274183852,-28.431091915233058,0
470,8,357.2562979939893,-4.338485212461992,1
470,9,347.0741740241106,46.10584808828919,1
470,10,344.1124974512827,-11.00881377320366,1
470,11,367.0426567093659,19.68505519612244,1
470,12,362.9432889015085,5.608134077871298,1
470,13,405.0195586570105,6.475504548542762,1
470,14,-14.602682512193663,2.3933997936054667,2
470,15,6.623195492625149,-4.338130186532467,2
470,16,14.914890298243899,-13.866459810293556,2
470,17,8.642270970246884,-26.275339704413536,2
470,18,-18.022854239929913,-37.03429904463658,2
470,19,-15.057009788948147,-21.614497218014233,2
471,0,-371.3211718179327,-20.4468847519184,0
471,1,-375.02266002522623,0.11424814250239657,0
471,2,-358.0110744852797,0.5787929900586612,0
471,3,-363.42598839734666,11.936884355511959,0
471,4,-372.9576519533525,-5.845387659286297,0
471,5,-365.7100897568859,3.380174982527904,0
471,6,-374.9726264585286,2.3487116250237365,0
471,7,-370.58240819402465,-28.282074985728457,0
471,8,358.9065448528655,-2.3964423528118326,1
471,9,347.0270688028771,45.523910630658065,1
471,10,345.95038839221024,-10.625379518381918,1
471,11,367.7226345384034,19.5766419027429,1
471,12,363.03275291290714,6.284490729137918,1
471,13,405.5415637555569,6.747807841202123,1
471,14,-14.960758262229227,2.5558737118513934,2
471,15,5.048354374275863,-3.707388074847276,2
471,16,14.822019543786752,-14.887938790442453,2
471,17,8.085078712330683,-25.45035704998484,2
471,18,-19.42712675870215,-37.428811123910684,2
471,19,-15.707019673072455,-21.550635810045687,2
472,0,-372.3243251348313,-20.59055985237725,0
472,1,-374.5005747429592,0.9916387885564371,0
472,2,-359.21836656576363,0.4256027314545068,0
472,3,-363.68498507240304,13.073991846720718,0
472,4,-373.77622364424076,-6.079200248254889,0
472,5,-366.1504912290712,3.909006601204505,0
472,6,-374.5527216936491,2.8514207739326065,0
472,7,-371.76685002302145,-28.504986689809517,0
472,8,359.7728169526121,-3.0527958949843192,1
472,9,346.77603391699927,47.02597835586883,1
472,10,345.53544885047296,-9.98024529956524,1
472,11,369.96221848958,19.187420665305385,1
472,12,361.9530297931931,6.540556231598742,1
472,13,405.9955152631949,5.808760525342573,1
472,14,-15.357524308379016,2.273255294929324,2
472,15,5.5969587788206745,-3.9523224243256463,2
472,16,14.773867476039099,-15.11248789425122,2
472,17,7.543313136137249,-24.81481092172782,2
472,18,-20.104973103403548,-37.39740131454924,2
472,19,-15.654539094575007,-23.114047454364908,2
473,0,-374.03031964320894,-20.92651846236724,0
473,1,-376.5494942156866,-0.45827625296621566,0
473,2,-361.0112679873683,1.0749066828145566,0
473,3,-365.7107383392025,12.675898685443398,0
473,4,-374.8164925981893,-8.20441906332852,0
473,5,-367.191525708165,4.249199796611544,0
473,6,-376.45231995760673,3.845373110481901,0
473,7,-371.5067417710367,-28.076137385480433,0
473,8,360.9357198607327,-4.602559978497,1
473,9,347.1168040940476,47.97239823084146,1
473,10,345.2202581049962,-10.882450288459431,1
473,11,371.60211541037603,18.765383204631647,1
473,12,361.8558073921674,4.948084270903162,1
473,13,406.78721262473096,6.101972920762116,1
473,14,-15.391708904043663,1.0337395620145469,2
473,15,5.037774990783124,-3.9627137901829506,2
473,16,13.542326045116805,-13.679113870441435,2
473,17,7.969375291739274,-24.398770388820928,2
473,18,-19.94232363155021,-37.314045376996575,2
473,19,-16.42847091098164,-23.34813290941472,2
474,0,-374.8295209422905,-22.290623980419532,0
474,1,-377.426234724665,-1.0201083599678682,0
474,2,-361.79878294152286,0.9099624091231009,0
474,3,-366.32197134167274,13.247903647462735,0
474,4,-376.54376080645017,-9.62184595432223,0
474,5,-368.2863362221531,4.049691172250823,0
474,6,-377.5737627910562,3.5206633221883066,0
474,7,-371.8477319540995,-28.508022971904545,0
474,8,362.1411284768115,-3.15825609229167,1
474,9,347.4728386504674,48.31387917557352,1
474,10,346.1814289236436,-10.768532006962918,1
474,11,372.63410708354473,18.43562313190983,1
474,12,362.5060127275051,5.54276841876267,1
474,13,407.95518791890174,5.128117145294647,1
474,14,-14.158541040963858,0.7384692884148719,2
474,15,5.108825150742151,-4.030812840364347,2
474,16,14.161448303517796,-13.84299094986795,2
474,17,8.907915727189685,-22.580777709859426,2
474,18,-20.07518394776535,-38.07482301723231,2
474,19,-16.94573928645832,-23.374990182209466,2
475,0,-375.8159902515038,-21.48603909459611,0
475,1,-377.7383123353568,-0.7236660100269141,0
475,2,-361.7941583588208,0.9474711405391023,0
475,3,-367.009748862369,12.858772002869864,0
475,4,-376.24814801942404,-9.532901124161155,0
475,5,-369.97270923546705,4.648465646230681,0
475,6,-378.7809599963308,2.8332338318247805,0
475,7,-373.01392509867713,-28.102134037133343,0
475,8,362.6057805404387,-1.7917645304003464,1
475,9,347.69822702902445,46.5505857943725,1
475,10,346.96962913549686,-10.073488598347346,1
475,11,373.3670434103383,18.257892546830682,1
475,12,362.8029907775654,5.58603494386589,1
475,13,409.6619993132974,3.9297943079719317,1
475,14,-14.042961299148448,0.3152280821958326,2
475,15,3.6058053145670192,-2.9331569293315765,2
475,16,14.800726195726552,-14.34148358488719,2
475,17,7.473826456325501,-23.046630729769678,2
475,18,-20.85800029863129,-38.934992741949365,2
475,19,-16.974727844185818,-23.644436711389027,2
476,0,-376.0372537175481,-20.580604524760975,0
476,1,-378.38326239515,0.42072723290346126,0
476,2,-362.5126083683057,1.9002158040895956,0
476,3,-368.1224590133528,12.409550912254993,0
476,4,-376.7266231947515,-8.95870245552317,0
476,5,-371.8859668889833,3.292939966233048,0
476,6,-379.94682511150575,3.078159465739532,0
476,7,-374.03795614615757,-29.77420938192042,0
476,8,363.91714606228766,-0.7235131537427819,1
476,9,348.34070790359675,46.793956770471624,1
476,10,348.7549909929921,-10.054809214763168,1
476,11,373.8374305343906,18.50884165220306,1
476,12,363.2282685328388,6.850198569487493,1
476,13,411.032106873926,3.906034816171392,1
476,14,-13.496743976593983,0.3051473228039707,2
476,15,5.4736078688962255,-4.107073529160409,2
476,16,14.009793951104209,-15.064292010108748,2
476,17,5.538331506012588,-23.032013858412732,2
476,18,-20.05599879948437,-38.91220208448086,2
476,19,-19.029912868363084,-23.79643163499537,2
477,0,-377.073978483148,-19.082663927955963,0
477,1,-379.9865276398931,0.423446381063059,0
477,2,-362.74692476406733,0.5492321126709669,0
477,3,-368.0953638598095,11.999892816567169,0
477,4,-377.38292870798716,-8.542498567639843,0
477,5,-372.8191250566411,4.2265230610831965,0
477,6,-381.41501408290935,2.0001314960711873,0
477,7,-373.6711870726521,-29.806666410739428,0
477,8,363.9697799555625,0.5263466249278237,1
477,9,349.4033373288139,47.22771528738987,1
477,10,350.45036903223064,-9.398504615059485,1
477,11,373.4231310378434,18.94194934921044,1
477,12,363.18870337414137,5.609444559571078,1
477,13,413.1606163182031,3.8880780157623245,1
477,14,-13.290952927961388,-0.13713194459533146,2
477,15,7.740764124261913,-3.4884558193325717,2
477,16,14.64777108335609,-14.236801108362759,2
477,17,5.830621777147917,-22.992408294533174,2
477,18,-19.446446459877276,-39.102538803818256,2
477,19,-18.133650288219613,-24.383410843505544,2
478,0,-376.87022385442174,-19.17341684257581,0
478,1,-380.46980314208247,-0.7357284751910557,0
478,2,-363.8605190411029,-0.8816098172093194,0
478,3,-368.63500717223314,11.206883923193741,0
478,4,-379.0505304210367,-8.82193463842231,0
478,5,-374.7186687820262,4.067428889335489,0
478,6,-381.79050751426325,2.4031401221577644,0
478,7,-375.26094886595155,-29.22607401001812,0
478,8,362.89237766048313,0.33093281025950516,1
478,9,349.89456184309404,44.74339084174158,1
478,10,351.97866645219284,-8.711098647489768,1
478,11,374.4926141817983,18.866342156877984,1
478,12,364.0585342882542,5.728235561926579,1
478,13,413.7288574456,3.9838136328603824,1
478,14,-13.406450646294061,-0.4524872131853866,2
478,15,7.048552579420308,-3.209595212260287,2
478,16,14.004779774892807,-15.740908194447433,2
478,17,6.728329648570611,-22.469379667428864,2
478,18,-17.703103025613927,-39.08729139556915,2
478,19,-19.417176541031655,-23.780677021230296,2
479,0,-376.6601417741773,-17.909872438618603,0
479,1,-382.0387387926258,-0.8226391826294125,0
479,2,-362.8842130489836,-0.7404461063032086,0
479,3,-369.7022087427635,11.562445517635018,0
479,4,-378.59195488487103,-8.732062981138984,0
479,5,-374.9966299067871,3.984339230168804,0
479,6,-382.28155859383526,2.586215152444184,0
479,7,-376.8262674968983,-29.63874561856036,0
479,8,364.67891537922435,0.3992651346257544,1
479,9,349.5733006615021,44.21854372842165,1
479,10,352.1227117445201,-10.124078236653416,1
479,11,375.3639464868773,18.618901993321174,1
479,12,364.3713379292888,5.439769983962248,1
479,13,414.54809403975,2.9927959660859176,1
479,14,-13.697347636467853,0.1919641456547036,2
479,15,6.806315855606684,-2.9112883918067882,2
479,16,13.930428422584441,-15.927290999647145,2
479,17,7.148220100683034,-23.12164041818633,2
479,18,-16.787286189070862,-39.281490629032746,2
479,19,-19.634245478990582,-25.283693898061205,2
480,0,-376.86736137891944,-18.278529772957345,0
480,1,-383.24161863452696,-0.2666284942231094,0
480,2,-363.6356970990423,-0.3842864605542729,0
480,3,-370.2198665403757,12.393503052089011,0
480,4,-379.88608158642467,-9.53267992452636,0
480,5,-374.9124616790293,3.714581744803496,0
480,6,-381.44508363327174,2.7336746889672785,0
480,7,-378.23947584050217,-28.160512499243772,0
480,8,364.60154905787766,-0.2883330059519683,1
480,9,349.7539450936916,44.292315543777406,1
480,10,355.12013248928497,-11.668114258585163,1
480,11,374.9231921473073,18.462963087285626,1
480,12,364.8553200969796,5.645939942179792,1
480,13,415.581329135546,2.769187139365492,1
480,14,-13.138917133266583,0.5585308051272388,2
480,15,7.641467883425726,-2.4361244216992746,2
480,16,12.825813261137636,-15.515273998158827,2
480,17,7.061350933077061,-22.68150927346651,2
480,18,-15.705035981245693,-38.63843812904926,2
480,19,-19.024231149734614,-26.2558212517027,2
481,0,-378.9731893730419,-19.71559663593442,0
481,1,-385.6057062440051,-1.0124536563409285,0
481,2,-364.14977980375016,1.0624196997747142,0
481,3,-371.690966759668,11.965860352693891,0
481,4,-381.34120004225383,-9.397760266777707,0
481,5,-375.93134808445456,2.8082648666042247,0
481,6,-382.5165263025996,2.887998797527837,0
481,7,-378.6804291423393,-29.144494380685067,0
481,8,365.5951657395647,-2.1585991587989533,1
481,9,351.67622559155484,44.14382575864909,1
481,10,356.3886150000647,-10.925750492691916,1
481,11,374.72502270735026,18.214825451071434,1
481,12,365.28338152501533,5.400673496062762,1
481,13,416.9157632430753,3.799239538081829,1
481,14,-13.162226959016007,0.01804965598208752,2
481,15,7.795508709523172,-1.1856097543331678,2
481,16,13.565998102699576,-15.469587001436267,2
481,17,7.279397030354037,-23.6954388053281,2
481,18,-16.06448560260179,-37.65886422552659,2
481,19,-18.28559359134175,-25.801097598341112,2
482,0,-379.67843021377104,-17.735493006930948,0
482,1,-387.6901113139217,0.4286501015977362,0
482,2,-364.0293679503819,0.7658252862671833,0
482,3,-371.29146325311467,11.959468901242227,0
482,4,-383.0222258564986,-8.743398029474879,0
482,5,-376.6382948046488,3.0269560652415173,0
482,6,-383.5995792137425,2.380572316341289,0
482,7,-379.2428583259721,-30.22352040221693,0
482,8,366.4419219810267,-3.289270782698863,1
482,9,351.47629632019283,45.38986633123547,1
482,10,358.67470063576826,-11.314184252447681,1
482,11,375.3662390387263,17.31581052082235,1
482,12,365.77266252440234,6.138797477172117,1
482,13,418.0795617261488,3.7236454035199364,1
482,14,-12.701343558659431,-0.2277097528880744,2
482,15,6.488420841007991,-1.4487659379601645,2
482,16,13.440233653614927,-15.231492101301777,2
482,17,7.346667714789808,-24.189227919121095,2
482,18,-15.558326647735862,-38.72604190108737,2
482,19,-18.3266832596439,-25.80525699182979,2
483,0,-380.70510366401356,-17.35655704648975,0
483,1,-388.6216415092302,-0.38700788820299414,0
483,2,-367.1700075922421,2.0860529045524046,0
483,3,-371.4617964515078,12.44607387150821,0
483,4,-383.6277845151885,-8.438560081125912,0
483,5,-377.91325386899877,2.4872500936561392,0
483,6,-384.9640003427352,2.3498877430286815,0
483,7,-379.86952584622736,-29.52205087159687,0
483,8,366.09360904532247,-3.724072668427669,1
483,9,353.48786789880364,44.37327849863803,1
483,10,358.00251248000035,-12.010324816676622,1
483,11,374.85669451506453,17.203579606160947,1
483,12,367.3162183792117,7.201878300008478,1
483,13,419.3744886725891,4.5908084800739175,1
483,14,-11.598540872398413,-0.7790582466300691,2
483,15,5.786612133959843,-1.317298690697308,2
483,16,14.061305665254704,-14.406676425747124,2
483,17,5.558746776333091,-24.31174006317449,2
483,18,-17.794921879348855,-38.428703497048254,2
483,19,-17.702578194416567,-25.909511540689692,2
484,0,-382.4858791360551,-17.827192790739943,0
484,1,-389.06080679863845,-1.4487608192118582,0
484,2,-368.95735782304524,1.6854261305972902,0
484,3,-373.1058532562755,12.986963657744276,0
484,4,-384.5714046601924,-9.108025901195568,0
484,5,-379.92718777886694,1.775298061600552,0
484,6,-385.47081143995825,2.89690523288703,0
484,7,-380.8180372083532,-28.83816014262925,0
484,8,368.81061672133075,-3.5475078592052403,1
484,9,353.6525063009516,44.44410749178595,1
484,10,358.7788484129323,-12.054817485582802,1
484,11,378.3892502072441,16.470581359710586,1
484,12,367.72019884948764,6.415144759142734,1
484,13,422.2676984317723,4.215133804451187,1
484,14,-10.762270420036026,-0.3510106275321534,2
484,15,4.766065261882763,-1.8524046670031586,2
484,16,14.325771685711498,-14.049797020253385,2
484,17,5.58739776853633,-24.68534562107464,2
484,18,-18.75049860044729,-38.05639371147576,2
484,19,-16.617456556627825,-26.33042042157468,2
485,0,-384.4927706104278,-18.64159808791928,0
485,1,-389.2310492659483,-0.4126758727819031,0
485,2,-370.27328291152617,0.3021677855955247,0
485,3,-371.97488039241915,12.30292366806666,0
485,4,-385.51030456002877,-8.636613661203441,0
485,5,-381.0835257272146,2.374017292331829,0
485,6,-387.02287536560175,1.9622073682820766,0
485,7,-381.48752769013646,-27.743902511869614,0
485,8,369.33273496432935,-3.392337173443093,1
485,9,352.83868965367213,44.48965546089071,1
485,10,359.95136777743534,-11.162033124433773,1
485,11,379.0991527963332,16.292393819869694,1
485,12,367.9326365117846,6.285529338378639,1
485,13,421.9284640856573,4.483420103681398,1
485,14,-10.966166454718973,-1.112433672309167,2
485,15,4.35650807782564,-2.108312999925128,2
485,16,14.890716953975746,-14.059657662900117,2
485,17,5.873161901778935,-24.467886299634028,2
485,18,-18.77574173370354,-39.09769088202414,2
485,19,-16.7351097068637,-26.56091235366897,2
486,0,-385.9131624445589,-18.30215473560987,0
486,1,-390.3056598920223,-0.9868672851587097,0
486,2,-370.4057290611642,0.16485212131974858,0
486,3,-371.97382298366455,14.282225536782068,0
486,4,-386.12942400778667,-7.958471708526983,0
486,5,-382.6604098449025,3.51393625868557,0
486,6,-388.20174446226775,2.1255898667206172,0
486,7,-382.57363385198363,-27.890630328483873,0
486,8,370.0823273966525,-4.787632438210069,1
486,9,351.9590764749428,45.02510124734896,1
486,10,360.6988972656952,-10.64402086954318,1
486,11,378.27468493176326,16.449826272409126,1
486,12,367.7027820511017,4.778855803286295,1
486,13,423.4625045020459,4.199759063500981,1
486,14,-11.07802664497844,-1.7411007898051447,2
486,15,3.5927224577140806,-2.1454738476304884,2
486,16,15.65229233686986,-13.811480860074234,2
486,17,5.735907546637381,-23.68711421825938,2
486,18,-17.93780937098755,-41.00743090575197,2
486,19,-17.35628862951762,-26.76768739961335,2
487,0,-387.0479212994816,-17.843409272504346,0
487,1,-391.03268058928444,-0.08940707130870029,0
487,2,-371.88388242042936,0.09553084257055171,0
487,3,-372.9638528588938,13.910370082363638,0
487,4,-386.185620857959,-7.981774871563945,0
487,5,-382.7484002990267,2.3040845048714322,0
487,6,-390.61086812315256,3.0762581031226306,0
487,7,-382.1927576449419,-28.27310774655733,0
487,8,371.02791126438757,-5.576821176675363,1
487,9,352.45557458131515,44.685889979938956,1
487,10,360.40016450883854,-9.533708497265536,1
487,11,379.96499876881006,17.217734149528393,1
487,12,368.8222837227819,4.336553817692826,1
487,13,424.18520491898596,5.349693126869822,1
487,14,-11.290849252566584,-1.6825371128394189,2
487,15,2.6968102729055996,-2.1099125216314287,2
487,16,15.406627837564605,-13.670521783059748,2
487,17,5.372068810720953,-22.169710426151955,2
487,18,-17.943072359846198,-40.307117690552865,2
487,19,-17.621931680229615,-27.07821975287304,2
488,0,-387.20583473926297,-17.253617081421467,0
488,1,-392.2597380455428,-0.019504971355461448,0
488,2,-371.9304547697463,-0.41093669660063087,0
488,3,-372.4275560271317,13.960367017267407,0
488,4,-388.0300324992789,-6.856195821534193,0
488,5,-383.8202479116236,4.153474805135112,0
488,6,-389.5064506989309,3.198899846240428,0
488,7,-384.81851653226124,-29.438044571380278,0
488,8,371.47800462652407,-5.727004655274139,1
488,9,353.3496794270634,43.64530244159712,1
488,10,360.701166654355,-9.306733221816135,1
488,11,380.77591543025136,15.7728864658109,1
488,12,369.48040704116505,4.37688692117817,1
488,13,425.42795611299186,5.343426177255123,1
488,14,-11.878271534758577,-1.9485600149155673,2
488,15,2.9980453984946185,-2.935582440369175,2
488,16,15.808914234741978,-13.995806379723012,2
488,17,4.758134066378582,-22.031141784207563,2
488,18,-17.468354105598685,-41.69860796127641,2
488,19,-17.061891917279812,-28.485864405218873,2
489,0,-388.73919545122254,-18.392719821517325,0
489,1,-392.9617865802095,0.18377354882317024,0
489,2,-373.5701863090436,1.2081666642830318,0
489,3,-373.4130286181774,12.544633822465283,0
489,4,-389.19688372115536,-7.1523562599964885,0
489,5,-384.49168780996735,4.855545670995997,0
489,6,-389.9940274088109,2.8934787624105605,0
489,7,-386.0984578415088,-28.410903693563636,0
489,8,372.06301201897617,-4.398390182761302,1
489,9,354.9419318226075,42.729663584716036,1
489,10,360.73614247454054,-9.831865574149482,1
489,11,379.841489864628,15.97549244649878,1
489,12,369.27443365138987,4.995005306192263,1
489,13,426.9631186107808,6.070541834258484,1
489,14,-12.218982729536325,-1.9769105569176821,2
489,15,2.0418577794234682,-3.3030829301840883,2
489,16,14.612653372733543,-14.461852563275038,2
489,17,4.135324572679173,-23.34955568212985,2
489,18,-16.88971284045988,-41.437256629437044,2
489,19,-16.91928497986182,-27.305303808228565,2
490,0,-388.0557527095724,-17.247634678011707,0
490,1,-393.7302031317905,-0.14072980098287166,0
490,2,-374.80730431104786,1.5914715562026402,0
490,3,-374.30542297719677,11.930975675684074,0
490,4,-390.0666627279618,-6.890354307216204,0
490,5,-385.23438784959245,4.4538720951620245,0
490,6,-390.61870620161216,3.2646017977055806,0
490,7,-387.27569573649873,-28.867851698523047,0
490,8,371.53779818830526,-4.197209514996494,1
490,9,356.4919515839163,42.81685328918238,1
490,10,362.70036673007587,-8.715593049159656,1
490,11,379.0176676991644,16.495990195442893,1
490,12,369.89872769759535,4.366314885952381,1
490,13,428.2916697920095,5.409159018495689,1
490,14,-11.991818744781636,-3.2942452447466337,2
490,15,2.0246760304992626,-3.4101576881638325,2
490,16,13.862201932556836,-14.018172684440433,2
490,17,4.476572165067661,-23.10814876945948,2
490,18,-17.3691766038617,-42.089960600337584,2
490,19,-16.08007754888289,-27.378730855654855,2
491,0,-388.84523004944987,-17.214261949720964,0
491,1,-395.44875290348955,0.402383367501424,0
491,2,-375.50871057242034,0.4052897063244474,0
491,3,-374.0709529927945,11.49904568199304,0
491,4,-390.3340437648958,-7.107094901242073,0
491,5,-385.6974291148507,5.477532454134293,0
491,6,-392.3520810463422,3.250338906736962,0
491,7,-389.0661878212621,-29.414183135531253,0
491,8,371.3953273910959,-4.413891821500418,1
491,9,357.6820746242718,42.36048076776208,1
491,10,363.1084579106117,-8.612743602139687,1
491,11,378.8927307432115,16.480864149091662,1
491,12,370.7342001440129,4.64933449609399,1
491,13,428.0377982280514,3.8446715568171057,1
491,14,-12.24134052044655,-3.1477522100264834,2
491,15,1.3505106449643958,-2.460742983379886,2
491,16,13.7524536064935,-12.875737054884933,2
491,17,5.009338741202652,-23.741975618947,2
491,18,-18.231976060494016,-41.80059409872786,2
491,19,-16.1131118013531,-25.526035215483933,2
492,0,-391.2356225960165,-17.667100697440873,0
492,1,-395.6292660702086,0.4104854440306729,0
492,2,-375.19416100145963,0.47766780268567544,0
492,3,-376.26064294947844,11.686861138526345,0
492,4,-391.2108390689822,-8.104679742768917,0
492,5,-385.97894892360046,5.3603424062801945,0
492,6,-392.4184624630974,4.363257880100948,0
492,7,-390.38355858603296,-30.171578431180446,0
492,8,372.48149642530257,-3.980732463212169,1
492,9,360.2661263668884,41.79747442849834,1
492,10,364.52702625084197,-9.681046358458907,1
492,11,381.32249018160394,16.475921422424673,1
492,12,371.46562827553737,3.2895116389395307,1
492,13,426.6330996849177,3.7874523112584457,1
492,14,-12.66566337909915,-4.502984546526745,2
492,15,1.5400024547100153,-2.728736124003447,2
492,16,13.069988039367157,-11.858560630072011,2
492,17,3.3568908276310143,-23.515810567084966,2
492,18,-17.925064340879196,-42.80608409292633,2
492,19,-14.725846671940555,-25.91762365253114,2
493,0,-391.54100332624876,-16.761017995308563,0
493,1,-395.8627322906731,0.7835862928468681,0
493,2,-375.85669255652255,-0.020806686672543484,0
493,3,-378.0641524691553,13.137098290485147,0
493,4,-391.51076594128386,-7.215871543959302,0
493,5,-386.5478547847961,4.2351983160331,0
493,6,-392.3405797730641,3.5746264515884962,0
493,7,-392.095623989976,-29.06620310347328,0
493,8,373.39150860604906,-2.8841378127509634,1
493,9,360.51023694389255,41.584780172325715,1
493,10,366.07036690330347,-9.13436464439288,1
493,11,380.6963721691944,17.33788534946968,1
493,12,372.68530975891434,4.070716350200187,1
493,13,428.0317033730447,2.9273395803393587,1
493,14,-12.881827276039107,-4.629112553126163,2
493,15,0.5317735064122593,-2.7872352144463313,2
493,16,11.59853524999179,-12.87795942339855,2
493,17,3.0516548249986544,-22.45349711975932,2
493,18,-16.559661890040836,-43.0601528117965,2
493,19,-14.09002296066721,-27.056464672760384,2
494,0,-392.1638364862136,-17.252654056274483,0
494,1,-396.04228102843365,2.0913412310577404,0
494,2,-375.7460511522694,-1.3469758647757906,0
494,3,-379.06988610454164,13.163753953611186,0
494,4,-393.02452232798123,-6.390392456183344,0
494,5,-388.0033669742273,4.343396912403804,0
494,6,-392.4512651340469,4.237262915764039,0
494,7,-393.37603954322157,-30.310964369639578,0
494,8,374.33124540559584,-2.709888033274337,1
494,9,361.2167452211226,39.75973514031002,1
494,10,368.4545110936939,-9.082084522664363,1
494,11,380.3336866180671,19.108083633524245,1
494,12,372.87352164175763,3.855151706857109,1
494,13,427.77949245553884,2.787427347469478,1
494,14,-12.631895563553943,-5.304382090648298,2
494,15,0.23189970140553579,-3.7457316864518955,2
494,16,11.62187821402513,-13.08703826916208,2
494,17,1.5351691293066776,-21.60114277091789,2
494,18,-17.184189776788756,-42.844034349096376,2
494,19,-14.701474721821837,-27.110249384825913,2
495,0,-392.624547616009,-17.056205413288122,0
495,1,-397.3234450325404,2.3723366247268833,0
495,2,-376.1389574054701,-0.7219058900929507,0
495,3,-380.772238673839,12.87760528915909,0
495,4,-393.11143778411895,-6.972477727440983,0
495,5,-388.93916714281596,4.3266849729651975,0
495,6,-392.6875700765878,2.7565328434402034,0
495,7,-396.03518071556385,-29.323450750294096,0
495,8,374.3305597904341,-2.549983501117933,1
495,9,362.8011717200559,38.85375403031971,1
495,10,367.2477314978782,-9.62223826508801,1
495,11,381.69496139113596,19.03057660188808,1
495,12,373.88914673798786,3.439477140518531,1
495,13,429.0354797976525,4.008987391311867,1
495,14,-12.51496387215865,-4.845845714392026,2
495,15,0.24165184884833246,-2.5384852938629985,2
495,16,11.265461593676514,-13.901977019098496,2
495,17,2.6064937104267436,-22.842366609331666,2
495,18,-17.638670967956834,-43.9649811891779,2
495,19,-14.634042689691539,-26.9496049045543,2
496,0,-392.8657362866273,-17.495406082262488,0
496,1,-397.53829786042326,2.9818176120249418,0
496,2,-376.2254904589911,-2.1229906334878432,0
496,3,-381.03003787902804,11.690402501713837,0
496,4,-393.6767825372861,-6.690446881295537,0
496,5,-390.18593511140557,3.7924707527257158,0
496,6,-394.09256164375984,2.9210163811923913,0
496,7,-397.03376149012763,-28.33071937805066,0
496,8,374.5468831041915,-2.3421073289187087,1
496,9,363.2592617113412,38.622706217145634,1
496,10,368.3944273425978,-8.65671854666314,1
496,11,382.6897952932919,20.23314066292082,1
496,12,373.98449972020705,4.0530979467119295,1
496,13,430.44580649640176,4.903995102771402,1
496,14,-13.458760761418958,-5.654161308475627,2
496,15,1.818422973347504,-1.4420487920083171,2
496,16,9.868625616784733,-13.100321922605035,2
496,17,3.4054213639990305,-22.10415126949964,2
496,18,-18.179732341281852,-42.47946785826599,2
496,19,-16.08636414701121,-25.886141169682556,2
497,0,-392.76772546649255,-18.45455759526912,0
497,1,-397.6922077533443,2.5515113305952113,0
497,2,-377.3815002676977,-1.3751686528642515,0
497,3,-381.73950674455676,12.144302964579312,0
497,4,-394.17909471208236,-6.285066907508434,0
497,5,-389.46402777244367,2.754845116903166,0
497,6,-394.68866531396213,2.6046142747346916,0
497,7,-396.53367152801036,-29.73799251341173,0
497,8,374.16788398885603,-2.484700109536644,1
497,9,364.43447214747084,39.00145374667186,1
497,10,369.3775364991338,-7.338070170980941,1
497,11,383.1683361758852,19.683989406991557,1
497,12,373.8427183621568,3.004862850778658,1
497,13,432.5408830668238,5.279347614375686,1
497,14,-12.432068512295196,-6.259977829265827,2
497,15,2.5349267232154005,-2.3261975718276853,2
497,16,9.071907614596162,-12.539957879181234,2
497,17,4.4442639459067195,-23.00285453492122,2
497,18,-17.22803448114413,-43.689969837686604,2
497,19,-17.463793901267284,-24.762449272172915,2
498,0,-393.779389765419,-18.731631264420912,0
498,1,-397.62827602902206,1.8481210926700538,0
498,2,-379.3817771659377,-0.2709250394818745,0
498,3,-382.03523328377486,12.420592467152748,0
498,4,-394.4334845368855,-6.2103362117596514,0
498,5,-391.09815201436896,1.6391849000945549,0
498,6,-394.4012340123451,3.1056562469927593,0
498,7,-396.9966857958752,-30.28977012469847,0
498,8,375.4251676014431,-1.3676665808817745,1
498,9,364.3881610558927,37.59342590852712,1
498,10,370.0522628052741,-7.185643940431413,1
498,11,383.7633696182234,20.90343929661376,1
498,12,375.0980875786573,3.689951940485969,1
498,13,434.07941063058286,4.682443468576374,1
498,14,-13.242466228162986,-5.6188237398864675,2
498,15,1.253844821627959,-1.3986497320455715,2
498,16,9.16512369035025,-12.82158036086681,2
498,17,4.09324106732061,-23.318121754634593,2
498,18,-16.942061619662475,-45.27659712966782,2
498,19,-19.073854604124435,-25.36323585697525,2
499,0,-396.243485311809,-18.29448708525838,0
499,1,-398.5850938532141,1.5555354874654563,0
499,2,-381.4719945942958,-0.4325553051230408,0
499,3,-382.92813541992774,11.72824432940919,0
499,4,-395.03487857466087,-6.715403460296566,0
499,5,-392.9130958332221,2.2462737143171867,0
499,6,-395.2119605725664,2.570779560723118,0
499,7,-397.50504978674667,-30.702591724001262,0
499,8,376.8324250432825,-1.232971327642872,1
499,9,364.56202191393817,38.31808476836582,1
499,10,370.6011620087308,-6.590734408449636,1
499,11,382.1145256939141,19.447091699828537,1
499,12,374.4435162690267,4.7514213406594275,1
499,13,434.82028295024435,3.5930622643680596,1
499,14,-14.56512054345958,-6.346309923516123,2
499,15,0.5887332813482749,-2.740093929409293,2
499,16,9.301846652208093,-12.977797185744862,2
499,17,3.747636923235434,-23.789409754867695,2
499,18,-16.266574299353636,-44.72925304412591,2
499,19,-18.38833438144302,-25.131734998226275,2
500,0,-396.9612957814781,-17.302235021940554,0
500,1,-400.23963316769925,1.8033504729433298,0
500,2,-381.49251343987123,-0.8778874370490619,0
500,3,-384.18761322169877,11.33928805439007,0
500,4,-396.54240692624836,-7.1038363668257505,0
500,5,-392.6635661082623,1.6461460863060222,0
500,6,-396.07409882879386,3.477275852446283,0
500,7,-397.37810290749934,-29.717915632056993,0
500,8,377.77576739817977,0.008074747841394059,1
500,9,366.4039154152445,37.184586216202305,1
500,10,373.0526873246508,-7.7795020984910845,1
500,11,383.32371311583813,19.362117649194296,1
500,12,374.53517306251274,5.616841848032907,1
500,13,435.05266552215335,3.7932336103182576,1
500,14,-14.345632877259725,-7.794369853392803,2
500,15,0.538240748952906,-3.2265635488017406,2
500,16,8.407704179112272,-13.503868863208101,2
500,17,2.9150622348576727,-22.320167362231082,2
500,18,-15.17754889065029,-44.157994941463905,2
500,19,-18.44416996661433,-25.26269657591417,2
501,0,-396.39608179018376,-16.825053777457654,0
501,1,-400.9890849755846,2.167507761726741,0
501,2,-381.8569401889688,-1.6916107288735076,0
501,3,-385.4601331563966,11.757595273207256,0
501,4,-397.31812388900175,-7.41465993874063,0
501,5,-393.1046187968173,2.2801728915446566,0
501,6,-395.69765872568917,2.9574784791929067,0
501,7,-397.0611537573331,-30.079571982057544,0
501,8,377.37324436223753,1.0338323292246994,1
501,9,367.56171461671477,37.178266618067724,1
501,10,372.5665062020678,-8.006363441402128,1
501,11,382.40624129716747,19.919920242773713,1
501,12,374.73817106806445,4.0248074513267955,1
501,13,435.44024573731235,4.427503087527732,1
501,14,-13.80971766437545,-9.399164281469373,2
501,15,1.567676602317246,-3.8882344036644216,2
501,16,7.660006788004594,-14.006671980699519,2
501,17,1.4931381536405675,-23.06111725598096,2
501,18,-15.925913274684707,-44.007658210925676,2
501,19,-17.170491832649773,-24.139653406089828,2
502,0,-398.45930985209014,-18.761745568577332,0
502,1,-401.44910567836774,2.945409703001724,0
502,2,-382.3661350971013,-2.132632047851477,0
502,3,-385.07457674798314,11.177551165890304,0
502,4,-397.535151236432,-5.789324962946995,0
502,5,-394.71790665394354,1.3588736682403875,0
502,6,-397.0670383485042,2.7119047551595514,0
502,7,-397.58186851201,-29.382719625508248,0
502,8,379.0011863586888,2.2125784139206566,1
502,9,369.49496954758735,36.565531963120186,1
502,10,373.4017671553144,-6.984323962666309,1
502,11,381.83259705892397,19.931543026467136,1
502,12,376.6893027310327,3.8614265564629955,1
502,13,436.25674396946465,4.484906877159003,1
502,14,-13.934015118755122,-10.70965495842618,2
502,15,1.9071386158707504,-3.522592265327577,2
502,16,8.234776687840515,-13.416254862695643,2
502,17,1.16898391794104,-24.01247128950895,2
502,18,-15.605786634439198,-43.894945515944514,2
502,19,-17.140198734593834,-25.01160491621001,2
503,0,-399.1795461286186,-20.216360347050383,0
503,1,-400.8932019130665,3.5729818038610937,0
503,2,-382.91212251477884,-1.8697367900485435,0
503,3,-386.0087946741028,9.976306305962433,0
503,4,-397.6680825191298,-6.585979340414435,0
503,5,-396.81523637265303,1.6829153285894431,0
503,6,-398.3515337223911,1.7209024541068887,0
503,7,-398.74253217111,-28.826328977396276,0
503,8,379.6534523620575,2.8846079794305886,1
503,9,370.4270247366407,35.614058223139594,1
503,10,374.9145062233901,-8.145662088465073,1
503,11,383.45187773669505,18.808726521343065,1
503,12,379.00021481070337,3.7766262622705056,1
503,13,436.775936855945,4.413275599673764,1
503,14,-13.141848476224892,-10.758816278447972,2
503,15,1.8426882077497364,-3.1339084828340864,2
503,16,8.403670151111974,-13.08455867546729,2
503,17,0.8287245718551401,-25.172759797636193,2
503,18,-15.598919417648409,-43.168441946266825,2
503,19,-15.404877063670332,-23.901870342583006,2
504,0,-398.2799527233286,-20.049916275781737,0
504,1,-401.8451789233007,3.498532825225599,0
504,2,-385.2477276225999,-1.7652790711304611,0
504,3,-386.6289306199224,10.30922740087188,0
504,4,-398.6773655416611,-6.749030637918471,0
504,5,-397.2724824245174,0.5948397180099041,0
504,6,-398.60446348497425,1.5683422463841659,0
504,7,-399.29002378418005,-28.270590687880397,0
504,8,380.4996501268415,2.1295010229844076,1
504,9,371.0881213320172,34.81153046772921,1
504,10,375.6212334482603,-8.676903456533468,1
504,11,382.17869977098763,19.691165948204358,1
504,12,379.2245388175371,4.559090586924921,1
504,13,436.82783900078556,5.3012411192732305,1
504,14,-13.115585651923567,-10.392086648399857,2
504,15,2.980311221168572,-3.080963369175986,2
504,16,9.850866609321344,-12.203795984453329,2
504,17,1.2765372202893723,-24.721873050484255,2
504,18,-15.463853007468009,-43.25499650264771,2
504,19,-15.109160506047735,-26.113374910371217,2
505,0,-398.69470733752684,-19.972873571479678,0
505,1,-403.3111537296374,1.7314752115922565,0
505,2,-385.6883392887419,-1.680560508616963,0
505,3,-388.5436690649114,9.243807395791091,0
505,4,-398.95633829617486,-6.775688165728807,0
505,5,-398.0756507657413,-0.23666404125944862,0
505,6,-400.78531046875275,0.6827476005809525,0
505,7,-401.12787661062924,-28.14308498260025,0
505,8,382.6936862961293,3.561033046250505,1
505,9,371.6667976871099,34.84607897829521,1
505,10,377.59606259401914,-8.999841492131125,1
505,11,382.45634275385345,19.110940465763907,1
505,12,380.98830756948666,4.528800691431518,1
505,13,438.9069749504267,6.03266508596713,1
505,14,-12.92714242064871,-10.419445703881204,2
505,15,4.204381291230461,-4.101320908847738,2
505,16,9.62369948043193,-12.809242138002618,2
505,17,0.5881174619924285,-24.195063843150038,2
505,18,-16.198738115959827,-43.356550393204074,2
505,19,-15.221400650134203,-25.724967117832634,2
506,0,-399.679502999209,-20.801955120992005,0
506,1,-405.14742826517977,1.6240721202486337,0
506,2,-386.814513184974,-1.6784012097410461,0
506,3,-388.6961967745788,8.632369875179803,0
506,4,-398.94278368598276,-6.426425525024084,0
506,5,-398.95140924688906,-0.32649581117636306,0
506,6,-402.6800660007158,1.0518739414198153,0
506,7,-400.7494506048176,-28.484140744333267,0
506,8,383.88485555034987,4.963449474355993,1
506,9,372.62739743108705,34.87491650710107,1
506,10,378.5033827918176,-9.896717085279626,1
506,11,383.1243374596481,18.38329084884357,1
506,12,382.45862207432594,4.134196904829355,1
506,13,440.66615617585404,4.875353136334382,1
506,14,-11.702803525484526,-10.743962367795424,2
506,15,4.377605086360837,-3.4248095530013063,2
506,16,10.173896711634963,-12.991493121164424,2
506,17,0.8849194346437302,-22.82200790617793,2
506,18,-16.03900858500523,-43.79248296508147,2
506,19,-16.067476240330727,-27.585558232347875,2
507,0,-400.5332204449903,-20.519083885593833,0
507,1,-404.5466359125039,2.2257582574988697,0
507,2,-387.5310668530214,-1.3479077185273067,0
507,3,-390.2208440552373,9.045950293564628,0
507,4,-399.0909041959431,-6.216309671117015,0
507,5,-399.2972730350783,1.1365788520798379,0
507,6,-401.4796198358873,0.675025053408135,0
507,7,-400.7691791189747,-28.81401955692288,0
507,8,384.7908610988879,5.435953521812628,1
507,9,373.53958084049765,33.93717644604271,1
507,10,379.84298502976293,-9.525002849308079,1
507,11,383.22997424067,18.496432903397377,1
507,12,384.1385449243832,4.476044402817612,1
507,13,441.21454253089547,5.430707947480559,1
507,14,-12.23262930030267,-10.504607750478293,2
507,15,4.287570116097799,-3.385121428268554,2
507,16,10.447030162567081,-12.504219370474914,2
507,17,1.0504316571840764,-23.87317760117942,2
507,18,-16.904681373261685,-44.62365063797051,2
507,19,-15.581485013181526,-26.900965417115113,2
508,0,-401.14399153979934,-20.96057944896394,0
508,1,-406.24731304693813,1.5703608743098862,0
508,2,-387.51529518740506,-2.456358462579374,0
508,3,-390.9586927740856,7.4223843694009135,0
508,4,-399.5641407196666,-7.010257465643503,0
508,5,-399.00441129465514,1.4620503439722423,0
508,6,-402.4992712298762,1.091317912859747,0
508,7,-402.33661390359157,-28.44628923644007,0
508,8,385.3363136411308,6.39373368181082,1
508,9,374.4203411238763,34.93240836513106,1
508,10,379.29494541307207,-8.912384792724074,1
508,11,384.3714250230014,17.458982519980943,1
508,12,383.7147527331313,3.9613033924128853,1
508,13,443.2495521769909,4.494587831479253,1
508,14,-12.599209316151825,-11.902276721831145,2
508,15,4.504691236901553,-5.422849733957299,2
508,16,10.002570295346272,-13.552115729614425,2
508,17,0.8017168534794794,-25.37814056142626,2
508,18,-17.895930050345587,-43.68247040177772,2
508,19,-13.861551670753173,-26.7509998960363,2
509,0,-401.59318784437437,-22.454904638427443,0
509,1,-407.3327974078276,1.2798911134629039,0
509,2,-388.152024942018,-1.730164695966117,0
509,3,-391.3652134196061,8.013010307393527,0
509,4,-400.7670246256333,-8.745509536677154,0
509,5,-398.09732487158664,2.5606462798562144,0
509,6,-403.26206582261176,1.0975839961677536,0
509,7,-403.55620133433877,-27.91337248045377,0
509,8,386.56019367462903,5.579240966152381,1
509,9,375.8625168274281,34.362137622583255,1
509,10,379.62183168922763,-9.779995493377871,1
509,11,385.25556664420805,16.80940208485163,1
509,12,384.46694395592743,4.527386031356155,1
509,13,444.7922947669537,3.184689248608332,1
509,14,-13.356253520888833,-11.749990948852162,2
509,15,4.031462487409925,-5.182370436355482,2
509,16,10.216372516081913,-13.14958491326265,2
509,17,1.0832923017172897,-26.97026968673537,2
509,18,-18.947259600103816,-42.45756160451026,2
509,19,-14.514523904876665,-26.868205093919585,2
510,0,-403.0084862436685,-22.051630268938922,0
510,1,-408.74920543894666,1.3096208071937474,0
510,2,-387.6111716194274,-1.4332253403642214,0
510,3,-392.72396718839803,8.12711124062347,0
510,4,-401.12848448428997,-8.40282523723231,0
510,5,-399.8830131622999,2.215287985750341,0
510,6,-403.81677602123136,0.48245142606501523,0
510,7,-403.4709690293458,-28.834261953891332,0
510,8,386.74573369254506,6.3331746311025725,1
510,9,375.9720427948876,33.67739323013877,1
510,10,379.18390769563814,-10.612001780817543,1
510,11,386.79353337025606,17.763486937811198,1
510,12,385.41518652566435,3.9244357703304082,1
510,13,446.31367391992893,3.792605673732117,1
510,14,-12.249447310627348,-11.916387525172798,2
510,15,3.183236686283252,-5.474135231458051,2
510,16,9.523795846527712,-13.305510655378194,2
510,17,1.1476247226801513,-27.14419218417117,2
510,18,-18.0777646146058,-42.04391875344797,2
510,19,-14.279439777191612,-26.881876721668704,2
511,0,-403.01277475406755,-21.34610062855271,0
511,1,-410.2038841623538,2.2931478478599434,0
511,2,-388.40713816235296,0.00977555224556137,0
511,3,-392.8987616667062,9.316649327035725,0
511,4,-404.0046982592569,-8.852571316216412,0
511,5,-400.3599804628505,2.9587547266658243,0
511,6,-404.5396948551333,0.859112507580789,0
511,7,-405.51209581271985,-29.425492665026123,0
511,8,387.8953693045742,7.020421335454298,1
511,9,376.4890303979163,33.505485658579644,1
511,10,380.8187279198135,-11.45618866524152,1
511,11,387.04287288187214,18.41146870971513,1
511,12,387.3961854846097,4.99413401945587,1
511,13,445.625196164461,4.003903007885746,1
511,14,-10.22602186072373,-11.636757305929798,2
511,15,2.6357085743975595,-4.618987926777031,2
511,16,8.882075368749197,-12.88045400008524,2
511,17,2.032477806958027,-26.8067234534457,2
511,18,-18.18419818831167,-42.5384367029545,2
511,19,-13.239589085350275,-27.836099182597575,2
512,0,-402.46623457189696,-20.821191876804733,0
512,1,-411.0329411936468,3.3032864589857676,0
512,2,-389.30419310501213,-0.9667874766203093,0
512,3,-391.22218157934856,9.073917726026487,0
512,4,-404.0503293691814,-8.912632688294785,0
512,5,-400.51484281867,1.6063677290635474,0
512,6,-405.0523201459546,0.821244814764615,0
512,7,-406.22995276197156,-28.700605646812765,0
512,8,389.2163534687049,7.984569301312102,1
512,9,378.5917067561585,32.499980465208466,1
512,10,382.626047840948,-11.372727573566692,1
512,11,387.2393101800009,17.915333352749055,1
512,12,388.18821436560984,4.672110693795785,1
512,13,447.3311088118733,4.660894307392381,1
512,14,-10.06169635689622,-11.606931184703798,2
512,15,3.6999521697178865,-3.9140352962183402,2
512,16,10.507393426412083,-11.857991892174162,2
512,17,1.0923137638562852,-25.214752729555215,2
512,18,-19.144429286289284,-41.80198630943151,2
512,19,-12.923374021476045,-29.007175668035444,2
513,0,-403.1501760382837,-21.473206460811518,0
513,1,-411.0585771622655,4.332139007842294,0
513,2,-389.8800072164564,-2.565027080110304,0
513,3,-391.92760759513595,10.719758095963769,0
513,4,-405.0051471041234,-7.389658262180313,0
513,5,-401.91545150774334,2.2631071413507797,0
513,6,-405.87356507191674,0.8518148275587598,0
513,7,-407.7127605209348,-27.281356769884482,0
513,8,390.237151255849,6.62306761035061,1
513,9,380.3853730519914,32.356648824096986,1
513,10,384.18771468561044,-10.555683109215972,1
513,11,387.6895692700101,17.833075737457637,1
513,12,388.386703881901,5.634789561529195,1
513,13,448.8310879665811,4.6035626193690256,1
513,14,-9.97400163500312,-9.710627075296614,2
513,15,3.498241058312947,-3.643682558814072,2
513,16,10.463380901584962,-11.775784568726705,2
513,17,0.8026371935494092,-25.177056493107404,2
513,18,-19.40908211883183,-42.63840724570148,2
513,19,-13.05956937252533,-28.562302034158435,2
514,0,-403.91806597082376,-21.84904759831758,0
514,1,-411.7026949564208,3.8289145417222343,0
514,2,-390.51133130890054,-2.364853772703867,0
514,3,-394.2829483556059,10.839050324953883,0
514,4,-406.78163261210244,-7.360876513516429,0
514,5,-401.4447340561102,1.0645608305662215,0
514,6,-406.3087946520736,2.4707375288966253,0
514,7,-408.1768081370639,-27.16769829597264,0
514,8,390.5757168003425,6.694993947250975,1
514,9,381.6144884324431,32.017731872306896,1
514,10,384.8002302905091,-10.35914929090076,1
514,11,389.807386614066,16.79964798450224,1
514,12,389.9023434756548,4.108634217607063,1
514,13,449.70706103673575,3.320948070858698,1
514,14,-10.07783565112578,-10.939293656970346,2
514,15,2.7937282477775387,-3.318297136075815,2
514,16,10.75953434043885,-11.793952384684037,2
514,17,1.8579763704863785,-25.31566496325367,2
514,18,-19.0523721431693,-44.507334698835784,2
514,19,-13.494109031435448,-28.555912234802136,2
515,0,-405.0808940394975,-21.0819555860751,0
515,1,-413.0568016412214,3.266626297893101,0
515,2,-391.642844708952,-1.9744060855009753,0
515,3,-395.4357513617542,12.138773772345383,0
515,4,-406.9098592006184,-8.435160648389264,0
515,5,-401.99310863217704,1.421264045702153,0
515,6,-406.3940645494308,2.658616845699298,0
515,7,-408.69648422274986,-27.048015367307926,0
515,8,392.72849184253687,7.423556093466057,1
515,9,381.82760478481066,32.04349602273205,1
515,10,385.84766019880027,-11.064875859659052,1
515,11,389.64063379708267,16.389298722557733,1
515,12,391.02441397920575,4.002812504148057,1
515,13,451.2811874393398,2.8564413949627325,1
515,14,-8.76235930346998,-8.91619547080252,2
515,15,3.3143603546464293,-3.815565038386845,2
515,16,11.42737625105963,-12.35875849807614,2
515,17,0.87442367772912,-25.815717099695224,2
515,18,-20.460624671655907,-45.4340803258858,2
515,19,-13.793665740681995,-28.41087163606253,2
516,0,-406.04024350885044,-20.67093490899551,0
516,1,-413.70622302911266,3.2800597478698044,0
516,2,-393.23784100868727,-2.1596874804694615,0
516,3,-395.18121051202996,12.506206486975191,0
516,4,-408.0722212503667,-9.206745590266358,0
516,5,-402.74256505523385,2.4438890724793048,0
516,6,-408.6743961311805,2.28395302357959,0
516,7,-408.58616997931733,-27.762668017740612,0
516,8,393.80854669840414,6.92260716129184,1
516,9,382.38105621000943,32.04550556997331,1
516,10,386.69614163171224,-11.368625695082276,1
516,11,389.5735914093096,17.118671489636476,1
516,12,391.35344514461343,5.356791382012042,1
516,13,451.95260445431285,3.736394795947607,1
516,14,-7.952867671122189,-9.573429783426434,2
516,15,3.2001166691411136,-3.1360202971504996,2
516,16,11.356344108010674,-12.282651267318437,2
516,17,1.0412720571785314,-24.774929857148067,2
516,18,-19.25704978045557,-44.43624746509046,2
516,19,-14.336256859236617,-28.97496789960973,2
517,0,-407.58286637518,-20.157949753174808,0
517,1,-416.1715125635735,5.141756237807819,0
517,2,-393.96133270140876,-2.9271327443980377,0
517,3,-396.3891031574893,13.651432952678391,0
517,4,-409.1151286208905,-9.715081714682203,0
517,5,-402.8358805535901,1.9010079553030474,0
517,6,-410.1423300904394,1.396611061536797,0
517,7,-410.3639720488097,-28.143369633611268,0
517,8,394.9873902873561,6.084363877954015,1
517,9,383.94356980951824,31.491181129840278,1
517,10,386.9410418406217,-11.020150841127519,1
517,11,390.5279005482887,16.548791679197386,1
517,12,391.9209085330555,5.409740560039147,1
517,13,452.2537236404229,4.0162932580785276,1
517,14,-8.210073559557438,-9.76496983895906,2
517,15,2.910602632586083,-3.4106262774820055,2
517,16,9.525870036010165,-12.595017757346879,2
517,17,0.8873813833149539,-25.796816634868527,2
517,18,-18.834262171051346,-44.594319817684365,2
517,19,-12.847034954321769,-30.146017904452833,2
518,0,-408.21043895987066,-20.589039810986026,0
518,1,-416.75823170607896,4.775885766507166,0
518,2,-394.5940367228961,-3.152105886668383,0
518,3,-397.61431881645547,15.414085191680826,0
518,4,-409.4744178017105,-11.212773177557349,0
518,5,-402.500767880874,1.9042841533402328,0
518,6,-411.5709179148194,1.4061599103662676,0
518,7,-410.95244310681676,-28.565965741119417,0
518,8,396.00753378421234,6.334452613051293,1
518,9,383.7474994598781,31.280529459958853,1
518,10,388.0041185056981,-10.834240104871903,1
518,11,391.06432459518277,16.723356964548582,1
518,12,393.7578859562192,5.494862557432719,1
518,13,452.5359169779787,5.235767865671244,1
518,14,-8.94397367207672,-10.581417562667118,2
518,15,3.206823164707392,-4.539972507997128,2
518,16,9.398326312942384,-13.474141913309497,2
518,17,0.44899269598486763,-26.29925141387383,2
518,18,-19.432831845158205,-44.3445627986773,2
518,19,-13.22350548053987,-29.16198613833959,2
519,0,-409.94797039435105,-20.65372705085308,0
519,1,-417.4631322316471,5.350149485888587,0
519,2,-397.1587908868812,-4.191840533960033,0
519,3,-399.4195804697225,14.432113868255366,0
519,4,-410.98394726211467,-11.12861838124689,0
519,5,-403.30247287155663,1.7875716209669255,0
519,6,-413.4187636409674,0.9665920544631141,0
519,7,-412.43500086876804,-28.8404835603261,0
519,8,396.1118130084138,6.798655807064216,1
519,9,383.0549564696601,30.298756124494258,1
519,10,389.1884753086522,-9.566143723403112,1
519,11,391.5582976440301,15.361030534043598,1
519,12,394.26228637806867,6.997224382268613,1
519,13,453.1958008454023,5.156074715227998,1
519,14,-9.427585202636426,-10.58984920481497,2
519,15,1.877335445437202,-4.177034295883589,2
519,16,9.177604138735882,-13.678014254115162,2
519,17,0.23072534415034496,-26.532588851234426,2
519,18,-19.917852198163093,-44.560131536511875,2
519,19,-12.897270083308268,-30.52022643657593,2
520,0,-410.0246946776001,-20.43370212434568,0
520,1,-418.7503233561436,5.146453527628597,0
520,2,-398.995186682557,-3.6479975271507192,0
520,3,-400.01406715213955,15.213738262723144,0
520,4,-412.01632582198107,-11.66646397725776,0
520,5,-403.8174949139378,1.5148003773010628,0
520,6,-414.1127003498825,0.7053246655973043,0
520,7,-413.5636993275236,-28.4481872023714,0
520,8,396.47069133189746,7.069155662523881,1
520,9,384.2707443768873,30.943748156790488,1
520,10,389.35702024647554,-10.07648260842759,1
520,11,391.95823500449075,15.607709415419597,1
520,12,394.13468074136966,6.6078679508190605,1
520,13,453.729295432093,5.280433949450998,1
520,14,-9.740784356542429,-9.915743884554653,2
520,15,1.5257273532137712,-4.1349953560200765,2
520,16,9.654876728817651,-14.054559258817688,2
520,17,-0.7425383131877272,-26.88591338805394,2
520,18,-18.88244497874846,-44.53980817664638,2
520,19,-12.54737830554484,-29.774928818310897,2
521,0,-410.5118733773193,-21.117737623651326,0
521,1,-419.34259100603174,4.003763901578916,0
521,2,-398.5016117826074,-4.436130032271059,0
521,3,-401.555077358922,14.337658983451783,0
521,4,-412.81925198360375,-11.499691447121638,0
521,5,-403.3106571626518,1.58991608919971,0
521,6,-415.09643820986867,0.05090525567677995,0
521,7,-414.51764712575863,-27.718034248285136,0
521,8,397.831062640315,7.2908008616961535,1
521,9,384.5993061876178,28.963049621111455,1
521,10,389.8954328359856,-10.398656519782719,1
521,11,395.43712617941344,14.797172941228691,1
521,12,395.2031949951267,6.177750565343236,1
521,13,454.5766674967021,5.018499031954656,1
521,14,-9.458226315361328,-8.889209347389066,2
521,15,2.1663331848236416,-4.108350324384359,2
521,16,10.820774714508557,-14.32192338745319,2
521,17,-1.059398226625589,-26.232692689401556,2
521,18,-17.801183609038244,-45.15612726621542,2
521,19,-12.182615281711245,-28.67860852915817,2
522,0,-411.3685155921491,-22.73267677668822,0
522,1,-420.60403674449617,3.9662427643509353,0
522,2,-399.12259216061125,-5.177981393302959,0
522,3,-401.8884404789162,15.415881322122905,0
522,4,-414.21900871076525,-12.296318576423122,0
522,5,-404.78152772537305,1.640562971088668,0
522,6,-416.2223393979572,0.09227559406907068,0
522,7,-415.55600854222575,-27.432327018808095,0
522,8,397.4654256176557,8.156889678506293,1
522,9,385.1876035426079,27.85907423233545,1
522,10,389.9257045161393,-9.458806169933503,1
522,11,395.61677960923174,16.245820098650707,1
522,12,396.6677058076619,6.704469880434129,1
522,13,454.44141994808405,4.318112058209561,1
522,14,-9.688510275446783,-9.025359483340857,2
522,15,0.9245043725438484,-4.538596816258108,2
522,16,10.814757587824069,-14.823630853913077,2
522,17,-1.173109190896358,-26.385278499186168,2
522,18,-17.232309729674235,-45.01326586684759,2
522,19,-12.474280972247897,-27.79454984409483,2
523,0,-413.1892216667503,-22.182348701831092,0
523,1,-421.71351801223824,5.03710177533497,0
523,2,-399.43682507471664,-6.385754596816216,0
523,3,-402.4437850008621,16.707072995948213,0
523,4,-414.23056631520893,-12.782527254667913,0
523,5,-405.0434976864882,1.572142294200109,0
523,6,-416.75340318072574,-0.6361879716112098,0
523,7,-416.56154844658994,-26.116449400466855,0
523,8,399.53831729690415,8.741243859423264,1
523,9,384.7226092124873,28.275948575192828,1
523,10,391.72418021887245,-10.281832871452707,1
523,11,397.2588082882075,14.923683108302969,1
523,12,397.5305671479278,6.192894910186529,1
523,13,455.665165788481,5.35913103795185,1
523,14,-11.36294674504295,-8.87804660687579,2
523,15,1.0417181344282305,-4.578478934390655,2
523,16,10.6824438048285,-15.264350947419974,2
523,17,-0.35831993849458343,-27.227124116146506,2
523,18,-16.782351966642267,-45.01331532719291,2
523,19,-11.930652660251218,-26.508408379620725,2
524,0,-413.2264641198552,-20.94918014568938,0
524,1,-422.5506342837853,5.753570255653381,0
524,2,-401.0217475960968,-7.796779142798811,0
524,3,-405.00973901175547,17.35234850844937,0
524,4,-414.2548474895139,-14.531640093289498,0
524,5,-405.79974802541693,1.6828000778763539,0
524,6,-418.65093697398135,-0.6992868537794924,0
524,7,-417.0244596378311,-26.035152915598655,0
524,8,400.59760353786095,9.246292249268182,1
524,9,386.31084767487545,29.27141879396397,1
524,10,393.15774000806647,-9.985376574782704,1
524,11,398.2234578813132,14.207056506356144,1
524,12,397.8563390183742,7.649437055973557,1
524,13,457.106693640833,5.189492388424192,1
524,14,-12.60160581086737,-10.353211566849755,2
524,15,0.8747377006575602,-4.16893236449771,2
524,16,11.235180527720727,-14.818604594537563,2
524,17,-1.9444274604147205,-26.931546278927478,2
524,18,-15.65960374521698,-44.37563928236714,2
524,19,-11.261048505207182,-26.53812415902545,2
525,0,-413.6897136507264,-21.41997256710905,0
525,1,-423.71414648987,4.933234792384562,0
525,2,-401.06557778744383,-7.819673832238158,0
525,3,-405.26095355647317,16.01018733731331,0
525,4,-416.1269094280366,-13.689640379298037,0
525,5,-407.0544175106139,-0.40796710458770247,0
525,6,-420.1851701527944,-1.588107975730269,0
525,7,-417.95052977742245,-25.929884273761033,0
525,8,403.12090469033495,9.75610461479177,1
525,9,388.0016834180112,28.060301813796197,1
525,10,394.9392417452627,-10.048820310835941,1
525,11,399.6310903700051,12.378212005726533,1
525,12,398.7573197882348,7.519256777728343,1
525,13,457.8000357670922,5.2594222427634145,1
525,14,-12.468143073993467,-10.802787533252687,2
525,15,1.3354886269283939,-4.574124863575896,2
525,16,11.173649967264783,-13.711274426005557,2
525,17,-1.744451266006535,-28.27594220255841,2
525,18,-16.924225790233013,-46.677966988790985,2
525,19,-12.601470185602672,-25.519842950502216,2
526,0,-414.7532105497121,-20.895833450777612,0
526,1,-423.29300421177226,5.043955220661696,0
526,2,-400.69927078772247,-7.011104047994311,0
526,3,-405.63083032359475,15.954177705459873,0
526,4,-416.7991055442334,-13.222380066159904,0
526,5,-407.4845995449305,0.6134619205331704,0
526,6,-421.2916135557576,-1.3612461128677333,0
526,7,-416.84846963738016,-26.134486121463194,0
526,8,404.2970012756493,9.965208754166529,1
526,9,387.92469379839025,27.78816700247284,1
526,10,395.5543679150245,-9.62128471532652,1
526,11,400.2902463404433,13.880127854713434,1
526,12,399.56102259281965,7.718144184919297,1
526,13,458.41146831967734,5.021025065160084,1
526,14,-12.573191547303109,-10.814298224437845,2
526,15,0.8045813815585683,-2.970493479802485,2
526,16,12.58763534822329,-13.51661100468425,2
526,17,-1.4345346303534707,-28.387180091950334,2
526,18,-16.572311176901113,-47.88327019688976,2
526,19,-12.648175735110318,-25.580933366088527,2
527,0,-415.0759008074257,-20.06546374067766,0
527,1,-424.04541427555546,4.014199924154561,0
527,2,-401.97419027638665,-7.274712194931315,0
527,3,-409.5818201335182,16.141668213204607,0
527,4,-417.9455589167398,-12.907737119260606,0
527,5,-409.26538349382736,0.0324924352831506,0
527,6,-422.6484630257302,-2.3499249762574306,0
527,7,-416.90078358648486,-24.780767483962702,0
527,8,403.4274712114034,10.791465280542443,1
527,9,388.86592506356476,27.766129493368226,1
527,10,395.15434983757456,-10.179782000220506,1
527,11,399.38660206927034,12.766982391567717,1
527,12,401.24375076266233,7.262850033152013,1
527,13,459.52798047053744,4.531391968712838,1
527,14,-12.866578471751662,-11.81329675155958,2
527,15,1.2572567425378867,-3.6092426427342357,2
527,16,12.452989586778447,-13.849047030644249,2
527,17,-2.811772846732646,-27.06194031424401,2
527,18,-15.554530878376045,-49.279421082974544,2
527,19,-14.282624641035301,-25.662019738280453,2
528,0,-416.5977440601124,-20.281258225830552,0
528,1,-425.21790297764034,4.000140870835321,0
528,2,-402.73204551444735,-6.223644498499708,0
528,3,-408.89770474672906,15.870288188199332,0
528,4,-418.0661477247503,-14.995973163425763,0
528,5,-409.4308289008331,-0.9837134142392694,0
528,6,-423.3928328553253,-2.9966582822531787,0
528,7,-416.3847252158517,-24.3428359204682,0
528,8,404.56551956324256,10.566062730349676,1
528,9,390.30587300566236,27.03751784631282,1
528,10,396.82566223917974,-9.330826786220573,1
528,11,399.61839961930013,11.551082793971931,1
528,12,402.0858833274337,6.853673650126652,1
528,13,460.3825376731796,4.0191733872768145,1
528,14,-13.662759934856343,-12.422282446321871,2
528,15,1.7439483858682368,-3.874072620260379,2
528,16,11.525418797711158,-12.759080657547461,2
528,17,-2.2478388089858776,-26.15089697247776,2
528,18,-15.393287628136203,-49.87997662813334,2
528,19,-13.562195278227417,-26.35254945662394,2
529,0,-417.52103136674475,-20.73213234723865,0
529,1,-426.4443314097664,3.885249842634255,0
529,2,-403.52776196966255,-7.086471481142801,0
529,3,-409.074120543627,16.161120389442523,0
529,4,-417.6945588817518,-13.832372145280281,0
529,5,-410.88779075795736,-2.521739075027261,0
529,6,-423.9404324172346,-3.750793216738724,0
529,7,-416.9350575916894,-24.904364828963153,0
529,8,405.7455188350042,10.939155314086136,1
529,9,392.58171197576513,26.54402851982176,1
529,10,398.5029555796748,-9.45003008158185,1
529,11,400.7473917557655,12.357667667275368,1
529,12,403.188901071929,6.657659520720423,1
529,13,461.12808392163794,4.578232953346612,1
529,14,-14.27241108178278,-13.690601852454183,2
529,15,1.4818978875820652,-4.020440257283668,2
529,16,11.260109714508072,-13.612824381729933,2
529,17,-3.088787047694279,-25.12532217577132,2
529,18,-14.730943259016898,-49.301239355113076,2
529,19,-13.925964332774436,-27.269920245416333,2
530,0,-417.7799560682468,-21.771956452868082,0
530,1,-425.6497456341424,3.280472078250514,0
530,2,-404.1489344350454,-7.3060876427266805,0
530,3,-411.2586146985468,15.343312165110143,0
530,4,-418.3593536113729,-13.225411943178921,0
530,5,-411.95684374152705,-2.9616076344306195,0
530,6,-424.375713415124,-3.5741209016648496,0
530,7,-416.50761982379635,-24.837610132401878,0
530,8,406.5933336391515,10.412578568329423,1
530,9,394.0515748469917,25.623993237607664,1
530,10,399.6469647411785,-8.559829834402533,1
530,11,401.43023910930117,11.942960994711127,1
530,12,402.987330007792,6.736075891385095,1
530,13,459.8860140609232,5.422243835160354,1
530,14,-14.98384755612628,-15.134383967497005,2
530,15,0.40108867650801616,-4.569920586857636,2
530,16,12.485950474969773,-12.813201078407555,2
530,17,-3.7572929959465045,-25.709933583260774,2
530,18,-13.67517017882687,-48.83787442494957,2
530,19,-14.665101196935176,-28.263336511212373,2
531,0,-418.36669593124253,-22.026626174043024,0
531,1,-426.4517236092159,3.004274066616529,0
531,2,-405.3606979480258,-7.009468091592986,0
531,3,-411.966483277114,15.034720795435371,0
531,4,-419.51919602294305,-10.693624628389522,0
531,5,-413.0163938863197,-2.4361182023660453,0
531,6,-425.9786497550646,-2.984960876711014,0
531,7,-417.35542992411536,-25.241468295096684,0
531,8,407.45573465611517,11.213322031152302,1
531,9,393.65108720717546,24.64607441705112,1
531,10,401.6565037599932,-6.54503759227916,1
531,11,401.43054531206764,12.921795577687774,1
531,12,404.434181899422,5.825526625624089,1
531,13,459.6543023777615,5.89517534748747,1
531,14,-13.60285367756991,-14.637196491741772,2
531,15,0.2995956410898595,-4.0843757729515575,2
531,16,12.293287614197805,-12.06133797764387,2
531,17,-4.932775749847045,-26.646905534627898,2
531,18,-14.334072485703807,-48.997830621649136,2
531,19,-13.69420756466451,-29.44079683184903,2
532,0,-419.0785941051366,-20.796981762544803,0
532,1,-427.8188754738382,3.7214116367649983,0
532,2,-406.680455736337,-6.987219228316993,0
532,3,-412.70062712672285,14.283313725716232,0
532,4,-420.3941753885234,-9.76309349401997,0
532,5,-414.01247455949834,-1.5696448903614195,0
532,6,-427.60373079522725,-3.5572851545364834,0
532,7,-418.75424520846093,-26.171369191928804,0
532,8,408.0619899539633,10.566321754118636,1
532,9,393.87380190383914,23.313456905271458,1
532,10,403.29789388733815,-6.3360990086859585,1
532,11,402.0916298578776,13.05121781076725,1
532,12,405.0103956520475,5.944117728258565,1
532,13,459.8712740181496,5.542472146540112,1
532,14,-15.111698530048578,-14.617561008347748,2
532,15,0.2073289618094975,-3.5336900846324726,2
532,16,11.907945235831967,-11.46761116937002,2
532,17,-4.404877642778628,-27.08798499989192,2
532,18,-14.585194582454172,-47.376857871396965,2
532,19,-14.041494516172289,-27.878131517551683,2
533,0,-420.40937170179717,-22.363066895538388,0
533,1,-428.5364139368594,4.251932225218571,0
533,2,-406.3861658816103,-5.852566796466613,0
533,3,-412.79081106994755,15.032568123416228,0
533,4,-422.2994122032367,-9.93238365948798,0
533,5,-414.0731311897878,-1.6214227507368169,0
533,6,-428.9918279854881,-3.819564468501932,0
533,7,-419.90628049140764,-25.105677651058514,0
533,8,409.4983874573893,10.992448961124271,1
533,9,394.65044118679964,23.754309572871456,1
533,10,403.8691229689006,-7.744355592622971,1
533,11,403.3926412494906,14.375520514399176,1
533,12,406.8321886895419,6.7276189758275855,1
533,13,460.72536176588034,6.0497884949709935,1
533,14,-14.033109744977743,-14.985806289890833,2
533,15,-0.26132244363914037,-4.23354606530156,2
533,16,12.03176412446007,-11.24783520113336,2
533,17,-3.700073181378505,-27.22083957870098,2
533,18,-12.970439799156463,-48.317613962950084,2
533,19,-14.463454262591341,-27.72184146036202,2
534,0,-420.2059027661152,-21.965005785853684,0
534,1,-429.08955194788115,4.253151301508854,0
534,2,-407.61481889987243,-6.763338628227048,0
534,3,-412.5655205303275,14.948483582825292,0
534,4,-421.9018456801382,-11.260377635728345,0
534,5,-415.60765417935585,-1.08317185908692,0
534,6,-428.5547121164988,-5.3434543521668445,0
534,7,-419.4476718197419,-24.435872588401025,0
534,8,410.88449989196164,11.267829082028681,1
534,9,395.63195313194166,24.49075257444074,1
534,10,404.3006159429746,-7.870167753928988,1
534,11,404.38692241273867,15.434588246963548,1
534,12,407.7176230472517,5.976451360465727,1
534,13,460.2813878529335,5.968325323177729,1
534,14,-13.206506575986703,-15.10995469236388,2
534,15,-0.7396529581678719,-2.5883154577942844,2
534,16,12.489417697138556,-10.760667796736458,2
534,17,-3.828898836398993,-27.80758470290832,2
534,18,-12.823783989492416,-48.66385571820984,2
534,19,-14.323801803870362,-27.536764645939847,2
535,0,-419.7743087576791,-21.650209414635242,0
535,1,-431.00412110703536,5.09648684867499,0
535,2,-408.0370271212123,-6.133068570532809,0
535,3,-410.9299583878039,15.2616949781868,0
535,4,-424.179221800385,-10.491766302683043,0
535,5,-416.42945273755396,-0.49910962607455134,0
535,6,-428.1280539292351,-6.143398069169237,0
535,7,-419.2836381500696,-24.572140783295595,0
535,8,412.2503705394399,11.795800169552148,1
535,9,395.2386031822996,25.309691652672615,1
535,10,404.7422931313688,-6.590343227430547,1
535,11,406.20449050974463,15.573643155109375,1
535,12,409.71892169578047,5.137455184613579,1
535,13,461.00221847950104,6.724421599174793,1
535,14,-12.54418029382616,-13.01214147109849,2
535,15,0.3693672928157037,-1.345869772510274,2
535,16,13.34753966976454,-10.230558987696835,2
535,17,-3.884345801332281,-27.106612230033292,2
535,18,-13.951952467894083,-47.82053660616784,2
535,19,-13.815964180364272,-27.78305173777036,2
536,0,-419.21925217440855,-21.751671213646283,0
536,1,-431.1168295466141,5.574218885315986,0
536,2,-408.8631978653525,-6.199257088762762,0
536,3,-411.9765200162161,15.824540073433777,0
536,4,-425.2256407199487,-9.16032028194529,0
536,5,-416.5143368831811,-0.130056601346482,0
536,6,-428.59303118556954,-6.320555014690169,0
536,7,-420.2968656656608,-24.268632091981143,0
536,8,411.4621688077193,12.44201267897588,1
536,9,395.1637239798682,25.856578473681655,1
536,10,405.0270431270935,-5.909013443807575,1
536,11,407.39457783531395,15.904788061163979,1
536,12,409.76088109168023,3.5345475198287035,1
536,13,461.02184735587764,5.851155671984821,1
536,14,-12.135232401927707,-12.293400698044973,2
536,15,1.8487457992732224,-0.7800070147180663,2
536,16,13.217924633446584,-10.716700407673036,2
536,17,-3.43752654778983,-26.64203351138883,2
536,18,-15.015577710139505,-47.84676430401069,2
536,19,-12.734815138819506,-27.483883960344183,2
537,0,-418.11051074201134,-22.920490985549648,0
537,1,-431.57560213009333,5.5640369464585975,0
537,2,-409.1120839840552,-6.725904015859823,0
537,3,-412.29592089135963,16.229966223090933,0
537,4,-425.67968703982666,-9.216168799991316,0
537,5,-416.84959566472946,0.4946972924411537,0
537,6,-429.62040138792645,-5.789520532721166,0
537,7,-419.5377890596514,-25.390275238143726,0
537,8,410.89694859148955,12.44769365173158,1
537,9,396.39831019443847,25.482849446352684,1
537,10,405.07590895685894,-6.781633591487344,1
537,11,407.78388057020794,15.162284817222236,1
537,12,411.623105046835,4.671153897804284,1
537,13,461.50435289179654,6.0549406245152895,1
537,14,-13.38990016156604,-13.255652071157467,2
537,15,1.8067420669692555,-0.9036521428073528,2
537,16,13.707154191401138,-10.063388354997981,2
537,17,-3.942144128595606,-26.532000108035255,2
537,18,-14.092252385693975,-47.36568805395232,2
537,19,-13.576479099236494,-26.15482841483422,2
538,0,-418.59062285492234,-22.705126447386714,0
538,1,-432.0394603925695,4.921275087680313,0
538,2,-411.2093691028345,-6.465397316049649,0
538,3,-414.5655020563448,15.873334841102501,0
538,4,-428.1260470942387,-8.106008099550285,0
538,5,-418.39474797561127,0.036629428334819414,0
538,6,-430.44491849511616,-5.772371875800919,0
538,7,-420.412673815146,-23.70128538642631,0
538,8,410.8967379227071,13.016326458044924,1
538,9,396.9042904660284,24.766566333724306,1
538,10,405.86500376691225,-7.5528603608446305,1
538,11,408.21778871793805,15.917555548688048,1
538,12,412.85312623581206,4.042576027561625,1
538,13,462.1370626149455,6.667182134448379,1
538,14,-13.709730336086906,-12.060733001250838,2
538,15,1.383486866424414,0.2788892479132695,2
538,16,13.431022833412714,-12.1484743140387,2
538,17,-4.9443711737262115,-25.34208454845367,2
538,18,-15.332339447435318,-46.720300998863394,2
538,19,-13.6635446415763,-24.718819082325098,2
539,0,-418.01206406139227,-22.55155129775369,0
539,1,-432.7199008107313,5.082631683173042,0
539,2,-412.58514262352986,-6.08425369417103,0
539,3,-415.84350888181376,15.998785298057236,0
539,4,-428.3040784307593,-8.470287199627627,0
539,5,-419.72384547087887,0.4896288718758284,0
539,6,-431.96904473736544,-6.60660644126507,0
539,7,-422.2307562296412,-23.784162160044197,0
539,8,412.2089069390091,13.10662892515625,1
539,9,397.51541046341765,22.87220694385924,1
539,10,406.2029495422857,-7.549746956445848,1
539,11,409.96437523384407,14.1028755898447,1
539,12,414.93525783044873,4.222419548717798,1
539,13,462.5539422389197,6.0284022319370845,1
539,14,-11.568455793211537,-10.992900522430045,2
539,15,1.331806308766308,-0.380690345380279,2
539,16,13.534775466882586,-10.960310897354011,2
539,17,-4.7898864202781315,-25.756232488213477,2
539,18,-16.037286830812068,-47.94197579281443,2
539,19,-13.578632181936237,-23.641750591651867,2
540,0,-418.8544928234222,-22.228972554149063,0
540,1,-433.2262698494344,4.982269684299746,0
540,2,-413.2815318526226,-4.048072414072338,0
540,3,-415.11538476967445,14.602780213447607,0
540,4,-429.82305488380524,-8.26559968339056,0
540,5,-420.7450447176491,-0.017115582349560232,0
540,6,-433.84582154708,-6.520658051534211,0
540,7,-422.6840553334644,-23.693585214117462,0
540,8,412.3436212111665,14.575540398616296,1
540,9,398.20231141804874,23.723045271571067,1
540,10,408.7838605395768,-7.782090692076843,1
540,11,410.2210336190353,14.005148177095199,1
540,12,415.9254960329669,4.264837285354808,1
540,13,462.95666934485786,5.242805955283145,1
540,14,-12.810167015261388,-10.715555104142698,2
540,15,1.8203340930317948,0.4255290052057732,2
540,16,14.133168948048716,-11.61567205757011,2
540,17,-4.8783936369063925,-27.56375995047184,2
540,18,-15.31260094799925,-47.21135125258043,2
540,19,-13.413690369287819,-22.734116622877316,2
541,0,-420.86308157905654,-22.811856227074855,0
541,1,-433.18804579224803,4.575393152704769,0
541,2,-412.5229720477844,-4.053184560052514,0
541,3,-415.2514494277578,16.20963885494649,0
541,4,-430.7251127784286,-8.559685786645833,0
541,5,-421.41633015983524,-0.21660463141089434,0
541,6,-435.25217360233256,-6.135046586588228,0
541,7,-423.66356608735396,-23.81921104448808,0
541,8,413.7888129010016,14.715198810148571,1
541,9,399.84346741705184,23.305964551179343,1
541,10,409.1723898859949,-7.505627933621331,1
541,11,410.99089608955,14.373752215881897,1
541,12,416.30502282083893,4.498947839577378,1
541,13,463.71123183930587,4.7060220800356145,1
541,14,-12.168033891879507,-10.587931442242045,2
541,15,0.6933600467376342,0.56364429023447,2
541,16,15.177302409736132,-11.762347555095593,2
541,17,-4.5210047072313975,-27.782917803529823,2
541,18,-15.2712931611459,-49.058918738667494,2
541,19,-13.495020414616718,-23.115363216468143,2
542,0,-422.0240787834187,-22.020336401956342,0
542,1,-434.3873503662486,3.821419943244563,0
542,2,-412.17626633167566,-3.68816700118404,0
542,3,-415.1027150412912,17.17756576676783,0
542,4,-430.79514360447166,-9.38608725242973,0
542,5,-420.59813558908365,1.0812857840123835,0
542,6,-434.67525620898357,-6.345536095845423,0
542,7,-426.16601846157704,-23.451515273246095,0
542,8,415.00187011820526,14.865800256374115,1
542,9,401.34529629139945,23.41821731255648,1
542,10,408.2746535455759,-6.835536333650085,1
542,11,412.2467283974109,15.611827962946828,1
542,12,416.76163551578406,4.709034660181396,1
542,13,464.1282269946427,3.8579177362372477,1
542,14,-11.860207533418922,-9.694289475270164,2
542,15,-0.26261524125480484,0.7276758961092766,2
542,16,15.278997849392177,-13.647674502397956,2
542,17,-5.081273452023268,-27.583593658566024,2
542,18,-15.148548737117414,-48.81468517408994,2
542,19,-13.417803640835253,-23.026909361982675,2
543,0,-423.057555721415,-22.040145525317456,0
543,1,-435.0445743590732,3.879658752132074,0
543,2,-413.2888844373849,-4.221673192065351,0
543,3,-416.8169175548982,16.669083070913146,0
543,4,-431.192001286503,-9.17593380292703,0
543,5,-421.408754467977,-0.35622268080200836,0
543,6,-434.45475431463694,-4.41432701186018,0
543,7,-426.58531591963055,-22.990182517338734,0
543,8,415.43655309811646,15.088761228584744,1
543,9,403.0167926266437,23.36900696617132,1
543,10,407.86478770113763,-5.9838083769148165,1
543,11,414.03839113251223,14.565595280020089,1
543,12,416.37570358921926,4.358994653142787,1
543,13,464.14884976196487,3.2909925331078944,1
543,14,-10.549035584921999,-10.305062235959344,2
543,15,-0.2846127252673691,1.5489256878071878,2
543,16,14.387322140005505,-13.227399187974585,2
543,17,-5.245388206234215,-27.20019938870063,2
543,18,-15.537453190462353,-49.50238570760263,2
543,19,-12.48556814014973,-23.191836125188768,2
544,0,-425.0455456579929,-22.251789225146503,0
544,1,-436.19398087242325,4.352440234321219,0
544,2,-414.3356932984827,-3.9993846445741053,0
544,3,-416.8244993972481,16.755762064927058,0
544,4,-431.7088715615595,-9.601435599504335,0
544,5,-422.30716355942366,-0.6284626573645371,0
544,6,-435.66339062696613,-4.477284516312477,0
544,7,-426.61340853572074,-23.90470492496758,0
544,8,416.50582900022476,15.101216456038431,1
544,9,404.1127014116273,23.45651634738726,1
544,10,408.7607663774916,-4.768978653720826,1
544,11,415.94823294642737,15.72787663828299,1
544,12,415.806902469873,4.29194582663393,1
544,13,464.59166212222596,3.946680755795153,1
544,14,-10.467310638078684,-10.64208840101512,2
544,15,-2.079164393999006,1.7055855344119777,2
544,16,12.97829432213809,-12.623847076117718,2
544,17,-5.727371860423822,-27.443700757932785,2
544,18,-16.283034906364087,-49.481744124724294,2
544,19,-11.818950352620721,-23.913598424075328,2
545,0,-425.1001647069218,-22.46662476280873,0
545,1,-436.9892435060565,4.365898296305819,0
545,2,-416.0472117308645,-4.378768082401119,0
545,3,-416.6771885569391,17.505222432931472,0
545,4,-432.27392992136396,-9.326513615327094,0
545,5,-422.2000453740486,-0.34608024147212657,0
545,6,-435.9019647139812,-3.698912995100831,0
545,7,-427.6138965276428,-24.280813055776882,0
545,8,416.9362674997677,14.713415694267109,1
545,9,404.6717167164393,23.549892439891376,1
545,10,409.3406153083911,-5.902271484111081,1
545,11,417.0175653602816,16.01888128599958,1
545,12,416.03890858121184,2.262642734965441,1
545,13,466.81530085423935,4.384755869480117,1
545,14,-10.764381106797261,-9.575023250639472,2
545,15,-1.326379671952198,2.178810910550308,2
545,16,11.681730068455794,-11.759194915065594,2
545,17,-4.593147981542932,-28.945451957527133,2
545,18,-15.358762848494147,-50.391620598908666,2
545,19,-12.449474945447985,-24.446578612599712,2
546,0,-425.2210704034908,-20.984853876633913,0
546,1,-438.32518763074853,3.710739550304269,0
546,2,-415.29293104090164,-4.711870976408677,0
546,3,-417.925018472253,18.875938881581398,0
546,4,-433.31497716145583,-10.006745756104655,0
546,5,-422.3556900745204,0.8137277022035138,0
546,6,-437.3046254402768,-4.328363538352255,0
546,7,-429.74415107641903,-23.28771725827383,0
546,8,417.92471308877305,14.44271090749806,1
546,9,406.94186424700285,23.113751353281003,1
546,10,409.832993589135,-6.035175623805535,1
546,11,417.35408846180025,17.593567061967406,1
546,12,417.49357970010874,1.5174289258120206,1
546,13,465.88579809727185,3.827928004873923,1
546,14,-11.038516865167633,-9.036174819386673,2
546,15,-1.2688393691045916,3.2965162220435924,2
546,16,12.473725340649022,-12.172190530304125,2
546,17,-5.512320164195102,-29.543451404501788,2
546,18,-14.905102985497658,-49.42101932516358,2
546,19,-12.749208311803036,-24.681732291088437,2
547,0,-426.1372334087143,-20.997750431687813,0
547,1,-440.4265015574962,4.463533085187232,0
547,2,-416.2088096388965,-5.232871351699445,0
547,3,-417.9081631003333,19.18152165268249,0
547,4,-433.07448304400845,-10.55152857894019,0
547,5,-423.88488048541467,0.38910497923811527,0
547,6,-438.27688175664946,-3.2039809498088903,0
547,7,-430.95148762184243,-23.80354484663433,0
547,8,419.42947887570676,14.180224053407317,1
547,9,408.1775755587256,22.895595457161647,1
547,10,409.6076216594829,-5.10393483105923,1
547,11,416.8945210404314,16.730262215862297,1
547,12,417.1973062585139,1.3631114166854563,1
547,13,465.1225840877324,3.5156090267894236,1
547,14,-10.88070791072466,-8.895636174941634,2
547,15,0.14828226580943404,3.5747471290934323,2
547,16,12.024828268501949,-11.990081764694752,2
547,17,-6.53531124211171,-29.351247840584985,2
547,18,-13.34159098848756,-48.60963321742803,2
547,19,-12.455986738949967,-23.88163607822278,2
548,0,-426.82817853914173,-21.440445788951443,0
548,1,-440.4436987750421,4.2575739092501355,0
548,2,-416.12574325824335,-5.770886838632238,0
548,3,-418.3218901334732,18.65424012681374,0
548,4,-434.069869204413,-11.075512921446029,0
548,5,-424.5541398052021,0.4586078217746227,0
548,6,-440.0997376189309,-3.2708666930318313,0
548,7,-431.8321774452399,-24.186424545723124,0
548,8,419.83527551663207,15.81767705724474,1
548,9,409.2126903450191,22.42417473339611,1
548,10,409.207832635915,-5.205342727219947,1
548,11,416.81346279266916,15.481338744635854,1
548,12,416.8253556799706,2.4565965500700866,1
548,13,465.30815367488225,5.704404305915087,1
548,14,-10.88946453941834,-9.481689361708561,2
548,15,0.013344383037725144,3.233947313585509,2
548,16,12.287447575371925,-11.672632726221437,2
548,17,-7.675879459341489,-30.183770895136206,2
548,18,-12.955868485329125,-49.66874886769284,2
548,19,-12.912155229444842,-25.357320791451677,2
549,0,-428.1915846034045,-21.858864936845603,0
549,1,-441.69444866692135,4.609316545372579,0
549,2,-415.89523525261757,-6.006389786061503,0
549,3,-418.82207276297993,18.782044838915713,0
549,4,-435.7620913093579,-12.077393266529677,0
549,5,-423.4537510025005,-0.21927713050857017,0
549,6,-439.094647176289,-3.4315867986288495,0
549,7,-433.901609407787,-25.243215479752337,0
549,8,421.8123365244714,15.961964124793138,1
549,9,409.65868136969334,21.714169023279627,1
549,10,409.9214172437094,-5.169344020151733,1
549,11,417.10081500741444,14.476301040742616,1
549,12,416.9544701887909,2.529496064949726,1
549,13,465.2311190474555,5.8875004545740754,1
549,14,-10.71026146706242,-9.193913109483576,2
549,15,-1.0233994244599143,2.860200376706776,2
549,16,11.824718974266924,-11.669436642385168,2
549,17,-8.734870923720411,-31.02578736048251,2
549,18,-12.718698320847633,-48.258422050834014,2
549,19,-13.816476090405157,-24.936481284166216,2
550,0,-429.1734442005099,-22.72774020189547,0
550,1,-442.29227542898883,4.337990666738922,0
550,2,-417.47198442172083,-6.269590585042377,0
550,3,-420.7781111820118,17.880974678203003,0
550,4,-437.52026446004,-12.191656842933147,0
550,5,-425.7661728676746,-0.7683384295598836,0
550,6,-439.58201094661257,-2.7215063398782364,0
550,7,-434.72224963322026,-24.76646759310216,0
550,8,423.1578780248815,15.29262439271411,1
550,9,409.69262666169266,21.697237289987562,1
550,10,411.9844923080594,-5.851680831412516,1
550,11,417.78557577719835,13.456606285129999,1
550,12,417.3441861986408,4.312953273120655,1
550,13,467.18037452198894,5.528025673106013,1
550,14,-9.60658987224726,-11.190286410036583,2
550,15,-1.9204700995056303,2.85266060080878,2
550,16,12.98776414655854,-12.686250968993246,2
550,17,-9.182563212695607,-30.43325262122273,2
550,18,-12.755752119574435,-48.56338171415992,2
550,19,-12.489766945782119,-25.529266615821186,2
551,0,-430.95045715604766,-24.21183345847115,0
551,1,-443.69986885499003,4.071275407537219,0
551,2,-416.69694169426356,-7.7225645530945215,0
551,3,-421.9898972116381,17.416629513922942,0
551,4,-438.9327447450461,-10.797971780445845,0
551,5,-427.56915724700747,0.0239055106276983,0
551,6,-440.3822003787859,-1.9295185312919,0
551,7,-436.07108343357436,-25.541863996223018,0
551,8,423.0544415708882,14.784310030341487,1
551,9,409.5025162803944,22.720945343097103,1
551,10,412.1989429510072,-5.274928688224478,1
551,11,419.26522741833213,13.994273614986067,1
551,12,418.91019088029094,4.386999622561341,1
551,13,468.48856109403965,6.55388445564895,1
551,14,-10.291953584907764,-10.814058691338246,2
551,15,-2.419879427456807,2.7585971662347304,2
551,16,14.239242868321982,-12.372315205695076,2
551,17,-9.166555536762159,-29.81409832894493,2
551,18,-14.067074136955432,-49.47110475851634,2
551,19,-11.856950321966682,-25.270186051865714,2
552,0,-432.3095287743283,-22.062473617170863,0
552,1,-445.06116270860326,5.229858472537723,0
552,2,-416.767228732981,-7.380153319034819,0
552,3,-423.08175834097267,17.190402498935505,0
552,4,-440.9141867291466,-11.6324949490046,0
552,5,-429.75565374159487,-0.3419857197224312,0
552,6,-442.20967847868536,-1.3812758798251776,0
552,7,-438.68898553806093,-25.946087996537003,0
552,8,424.3101773211917,15.129264904187577,1
552,9,409.5222371241299,21.88027876916875,1
552,10,412.37850696217157,-4.191353756240343,1
552,11,420.41307183022957,13.52321687857204,1
552,12,420.26092517152154,3.5872497469903704,1
552,13,469.70681905655323,6.00832494953125,1
552,14,-9.776101435440728,-11.073510350046423,2
552,15,-2.2633958389884534,1.734411397539553,2
552,16,15.02404937311853,-11.772403933942911,2
552,17,-10.202922130268668,-30.629141729907413,2
552,18,-14.3528571805205,-48.56826703643629,2
552,19,-11.198661230702433,-25.748911301772594,2
553,0,-433.5686455075263,-22.02589021036672,0
553,1,-445.6027176400765,4.194037712150102,0
553,2,-419.314990065367,-6.225219432640941,0
553,3,-423.9266814764727,18.392737310005277,0
553,4,-441.2017130373232,-12.971462235800159,0
553,5,-430.58800431252587,-1.2711006143834793,0
553,6,-443.8133734474906,-1.356749063952939,0
553,7,-440.0554122981401,-26.06497549027495,0
553,8,424.65688894805515,14.005854547526534,1
553,9,409.9701684049148,21.339499124390205,1
553,10,413.94029544064836,-4.773553988795736,1
553,11,421.1381808215312,13.618485951967239,1
553,12,421.7808447545152,3.8330379285035017,1
553,13,470.5639113727742,6.372314690363484,1
553,14,-10.481741571827119,-11.110880872814416,2
553,15,-2.4291587205147547,1.5706901048716577,2
553,16,15.378099548246777,-11.957432077670212,2
553,17,-11.006952922401402,-30.29186109933313,2
553,18,-14.632957223811111,-48.5273560290625,2
553,19,-9.592992990492977,-26.40987863143532,2
554,0,-434.5135424450763,-21.575388787063552,0
554,1,-445.76329176978993,3.316187694616928,0
554,2,-419.2964994393566,-5.592537310328222,0
554,3,-425.48939207627836,17.61510059325572,0
554,4,-442.3033984905171,-12.480377074504593,0
554,5,-431.7520077485354,-0.3017779494852951,0
554,6,-444.28995715878153,-0.8863541090402408,0
554,7,-441.06859009687713,-26.49450020270289,0
554,8,425.0673557300742,13.297562363739196,1
554,9,410.326476670056,21.294378042103194,1
554,10,413.89855903228823,-4.514606159464817,1
554,11,422.5503811648637,13.055247822005539,1
554,12,422.26143890543983,4.800589711957727,1
554,13,472.04456543601725,7.310158790369739,1
554,14,-10.468194197354439,-11.432982267891097,2
554,15,-2.107295118773595,2.0033567342299277,2
554,16,17.302325066665603,-12.014617780091244,2
554,17,-11.749363408290536,-30.899709351657574,2
554,18,-15.899754253893743,-49.03567901366987,2
554,19,-10.75445911224586,-27.833588536122168,2
555,0,-435.7569951196926,-21.835162980268798,0
555,1,-447.59695553221775,3.5322441736879564,0
555,2,-419.7784438981501,-5.520896124192509,0
555,3,-427.79047555978224,17.56131466058437,0
555,4,-443.48515884778806,-13.45952319110072,0
555,5,-432.80114395364035,-0.11957045735140792,0
555,6,-444.08452388347763,-0.9946447682888323,0
555,7,-441.56004562131625,-26.126064763202535,0
555,8,426.82142730835676,13.237805426776799,1
555,9,409.69098039868265,19.435137313935748,1
555,10,414.68414622738266,-4.8197898113865945,1
555,11,422.36377238527473,12.98659630097459,1
555,12,422.76029599043176,5.003796400440524,1
555,13,472.20242886109963,6.451087326824546,1
555,14,-9.470715393339137,-11.87989485778895,2
555,15,-2.6268727451394946,1.7457771178002224,2
555,16,16.1986266939548,-11.56059838651071,2
555,17,-12.392891588117326,-32.040443445615686,2
555,18,-16.387074318933774,-49.64676008894283,2
555,19,-10.700824381916492,-27.357488668479025,2
556,0,-436.887216417095,-21.7443406878116,0
556,1,-448.77034353707415,3.557682502858318,0
556,2,-418.85736515522024,-6.339772371220915,0
556,3,-426.6382293882137,18.09838917363398,0
556,4,-445.7254619107652,-14.610818541332248,0
556,5,-432.61479170909865,-1.0912632394122515,0
556,6,-446.1016082857596,-1.4978228523019532,0
556,7,-442.77506969086033,-26.215665484201427,0
556,8,427.50205877058227,13.536804744268181,1
556,9,410.68910493900626,19.457718805721647,1
556,10,415.3209453663616,-5.726162035912132,1
556,11,422.760267857152,13.23064921314188,1
556,12,424.4518247782717,5.925325576279556,1
556,13,473.9017601215721,6.946638550806829,1
556,14,-9.257448411957762,-13.000955066027325,2
556,15,-2.442967043099738,1.7579228125116344,2
556,16,18.029008793250938,-10.119978669840679,2
556,17,-13.544140034759163,-31.099650182403312,2
556,18,-14.640645573476123,-49.21077691769973,2
556,19,-10.327215928273203,-27.82180034252177,2
557,0,-438.1733079162392,-21.603004328973697,0
557,1,-449.2278819522319,4.514309845799777,0
557,2,-419.18566810811456,-6.944765362160569,0
557,3,-427.2936121033186,18.859279154361957,0
557,4,-446.4291159212376,-14.801017064554323,0
557,5,-433.94823733552386,-0.5140056084891064,0
557,6,-446.9612170030476,-1.731804499129298,0
557,7,-444.0600673152058,-25.89403546667138,0
557,8,427.8143829495738,14.982170373785737,1
557,9,410.93908225596607,19.27256656449003,1
557,10,416.331823248529,-7.0912407189799715,1
557,11,424.29293020618195,13.41197847005686,1
557,12,423.3681434314537,6.298185047349726,1
557,13,474.75357960745015,7.703296593990833,1
557,14,-9.950428806314335,-12.38730913672768,2
557,15,-3.5914953675708547,-0.39925880510227674,2
557,16,19.821255579054025,-11.064786494449363,2
557,17,-14.51155572705477,-30.848857317407205,2
557,18,-14.265272290752872,-49.05725552510055,2
557,19,-10.196013783048135,-27.917176356901496,2
558,0,-438.873394912391,-20.420357129736004,0
558,1,-450.15555984481597,4.898878407857858,0
558,2,-421.0017000691958,-8.108345435693485,0
558,3,-426.9510497978807,19.180297940672535,0
558,4,-445.4475533263977,-13.680340389272095,0
558,5,-434.4979493380677,0.02826270992670732,0
558,6,-446.813957292477,-1.4790877137867233,0
558,7,-444.78244263375217,-24.901860369533182,0
558,8,429.81675150205274,15.706155473676548,1
558,9,409.8414960878978,18.517249678009392,1
558,10,417.9602530833386,-6.392349181046736,1
558,11,425.87429155640615,11.69833366641208,1
558,12,422.61534703945597,6.655751892228974,1
558,13,476.0362331596968,7.070685174789778,1
558,14,-10.031266383058602,-13.149087045123771,2
558,15,-3.8659136327141668,-0.013640494893716326,2
558,16,20.396258334437853,-11.10919507128369,2
558,17,-16.016291269579234,-31.95610887730113,2
558,18,-14.209041275592453,-48.649803726057065,2
558,19,-11.232882749228233,-26.90131616221278,2
559,0,-441.0947403523283,-20.016700037642376,0
559,1,-450.74759565475756,4.953953287154895,0
559,2,-422.0114903997814,-7.216940200045002,0
559,3,-427.4587275800042,21.021583732886583,0
559,4,-447.4550640830585,-14.014817514029398,0
559,5,-435.4220707373179,-0.2845450699031643,0
559,6,-447.1377125438513,-1.6803916344500718,0
559,7,-444.9288511333389,-24.589463238660773,0
559,8,429.6090367860589,16.799466937046027,1
559,9,410.7174244003812,18.596186469288416,1
559,10,419.5935310624322,-6.024740581516585,1
559,11,426.3092746844116,11.700994136473343,1
559,12,421.6144992202748,6.678214104814438,1
559,13,475.6336874131203,5.6377377446849035,1
559,14,-10.210174071074366,-12.82946818775951,2
559,15,-2.725015178135073,0.49382127949946797,2
559,16,21.367583200798666,-12.104191959082854,2
559,17,-16.62502866547161,-30.845977366603236,2
559,18,-15.04236722763034,-48.5265124917756,2
559,19,-11.252993678064787,-26.995663016802506,2
560,0,-441.29084029947916,-19.856060150622298,0
560,1,-450.412819429604,5.064189398267994,0
560,2,-423.3366138956616,-8.830943683249844,0
560,3,-428.6918271794241,20.217223298700045,0
560,4,-448.73232125769204,-13.338381878159181,0
560,5,-436.56898003368684,-0.07064922622954134,0
560,6,-447.34240151027035,-1.7612293491966455,0
560,7,-444.6548775332054,-23.42708768209767,0
560,8,430.7779294028581,18.336959202549668,1
560,9,411.77564718071307,19.312640655436308,1
560,10,420.395744846093,-5.5546058055553305,1
560,11,425.88623140245295,10.697259870185242,1
560,12,422.7669616462145,5.919191159162929,1
560,13,475.9381057424489,5.534203590008426,1
560,14,-8.604904071089182,-11.948835959452971,2
560,15,-3.0665798595544986,0.7425173619198122,2
560,16,20.380284267357055,-12.781538633441029,2
560,17,-17.759735069226302,-30.13639189117102,2
560,18,-15.013192093636736,-48.89414351796428,2
560,19,-9.316746927496736,-26.96896751543595,2
561,0,-441.9399797653923,-19.0263068894766,0
561,1,-450.6498257486435,6.038207885966742,0
561,2,-423.32821740791456,-9.248416285850759,0
561,3,-429.5011975144957,20.768797745883763,0
561,4,-449.0845537740635,-13.162890962472648,0
561,5,-436.76365968712753,-0.367902887292621,0
561,6,-446.67825688223536,0.053382865110969124,0
561,7,-445.8779766923642,-23.166333489100346,0
561,8,431.67709244221345,20.28254576952178,1
561,9,411.3172632827803,20.242418040684655,1
561,10,420.2908740288278,-6.247108951432951,1
561,11,427.6780830522585,10.072746835528072,1
561,12,423.86765090882614,5.012676732085393,1
561,13,476.1587070943537,4.885476611627598,1
561,14,-8.413980755698114,-10.848650364450787,2
561,15,-3.763837813005711,1.048541562588122,2
561,16,20.6730441801822,-12.753760341893663,2
561,17,-17.343798659054094,-30.177204807648415,2
561,18,-15.320361860081563,-49.44043971062137,2
561,19,-8.703022610249128,-26.896700991195917,2
562,0,-441.2638263298213,-19.530699776796737,0
562,1,-452.0434317557455,5.981321233931576,0
562,2,-422.83851229094154,-9.193793601379378,0
562,3,-430.2550092768092,21.281787060402756,0
562,4,-449.78348398768287,-14.421524577400838,0
562,5,-437.8337373495498,-0.12325149470540439,0
562,6,-446.87644569800324,0.1711450177896055,0
562,7,-446.4055683742582,-20.16075397365004,0
562,8,434.68277091040665,20.07749694171472,1
562,9,412.1166032317812,20.015139835766053,1
562,10,420.8241121985258,-5.958546511341059,1
562,11,428.19551598369856,9.346638982357222,1
562,12,424.41339989714345,4.0914926270920065,1
562,13,476.60137064356945,4.9141825258915075,1
562,14,-9.517001553487852,-11.324570004890449,2
562,15,-3.0804003269670996,1.3853692379218598,2
562,16,20.80365013313606,-12.667721949124841,2
562,17,-18.397439555256963,-28.581664017038644,2
562,18,-15.548776039065082,-50.47269654220127,2
562,19,-7.356190914059147,-26.487260197507442,2
563,0,-442.10253149363655,-20.543619000091482,0
563,1,-452.3195337657883,6.434146946491928,0
563,2,-423.6973115432506,-8.655770127366063,0
563,3,-430.659664102472,22.359294058344936,0
563,4,-451.77075570421084,-14.7074396754371,0
563,5,-439.38126416240897,0.18492814052365872,0
563,6,-447.49566554659043,0.27253646514286345,0
563,7,-446.6126291294134,-19.813332530318522,0
563,8,435.68874116663216,19.90038403509047,1
563,9,412.8463129891043,19.67530389544799,1
563,10,421.2448377830541,-5.829167189770036,1
563,11,428.61072527182597,10.014506563973603,1
563,12,427.1196899158316,3.893069997156507,1
563,13,477.4910633274696,5.368866842503989,1
563,14,-9.770339691102398,-12.932733433520234,2
563,15,-3.417192447157551,1.2084390192526626,2
563,16,19.496680199711264,-12.878178423289683,2
563,17,-18.052415913084705,-29.499777126026615,2
563,18,-15.123498510529028,-49.94457907043102,2
563,19,-8.845121275448289,-26.630496928689563,2
564,0,-443.97867480590867,-20.32622682074003,0
564,1,-453.11476820265796,6.948459003371971,0
564,2,-425.398097606081,-9.71962740898009,0
564,3,-431.81696367265926,21.820680386073555,0
564,4,-453.9597327890484,-14.128439990108971,0
564,5,-440.3588184407972,0.676313971336261,0
564,6,-447.31645834309796,1.149180340437016,0
564,7,-447.3144471093317,-20.18290131321744,0
564,8,436.369329884312,20.52796439847922,1
564,9,413.95342022609617,18.074502881465634,1
564,10,421.98399265376986,-6.783069119043337,1
564,11,428.9280251875201,10.148749621326745,1
564,12,428.08736566054756,3.075007219997352,1
564,13,478.5109326036689,5.496914501781977,1
564,14,-9.175695203682478,-11.073643858415894,2
564,15,-2.6499685024248896,0.5436327646835754,2
564,16,19.65698993407196,-12.668539000718072,2
564,17,-17.114701060474584,-30.567466084424584,2
564,18,-15.019368685772658,-50.230802003475425,2
564,19,-10.14595656912007,-25.131862174480023,2
565,0,-445.11105154420426,-20.498366768848264,0
565,1,-454.09951300861655,6.117513155051552,0
565,2,-425.548822894608,-9.44912614774616,0
565,3,-432.0341614157924,22.233451092664648,0
565,4,-454.0903997925149,-15.367926743462299,0
565,5,-441.5083355159504,1.9360419175960142,0
565,6,-449.509474028041,2.031183220454882,0
565,7,-446.68949534493566,-21.0905590432737,0
565,8,437.08905482693916,20.70723505826355,1
565,9,414.8643922663165,16.836127497856072,1
565,10,423.82268412420683,-6.281085635787813,1
565,11,431.13950284853667,10.3893256176342,1
565,12,428.44386830701217,2.7905282892192855,1
565,13,478.93218221892266,5.94981271808791,1
565,14,-8.476517194827018,-12.23987526128204,2
565,15,-1.3040431207191152,-0.09265558520068573,2
565,16,19.768221450061453,-12.991925894721708,2
565,17,-17.59658882453623,-30.308973946410752,2
565,18,-16.311383583017104,-49.740211655405574,2
565,19,-10.416239382012941,-24.09626818133696,2
566,0,-446.6498566446404,-20.49075296813531,0
566,1,-455.3592097559654,6.572455662659702,0
566,2,-425.6062400225397,-10.915628203182948,0
566,3,-433.5667006547353,21.929989444114785,0
566,4,-454.25687060348804,-16.60038138581486,0
566,5,-441.68232771043915,1.5856505205417724,0
566,6,-450.55232780703017,2.2340802410410903,0
566,7,-447.54351143572626,-20.079889209149876,0
566,8,437.75430583674284,20.87807555669471,1
566,9,416.0437144268389,15.900028059561302,1
566,10,423.11322164165824,-4.71040566697266,1
566,11,431.06129747886575,9.769137905446843,1
566,12,429.0296868279012,3.410514337488185,1
566,13,479.5682366770058,5.624719482460827,1
566,14,-8.450915429918437,-12.359111933977628,2
566,15,-1.900122982023731,-0.2472553236514493,2
566,16,18.528600704763186,-13.45895021626371,2
566,17,-17.304739342804652,-29.35857520720902,2
566,18,-17.609506483274743,-50.083229252929286,2
566,19,-10.787030028681219,-22.776694996131525,2
567,0,-446.36466500594986,-21.74052626943368,0
567,1,-456.72024911513455,6.602597929504869,0
567,2,-427.4470482785989,-10.474644428911649,0
567,3,-432.9646969102969,21.542083070411984,0
567,4,-455.572616738264,-15.590518034071732,0
567,5,-441.42436097665563,0.5946839263806939,0
567,6,-450.74588633494074,2.0558580888090145,0
567,7,-448.8149072518946,-18.537627443273767,0
567,8,437.84290989080074,19.81929996632831,1
567,9,417.1506798569616,15.447514638939278,1
567,10,424.4934125526264,-6.32847152748655,1
567,11,432.34503611919814,9.788274191978589,1
567,12,430.6369028346447,3.0891316876608195,1
567,13,479.8164467985843,5.25557005257594,1
567,14,-7.700624008814342,-12.56067484232932,2
567,15,-1.7086649381338694,-1.0162399357669245,2
567,16,19.37626222593817,-14.48956513029247,2
567,17,-17.38226091034125,-29.997111512700585,2
567,18,-17.28333008370277,-49.56664506064469,2
567,19,-9.998546748461683,-23.177810835988364,2
568,0,-448.3982025407979,-21.34065258961555,0
568,1,-457.6281864966402,6.675259775812366,0
568,2,-428.5687489357191,-10.077009277598727,0
568,3,-433.4317770716805,21.153300971937668,0
568,4,-456.1344225256067,-15.933231076465878,0
568,5,-441.1819023401465,-0.11497662786919882,0
568,6,-454.469484382647,2.606974884595303,0
568,7,-450.00452583822,-18.378807561310133,0
568,8,439.0341450924904,18.301426607400106,1
568,9,417.76448802579586,15.017658330408363,1
568,10,423.5185320842233,-7.8527479644181994,1
568,11,434.16508524943293,9.499023842076328,1
568,12,430.5411656387832,4.415508960891365,1
568,13,481.35712776154975,4.857939238255709,1
568,14,-6.527293624825553,-14.148203550132123,2
568,15,-1.4994404646242185,-2.2091174304857484,2
568,16,19.190453313691073,-14.045946778199927,2
568,17,-17.99859010057408,-31.33775336286452,2
568,18,-17.731449035766502,-49.6243198070998,2
568,19,-10.203145320734592,-23.268024873691576,2
569,0,-446.8721153730856,-20.691777027405305,0
569,1,-459.8468954356727,7.150209401302096,0
569,2,-428.85459058835266,-10.368893754411655,0
569,3,-433.6160830623473,22.09828218401866,0
569,4,-457.0045000411532,-15.15704827603051,0
569,5,-443.1306448290625,0.37499160738110265,0
569,6,-456.2259276502584,3.121459273424068,0
569,7,-450.8540474596251,-18.6412479264903,0
569,8,440.15019026467746,19.070039344169597,1
569,9,418.183676403112,14.275845237366145,1
569,10,424.67976521488066,-7.9554244687433595,1
569,11,433.7046451239434,8.659301683306253,1
569,12,430.68503010191773,4.364314048161534,1
569,13,482.4373208935687,2.855247558707915,1
569,14,-5.767863971307974,-14.263623774803097,2
569,15,-1.3670484277132506,-3.3987191222258897,2
569,16,19.723528512169953,-13.648061942731164,2
569,17,-17.847214775719085,-31.79279982098792,2
569,18,-18.287003000519412,-49.06593244161768,2
569,19,-9.071458438855604,-22.945862986053033,2
570,0,-447.51354796483633,-19.57423762545431,0
570,1,-460.90018287842213,8.591533951028895,0
570,2,-429.7110947377578,-11.38347030113463,0
570,3,-434.2665586200251,21.730831529722327,0
570,4,-457.7651354470276,-15.36728442621307,0
570,5,-443.49052998262425,-0.17739316551830125,0
570,6,-457.22472289077393,3.3669179807524015,0
570,7,-453.0489850451093,-18.119475011959196,0
570,8,441.102357261807,18.527902988308785,1
570,9,418.0554460672516,13.81726211790152,1
570,10,425.6932155068466,-7.086138005953055,1
570,11,434.37834370820923,8.639520759555714,1
570,12,432.5460794284144,4.165689741824098,1
570,13,484.30440934587006,2.314203666961766,1
570,14,-6.381095497832278,-15.201292348140894,2
570,15,-0.8460158293213152,-4.564125765568183,2
570,16,21.34270758131229,-14.354704376594018,2
570,17,-18.34587241662224,-31.27279901239208,2
570,18,-16.947076587432647,-48.494751134185954,2
570,19,-9.131005872063579,-23.991427174402425,2
571,0,-446.45857707632115,-19.7811296376893,0
571,1,-462.2534849571604,10.691396769903925,0
571,2,-430.67218335702455,-10.472716405270374,0
571,3,-435.18379429296084,21.62353713722615,0
571,4,-459.76727111103946,-14.522251598567946,0
571,5,-445.16547564772605,-0.20183891662205772,0
571,6,-457.2480878052412,4.409079285845765,0
571,7,-454.1172908465593,-17.360924875334195,0
571,8,442.92600901285437,19.40908235336267,1
571,9,419.2541512455738,15.137904032392294,1
571,10,426.3515154563884,-6.283484559434319,1
571,11,436.2307934445682,8.849826305425266,1
571,12,433.152887674641,3.367179222128517,1
571,13,484.15516112780455,4.081663838029804,1
571,14,-5.389814070348665,-16.48284585173106,2
571,15,-1.968212117432453,-4.3827756610072655,2
571,16,22.080772390399048,-14.415705246817765,2
571,17,-17.95570776656072,-32.241279379212706,2
571,18,-16.919031497505745,-48.60109794430296,2
571,19,-9.735735801888886,-23.938716871011675,2
572,0,-447.43646752998995,-20.885140890769687,0
572,1,-463.1179613157922,11.511779027208787,0
572,2,-431.5069668615115,-9.627781942289113,0
572,3,-436.459781249208,20.896746599195488,0
572,4,-460.3773269550497,-14.67788612417234,0
572,5,-445.81729597711086,-0.5537140318196525,0
572,6,-460.27179094938384,2.8067148152387498,0
572,7,-455.90158863998533,-18.267162816084504,0
572,8,442.85359216739573,20.57585028026087,1
572,9,419.4068516298731,15.83634099874156,1
572,10,426.9990704185902,-5.673409323753474,1
572,11,437.0627161938986,8.52119571470887,1
572,12,434.1176653101581,3.828310220538084,1
572,13,484.7729007303951,3.5898864066966025,1
572,14,-5.46235328243448,-16.163093374680194,2
572,15,-2.5234657512561958,-3.703117759841294,2
572,16,21.78523482272686,-15.430601220960913,2
572,17,-17.892402095967736,-31.752592791264266,2
572,18,-16.917983357497942,-48.37702014643746,2
572,19,-9.45485037399411,-24.161691528908474,2
573,0,-449.4164035817821,-21.14970023260472,0
573,1,-464.54463496376474,11.289811525886734,0
573,2,-432.65292318733515,-10.40621237170275,0
573,3,-436.4852939981396,22.469383451324003,0
573,4,-460.67704237808334,-13.998812624658843,0
573,5,-446.937635852277,-0.9403509760430145,0
573,6,-460.8546273774061,1.840650535039092,0
573,7,-456.56102336755384,-18.931489327656863,0
573,8,444.1130991714426,21.527969829166334,1
573,9,420.117442349293,14.72971562001824,1
573,10,427.9798214467823,-5.643254536716077,1
573,11,437.0946460359766,9.668750945595022,1
573,12,435.13719470049494,3.528208244364373,1
573,13,485.20545035293264,3.44850928425411,1
573,14,-6.45194479061471,-16.537369215516932,2
573,15,-3.5337393961069665,-3.8257354842966436,2
573,16,22.10245686797506,-16.232144810602932,2
573,17,-17.90048713008549,-31.504784701106473,2
573,18,-15.604438245280063,-47.19112370067217,2
573,19,-8.642551498446643,-22.98318167281523,2
574,0,-451.3153635034861,-22.354331900693282,0
574,1,-465.0985940408565,11.500340742780832,0
574,2,-433.0942444099402,-9.283283432278722,0
574,3,-437.119808434619,22.1285510928019,0
574,4,-460.479327652041,-14.857614613201427,0
574,5,-447.68360679596594,-1.1348887610092369,0
574,6,-461.2935215101558,1.155319176748287,0
574,7,-457.29466611466074,-18.93220929774319,0
574,8,444.9907049559778,20.974730926400987,1
574,9,419.4055944993043,16.35884756848658,1
574,10,428.86806467328773,-5.4368502420776785,1
574,11,438.3692290657706,9.741960232903786,1
574,12,435.94608854253016,4.548855278788596,1
574,13,485.6297566239519,1.9109265554797958,1
574,14,-5.404211047846114,-16.381404671673053,2
574,15,-1.9815455328725646,-3.9435286796979505,2
574,16,23.376896038852376,-15.602918829367521,2
574,17,-16.955152368562572,-30.812946999864565,2
574,18,-15.4126216516477,-47.31410287068025,2
574,19,-7.754240204656137,-23.676613465024037,2
575,0,-453.0551646921432,-22.328184605463864,0
575,1,-466.20787677198115,10.640669105320557,0
575,2,-433.54871082236707,-8.516614676532647,0
575,3,-438.17542431545377,22.487563918051816,0
575,4,-461.7388623348138,-14.236932231925865,0
575,5,-448.4254122783119,-1.5341499034990362,0
575,6,-462.6825980343589,0.15421630314078238,0
575,7,-458.38784740375127,-18.96560925256741,0
575,8,446.59213855125853,21.266835577661194,1
575,9,419.5690034533172,16.99035157334382,1
575,10,429.14259113826915,-6.386432438961893,1
575,11,439.96187788754185,9.075660150622786,1
575,12,438.90894867029033,5.058399577873269,1
575,13,487.437203449684,1.5845054173086246,1
575,14,-6.1020899985187524,-16.639533037464304,2
575,15,-2.1394423249584578,-3.226447520443148,2
575,16,23.653490459596043,-16.934973641698658,2
575,17,-17.879158479471638,-30.223800453844998,2
575,18,-14.777967262662829,-48.19779608432281,2
575,19,-8.092005657229846,-23.93077194690034,2
576,0,-453.4271974297631,-21.40506355646976,0
576,1,-466.4051251685655,10.159922123132207,0
576,2,-434.42740802404785,-8.753056314957963,0
576,3,-439.39311041330376,21.55342207423845,0
576,4,-462.71776997188294,-14.250539962422872,0
576,5,-447.9882800897884,0.1665684998714645,0
576,6,-462.9780890405499,0.7060562204015662,0
576,7,-459.67424167353244,-19.314122464811685,0
576,8,448.9846549604888,21.369483962315524,1
576,9,421.5466567092536,15.879454000062333,1
576,10,430.5545525836261,-6.796831725864141,1
576,11,441.0111525011468,8.836381897545484,1
576,12,440.2626588808775,4.331865900671208,1
576,13,487.96165966786094,1.7845099737687757,1
576,14,-5.812989644674254,-15.177261820493165,2
576,15,-1.093583883337004,-3.9478461971515664,2
576,16,22.989622870531594,-16.531696396021783,2
576,17,-17.30088092742562,-29.60129115527032,2
576,18,-15.124241747002511,-47.70614956405152,2
576,19,-8.59679792418122,-22.884221248953782,2
577,0,-453.6690502347901,-20.47297300673342,0
577,1,-465.89703674092095,10.52045463268245,0
577,2,-434.0980281111697,-7.331821507641878,0
577,3,-439.65065449415465,21.45780968920074,0
577,4,-464.00512296030763,-15.4471015298444,0
577,5,-447.75689041558354,-0.05272358941357658,0
577,6,-463.7501085699052,-0.03809053739421575,0
577,7,-460.9052877495925,-19.117234326477693,0
577,8,449.13291013049945,20.683849031220568,1
577,9,422.8609594105351,15.612708470221566,1
577,10,431.71699207102495,-5.917014230363301,1
577,11,442.2386145347511,8.982196097500196,1
577,12,439.8312738535598,3.354865130675711,1
577,13,489.18423620215907,1.2687150542439365,1
577,14,-6.03341539282447,-15.467997219484214,2
577,15,-1.813781887569073,-3.3008120677489265,2
577,16,22.723419869105996,-15.331565314160798,2
577,17,-16.322756714332915,-28.480482244328428,2
577,18,-14.187053321498462,-47.27300954798357,2
577,19,-8.50533444794799,-22.939084256547748,2
578,0,-454.7040475206131,-20.226418022298834,0
578,1,-466.3318411539609,12.420103723754513,0
578,2,-435.8381349283909,-7.423145341963206,0
578,3,-441.0670411677587,20.53388803815608,0
578,4,-466.2495808167168,-15.998404476600706,0
578,5,-446.9622038276961,0.638795316733395,0
578,6,-464.4241896757327,0.4133394104340753,0
578,7,-462.15652750965296,-18.050227752828004,0
578,8,449.61256299316966,22.47552474267769,1
578,9,423.0721500702856,15.244918512484986,1
578,10,433.17947523639356,-6.544055210158464,1
578,11,440.69049425109256,9.662294516083797,1
578,12,440.17234845556106,2.577127494998857,1
578,13,490.57836481294447,0.4678310439379303,1
578,14,-5.19823965976524,-15.7643828601698,2
578,15,-1.5634559784140412,-4.297483471688914,2
578,16,22.36073457287999,-14.564556624809098,2
578,17,-16.127397874932907,-28.750384026436624,2
578,18,-13.731910655262935,-46.778599189616884,2
578,19,-9.341819105681505,-22.361877697026493,2
579,0,-455.8725383965598,-20.819650382889403,0
579,1,-467.6169668210437,13.001219111015741,0
579,2,-435.43914493434744,-6.3934362782732945,0
579,3,-442.22038564540657,20.072271386290755,0
579,4,-467.4027497128155,-16.2651793651564,0
579,5,-447.44135569792473,0.966643056373621,0
579,6,-465.0983994170717,-0.052213689922866846,0
579,7,-462.1829763637206,-19.12541662105152,0
579,8,450.22347709363174,23.068965976742714,1
579,9,423.79135599501524,15.179683100114106,1
579,10,435.1403571470078,-5.956180393160798,1
579,11,441.2414543585131,10.167947857413271,1
579,12,439.62599199586367,3.303176889916936,1
579,13,493.1104654298257,-0.05888704040828707,1
579,14,-5.560692695302339,-16.61739496916789,2
579,15,-3.020089366950775,-4.365454526994033,2
579,16,21.432857914782602,-15.284389312737577,2
579,17,-16.858264863484152,-29.174997639250172,2
579,18,-13.117909084407174,-47.990985998863245,2
579,19,-9.369353340057096,-23.30699582451331,2
580,0,-455.9568178230645,-20.28522704114348,0
580,1,-468.0521504786998,13.376736929013118,0
580,2,-436.00289768985914,-6.2469635675748485,0
580,3,-442.42041115919955,21.149889220777535,0
580,4,-469.2071582077614,-18.22400041869511,0
580,5,-448.2481042672919,1.4647865101826376,0
580,6,-466.0244631395708,1.5194009026775288,0
580,7,-462.8262369371854,-19.14462633869337,0
580,8,450.16806733688145,22.977833527296163,1
580,9,424.1534593022431,16.137530508131086,1
580,10,435.1364762012477,-6.264603090252459,1
580,11,442.9003628834049,9.802566630240962,1
580,12,440.8531975818133,3.504096868275916,1
580,13,493.0044880586883,-0.23296432927815278,1
580,14,-5.396808774189809,-16.702977490830477,2
580,15,-2.803298279032528,-3.9393996696204763,2
580,16,20.619258290101843,-15.419417935255439,2
580,17,-17.332039604059798,-30.104908594027158,2
580,18,-12.88997258018033,-48.63565780003641,2
580,19,-9.700348978914889,-21.871478832168613,2
581,0,-456.4844617883854,-21.15070639634027,0
581,1,-469.1626705367669,12.855828434699616,0
581,2,-436.89826698179,-5.192713344276858,0
581,3,-443.32820424102334,20.998497030022218,0
581,4,-469.8460120742225,-17.72643895470806,0
581,5,-448.70398116533806,1.9522526328289027,0
581,6,-467.38695812148825,2.10128868978653,0
581,7,-464.50325220558534,-18.812806175405548,0
581,8,450.613077280708,23.717292352154498,1
581,9,424.1707179293742,16.9744167440631,1
581,10,436.15480743643707,-7.001754473590495,1
581,11,443.64949234385193,8.794530548181442,1
581,12,442.6061063683075,3.1591760066884156,1
581,13,494.30475110296067,-0.8093814434176297,1
581,14,-3.6132016228241763,-16.218724806879997,2
581,15,-3.813086501561412,-3.4454392164132197,2
581,16,19.882304408628958,-15.359383215649041,2
581,17,-18.148563105764534,-29.89840975849319,2
581,18,-13.16996253086918,-49.70347509371632,2
581,19,-9.676566490626143,-22.039701288358287,2
582,0,-456.85128342167764,-21.20216947424369,0
582,1,-470.531844609885,11.90384299210026,0
582,2,-438.72491356215846,-5.914505646536531,0
582,3,-444.81828893696394,20.519924484787513,0
582,4,-470.7318817397454,-19.351610331263686,0
582,5,-448.47240787976096,1.6945634358657744,0
582,6,-467.7040462931563,0.8095330836874226,0
582,7,-467.5503379931251,-18.86619561123538,0
582,8,451.51465670556047,22.67298437796866,1
582,9,425.6124828222426,16.323123223569098,1
582,10,437.7780728346237,-6.218119285568683,1
582,11,444.02736498025473,9.034798450283988,1
582,12,444.1645684347875,3.4094795998185896,1
582,13,495.2759121148151,-0.06848244358241862,1
582,14,-3.0153546425205473,-15.830994903454247,2
582,15,-4.086282773745879,-1.9694558209239557,2
582,16,20.958006026713118,-14.84587866185639,2
582,17,-17.897505258466154,-29.68951294326378,2
582,18,-12.805401851749988,-50.44938050817568,2
582,19,-11.007342620083335,-22.45751856375789,2
583,0,-458.1374877623674,-21.118603923843377,0
583,1,-472.39592126091435,12.248987462176318,0
583,2,-441.2108192265976,-5.599006131954227,0
583,3,-445.3928791770213,20.161899874137696,0
583,4,-470.9832606972164,-18.253563570843955,0
583,5,-448.73603787342284,2.192523122954778,0
583,6,-467.9786248215981,0.6785109748953877,0
583,7,-469.4551321165612,-18.37714822305652,0
583,8,451.8848065535784,22.438985346774636,1
583,9,425.7168648252908,16.22224535322519,1
583,10,438.4312716246756,-5.756370127929679,1
583,11,445.95053999959845,9.56747555964591,1
583,12,444.524406395721,2.9249170687747887,1
583,13,496.2229761071379,0.25892460540974044,1
583,14,-3.54920747133018,-16.2464790367298,2
583,15,-4.667677350632898,-1.8232819459609078,2
583,16,20.854785242678854,-14.775381213984017,2
583,17,-17.953748966883744,-28.203851127456737,2
583,18,-12.315309507242628,-50.1681948438406,2
583,19,-10.48335587991526,-22.670210224675575,2
584,0,-460.29889738800745,-20.93774253346064,0
584,1,-472.4605212757139,11.87720349026811,0
584,2,-444.1786474638684,-6.95311908491025,0
584,3,-445.7266314311269,20.32461129782322,0
584,4,-472.49219654494925,-17.759244508095698,0
584,5,-449.61588457501676,0.9006637768310273,0
584,6,-468.26419082050967,-0.030982836966311655,0
584,7,-470.00297863169726,-18.146060338466413,0
584,8,453.3102492766555,22.90657283079093,1
584,9,427.24783337818945,15.743669821187222,1
584,10,439.23672530318385,-5.465183016412232,1
584,11,446.7079431244543,7.908614402790687,1
584,12,445.813757696718,2.784665800528663,1
584,13,498.3819427856581,0.13111081330192084,1
584,14,-3.729887020333846,-15.930604728937524,2
584,15,-4.157969379321992,-2.010275221275284,2
584,16,22.18415865733682,-14.971438452264026,2
584,17,-17.65775546991047,-27.732531735271174,2
584,18,-12.161335326787073,-49.83799879040969,2
584,19,-9.976654839731955,-22.77349298996166,2
585,0,-461.4617794030914,-21.30994480609131,0
585,1,-473.59692211221414,11.070502871054718,0
585,2,-446.3838069127564,-7.305835642896893,0
585,3,-445.14706047743175,21.065466309280875,0
585,4,-471.9094219559421,-16.93304885713305,0
585,5,-450.58886760516293,0.6523400089659908,0
585,6,-467.9772888867508,-0.16323985743207134,0
585,7,-471.06598960226745,-17.615042713854283,0
585,8,454.45001376958913,22.427611741842238,1
585,9,427.89672636447426,14.044561960355283,1
585,10,440.2785651535727,-5.590644810844154,1
585,11,447.5040026721561,7.640574523675643,1
585,12,446.899615870886,3.402121692876727,1
585,13,499.24252197808505,1.2949438384286955,1
585,14,-2.764889002490423,-16.72302264071765,2
585,15,-4.018384727982577,-2.089296532328609,2
585,16,21.67024604656334,-15.190689814929737,2
585,17,-16.509836434614424,-28.34922734706408,2
585,18,-12.896933215718681,-49.52136835328096,2
585,19,-8.492510604117632,-22.784001209125506,2
586,0,-461.64769476010645,-20.29391134971415,0
586,1,-473.880529181218,12.370077133110339,0
586,2,-446.5213541718839,-7.5548567885451545,0
586,3,-445.9078281746684,21.429610325823568,0
586,4,-471.51937822895906,-17.346808307118927,0
586,5,-451.53176965220246,1.746901859056842,0
586,6,-468.3195063565211,1.131262350442555,0
586,7,-472.21981841459694,-17.564516787688255,0
586,8,455.88302405758606,23.018696927734748,1
586,9,428.9825350224927,14.880951648506615,1
586,10,441.376183167574,-5.247563095951336,1
586,11,447.99533637976225,7.3666461575785425,1
586,12,448.8924051591798,3.4643564107654266,1
586,13,500.8631477599004,1.2163216745380887,1
586,14,-2.83819647614038,-16.50323398392013,2
586,15,-6.081954069869865,-1.8293730292095562,2
586,16,22.019441390017576,-15.130643219908645,2
586,17,-17.525304154310113,-28.099240008605168,2
586,18,-13.804048855441863,-49.017341910036585,2
586,19,-8.135737433005914,-23.432472447867518,2
587,0,-462.5217978765059,-20.066701343085892,0
587,1,-474.53709006598166,13.735293428244544,0
587,2,-448.2959448158941,-6.536908699414267,0
587,3,-446.2632988472418,22.34127951999445,0
587,4,-472.3839869594485,-16.91939211357407,0
587,5,-451.0098788014327,1.2126935575188007,0
587,6,-469.85330515282664,1.16763465764827,0
587,7,-473.8841263010311,-16.56562399749789,0
587,8,456.08785300506423,23.08343995885206,1
587,9,429.83645314139756,15.150302734492927,1
587,10,441.9802189583565,-5.33370697974865,1
587,11,449.0944042893883,7.836401598709249,1
587,12,449.5766553838586,3.9662166478974545,1
587,13,500.6119472568422,2.2301111402417946,1
587,14,-4.439481659107459,-15.787075954993709,2
587,15,-6.006024044906552,-1.7142161565234284,2
587,16,21.777040961934336,-14.53102376324146,2
587,17,-17.85924369094613,-27.79250374868868,2
587,18,-14.194620808926718,-48.53897137091893,2
587,19,-8.112065918092892,-24.099322377092577,2
588,0,-463.7954231033929,-19.836775527487635,0
588,1,-475.5471908419113,13.776276036006946,0
588,2,-448.48437466148573,-6.58084268926571,0
588,3,-446.58128533424474,22.198685138308765,0
588,4,-474.0776667098963,-16.609814038208018,0
588,5,-451.5322645175353,-0.5558276587309638,0
588,6,-471.419359090494,1.7323634448101064,0
588,7,-474.24911847406327,-15.20579969570095,0
588,8,456.8019634773415,24.17998574058402,1
588,9,431.34444007564764,14.358010409118865,1
588,10,441.53105661957267,-4.183749759574445,1
588,11,450.6246374306789,7.995619965701125,1
588,12,450.3707331794367,4.755708470765261,1
588,13,502.8692863883614,3.711783066705405,1
588,14,-4.709983961689549,-15.026086444146921,2
588,15,-6.7899547816544255,-1.424173718823498,2
588,16,21.63354443858687,-15.00711443102949,2
588,17,-18.811787221745693,-28.29968063399063,2
588,18,-14.67949984988335,-49.136715816476205,2
588,19,-8.606408111918926,-24.088017976184886,2
589,0,-466.4974443996371,-19.694264811116465,0
589,1,-475.7760330888697,13.57249502300063,0
589,2,-450.1475566952138,-7.900775711371205,0
589,3,-447.552701277934,21.960490564603187,0
589,4,-474.31051137018704,-16.61835267346073,0
589,5,-452.20531786105664,-0.7563173871874369,0
589,6,-471.58405305892416,1.1749079444820154,0
589,7,-476.74346125460653,-15.047246984295429,0
589,8,456.64115423141595,24.834380863368633,1
589,9,431.8881523800278,14.983428948426115,1
589,10,441.6692309367489,-4.293440322429028,1
589,11,450.92419069951177,8.503128054869446,1
589,12,450.39723978917834,3.2966677846289336,1
589,13,504.1588196136809,3.3866672825476196,1
589,14,-3.984830952099569,-14.67374145375435,2
589,15,-7.515219129732078,-1.8850521202078658,2
589,16,22.29938037013253,-14.655405724459067,2
589,17,-18.113036761085475,-28.210140179340872,2
589,18,-13.483616596041783,-49.4503611034116,2
589,19,-8.895455285422548,-23.814897107802025,2
590,0,-466.9959669226125,-20.221295176827297,0
590,1,-475.94164563824023,13.392862437464307,0
590,2,-450.31575247671634,-8.067022130160819,0
590,3,-448.78826097450514,21.1735632127786,0
590,4,-475.3980789314834,-14.291768192575116,0
590,5,-453.6103071307998,-0.40866093549453275,0
590,6,-472.8196785946804,2.6687276123198815,0
590,7,-478.32545263337727,-16.15549970591498,0
590,8,456.79032817234173,25.604027854768145,1
590,9,434.16165801974734,14.955404017628448,1
590,10,442.5833050332342,-4.433418502733773,1
590,11,451.1837282656578,7.1983006960027165,1
590,12,451.19392198305866,2.738353036383829,1
590,13,504.7853888702497,3.715651115381804,1
590,14,-2.8992885434048814,-14.986840182797883,2
590,15,-6.3959754668210005,-2.1687512883407245,2
590,16,20.14259121993627,-14.15511065929699,2
590,17,-19.225331812409767,-28.183461103652284,2
590,18,-14.342721442086447,-49.383981210815286,2
590,19,-8.736903623926805,-23.87590891171796,2
591,0,-467.01236103736653,-20.427049511967837,0
591,1,-476.11824434190953,12.746285614526192,0
591,2,-450.31643502192713,-8.314013661087971,0
591,3,-449.91926975507727,20.83364205029377,0
591,4,-476.2489612026518,-15.102690070507554,0
591,5,-453.2135979182923,-0.027665531345617778,0
591,6,-472.6073365594031,1.6987854505614504,0
591,7,-479.3116818873428,-16.885810640463546,0
591,8,456.7138734044083,24.896811877679877,1
591,9,434.60572868247255,14.198529713953093,1
591,10,443.10660130864653,-4.083171314516681,1
591,11,452.1438703799319,6.947628155446088,1
591,12,452.0256733988611,2.2757849168456863,1
591,13,503.9392337281675,5.006711328310361,1
591,14,-4.068259554175384,-16.41756861489277,2
591,15,-7.0804375811743565,-2.828995773445433,2
591,16,19.77162177391997,-14.008574770778141,2
591,17,-18.521443989700145,-28.663608788887665,2
591,18,-14.971820726804205,-49.276221160745294,2
591,19,-8.746105423230977,-23.22792231873626,2
592,0,-467.47566904770304,-20.72181832348369,0
592,1,-476.40773665168155,12.548207025623539,0
592,2,-449.72308483587847,-7.874140799356853,0
592,3,-449.7103093299172,21.938590045033397,0
592,4,-477.82206377595685,-14.349988945037179,0
592,5,-454.7938424014523,-0.23135852728000833,0
592,6,-474.8197553384611,1.604211582118955,0
592,7,-480.9104225000587,-16.521707580202964,0
592,8,457.20196773806776,25.165927306767916,1
592,9,433.61797847629555,14.885027978626923,1
592,10,444.47269550201344,-4.000433513945367,1
592,11,453.2675256120828,7.7506301720903386,1
592,12,452.0841531607612,1.9652548132567007,1
592,13,505.9237492333003,4.881237313842019,1
592,14,-4.811809971674526,-16.199971123893484,2
592,15,-6.676622924950632,-2.700756567948705,2
592,16,19.812906387982107,-14.115367116113799,2
592,17,-17.9005165547664,-29.581347397042485,2
592,18,-14.725265620270871,-50.382490683875886,2
592,19,-8.23856413628185,-21.922814534617643,2
593,0,-467.5749463636465,-20.161807266722665,0
593,1,-478.62158577595153,12.235618269766016,0
593,2,-451.4018060542549,-8.513620860480975,0
593,3,-451.23627062078646,21.52662171868213,0
593,4,-479.67158805907985,-13.723001176035984,0
593,5,-456.14918498767594,-2.1603540305095636,0
593,6,-475.4666658626547,1.249861944135037,0
593,7,-482.1102534308475,-18.489854532171563,0
593,8,457.78081958669117,25.121862067602333,1
593,9,435.0254385708459,14.563155153690913,1
593,10,446.03704861168126,-4.704716907681371,1
593,11,455.096367333143,7.085822722262137,1
593,12,454.0612454512522,2.104155483227883,1
593,13,507.2004992335629,4.746929823487744,1
593,14,-4.977919259822805,-17.41961387900617,2
593,15,-5.77541433324339,-1.8906738392897524,2
593,16,19.863199073219846,-15.294782818378359,2
593,17,-16.602927644907954,-28.897956768549516,2
593,18,-13.783698129691683,-49.74850842680829,2
593,19,-9.243240415332693,-21.508727763833583,2
594,0,-468.28469743476506,-20.17154478204573,0
594,1,-480.2363613737937,11.980599235924112,0
594,2,-453.0879576762335,-7.999886011227739,0
594,3,-452.07523494937016,21.39841213668695,0
594,4,-480.69824666894306,-13.43168212858818,0
594,5,-455.7674817391062,-2.739790861184727,0
594,6,-476.1650550628009,1.3925225571418702,0
594,7,-483.9033398261143,-19.234096974402014,0
594,8,457.7334251454322,26.27121851061618,1
594,9,434.7287600528142,16.53510121166191,1
594,10,447.1340131152542,-4.186639847787973,1
594,11,455.40529511070554,5.912665330367108,1
594,12,456.365372290509,2.2951212699862813,1
594,13,508.65006299350074,5.539721074945556,1
594,14,-4.8210828605108045,-17.259249874508047,2
594,15,-6.251962168080524,-2.543532604607062,2
594,16,19.183270804474784,-15.613777962714511,2
594,17,-18.018883513211957,-28.76393557763343,2
594,18,-15.110424353777612,-49.552705701663804,2
594,19,-8.182812022928218,-21.465791673156303,2
595,0,-469.488207937011,-20.469232678448154,0
595,1,-481.6066221644165,11.09823932118078,0
595,2,-454.68134185796947,-7.007420497378375,0
595,3,-454.0716569377316,20.94256213962695,0
595,4,-481.15036174271535,-13.021308248967864,0
595,5,-455.6439639427311,-1.8380635923988469,0
595,6,-476.6719768680502,1.5138719438215456,0
595,7,-485.31503629301835,-19.99673275133608,0
595,8,458.6263002122911,27.034350967458764,1
595,9,435.7794495030491,17.02697052135893,1
595,10,448.14917306026666,-4.758745764967915,1
595,11,455.5848313002163,6.75445399833568,1
595,12,456.88216394105285,1.2288471233963114,1
595,13,508.6663890728488,6.3319207784723,1
595,14,-6.702646215423039,-18.556131344782255,2
595,15,-6.415259556912756,-2.854579033087426,2
595,16,18.60095795426078,-16.381792534236602,2
595,17,-18.934010314360517,-28.920042669145808,2
595,18,-15.625256435609154,-49.5889182457784,2
595,19,-7.650149394759353,-19.670367966093686,2
596,0,-470.4110722942717,-19.808009516041626,0
596,1,-482.8053153225769,10.976770212792726,0
596,2,-454.7096137349338,-5.385445233186516,0
596,3,-454.30214111096205,20.959876924166483,0
596,4,-480.24823400795384,-13.140039329535517,0
596,5,-455.9410237623398,-1.9276317637568017,0
596,6,-477.5672616266699,0.16448966660210051,0
596,7,-486.5052339166905,-19.852754836990535,0
596,8,458.72146771000536,26.73881664716229,1
596,9,438.08605621127407,18.656457985239363,1
596,10,449.3704009057233,-4.739354418142458,1
596,11,456.94205854093167,7.14329450447099,1
596,12,458.0097747710078,1.827925545856814,1
596,13,508.49759478668756,7.665792982954921,1
596,14,-7.7548104645176155,-18.580203955390544,2
596,15,-4.99422455393184,-3.5910322480038146,2
596,16,18.10028439493203,-17.17451490909874,2
596,17,-17.960936633317463,-27.971354043215236,2
596,18,-14.778976201434789,-49.93475448909958,2
596,19,-7.961527326045018,-20.257302260097767,2
597,0,-470.59651620542166,-20.32530436596273,0
597,1,-484.55516247777575,11.70995199861425,0
597,2,-455.2882726086007,-4.467694106990081,0
597,3,-455.24136706034477,21.325264734470984,0
597,4,-479.60501194373666,-12.852233715083582,0
597,5,-456.75470691961806,-1.713644173500115,0
597,6,-478.32810385627516,-0.07382761850236716,0
597,7,-488.4426688022092,-19.745252268647874,0
597,8,459.71945177524316,26.419752429794343,1
597,9,438.0714085580877,18.60870146134405,1
597,10,450.7156587589062,-4.22808694968542,1
597,11,458.63152113039484,7.451132590200908,1
597,12,457.83673189313936,2.1098490325977046,1
597,13,509.48560510025953,7.510759717840851,1
597,14,-7.130803719306946,-17.830798757473378,2
597,15,-4.27422399685768,-3.735946271992702,2
597,16,18.5226477869464,-18.176188435504674,2
597,17,-17.89653413874816,-27.422314694667772,2
597,18,-15.74472379508019,-50.48754746609382,2
597,19,-8.339324167496834,-20.33491291200591,2
598,0,-470.8791267844349,-20.625033992242635,0
598,1,-485.3151570742352,10.853626400892567,0
598,2,-456.43326265917216,-4.906978307496618,0
598,3,-455.78947470268713,22.19762536146642,0
598,4,-480.4306107189193,-13.280656341915847,0
598,5,-458.2274628041743,-2.818924756950304,0
598,6,-478.92984471927883,0.4136169851451079,0
598,7,-489.4862201264794,-19.452062002526265,0
598,8,459.9734599759814,26.523619667405672,1
598,9,438.38930476872997,18.69375875813258,1
598,10,450.78055088957075,-4.132515938489874,1
598,11,458.64897313054695,7.520995953731864,1
598,12,457.82730123099503,1.664257787029574,1
598,13,510.03416438879987,7.205901534588057,1
598,14,-6.11681557922593,-18.311362586449608,2
598,15,-3.5385442407631027,-4.427112487464315,2
598,16,18.833945584914126,-19.65837077745234,2
598,17,-16.209133519763423,-28.907200297650803,2
598,18,-15.825331887017754,-50.54944962021184,2
598,19,-7.9987589409698465,-21.400476009527214,2
599,0,-470.7619692071878,-20.63185348137266,0
599,1,-486.6009732645978,10.440384776427226,0
599,2,-457.3997428834137,-5.5831283737132775,0
599,3,-457.7271974369483,21.263443077807423,0
599,4,-482.2530149107404,-13.5486453135457,0
599,5,-458.6492844413447,-4.5167371621347385,0
599,6,-479.9760891962738,1.0584044745861405,0
599,7,-489.364194909042,-20.65274195697265,0
599,8,461.8708519536085,26.806317945072763,1
599,9,439.7789468946282,18.38893535129205,1
599,10,452.2165275252805,-3.5258977451801,1
599,11,460.0232250627052,6.468463375203322,1
599,12,459.5451929518541,0.7439640658590274,1
599,13,510.3571895650874,7.248424547769319,1
599,14,-6.55569889130172,-17.737436414090343,2
599,15,-3.309215888459933,-4.270792583778096,2
599,16,18.522116657721554,-20.21619832366647,2
599,17,-16.12827796230505,-29.36000567778393,2
599,18,-16.430410622581494,-50.06502584664439,2
599,19,-6.027568538744042,-21.19231285534688,2
600,0,-471.76859790067857,-19.334295875725658,0
600,1,-486.728575686197,11.12011561477286,0
600,2,-456.10430739436504,-6.337046348858091,0
600,3,-460.6328391480426,20.307728010409644,0
600,4,-481.95089871578733,-12.745326351637962,0
600,5,-459.4160501403415,-5.14415040850108,0
600,6,-481.6485203469016,2.0954647302936316,0
600,7,-489.6479629745498,-19.890341302565144,0
600,8,463.78532697385583,27.420101154009526,1
600,9,439.52693926740267,16.46343276598969,1
600,10,452.007720661453,-4.316282279655869,1
600,11,459.9840103025822,6.732195119775849,1
600,12,459.88348013264635,1.6904342105366528,1
600,13,510.36748880235643,7.08834798476975,1
600,14,-7.462430127601604,-17.160311072646916,2
600,15,-3.569964153303841,-3.020974550682484,2
600,16,17.22046264367515,-19.27609142304599,2
600,17,-17.080845338310887,-30.15065073743963,2
600,18,-15.867987131814452,-50.62587963440293,2
600,19,-5.89450021358739,-21.743808932286704,2
601,0,-470.6900093607199,-20.728138009415066,0
601,1,-484.8351995709206,10.528784212561431,0
601,2,-457.5275724666889,-5.8190609103841,0
601,3,-461.43703307271335,20.354127825552002,0
601,4,-483.7770679300664,-11.91681975800609,0
601,5,-460.86715898180074,-4.836943083674618,0
601,6,-482.77102775912033,2.3200641982448644,0
601,7,-491.43565051873543,-20.487662301463075,0
601,8,464.7444842915611,27.490017090940583,1
601,9,438.76258040931043,16.700797698181113,1
601,10,452.5254712874427,-4.358413702400442,1
601,11,461.5083173131944,6.406460994119832,1
601,12,460.28309871727174,1.5012588945954772,1
601,13,511.1236113679263,6.778849310434969,1
601,14,-7.006243553387085,-16.552022831789785,2
601,15,-3.13692932871288,-5.114623454737787,2
601,16,16.23431259631195,-20.11961401735572,2
601,17,-15.808267101429946,-32.151836902016086,2
601,18,-14.94549057964781,-50.93565502313785,2
601,19,-5.359875221254076,-21.797320521196642,2
602,0,-470.69253979050524,-21.0241687722384,0
602,1,-486.07686334413785,12.298935153492797,0
602,2,-457.4037108041176,-5.097542880560973,0
602,3,-462.5045340731162,19.813365279333325,0
602,4,-484.3900763601131,-11.13131841342394,0
602,5,-462.49238529906063,-4.3584157743182885,0
602,6,-484.1129714415208,2.5459625355983904,0
602,7,-491.198314446972,-19.0282374639825,0
602,8,464.48163906105987,28.332715057413658,1
602,9,440.0695169311071,16.674636065426654,1
602,10,452.50689481683287,-5.1585604164673535,1
602,11,463.12777484604504,5.96980666486078,1
602,12,460.557528992618,2.5392707310235236,1
602,13,511.4105031908025,7.066294952370451,1
602,14,-6.635397372930694,-14.834337410469745,2
602,15,-2.5680544723242256,-5.241140004684133,2
602,16,15.847858554538195,-20.701680046308685,2
602,17,-15.28085287568937,-30.604199109437957,2
602,18,-15.278558241735997,-50.112160900736626,2
602,19,-5.9450758768012175,-22.81455861694144,2
603,0,-470.9829502135253,-21.27832900184654,0
603,1,-488.9366373985713,11.051956759710507,0
603,2,-457.77388552351516,-4.2036308618678095,0
603,3,-463.8839133760748,18.55801655102158,0
603,4,-484.6712787393254,-10.888693604454396,0
603,5,-462.8533709651054,-4.988443345809386,0
603,6,-484.96114654700597,2.4147712399952437,0
603,7,-492.2318552498632,-19.085681625279758,0
603,8,464.6240348491724,28.514319452524013,1
603,9,440.39977286619916,16.510661951487233,1
603,10,452.8333193126393,-4.176554349149773,1
603,11,463.2436891810124,6.161081336396827,1
603,12,461.8231041672211,1.1890272255888834,1
603,13,513.3764181035775,8.348400091908193,1
603,14,-6.558271665777629,-16.30173238335159,2
603,15,-3.536755995787873,-5.635003103927214,2
603,16,15.654061043783946,-22.20481338942883,2
603,17,-15.479245517293581,-30.633167821571632,2
603,18,-14.947792245965937,-50.11453313143924,2
603,19,-7.114898682378722,-21.35144201152001,2
604,0,-469.7693239997703,-22.35249994631331,0
604,1,-489.87311273012233,10.944239124222147,0
604,2,-457.6472072736993,-5.324618423730513,0
604,3,-462.61530658969104,16.887111302328353,0
604,4,-486.4611634885354,-11.324366605438707,0
604,5,-463.37680572080404,-4.790235796401255,0
604,6,-485.2393071926478,3.0155965655521557,0
604,7,-493.7039078987527,-18.252063944748016,0
604,8,464.3689375755494,28.47426077893648,1
604,9,440.62731321936235,16.576968498944588,1
604,10,454.1080327896852,-3.2664555685367724,1
604,11,462.6506627566833,5.078249952998995,1
604,12,463.95756955341204,0.49132541998257573,1
604,13,514.3119265273963,8.3175543519999,1
604,14,-6.328992650221007,-16.77787759223415,2
604,15,-3.2877183504112972,-4.078784800793603,2
604,16,14.93667473854996,-21.29744470996713,2
604,17,-16.25877082596806,-31.107755461492967,2
604,18,-15.690373747463445,-50.53235137369652,2
604,19,-7.297624987272445,-21.623307840236023,2
605,0,-471.0072481996621,-22.94887414083326,0
605,1,-491.49980130495464,12.257261402606664,0
605,2,-457.9833510627419,-5.9131897203879955,0
605,3,-464.30843506684175,17.648352640905756,0
605,4,-485.9117963878216,-11.613199576717967,0
605,5,-465.2910286045202,-4.339105540597846,0
605,6,-485.15885010168955,3.0244263138411767,0
605,7,-495.17383923978315,-19.148103467312495,0
605,8,465.02596473769864,28.13687487166372,1
605,9,440.79834070376234,16.419799236410203,1
605,10,455.27168374139836,-2.916352601036748,1
605,11,464.64970031513565,5.1839130632282515,1
605,12,462.8072928057382,1.5545894219590473,1
605,13,516.0692495379025,6.847457142922328,1
605,14,-8.11858511566451,-17.15893816336399,2
605,15,-3.183132740493488,-4.497877333586024,2
605,16,13.251543576381005,-20.590825966944866,2
605,17,-15.88682919320263,-31.3093560540379,2
605,18,-14.806621280993948,-51.15970901629811,2
605,19,-7.468431320323238,-21.26003661828399,2
606,0,-471.7404827640487,-22.96875742397512,0
606,1,-492.9393586487696,12.148889433880623,0
606,2,-459.3976927769094,-5.496471824367609,0
606,3,-464.5083903388903,17.158713542152757,0
606,4,-486.03742543817464,-10.367692933559056,0
606,5,-466.2789482310575,-2.6413095900649495,0
606,6,-485.2377843058732,1.5912298953491546,0
606,7,-495.74969819319125,-19.054214082378106,0
606,8,465.88914983674795,27.50738174966761,1
606,9,440.47758129140266,15.636487570502645,1
606,10,456.6595329423462,-3.086602480702168,1
606,11,467.35375758794083,5.216800474079209,1
606,12,464.61296358359687,1.3994572760959765,1
606,13,515.7843004344018,7.772766034891413,1
606,14,-7.01541628635495,-16.92849401190725,2
606,15,-4.07119421501785,-5.801442875246103,2
606,16,13.008975967964899,-20.57660858253229,2
606,17,-14.696861386283484,-32.05249817340672,2
606,18,-15.081562076088222,-51.00757251703807,2
606,19,-8.530485093896012,-21.71324437010078,2
607,0,-474.4089389671605,-22.359710672074915,0
607,1,-494.6535366589829,10.997704237678121,0
607,2,-459.86011236311725,-5.375311013965576,0
607,3,-464.0859614458438,17.473599479346074,0
607,4,-485.8734439081446,-10.475413398152595,0
607,5,-467.7614526692139,-3.6391088306731545,0
607,6,-484.4363239582625,0.05862849173711959,0
607,7,-497.20245679328576,-18.590041648239463,0
607,8,465.73819354836,26.736674803794724,1
607,9,440.77461322894675,15.428891874785078,1
607,10,456.2597775135845,-4.213797418556777,1
607,11,469.87833159414936,5.344907421646383,1
607,12,465.09595073447935,1.8716177832481682,1
607,13,515.992470798596,7.91144314883538,1
607,14,-7.049573177529274,-17.106316686332608,2
607,15,-3.8428912723663076,-6.81817945787644,2
607,16,12.386369035600586,-20.34996700304038,2
607,17,-13.654144015446791,-31.55934653689774,2
607,18,-13.948327944894636,-51.48115455060931,2
607,19,-8.297018958429955,-22.627973380547434,2
608,0,-475.222511604792,-21.429191645374747,0
608,1,-495.8049789529446,12.317541176025763,0
608,2,-460.5522439501564,-4.5524065143253925,0
608,3,-465.4735616874913,17.03451843752,0
608,4,-486.7615557868321,-11.017171512767852,0
608,5,-468.42423366486366,-2.3189715554026744,0
608,6,-484.56758670914917,-0.06399463671919606,0
608,7,-499.83364623584794,-18.832847097365352,0
608,8,467.5236003941869,25.964670966722085,1
608,9,441.08700735490123,14.444624604096742,1
608,10,457.8635944244925,-4.278543854501069,1
608,11,471.9060193685043,4.971068619609743,1
608,12,465.79119381025424,3.935427408325714,1
608,13,516.7086061140271,7.977957539319582,1
608,14,-5.385224331128972,-17.833844467466015,2
608,15,-3.7757020866137556,-6.790252800794097,2
608,16,12.86096099588623,-20.074364574108284,2
608,17,-12.40038394325931,-30.300305016828627,2
608,18,-14.93434036829889,-51.549520282056626,2
608,19,-8.95621410233452,-22.80186810820556,2
609,0,-476.1807695226527,-21.44327803900979,0
609,1,-497.14592218816017,12.778504672830842,0
609,2,-462.35395649223227,-4.191052862542138,0
609,3,-466.2682093605426,17.934296963714953,0
609,4,-487.8762314142991,-11.511345592064094,0
609,5,-470.17844625272465,-2.804433456479071,0
609,6,-485.2097767904571,-0.3181714304171471,0
609,7,-499.61204182723696,-19.21128673072666,0
609,8,469.6879764049384,25.18162426109839,1
609,9,441.9547888008622,14.388332041951555,1
609,10,458.2457424064255,-3.737164353904801,1
609,11,471.7421119292545,6.408720378046631,1
609,12,467.3446985165904,4.0493974731311715,1
609,13,516.3430836411993,8.677682687731032,1
609,14,-5.810703915571172,-17.074327009789993,2
609,15,-3.1924095142677578,-6.652223599218363,2
609,16,11.826562470688009,-20.32189219426923,2
609,17,-12.405937238938648,-30.33086195960901,2
609,18,-15.440453712825175,-51.36594533193342,2
609,19,-8.449786590854025,-24.4868627926099,2
610,0,-475.8138223001107,-21.469974071988304,0
610,1,-499.02475474685644,12.706738207047328,0
610,2,-462.9844227377541,-5.999368718145554,0
610,3,-467.7127623737815,17.89742231550614,0
610,4,-488.9935633053234,-11.066131596552374,0
610,5,-471.01186548198126,-1.7836191330959867,0
610,6,-487.10143791248225,-1.2618472088268637,0
610,7,-500.0866647675382,-19.015498404151035,0
610,8,471.0881021078996,24.14412899595384,1
610,9,442.2578757507503,13.502180460130399,1
610,10,458.5776169036504,-3.28063919839029,1
610,11,473.12122188514047,6.033111831140903,1
610,12,468.44607066441625,5.231424163212482,1
610,13,516.6165922381253,8.93153024668581,1
610,14,-5.285652035702232,-17.719381778793903,2
610,15,-2.0891291747566374,-5.53576032038531,2
610,16,13.355449939569207,-18.680580352010747,2
610,17,-13.212622376172087,-31.501382328299528,2
610,18,-15.85286142129271,-52.14035916249934,2
610,19,-8.218068848584759,-25.660511793567547,2
611,0,-477.16357121317634,-20.6153487292483,0
611,1,-499.7913546847722,13.689374924050073,0
611,2,-463.94677097692374,-5.389882902446202,0
611,3,-468.657677260351,18.713445494548825,0
611,4,-490.9820308847258,-12.799518303175118,0
611,5,-472.06629384430346,-1.6005679297171298,0
611,6,-488.72471719434634,-1.569161560562543,0
611,7,-501.89905700008575,-20.461047218229485,0
611,8,470.6427976099009,24.219227473101952,1
611,9,443.46483823587846,15.043615124581176,1
611,10,458.7422660497064,-3.133174590637753,1
611,11,473.9480822589529,6.254392657015829,1
611,12,468.4573841104493,5.020026537182861,1
611,13,516.984542775396,8.246986284606873,1
611,14,-4.5126228157509365,-17.771887848976046,2
611,15,-2.4344137997134294,-4.856001062523947,2
611,16,13.10727026674583,-20.924827113124856,2
611,17,-12.31160383621855,-31.302216344278893,2
611,18,-15.688181189833545,-53.180706456653404,2
611,19,-8.492687788885945,-26.577546478309053,2
612,0,-479.0133369574816,-20.597384633706348,0
612,1,-500.56500550518103,14.151424502724142,0
612,2,-463.9027715561004,-5.863764477232998,0
612,3,-469.3615913362918,18.67088913230916,0
612,4,-491.9664952751592,-12.331026020735411,0
612,5,-474.34847054097713,-0.2647830810430607,0
612,6,-489.0264850044262,-1.536143093005279,0
612,7,-501.52098858481975,-21.346578659919853,0
612,8,471.06396619482456,23.388511651606866,1
612,9,444.73945035983706,14.013589885713207,1
612,10,458.67580698245723,-2.5355421650092964,1
612,11,475.8921428406313,6.927252857819445,1
612,12,468.1511181953806,5.514057551556779,1
612,13,518.684426915338,7.974054702289737,1
612,14,-4.150612671850397,-18.219812649667716,2
612,15,-0.7370096954337633,-5.243246813875743,2
612,16,13.001182330588346,-20.164047755910392,2
612,17,-12.20382488608441,-30.35753180519715,2
612,18,-15.864538364462328,-53.082251416121565,2
612,19,-8.07323826438401,-26.171540134819363,2
613,0,-480.4756086874418,-20.544948689583308,0
613,1,-501.15923314941404,15.171461619340366,0
613,2,-465.5379512176821,-6.455325690085626,0
613,3,-470.9500719940342,18.43432383023297,0
613,4,-491.2466979044703,-11.26903407692256,0
613,5,-475.4973798487257,-0.6770174564490421,0
613,6,-489.85341359242557,-1.0610833230503554,0
613,7,-502.5211618253289,-22.038361317417333,0
613,8,472.15576005805826,23.004101980242513,1
613,9,444.9367168984964,15.501814494259477,1
613,10,459.02693926938815,-2.1592249579507685,1
613,11,477.6027443521239,6.09140976943257,1
613,12,468.90970420083994,5.186925086030834,1
613,13,520.3544910872213,8.399080130964059,1
613,14,-3.2188257045062674,-18.12875320761181,2
613,15,-0.27750441090042377,-5.463561231088703,2
613,16,14.072686750944259,-20.02798664374907,2
613,17,-11.952167092494651,-31.254909306235145,2
613,18,-15.262039353173508,-53.19311891831683,2
613,19,-8.26715518202794,-27.252587947688344,2
614,0,-480.84484926705716,-19.67058775867777,0
614,1,-502.5402248366738,14.525096743968728,0
614,2,-465.31372506018585,-6.241714045839856,0
614,3,-470.99147869828187,18.033664508802612,0
614,4,-492.8168441312596,-10.971090970964985,0
614,5,-476.3375929194781,-1.333568379186435,0
614,6,-491.37957880254334,0.5832884455573022,0
614,7,-502.93935001736907,-21.790757532010595,0
614,8,471.74225648507456,23.708917460492966,1
614,9,444.96878734970136,14.429709494733105,1
614,10,461.8875610677165,-2.5107804638260327,1
614,11,478.6534240460676,6.216767549902629,1
614,12,469.24924894869537,3.689293532137264,1
614,13,520.4346848398852,8.325484059664609,1
614,14,-4.104245985961495,-19.496033521071485,2
614,15,-0.15847319297945803,-4.7814879937445856,2
614,16,13.535055570375157,-19.82854132563361,2
614,17,-11.191463064763019,-31.459139281810803,2
614,18,-15.551328896111341,-52.275803588707724,2
614,19,-8.338386867476586,-28.01527490597437,2
615,0,-481.25256349225305,-19.825331927991908,0
615,1,-504.588195068289,14.455724996854007,0
615,2,-467.0922131133551,-5.886757366350325,0
615,3,-470.80349616963684,18.356673172994384,0
615,4,-493.2127091608659,-9.45171757946469,0
615,5,-477.38686606061805,-1.7852146081322398,0
615,6,-493.1909594693985,-0.24105468064184177,0
615,7,-503.8572270137484,-21.171464543931197,0
615,8,472.31087644524115,23.887214670045086,1
615,9,445.3597454907406,14.399747216704501,1
615,10,462.9064152191122,-2.6978245303861046,1
615,11,478.9998800419176,5.889224359904838,1
615,12,469.11455661938993,3.1716781204671136,1
615,13,521.6561213391316,9.130698076152626,1
615,14,-3.99445656466433,-20.60193889605257,2
615,15,-0.24232398460770088,-4.75109259220908,2
615,16,14.724153580494914,-18.67174553116991,2
615,17,-11.832844967646473,-31.04922641036936,2
615,18,-15.492440547770588,-52.59571291902029,2
615,19,-8.799694037167924,-28.6030269776039,2
616,0,-481.93336428587116,-19.44136446402487,0
616,1,-504.2762156135979,12.947462051535751,0
616,2,-468.5291561994763,-7.540072715493147,0
616,3,-470.7506876117731,18.809599666778965,0
616,4,-494.1339021945322,-10.962743713517346,0
616,5,-476.9657781010421,-1.3743323046455997,0
616,6,-494.7753995697986,0.020979129880722425,0
616,7,-502.9924363176537,-21.422335163364725,0
616,8,473.59501056154545,21.79387411577012,1
616,9,446.2733311311457,15.238114953391829,1
616,10,464.31482127551544,-1.7533843001614062,1
616,11,479.5476862499939,6.796322773962858,1
616,12,469.69538917853777,3.9791504808413007,1
616,13,522.0816245212537,7.224095270788579,1
616,14,-4.798252562764869,-21.176479534906036,2
616,15,-1.225034852211693,-4.554144074066629,2
616,16,15.137375481082866,-17.303649633226563,2
616,17,-13.354536461939748,-32.136699135245294,2
616,18,-14.50016687646127,-52.432391630846325,2
616,19,-8.569447985776387,-30.13043676366065,2
617,0,-483.6896161098694,-20.444571873817477,0
617,1,-504.34528129233405,14.652687732651923,0
617,2,-468.15043591498255,-6.41476634018124,0
617,3,-471.8443152334446,18.03368507937712,0
617,4,-494.79411803310524,-11.763119160428523,0
617,5,-477.3625544471584,-0.5625465124436954,0
617,6,-494.26796795253506,-0.34158320458258334,0
617,7,-502.81138617737554,-22.6075594241982,0
617,8,472.9852633749359,22.848712105318203,1
617,9,447.4032493372338,14.166821115632352,1
617,10,465.3660199601448,-1.4196633093330588,1
617,11,480.5620631246229,6.079162029321054,1
617,12,470.5026147631546,4.93359424407585,1
617,13,523.6724063732928,7.2214215614034485,1
617,14,-5.680685192745354,-21.180614288521134,2
617,15,-1.2477154675060669,-3.773283210962025,2
617,16,16.04757320495409,-17.225623150722996,2
617,17,-13.846962814550059,-32.3984652914157,2
617,18,-14.054993020246561,-52.22125626244179,2
617,19,-9.92294446773175,-30.387334234518367,2
618,0,-484.9242539356895,-21.109693848141124,0
618,1,-505.2609371410547,15.464265204908527,0
618,2,-467.9117346137311,-6.6841919214022605,0
618,3,-472.83407414445935,17.82337640643123,0
618,4,-496.4985368146239,-11.94518617481851,0
618,5,-476.67393907502975,-0.29268528006618566,0
618,6,-495.4247766004286,-0.7872685690469075,0
618,7,-504.86599366290477,-22.20661855530773,0
618,8,473.82298668181693,21.775708876078063,1
618,9,448.49454734138357,12.433274111233843,1
618,10,467.04898437224523,-0.7115384915011235,1
618,11,482.76827191809616,6.221931779980956,1
618,12,470.51016177621517,4.165015280753803,1
618,13,523.6424503099047,7.687220664599588,1
618,14,-5.562046181707757,-21.148915732890053,2
618,15,-1.2551470418301003,-3.9833475944789773,2
618,16,17.01833589811672,-18.077566819779303,2
618,17,-13.516753565208093,-33.23543082679451,2
618,18,-14.79477355934151,-51.471385470733594,2
618,19,-11.121582559791978,-31.036320384924828,2
619,0,-485.7082714001766,-21.374586397985826,0
619,1,-506.9762572799583,15.075730460158699,0
619,2,-469.5186665774096,-7.435804157315933,0
619,3,-475.8168298456801,18.460743885903053,0
619,4,-497.66873350625525,-11.962448782129027,0
619,5,-478.38087334533486,0.21784089175049326,0
619,6,-497.4740348348316,-1.4980530723250265,0
619,7,-506.3045469372018,-22.28929420888009,0
619,8,474.7493139696833,21.800216133903863,1
619,9,449.5652290550684,13.160979795955631,1
619,10,467.5751501175008,-2.021992096106028,1
619,11,483.5559022737798,6.26023636057796,1
619,12,473.40440739423735,2.889978807914499,1
619,13,525.344825506256,6.87806436134733,1
619,14,-5.514885901252144,-21.78714291599745,2
619,15,-0.49168583948152,-2.8196167629026467,2
619,16,15.683744249278442,-17.54992461719972,2
619,17,-13.29174567919103,-34.1311089656405,2
619,18,-14.851077348613437,-51.63881297800287,2
619,19,-11.207203882128178,-32.06044720015637,2
620,0,-485.46645366067213,-21.300994795057292,0
620,1,-507.1288308556944,15.20766798542634,0
620,2,-469.8804047675829,-7.388162719089155,0
620,3,-475.2772140134821,18.518529477550455,0
620,4,-498.5055605494203,-12.319136058527672,0
620,5,-479.3488921757515,0.9041680401345636,0
620,6,-498.1108925108365,-1.2792362296207473,0
620,7,-505.2353319979301,-22.453760419404503,0
620,8,475.65664480231607,21.2485592397646,1
620,9,450.1481106407034,13.002306365550272,1
620,10,468.76652897620914,-1.4661366770531565,1
620,11,484.70039645828837,5.59503836672109,1
620,12,472.7895289259347,2.3822778271974068,1
620,13,526.6680255939959,7.232666268238952,1
620,14,-5.484929083568236,-21.393662746554618,2
620,15,-1.6528973453672149,-4.248857077823674,2
620,16,16.292226685047577,-17.341800076288052,2
620,17,-12.934522568905793,-32.894676744647924,2
620,18,-15.357427487705868,-52.47900509275141,2
620,19,-11.727927935661116,-31.024078640390304,2
621,0,-486.16296571132324,-20.833512003616036,0
621,1,-508.33576766035253,15.753781148802743,0
621,2,-470.50484275101155,-6.261843472612192,0
621,3,-476.0869799740128,20.083922111110137,0
621,4,-499.8272754444834,-12.066028289965184,0
621,5,-480.69662494267965,0.8663699169943864,0
621,6,-498.9618726560876,-1.991803343789249,0
621,7,-507.5060661771238,-21.81235789659132,0
621,8,473.9715921035547,21.083715801333785,1
621,9,451.16551637110734,12.461354926265324,1
621,10,469.8300126309898,0.04972723770917775,1
621,11,485.8615504441557,6.470608522951137,1
621,12,473.93578213346944,1.709455009696157,1
621,13,526.5524174698102,7.314002400405655,1
621,14,-4.966897529704585,-21.727404597155797,2
621,15,-0.79311401018093,-3.959632681766658,2
621,16,16.60126737675891,-17.750145073081274,2
621,17,-12.280972219264696,-31.796281244253926,2
621,18,-17.10983691164083,-53.12369511347807,2
621,19,-10.955982919295018,-31.464329101734176,2
622,0,-486.8252179768231,-20.52459837663924,0
622,1,-510.6560792204432,14.378441443195992,0
622,2,-471.10758811497766,-5.419868654845198,0
622,3,-477.21578405170925,19.870759398767202,0
622,4,-501.4234137116641,-12.590168318434527,0
622,5,-482.31705222571344,1.6805779871448276,0
622,6,-497.6703448713652,-2.4125177289213102,0
622,7,-508.3456538968109,-21.93071404878817,0
622,8,474.1425428352339,21.80185622898871,1
622,9,452.1711638021349,13.404249505448277,1
622,10,470.46530847344405,-1.0726220931938244,1
622,11,489.2349053413277,6.172071967668513,1
622,12,474.5663738178836,2.2699495264254472,1
622,13,526.8708903916265,6.782390541187772,1
622,14,-5.8368719382620675,-22.05491219933136,2
622,15,-2.198813912309937,-5.539670951517384,2
622,16,15.81681244257056,-17.65075800488763,2
622,17,-11.131405352875525,-32.305489302786896,2
622,18,-17.01280295164623,-53.07865229120969,2
622,19,-9.249120026261293,-31.928498036762893,2
623,0,-487.66699653722,-19.922598445309742,0
623,1,-512.7218573515992,14.900913372712065,0
623,2,-472.4515682977878,-5.435309152499603,0
623,3,-478.1733553533394,20.460662346505035,0
623,4,-502.36567623184294,-12.90248191986435,0
623,5,-482.0777308065355,1.6851304348358533,0
623,6,-497.905229498086,-1.1740077625720118,0
623,7,-509.95877310918416,-21.543985184175067,0
623,8,474.10371049061723,22.851604015563172,1
623,9,452.8024597458554,14.904066792791587,1
623,10,470.55569325948284,-3.0054448903040787,1
623,11,489.43946712362373,7.560234902460452,1
623,12,475.267272155993,1.8746011044242823,1
623,13,527.5719632011914,6.7379683388644755,1
623,14,-5.018620524900307,-20.576976100705696,2
623,15,-1.6990412236668235,-6.743140322669122,2
623,16,16.02101251928368,-16.483635234050297,2
623,17,-11.490634887885886,-33.86528264703757,2
623,18,-15.447986850079097,-52.38196019064634,2
623,19,-8.564252673310195,-32.43821705359039,2
624,0,-489.40327033663027,-21.231653757320228,0
624,1,-513.7876888901344,14.548989304109673,0
624,2,-472.401479625719,-3.61739099684854,0
624,3,-479.18602562843023,20.779539399798793,0
624,4,-503.57787925024604,-14.571719937480935,0
624,5,-483.5877882936686,1.9869795697029162,0
624,6,-497.1590276934786,-1.599787342446076,0
624,7,-511.4936496326528,-21.664250410804232,0
624,8,474.52072522800324,21.981041127891398,1
624,9,454.0405276836064,15.372608347403506,1
624,10,472.57262326176175,-2.5173325505611315,1
624,11,490.0875193005946,6.586724825768319,1
624,12,475.7089840451703,1.900329126274588,1
624,13,528.3087325664868,7.401862127476029,1
624,14,-5.656538638845937,-20.97784392337997,2
624,15,-1.2602957078631043,-7.860629430142339,2
624,16,16.225809733707596,-16.869469766091367,2
624,17,-11.591079968699821,-34.731173151723205,2
624,18,-14.8948367349762,-51.642034910984385,2
624,19,-10.267554794675956,-31.9517745695632,2
625,0,-491.086814045099,-20.93406181933157,0
625,1,-514.656774941224,15.185412199511338,0
625,2,-474.64317843980626,-2.4361105754367,0
625,3,-479.62163636100655,20.95368328275168,0
625,4,-503.4633819854477,-14.345097916574838,0
625,5,-484.3848019586688,2.257720056068389,0
625,6,-497.9412441351832,-2.474609109423743,0
625,7,-512.5109118778814,-22.296819401784663,0
625,8,476.2218206060802,21.658029884697754,1
625,9,456.1668864836502,14.860853395804977,1
625,10,473.5046292585375,-2.846051442921556,1
625,11,491.66560262447445,6.598230031512522,1
625,12,475.40539333053215,2.7754278485033077,1
625,13,527.9334305618602,8.48315903462284,1
625,14,-4.575726282465662,-20.805691765528536,2
625,15,-1.5336165062517189,-6.781071776716362,2
625,16,16.591946712817478,-15.551300647970216,2
625,17,-12.192953165836851,-35.76598319340068,2
625,18,-14.797748115323826,-51.31986510824082,2
625,19,-10.543418252242136,-33.00519692364475,2
626,0,-491.70818455899246,-21.33203019345947,0
626,1,-515.6953671471866,15.653153012696121,0
626,2,-474.73426114769995,-1.843366709768588,0
626,3,-481.2223661731758,21.314363789795156,0
626,4,-505.0085745670404,-14.536244588840749,0
626,5,-485.1585568897701,2.9544301332151175,0
626,6,-498.99008371544767,-0.6059201536218866,0
626,7,-512.8128648883338,-23.81119531419494,0
626,8,478.207779731031,22.504848710014635,1
626,9,457.2215786326702,15.70415014759811,1
626,10,473.3620533882238,-2.216426175211411,1
626,11,491.19627979064757,5.021663378304641,1
626,12,476.968872916719,2.8569686863094503,1
626,13,527.8959495923287,8.222619050742699,1
626,14,-5.3621253718804756,-21.53806085015967,2
626,15,-0.9186953580094867,-7.064771550253143,2
626,16,16.06578567615035,-15.728455045809818,2
626,17,-11.06621409271297,-36.267648467958125,2
626,18,-14.929823086360251,-51.79572010374363,2
626,19,-10.919438272331675,-33.73309271344344,2
627,0,-491.81603457289395,-21.60097461541965,0
627,1,-516.9559391603018,15.837157995841865,0
627,2,-475.8861739656351,-0.8594209904419206,0
627,3,-481.69738654601616,20.89792293385344,0
627,4,-504.94986468896343,-15.2458753125944,0
627,5,-484.8757854662845,2.9202331555556005,0
627,6,-499.89176920792227,-1.7535144116904102,0
627,7,-513.8331390082529,-23.6848971199422,0
627,8,478.8599451780889,23.221269427096306,1
627,9,458.2505411146863,15.32816083971905,1
627,10,474.852893925976,-1.5408516276712632,1
627,11,491.35734683289695,4.988510281840659,1
627,12,477.8459971542263,0.9640987638776202,1
627,13,527.8518036791875,8.620985333138607,1
627,14,-5.062832402994472,-21.92222699228536,2
627,15,-1.7519097133707366,-6.5019849140589825,2
627,16,15.793900805765054,-15.992853266692563,2
627,17,-10.798654251112529,-36.60027709578249,2
627,18,-15.026969691208055,-50.97909525813514,2
627,19,-9.310604181498457,-33.63220242387747,2
628,0,-491.5417743373408,-21.312675315139096,0
628,1,-517.5700631795542,15.836837824778888,0
628,2,-477.1254790791952,-0.4263346812018527,0
628,3,-482.53647569195385,21.867576586500505,0
628,4,-507.1588848992345,-14.67037725780967,0
628,5,-485.21367285967494,2.9650723133405075,0
628,6,-499.7232552043637,-1.582439698376132,0
628,7,-514.2214952849389,-23.67734943079519,0
628,8,481.09028723596975,22.40363517855852,1
628,9,460.1888809825548,15.704422249339904,1
628,10,474.7543095532673,-3.5221138125261295,1
628,11,491.7743912813207,5.192096226351917,1
628,12,478.0262919423715,0.6512740929972349,1
628,13,529.8243475949305,8.03244852798613,1
628,14,-4.693726132717167,-22.183829961261228,2
628,15,-2.498022087864692,-4.0448207359678765,2
628,16,16.55773315707716,-16.00501694700922,2
628,17,-10.374020974664132,-34.38620471918254,2
628,18,-13.955532834396536,-50.963172613664916,2
628,19,-10.083463604257862,-33.461512855184104,2
629,0,-490.3218074338881,-20.49496566159995,0
629,1,-518.3436842167187,15.352815293578313,0
629,2,-478.73239063255505,-0.008673467063448292,0
629,3,-483.9502898138029,22.60691339964862,0
629,4,-507.76927444339674,-14.651413127141115,0
629,5,-487.2577354828948,3.7417275246351336,0
629,6,-501.25894439328994,-1.2069079516092476,0
629,7,-514.1998157948749,-24.340563530333714,0
629,8,482.12490374363813,22.762524086706044,1
629,9,462.52878969925234,14.324803526474533,1
629,10,475.1032189321275,-4.2468506589347745,1
629,11,492.3348980959268,4.631318073790036,1
629,12,478.55558746824977,0.22487893459362218,1
629,13,532.3286879580626,8.842285739342557,1
629,14,-2.4236207200216136,-21.19909888115288,2
629,15,-4.014521051382298,-3.360913075311074,2
629,16,16.75633808913319,-16.01971323916098,2
629,17,-10.252251055948927,-34.37609372047892,2
629,18,-14.962685140954969,-52.132493633376995,2
629,19,-10.668805819722841,-33.472628880107,2
630,0,-492.31400726651503,-18.533132460200342,0
630,1,-519.3330800536864,16.00835959904101,0
630,2,-479.2883829131278,0.10357522083742937,0
630,3,-484.2534687925626,24.759248471518013,0
630,4,-509.24850547438956,-15.383653430232345,0
630,5,-488.05308264935314,3.905622938484345,0
630,6,-502.80794709236375,-0.3944943785883295,0
630,7,-515.3385815267366,-24.44652751154269,0
630,8,482.5937906599604,22.68473391659125,1
630,9,463.4592816339297,13.563952397511255,1
630,10,475.7826466959313,-4.85594389682632,1
630,11,491.773428475907,3.7709284815335393,1
630,12,479.81263652109044,-0.2408543984313244,1
630,13,532.5203980358071,8.47238974851818,1
630,14,-2.0956429717815994,-22.051688505004044,2
630,15,-3.6468431464958218,-3.1720794763258935,2
630,16,16.136502986857803,-16.19538987921743,2
630,17,-9.815730118342426,-35.185627703352644,2
630,18,-14.700596236840186,-53.28465868064372,2
630,19,-9.93724157054139,-32.64203846775916,2
631,0,-493.52513641579196,-17.911400742034687,0
631,1,-519.6951805193901,15.745285460692239,0
631,2,-480.5444096398876,0.9713086161727633,0
631,3,-484.7809794546907,23.670089985943363,0
631,4,-510.7437092871829,-14.630918524428317,0
631,5,-487.9074187615375,3.188796765721669,0
631,6,-503.20466259457817,-0.741254853088431,0
631,7,-516.4092241716754,-23.205000973565966,0
631,8,483.31162744505826,22.240073739466293,1
631,9,463.74901861275197,14.623768478103937,1
631,10,475.12994468131683,-6.291393825202366,1
631,11,492.2821870880989,2.2646928952282845,1
631,12,481.10863914684796,0.22958042854823152,1
631,13,533.2033736574806,7.6730948219214365,1
631,14,-2.0599694988721517,-22.456129280042948,2
631,15,-3.1686273087311605,-2.233168883322578,2
631,16,16.119212620277036,-16.15454715978282,2
631,17,-10.671359197769698,-35.463428392131,2
631,18,-14.691322981527058,-54.24341977656925,2
631,19,-8.937663820383758,-33.54672502515603,2
632,0,-493.6708040260401,-17.675508979844825,0
632,1,-521.1026471007365,16.635639463129234,0
632,2,-481.4019928782622,2.0633008060589693,0
632,3,-485.6843856756768,23.32521946608264,0
632,4,-512.7850705746727,-14.019171950726669,0
632,5,-489.247684622293,2.6817858616773194,0
632,6,-504.24657137430626,-0.41096297466155884,0
632,7,-517.2919421735854,-22.26600516467939,0
632,8,482.18513175665026,21.638470500950397,1
632,9,464.85090710045074,13.879222436610831,1
632,10,474.82243416975246,-5.330237090512938,1
632,11,492.6328425519553,2.845280774964279,1
632,12,480.2694955694263,-1.3323355212900887,1
632,13,533.9291937604393,8.250224463255412,1
632,14,-2.0302446766334246,-23.447116685057175,2
632,15,-4.608578971050959,-0.8346137567573029,2
632,16,15.680809533331791,-15.832600919426445,2
632,17,-11.16332661983157,-35.5338687646724,2
632,18,-14.213965357154386,-54.807828932807524,2
632,19,-8.764606152124465,-33.823358507127,2
633,0,-493.5760207439697,-18.03804745448101,0
633,1,-522.4309930538785,16.709188913442688,0
633,2,-482.33877443906596,2.8447690568071615,0
633,3,-486.7211222725259,22.759758621861756,0
633,4,-512.518117263282,-13.94850260431022,0
633,5,-489.2882945930171,2.835798926903423,0
633,6,-503.89181882845963,0.47965209335309733,0
633,7,-518.2900863995984,-23.402951359172246,0
633,8,481.7847537136513,20.30810172178117,1
633,9,464.6427155847834,13.586784687200215,1
633,10,476.1097831719952,-5.1709461304704245,1
633,11,493.8350245301954,1.3012573147049638,1
633,12,480.6890758553199,-1.5706108360651863,1
633,13,533.8790624312189,8.236777949450808,1
633,14,-2.8341750636966667,-22.16247622194511,2
633,15,-5.244728816431142,-0.7829484791303977,2
633,16,16.61024333209106,-16.415180276204254,2
633,17,-10.234724824702258,-35.647427511059114,2
633,18,-13.764252526110583,-54.03795188692946,2
633,19,-8.618753340139891,-32.009496699676696,2
634,0,-494.9989860215126,-18.98160313790279,0
634,1,-522.5590409583031,16.407972427728218,0
634,2,-483.2643760459258,3.463758616761225,0
634,3,-487.066070885515,23.948531356443745,0
634,4,-512.7042161399157,-13.809850901162914,0
634,5,-490.4409505292478,3.0467366226788983,0
634,6,-504.81122551146075,1.4198842641349347,0
634,7,-519.4132722030205,-23.398991005020452,0
634,8,482.55348727366396,19.742766847603544,1
634,9,464.84706326518346,13.407533357862754,1
634,10,475.6185316218863,-6.018638645196635,1
634,11,494.5747293990864,0.8365414797290087,1
634,12,481.5193510887765,-1.8287182498854389,1
634,13,534.4555981127844,8.786803085838311,1
634,14,-1.7618495920689377,-22.18083166332722,2
634,15,-6.157264494724955,-1.4965635958593824,2
634,16,16.071080867510037,-16.006678546734715,2
634,17,-10.395879932995575,-34.45320029149827,2
634,18,-14.190684603708492,-53.39130439513181,2
634,19,-8.572470156421781,-32.53749041709967,2
635,0,-496.21927544278475,-19.351653177350734,0
635,1,-522.855887369678,15.35551706152292,0
635,2,-484.0836886307811,4.9014862113721005,0
635,3,-487.3075727477097,23.822296230369833,0
635,4,-514.5150548103635,-14.1896241668564,0
635,5,-491.0219129867554,3.2119570042953254,0
635,6,-506.5410139224137,1.8868894108189165,0
635,7,-520.4763709897143,-22.97964487248302,0
635,8,483.6615764423012,19.441547813861312,1
635,9,466.0710509365336,13.042892018867285,1
635,10,476.89369114989324,-6.874261206637433,1
635,11,495.5006229532146,1.097537656798782,1
635,12,482.0123726699236,-1.9846030414922335,1
635,13,534.6110948826521,9.038191078633696,1
635,14,-1.988591931103088,-22.273370971172575,2
635,15,-4.309509237796854,-1.1054920099914152,2
635,16,15.196233248582525,-16.72156994338374,2
635,17,-11.917535385349714,-33.78629437435809,2
635,18,-12.792207276910776,-52.87092893653349,2
635,19,-9.055333885857832,-32.92358775228039,2
636,0,-497.1671076694685,-18.57941904340027,0
636,1,-522.1939364500764,15.086620512799643,0
636,2,-483.93610659487535,5.446368496493087,0
636,3,-487.4422998626071,23.178863493786086,0
636,4,-517.3514967082142,-13.934276504350153,0
636,5,-491.63570974572133,3.153865833093415,0
636,6,-507.31569688325317,2.2761824350744795,0
636,7,-521.4826418760781,-23.48005523962103,0
636,8,484.03470053107264,19.01522358235564,1
636,9,466.02123918619446,13.38228924320973,1
636,10,478.1012935909413,-7.670630950565463,1
636,11,495.61238681748074,1.0924764068858324,1
636,12,482.7335043618471,-2.8588118568212284,1
636,13,537.6729906563252,9.334565826940125,1
636,14,-1.3792045823910457,-22.778044514809594,2
636,15,-4.615802989152794,-0.7086733642647749,2
636,16,15.1160091167479,-16.348650884977584,2
636,17,-12.749263876349918,-33.854051216113156,2
636,18,-11.851657192668833,-52.91892839915104,2
636,19,-9.894131841288553,-32.746760197394835,2
637,0,-498.4466309323379,-18.720578491908114,0
637,1,-523.5196161845989,15.711394642109557,0
637,2,-484.1799827931303,4.320067364438948,0
637,3,-489.0926767741053,23.544769824937717,0
637,4,-516.694049959505,-13.49201344847595,0
637,5,-492.08646258333175,3.8168031437744716,0
637,6,-508.6233793765661,2.5096842749450916,0
637,7,-523.2119527036635,-23.961154075252516,0
637,8,485.6209445440012,18.49772642899452,1
637,9,466.3880737190223,13.987612374011698,1
637,10,478.1924702847894,-8.344499104375679,1
637,11,495.5269356383519,1.4852110526747184,1
637,12,484.287861600463,-3.9229962913034657,1
637,13,538.2601989313075,9.361516505860697,1
637,14,-1.8157872163449431,-22.277976855022075,2
637,15,-4.178516393220171,-0.7882728662331514,2
637,16,14.4405883461864,-15.533896039628557,2
637,17,-11.403558964769518,-33.619937581148356,2
637,18,-11.784219721676523,-52.30828150324835,2
637,19,-9.992525498248611,-31.584378880162813,2
638,0,-498.6816308293513,-18.04714801318549,0
638,1,-525.0927268301467,15.277885802194557,0
638,2,-485.14410737492716,4.1292020410733645,0
638,3,-490.18347780701157,24.085526535019902,0
638,4,-518.672407832645,-13.387529450258532,0
638,5,-492.4869464921698,4.154155555324687,0
638,6,-509.0190754945812,2.306234038920431,0
638,7,-523.3533061399936,-24.34501376799993,0
638,8,485.6843908082821,17.751257977473912,1
638,9,468.3089928241733,13.91510484545609,1
638,10,480.47574422512815,-7.925978753921981,1
638,11,496.13190172382457,2.0697688269123367,1
638,12,484.12587047624856,-3.7495106292968785,1
638,13,537.1304051108186,9.739340627649273,1
638,14,-1.1088493374455777,-21.1037002053238,2
638,15,-4.8688307582060055,-0.7543689624585973,2
638,16,14.815063606913244,-16.766903493096525,2
638,17,-10.764450795935444,-33.01583695269696,2
638,18,-11.931297014878934,-52.322354481403856,2
638,19,-9.945648469614241,-30.96103698201456,2
639,0,-498.9732526137967,-17.771703603264996,0
639,1,-527.6571678559002,16.296077077917506,0
639,2,-485.52087073517924,4.867615639342832,0
639,3,-490.50340167378704,22.712604877185765,0
639,4,-519.0087983418033,-11.838680440136656,0
639,5,-493.4663899649089,3.000717686136751,0
639,6,-510.07680023551615,2.4533985072343243,0
639,7,-523.731810549135,-23.665563972723685,0
639,8,486.89643063403565,16.619854347941303,1
639,9,469.2711392648571,13.160256448130706,1
639,10,480.51671813064183,-7.498882759957183,1
639,11,496.11087161168155,2.089182249485506,1
639,12,484.5647170954138,-4.471480272346231,1
639,13,537.9872811141297,9.32396745039261,1
639,14,-1.2802943675674037,-19.576230250839842,2
639,15,-6.235123766578937,-0.8461143974003255,2
639,16,14.001458714599009,-16.17903050548806,2
639,17,-10.527989842382121,-33.77881175080074,2
639,18,-11.280066250847266,-51.27982702479884,2
639,19,-12.210721994508459,-31.15869011996751,2
640,0,-500.85590951172503,-18.09836949852099,0
640,1,-528.969266154402,15.873695366880492,0
640,2,-485.49762014649946,5.743335165607046,0
640,3,-491.5103796540975,23.916696895761223,0
640,4,-521.2098504868783,-11.189807228053963,0
640,5,-494.4360108762171,2.0676733034503254,0
640,6,-510.96329195659587,2.0739639664610676,0
640,7,-524.6445539713444,-24.62446438089859,0
640,8,487.44003939042847,15.734906169887095,1
640,9,469.54519676746577,14.612522751236186,1
640,10,479.4534314099938,-6.817386914389472,1
640,11,497.2062221162425,1.67961932780732,1
640,12,485.2959604704226,-3.920361672648785,1
640,13,539.142463011914,10.018838244228453,1
640,14,-1.6571974177481965,-19.463165504475388,2
640,15,-6.065116397679296,-0.9190306028414932,2
640,16,15.033018192511253,-15.31726451626262,2
640,17,-10.303649295423684,-32.29185197161448,2
640,18,-11.085096455018796,-52.12035633000937,2
640,19,-13.191004390304304,-32.30941897868046,2
641,0,-501.5235893144441,-18.97864180321755,0
641,1,-529.247959371905,15.650245756463578,0
641,2,-486.1859493513573,7.30973489398043,0
641,3,-490.2310550903432,23.92856221402038,0
641,4,-524.0535331347213,-11.19874094072269,0
641,5,-495.0617325340413,2.007398911323776,0
641,6,-511.99005801951773,1.2524152887697357,0
641,7,-524.8481416377708,-24.41921930343762,0
641,8,488.84477212891636,16.478847994356887,1
641,9,470.33209355028686,14.504265736498013,1
641,10,480.892014120028,-7.14788656001055,1
641,11,498.54616743766303,1.8706432586529098,1
641,12,486.76400642694244,-3.7812888606173773,1
641,13,541.618093177784,10.213037097586152,1
641,14,-1.007484883285169,-19.38301212461491,2
641,15,-5.112846924327518,-2.057810716890023,2
641,16,13.931578568113588,-15.629492917990937,2
641,17,-9.148719549812265,-31.440367461836345,2
641,18,-10.835439575560294,-51.497298032677236,2
641,19,-12.618325212932197,-29.938831316192093,2
642,0,-501.8250699530623,-19.551651664473894,0
642,1,-529.0008550867996,14.96559773947825,0
642,2,-488.6515026449337,7.111625104161042,0
642,3,-490.82431490301644,22.64263250542753,0
642,4,-523.1376913566168,-11.495360290323777,0
642,5,-495.0071869218325,1.3519416469332053,0
642,6,-512.0037966342827,-0.4928779525948175,0
642,7,-525.795329768783,-24.742389990707327,0
642,8,488.67109088592974,17.873831813393185,1
642,9,469.9648758575239,15.134632072107378,1
642,10,481.7589072757106,-7.377707585230602,1
642,11,499.73918999264475,2.1461506483908597,1
642,12,487.90359806118005,-5.308905119569175,1
642,13,542.3200548756543,9.482318639553936,1
642,14,-1.7207200350501508,-19.3260514401056,2
642,15,-5.90261478493191,-1.8308919236205385,2
642,16,13.019976534633388,-16.81473295398836,2
642,17,-8.982387907121913,-30.774358041415063,2
642,18,-11.142147144080699,-50.86233614968178,2
642,19,-12.039044546575035,-29.32223126376567,2
643,0,-501.7592048616591,-19.37336092623822,0
643,1,-528.6375767329253,14.515367015273949,0
643,2,-489.1608044124465,7.149857777162938,0
643,3,-492.10136489568066,23.23480087345962,0
643,4,-525.4234897845597,-11.310438553782726,0
643,5,-495.3141420514977,2.16030358432551,0
643,6,-512.8471654910275,0.1539067086864595,0
643,7,-525.8435405062852,-24.94398636398873,0
643,8,489.4828325802334,16.86253799061083,1
643,9,469.65866863309077,15.171658991166819,1
643,10,481.3105507087767,-6.633239637585644,1
643,11,499.395434876922,2.9887475217072312,1
643,12,489.56988910183026,-5.1244374537272535,1
643,13,542.6823341225328,9.175408637102347,1
643,14,-1.843387042501202,-19.664848919177885,2
643,15,-4.204100376114223,-1.0091458281654697,2
643,16,11.99886351565586,-16.951156586114347,2
643,17,-9.833383264258805,-30.61137189685389,2
643,18,-10.761873465885653,-51.41490664855522,2
643,19,-11.002340804839276,-28.52627460526906,2
644,0,-501.52652863091384,-18.50935546628341,0
644,1,-529.3889610680209,15.851920613714794,0
644,2,-489.5422862174736,5.445246665483928,0
644,3,-492.95669604706643,23.2105470349207,0
644,4,-525.6950522775293,-10.531421147878822,0
644,5,-495.75632365990924,2.64073097245915,0
644,6,-514.2268989512271,0.14725877478289448,0
644,7,-527.5706196665799,-25.008861527235382,0
644,8,490.81619512808066,16.939805581465745,1
644,9,470.6990321724838,15.463234298312356,1
644,10,483.053527590219,-6.777945239688602,1
644,11,501.1160574331329,2.822022334153801,1
644,12,489.6058512906243,-5.306271777246392,1
644,13,542.8093952940068,10.30265359687639,1
644,14,-1.3237229108926358,-18.408483055219406,2
644,15,-5.407891332622797,0.22005402493395243,2
644,16,12.050740262414449,-17.653641842796162,2
644,17,-10.873510334912112,-31.108184263257588,2
644,18,-11.34651354089896,-52.594561038057634,2
644,19,-11.053644252000344,-28.17310760508896,2
645,0,-503.4354698499015,-18.67544225980653,0
645,1,-530.2609415660977,16.063220297614833,0
645,2,-489.3123949231513,5.271152330676794,0
645,3,-494.24348887456534,24.21250909852108,0
645,4,-527.9171098072324,-9.943275262978096,0
645,5,-497.71519283631005,2.2168840098056273,0
645,6,-514.61289397338,-0.43590280251162206,0
645,7,-529.4858879941522,-23.897449085961213,0
645,8,492.0111568763764,16.243363940802993,1
645,9,472.4878664032912,15.624089954189817,1
645,10,484.60668880106186,-7.728992521087333,1
645,11,502.1114491535645,2.4948738964442123,1
645,12,490.8240031441218,-5.637268831843822,1
645,13,542.4257535503505,9.920054377125847,1
645,14,-0.9029031956769522,-17.036281595330728,2
645,15,-6.0471984305327195,0.6914524463772553,2
645,16,11.061415929705806,-17.97101026824914,2
645,17,-10.990043264116986,-31.362987955636832,2
645,18,-10.102264363881542,-52.9155984857356,2
645,19,-12.022980180864412,-27.16200157427479,2
646,0,-505.0815265372855,-19.269742869492088,0
646,1,-530.7170075255887,17.371361480874356,0
646,2,-489.76182309408216,4.856435945105279,0
646,3,-494.2754855917485,23.169695021463685,0
646,4,-530.0272259106121,-9.574812487368124,0
646,5,-499.64067707018023,1.4902170472873264,0
646,6,-514.3572766638259,-0.11451251318055261,0
646,7,-530.1094172491088,-23.024990461331967,0
646,8,492.6048749002895,13.393468019058858,1
646,9,472.4147847478319,14.391069850307568,1
646,10,483.9467335299044,-7.044644412135228,1
646,11,503.7606433373478,1.7730796899647507,1
646,12,492.83509043390256,-6.056300141785381,1
646,13,543.7473506773226,10.641127260792382,1
646,14,-0.8401098948746273,-16.543357644972023,2
646,15,-5.087374858578572,1.4669320858568917,2
646,16,10.344231798412409,-17.798248158891155,2
646,17,-11.164151455400818,-31.564489673813576,2
646,18,-10.552803924113162,-53.05672305618901,2
646,19,-12.959163702240502,-26.514622932475845,2
647,0,-504.5132242400224,-18.2711232729939,0
647,1,-531.433009069937,16.582592556574657,0
647,2,-489.63743566298865,3.0601430608650637,0
647,3,-494.5224612009299,22.25049137634321,0
647,4,-530.6008025647412,-9.703112997025427,0
647,5,-499.9534315497855,1.674803145218239,0
647,6,-515.5422548910874,-0.2571996963698705,0
647,7,-530.6910597885695,-23.632523569618304,0
647,8,493.3080614708645,14.977584531212212,1
647,9,472.41437022109693,15.003506177566127,1
647,10,485.3186453864626,-6.124647699846298,1
647,11,504.8270140320319,2.4804324328295437,1
647,12,493.66671249967476,-7.117559560092978,1
647,13,544.4502931336193,10.41466012980065,1
647,14,0.03380980396532485,-16.116139740962495,2
647,15,-4.32190270933682,1.6415170705348952,2
647,16,11.283076394620386,-17.272894050474033,2
647,17,-12.04875432575875,-30.81097734818272,2
647,18,-11.484981904292628,-53.12425969738443,2
647,19,-13.606766822018605,-25.39329605098761,2
648,0,-506.0110743460809,-18.618673002365732,0
648,1,-532.4379534304704,17.321857087296838,0
648,2,-490.04069147719565,3.6392169180802907,0
648,3,-495.6695997191434,23.00384957533308,0
648,4,-531.2869309506517,-8.328327027861185,0
648,5,-501.3070429382723,0.33211082405265624,0
648,6,-516.4112362001313,-0.7543636717189531,0
648,7,-531.4842545424505,-23.250744440195472,0
648,8,494.39154766918284,15.19417426250934,1
648,9,472.088828251994,14.715671794174705,1
648,10,486.252963098479,-6.619036229889169,1
648,11,504.8169180632915,2.5882963454729784,1
648,12,494.3364608029425,-6.470765351075011,1
648,13,543.6869453896717,10.906130594354249,1
648,14,0.1161176471485782,-16.661586517301764,2
648,15,-4.517946268086356,1.6828109497689852,2
648,16,10.826162816265521,-16.175448999280444,2
648,17,-13.171464021057158,-31.953140194107203,2
648,18,-11.886121774191198,-53.825820307574844,2
648,19,-13.31720546133496,-24.851252242424348,2
649,0,-507.279454213023,-18.70804510388271,0
649,1,-533.3748262686062,18.296827145147606,0
649,2,-489.0726334293862,2.836336273907251,0
649,3,-496.32474228671975,23.283375689961545,0
649,4,-532.3808169652245,-7.854687490081565,0
649,5,-501.0596494643822,-0.20895177699559286,0
649,6,-518.2499386246709,-1.7855625790363838,0
649,7,-532.3863608416336,-23.40010503925397,0
649,8,494.5498576394794,15.436891358896059,1
649,9,472.3201343545946,15.95602427757484,1
649,10,486.0992093118124,-6.066272437117288,1
649,11,505.38203965872344,2.0430104150891735,1
649,12,495.7307089308703,-6.451630403275814,1
649,13,544.0484421265252,10.273524111285019,1
649,14,0.5181289359325356,-15.927054668456938,2
649,15,-4.217777296209916,2.010962903062756,2
649,16,11.473352149484455,-16.27748049227724,2
649,17,-12.792497333908543,-32.421356091139984,2
649,18,-11.747019552035962,-55.57575755448351,2
649,19,-12.734438243376145,-24.91546057491469,2
650,0,-508.7429050712308,-17.90196157820773,0
650,1,-536.2843647789713,18.696615572431696,0
650,2,-488.2862813610287,2.28782574655567,0
650,3,-496.47589064259273,24.39875082254347,0
650,4,-533.5851139088254,-7.444781976034179,0
650,5,-499.30242435948065,1.5688878854871648,0
650,6,-519.4635235048582,-1.5837624843024045,0
650,7,-531.8761392778775,-23.492202349098754,0
650,8,495.1717439513475,17.04396255049193,1
650,9,471.914468985382,16.22481963540854,1
650,10,487.4581998705738,-4.35985168284372,1
650,11,505.9408689271421,2.656634256148854,1
650,12,495.362244385352,-8.281240042640427,1
650,13,545.3740583733412,9.19509751182531,1
650,14,1.5597999459149128,-15.545509487525287,2
650,15,-5.732666581769404,2.094216730382049,2
650,16,10.850708459219623,-16.100583476678977,2
650,17,-12.275416437959924,-32.82320419753069,2
650,18,-12.014583981973248,-56.0811152476268,2
650,19,-14.000551050341437,-26.071582814525225,2
651,0,-510.3968768699128,-19.064569612147984,0
651,1,-536.5362570341636,18.37693780229492,0
651,2,-490.22199977541703,2.3047811781363023,0
651,3,-497.51608530398846,25.572286209702906,0
651,4,-533.4448123496672,-7.68493347016083,0
651,5,-500.26276181994785,1.6141281279079012,0
651,6,-520.5958476488038,-0.6766607733335102,0
651,7,-531.8830134338023,-23.460461030990274,0
651,8,496.0007850906636,18.03210236863468,1
651,9,472.0248362821737,17.062991659022856,1
651,10,487.4687999564997,-5.283628528441874,1
651,11,507.3352537436132,4.205201742995808,1
651,12,496.2977641576206,-8.3521945740546,1
651,13,547.7104029911814,9.133496962936277,1
651,14,1.0956379521728006,-16.13115609365225,2
651,15,-5.524403039716205,1.9711672941585847,2
651,16,10.340223007773446,-16.197720254369855,2
651,17,-11.255962103116829,-32.89712752084972,2
651,18,-12.83307086489501,-57.14981658279976,2
651,19,-13.315831645358191,-26.98160186891199,2
652,0,-511.423364342335,-19.234192045987157,0
652,1,-537.2203414666535,18.108880010155303,0
652,2,-490.1624968078488,1.6976515335281517,0
652,3,-497.9747436959024,25.542122828009926,0
652,4,-534.4677439211488,-8.440806351326334,0
652,5,-500.7947296187103,1.468886355682691,0
652,6,-520.4552480286488,-0.08315355957707771,0
652,7,-531.1341820010566,-23.424731232188183,0
652,8,496.9505202885877,17.788306592340387,1
652,9,472.87433728414163,16.588046305889943,1
652,10,488.80188413030737,-5.830890274066393,1
652,11,507.56181007445923,4.40609058138594,1
652,12,496.75849944349625,-7.687199215017231,1
652,13,547.5103997391426,10.090455785303615,1
652,14,-0.07125713876029982,-16.510333761411694,2
652,15,-4.3743101017070884,2.9149175928041973,2
652,16,9.854562018747616,-15.40010733914841,2
652,17,-12.07962384122621,-33.160275273273676,2
652,18,-13.706169639613284,-58.696289863545495,2
652,19,-11.129286459764494,-29.716603747872533,2
653,0,-512.0599997884916,-19.4963847374868,0
653,1,-536.7553622064705,18.73481629755663,0
653,2,-491.06200386786367,1.9194280413096916,0
653,3,-500.46395243155166,24.168209215645536,0
653,4,-534.7684274674267,-7.980766129832295,0
653,5,-500.9641291257481,3.074646592318008,0
653,6,-520.145721062154,0.8425999917861421,0
653,7,-532.5602778020036,-22.936455812043228,0
653,8,497.13588785130025,19.64321802852485,1
653,9,473.4094821838917,18.1771475980315,1
653,10,490.12149393120455,-6.432302717200104,1
653,11,508.7124182191577,4.968085109619422,1
653,12,497.1361842363611,-7.437337646667708,1
653,13,547.7960507062511,10.299212346082589,1
653,14,0.22112038031446019,-17.418753840781893,2
653,15,-3.849314866916044,3.193221035362106,2
653,16,9.628526594354344,-14.198733571645233,2
653,17,-11.756827745771439,-32.51987249678524,2
653,18,-13.732026740575154,-59.74722221785158,2
653,19,-11.498886582364728,-30.430452209738043,2
654,0,-513.280311802943,-18.854220870905753,0
654,1,-538.5121796574057,19.602748918710557,0
654,2,-491.9096848829539,1.894746870280897,0
654,3,-501.12370965458655,25.694950312635026,0
654,4,-534.641495538496,-7.788742797730263,0
654,5,-500.49646701050375,3.505847219272582,0
654,6,-521.483439814288,0.8562204793376462,0
654,7,-532.4989480171681,-22.716578033264003,0
654,8,497.86305993816,20.587243497543675,1
654,9,473.67994576272645,17.267486007024075,1
654,10,492.56759042731505,-6.429005764323767,1
654,11,509.9273518836945,6.502161930213068,1
654,12,498.88078516644583,-8.156222515211812,1
654,13,549.0611835006907,10.022487884331442,1
654,14,0.6072278889429465,-16.795609665702326,2
654,15,-3.461056651942961,2.1647168338803713,2
654,16,10.421281564990602,-14.243331211118209,2
654,17,-11.435882344686732,-33.16698767039033,2
654,18,-13.64461933848589,-59.0730710822853,2
654,19,-12.13375960542493,-30.737612581316135,2
655,0,-514.6078904315531,-18.212569470392573,0
655,1,-538.5070611203732,19.01475754797793,0
655,2,-491.17212043869307,1.5053601486364285,0
655,3,-501.73507404273215,25.102415123724846,0
655,4,-535.4294699296696,-8.170175159854306,0
655,5,-501.71649393193184,2.8400491239250116,0
655,6,-522.7383945966966,0.4134320893740287,0
655,7,-533.2384441343288,-24.221169417383162,0
655,8,499.1637924198742,21.229485737139143,1
655,9,473.400833817207,17.845497057166178,1
655,10,492.6684202552999,-4.989419229332585,1
655,11,510.0480398000298,5.242094012929961,1
655,12,498.9470382868131,-8.556204839316568,1
655,13,550.214871752615,11.034358043877951,1
655,14,1.1203630500370045,-17.258432610325936,2
655,15,-4.495679315794993,0.9709102951705093,2
655,16,10.019059524471903,-13.947830949170758,2
655,17,-11.375835915474529,-33.28494097277647,2
655,18,-13.068352518236335,-59.60349020676653,2
655,19,-12.983163648509844,-31.116732720995817,2
656,0,-515.5159928217716,-18.10404583067349,0
656,1,-539.5608449490668,17.46529050708029,0
656,2,-492.42229893337037,1.7903849353901444,0
656,3,-502.9941674925571,26.51519971260324,0
656,4,-535.4581268679486,-6.467486899652421,0
656,5,-501.4904589065479,1.1927384264788832,0
656,6,-523.0037045227074,0.8578225871319445,0
656,7,-532.7098069411313,-24.648095195391495,0
656,8,500.30420789457116,20.82076125481892,1
656,9,473.2378683654729,18.09111049620106,1
656,10,492.44231246022554,-4.055012941378585,1
656,11,513.0467997093632,5.255834054388469,1
656,12,500.0033178220035,-8.662993117255766,1
656,13,551.3720591352975,11.080105003622547,1
656,14,2.690820933200233,-17.368022266112256,2
656,15,-5.091232963821442,2.098969723175108,2
656,16,9.513687361535318,-14.337830681328535,2
656,17,-11.183444664864853,-32.72693735377605,2
656,18,-14.83596702935016,-58.84417700817813,2
656,19,-12.397121406619407,-31.889755808784734,2
657,0,-516.5644752121523,-18.671388326317253,0
657,1,-540.58907699088,15.464625194643462,0
657,2,-493.0456490381819,1.1472782812989328,0
657,3,-504.20301828347874,27.871461039734605,0
657,4,-536.294667409452,-6.220356594249875,0
657,5,-502.749925685703,1.095589781181662,0
657,6,-524.0506303377873,1.4720363240996952,0
657,7,-534.6888972767724,-24.454115999667827,0
657,8,501.2678808398987,21.224541986560645,1
657,9,475.53306392768775,17.344853340084708,1
657,10,494.2996457666189,-3.4240244440227823,1
657,11,514.4948222476753,5.174780700148869,1
657,12,500.2879605655216,-6.788702106116819,1
657,13,552.1951403630912,9.937361392755363,1
657,14,1.788118603322489,-16.153635031660045,2
657,15,-5.576323914873132,1.535687224740697,2
657,16,11.266452814009188,-13.945090683320842,2
657,17,-10.678255632767078,-32.666382170924734,2
657,18,-15.85848812881745,-58.75523648551603,2
657,19,-12.477530517274207,-30.534223339759777,2
658,0,-517.3874534588741,-17.61315875160845,0
658,1,-541.1915202542622,14.611299547843032,0
658,2,-493.3802016450034,0.7253330728386502,0
658,3,-506.4798519017432,28.214431208986994,0
658,4,-535.5147602488607,-7.186828348863207,0
658,5,-502.4423860442341,-0.43542610490101463,0
658,6,-524.4942880775928,1.7782854013573712,0
658,7,-536.060835305428,-24.811073884119416,0
658,8,500.94515355172246,21.341944886913904,1
658,9,478.08197651703614,16.986227291660175,1
658,10,494.9768481056415,-3.1923629427307665,1
658,11,516.0115122094724,6.065149052428811,1
658,12,501.86557169463595,-8.065920257788576,1
658,13,553.2431929653769,8.35550829797917,1
658,14,2.601263773212554,-15.136041520014935,2
658,15,-6.702915207412486,1.047003264362876,2
658,16,10.358117375456748,-14.39757544185321,2
658,17,-10.872501242419382,-31.672843011191684,2
658,18,-16.436115433643696,-58.509130368420806,2
658,19,-12.02665982730438,-30.23901460198693,2
659,0,-517.7200079111666,-19.0685291148142,0
659,1,-542.6042999316388,14.352573521903661,0
659,2,-493.9178851872916,0.32086562037123095,0
659,3,-507.27208312621343,27.284720164440227,0
659,4,-535.8918977002422,-7.518999332841215,0
659,5,-504.08905493686655,-0.6818686180946183,0
659,6,-525.1931411669068,0.11463482276502224,0
659,7,-536.4286817422753,-23.997384696600278,0
659,8,502.7111305876122,21.014840505475394,1
659,9,479.3948347759236,17.035501132685386,1
659,10,495.84627183757027,-3.765481407796477,1
659,11,515.9594239217655,7.781912378423748,1
659,12,503.046519495145,-7.933730971810948,1
659,13,552.7357992142166,8.780930709222954,1
659,14,1.8723455656543013,-14.565750595156405,2
659,15,-5.991985929683899,1.2084681472746988,2
659,16,9.777549055813893,-13.434128626901735,2
659,17,-9.4981500966462,-30.32473503522459,2
659,18,-16.277255252151125,-57.90186738952755,2
659,19,-12.60246469942819,-28.667486601715535,2
660,0,-518.4281992186051,-19.317291390564293,0
660,1,-544.0630564314521,13.953697305261322,0
660,2,-494.9233665290921,2.003803787917319,0
660,3,-507.17020572147305,27.169511450412813,0
660,4,-537.2831791524744,-7.306714038814699,0
660,5,-505.89960594346303,-1.361435628950756,0
660,6,-526.1632685753781,-0.1442563213063764,0
660,7,-537.5920593926955,-23.49763585169899,0
660,8,503.113361715799,22.24215653474929,1
660,9,480.2349106537223,16.133102180971036,1
660,10,497.5004812865513,-3.6274074522989626,1
660,11,516.0200816952236,7.771899792816306,1
660,12,502.600053119976,-9.281258782851017,1
660,13,553.6315097996543,9.43699788397713,1
660,14,1.92346149924714,-13.61820377797767,2
660,15,-6.126509724855435,0.18616563992124724,2
660,16,10.883513490530085,-14.633179355135567,2
660,17,-8.772436433370787,-30.026152955662138,2
660,18,-17.197226485256937,-58.040669780980906,2
660,19,-11.300108702438951,-29.908600941338655,2
661,0,-518.3266254050199,-18.785670675323104,0
661,1,-545.0610718396872,14.53743767019839,0
661,2,-496.37186765856626,0.15806562973114713,0
661,3,-507.5035481072227,26.916992379498446,0
661,4,-539.0775105680721,-6.926439657455422,0
661,5,-506.55601265505754,-2.5917277743321687,0
661,6,-526.9728849843668,-0.4495096569540526,0
661,7,-539.1391579783283,-24.57093161804877,0
661,8,503.54126499815504,22.465565330098084,1
661,9,481.2659971268237,16.424762819388626,1
661,10,499.0127841074351,-3.260876701445383,1
661,11,517.9903754330426,6.865660153616987,1
661,12,502.14814800637174,-9.59659054813554,1
661,13,555.0163519727187,10.137298529194823,1
661,14,3.2071989159445926,-13.024642606709557,2
661,15,-6.493909932477129,0.33546269576150684,2
661,16,11.29476660277038,-15.166307989261586,2
661,17,-8.73328095257693,-30.066686951498248,2
661,18,-15.50592373369268,-59.341655687176385,2
661,19,-11.095486029971045,-27.99853416268176,2
662,0,-518.3817881026476,-18.63931022073566,0
662,1,-546.2136941029607,14.188887543182174,0
662,2,-496.66850590877795,-0.9767304575745954,0
662,3,-506.6674124803378,26.947304616909765,0
662,4,-539.2011615751325,-7.261206387169915,0
662,5,-507.5450413397872,-3.9609901956767484,0
662,6,-527.8041341772614,-0.629316515819263,0
662,7,-541.3636186509973,-25.45176387262254,0
662,8,504.2559942646564,23.511387242189695,1
662,9,481.85893991419726,16.453365968217916,1
662,10,498.96836231876193,-3.1257335350275786,1
662,11,518.8022370169044,7.372578829355253,1
662,12,502.64162870872383,-10.297580429302393,1
662,13,556.1443595664856,9.377169370181202,1
662,14,3.0686995130075263,-13.150883451005038,2
662,15,-7.207915741270392,1.2322233225811359,2
662,16,9.993306361636705,-14.975346965099538,2
662,17,-8.607551300156763,-30.297168405738145,2
662,18,-15.59322592814421,-59.58432978875787,2
662,19,-10.222333730507696,-29.38854807875755,2
663,0,-518.3692188305546,-18.066192643033304,0
663,1,-546.941951860113,14.472572399970725,0
663,2,-497.9074493262163,-1.47319173600996,0
663,3,-507.4915000108581,27.17923776109844,0
663,4,-540.4256302354501,-7.754404649294104,0
663,5,-508.2828002182831,-3.4545496752847886,0
663,6,-528.6859301604756,-0.5024617589651597,0
663,7,-543.8113529285779,-24.587106273347175,0
663,8,504.871582240739,23.43041294564233,1
663,9,483.2119842212567,15.611046029335842,1
663,10,498.4862044429741,-2.9390257497681014,1
663,11,519.1224991658825,7.305065362642933,1
663,12,503.08663001694777,-10.600780981505801,1
663,13,556.786972415474,9.045576631981298,1
663,14,3.98578354482117,-14.083017990327535,2
663,15,-7.46160360709621,1.035597936170017,2
663,16,9.92126975377876,-15.253202422890787,2
663,17,-8.801191551835048,-30.34334208250964,2
663,18,-15.546836316651369,-60.067683524818975,2
663,19,-9.678192662156901,-29.590420120205778,2
664,0,-521.4315842458595,-15.34695670991988,0
664,1,-547.0154609588061,14.311259682193427,0
664,2,-499.61632497031786,-0.37462224625824336,0
664,3,-507.1361302748589,27.944612156438797,0
664,4,-541.2726241970927,-7.22594948993999,0
664,5,-509.1689742110796,-3.5376051533064867,0
664,6,-529.5479890881442,-0.44785189359752475,0
664,7,-543.7807123319453,-24.7971595503127,0
664,8,506.38156353029603,22.884991028912037,1
664,9,483.5522456234457,14.400674499644094,1
664,10,498.59838646701144,-2.793138110849229,1
664,11,519.2888352836087,9.384534754760487,1
664,12,504.53077474479807,-9.8052891337232,1
664,13,557.5128709357532,9.289286164604588,1
664,14,3.7105398126887406,-12.91267062263139,2
664,15,-10.140758180347829,-0.8657923048995599,2
664,16,9.83936470871816,-14.25112394490299,2
664,17,-9.641089139717941,-31.01602511731647,2
664,18,-16.158022891498447,-59.36677245760623,2
664,19,-8.760469057373871,-29.51969407582637,2
665,0,-523.1881753801147,-14.900823632802537,0
665,1,-547.2531089980478,13.960225205154899,0
665,2,-499.27406110082234,-0.2962989661465038,0
665,3,-507.62657002107306,28.309418454639758,0
665,4,-541.5451175108415,-8.592496577539402,0
665,5,-511.07414623301446,-3.733877443112532,0
665,6,-529.0604417853226,-1.0710309196003551,0
665,7,-544.8951792443172,-25.331245680001764,0
665,8,506.5513871660808,21.942944504104183,1
665,9,483.99800416270364,14.463373485839496,1
665,10,499.7888683496467,-2.8469038241294475,1
665,11,520.224148128226,8.907140657527234,1
665,12,503.55406479581484,-9.149214951977788,1
665,13,558.7571130943403,6.726420712031082,1
665,14,3.03395042234591,-11.780827967598363,2
665,15,-10.260955233053405,-1.2268674200251746,2
665,16,10.05304480313309,-14.764924391056287,2
665,17,-9.89816455687665,-31.348702624988274,2
665,18,-15.41450972394578,-58.16835931633416,2
665,19,-8.63354386626897,-29.65343283168221,2
666,0,-522.8921872376388,-15.108043471958135,0
666,1,-547.1999289966843,14.34059101677806,0
666,2,-500.283811398668,-1.697574530832018,0
666,3,-509.2561469126879,28.881879497838177,0
666,4,-543.4458901934076,-7.9007103902324225,0
666,5,-511.6623400370872,-4.779281280223032,0
666,6,-529.6377197006178,-0.8441415208420775,0
666,7,-545.9869719394272,-24.733408786305585,0
666,8,506.7974403592687,21.98361548011795,1
666,9,484.7807634465403,14.5043067164607,1
666,10,500.3322330914623,-2.8951356566096527,1
666,11,520.7683642334051,7.9680739616969785,1
666,12,504.7569063266055,-9.012026662639347,1
666,13,559.6750690754799,8.400700197570256,1
666,14,3.8520874279699004,-12.119105382834142,2
666,15,-9.88329437099571,-1.281551830060926,2
666,16,10.11549114039685,-14.675311069002689,2
666,17,-10.169692664281424,-31.01728701542306,2
666,18,-14.584242438581665,-58.50998064319718,2
666,19,-9.34123525803811,-29.756306631419882,2
667,0,-523.4754420426132,-15.076409963952264,0
667,1,-548.4083973237471,14.875451444523518,0
667,2,-501.24384726359466,-1.0975828975644528,0
667,3,-510.29335079487714,27.68280546055133,0
667,4,-545.1983270755217,-7.121655050399985,0
667,5,-511.0434213481231,-5.516487636262192,0
667,6,-530.8653229218605,-0.32442008898455654,0
667,7,-547.0883434893277,-25.652767288451432,0
667,8,507.62150488315183,23.64030037518023,1
667,9,485.45139584074576,14.556603907842202,1
667,10,500.91434634922746,-4.039621251228554,1
667,11,520.6052570400135,7.79500333334125,1
667,12,504.377430533754,-8.3593993446571,1
667,13,561.8265177193123,8.934344176036443,1
667,14,3.6302232105990586,-12.127859853715535,2
667,15,-7.949972051037939,-1.1204581631256094,2
667,16,9.51180158559219,-14.309918614068692,2
667,17,-8.749046142970034,-31.01224653914606,2
667,18,-15.658556607984982,-58.64206824608311,2
667,19,-9.083978123953282,-30.86323190612243,2
668,0,-524.4122089947995,-15.346675178114802,0
668,1,-551.0214660269587,14.995723746463595,0
668,2,-502.4815563650918,-1.628757680199786,0
668,3,-512.4480365694621,27.183605811141017,0
668,4,-545.6298992160822,-6.349392446469776,0
668,5,-511.70433164532176,-6.385984565118506,0
668,6,-532.875188505204,1.1763517026455155,0
668,7,-547.3754266803035,-26.21827647299675,0
668,8,508.9288056217201,23.43435339000273,1
668,9,484.9194679615029,15.26618596956569,1
668,10,500.30495364486035,-4.167916929750151,1
668,11,520.5027721177377,7.716576475934374,1
668,12,504.83353562250835,-7.210976693618823,1
668,13,562.6663706444914,10.280761135482717,1
668,14,3.008013647696486,-12.026290009468822,2
668,15,-8.995490102463707,-2.3884176711341314,2
668,16,10.370542543267574,-13.220277135511312,2
668,17,-9.714965646364071,-31.563932966259785,2
668,18,-15.682439010840675,-57.872978226465555,2
668,19,-8.687335919617986,-31.566105899793904,2
669,0,-526.0788237787551,-16.17514503055275,0
669,1,-551.1837484325326,15.466800520168993,0
669,2,-504.36965540188265,-0.4651561848246457,0
669,3,-513.2792823349008,28.111491283636223,0
669,4,-547.0677392104855,-7.443052175854486,0
669,5,-512.9886945789527,-3.833409011880243,0
669,6,-533.961898669927,1.9029936603933835,0
669,7,-548.6550821137458,-26.94759493928689,0
669,8,510.502033092324,24.746128000162948,1
669,9,485.35048160014156,14.995491032870037,1
669,10,500.5997385953463,-5.6752217077083795,1
669,11,520.7519104210917,7.706924412748709,1
669,12,506.07243150087106,-7.378045545113484,1
669,13,565.4330566270803,11.381461847175617,1
669,14,1.2464094874951348,-11.727408410031565,2
669,15,-8.405809572051684,-2.7485554427528864,2
669,16,10.01643619267629,-13.01196118038416,2
669,17,-8.37099828000283,-30.666963328148565,2
669,18,-15.336270664199574,-56.997420123927355,2
669,19,-10.382005452760673,-33.03785275851735,2
670,0,-526.4940680524647,-17.431134327063585,0
670,1,-551.313756020354,14.89961093796484,0
670,2,-504.6633467029889,-1.107363720661475,0
670,3,-513.5952118446613,28.50044869460691,0
670,4,-548.3455837696624,-7.181560612063736,0
670,5,-514.0125817973333,-3.195248524392545,0
670,6,-534.5720691944823,2.0613015467340707,0
670,7,-549.403701202637,-25.52505986961508,0
670,8,511.57589342525216,23.82050635841672,1
670,9,486.412756118358,14.740051136262238,1
670,10,501.4100717632212,-4.692124091693539,1
670,11,521.181019956083,7.673336904600197,1
670,12,506.7702131866539,-5.719430550650464,1
670,13,565.2219769116703,11.666559377239606,1
670,14,0.6993420150903489,-13.145007380819248,2
670,15,-6.901984070490279,-5.068807304010468,2
670,16,10.29283489076189,-12.1305692819604,2
670,17,-8.07362819586168,-31.300991232093878,2
670,18,-15.295123245830904,-56.39036067002601,2
670,19,-9.068288166872225,-30.765353559801863,2
671,0,-528.2530171268338,-17.00093046938165,0
671,1,-551.3061704671675,14.900463040820053,0
671,2,-505.6838884882654,0.1607123987411605,0
671,3,-514.3828818053636,27.546626271883753,0
671,4,-548.436131814497,-7.114007973268799,0
671,5,-513.2110315757791,-3.1119733421260984,0
671,6,-535.4190433133626,1.8787580927983745,0
671,7,-551.1564368166432,-26.88730728517383,0
671,8,513.3660183863822,23.6588368619253,1
671,9,487.2161493211971,14.590912805015193,1
671,10,502.47611213136275,-5.267629767010637,1
671,11,522.4842823182601,7.213176144429837,1
671,12,508.60844348343625,-6.0110743387179255,1
671,13,566.303794615624,11.857547322587436,1
671,14,0.25036452119186847,-13.867573831724581,2
671,15,-8.401293912343819,-4.975862667319198,2
671,16,9.827554844167373,-11.493627722011338,2
671,17,-7.576160988629127,-31.157836201503287,2
671,18,-14.277725123425636,-56.4269280206655,2
671,19,-8.076966947529412,-30.00499779436564,2
672,0,-528.7237326925989,-16.05508492920145,0
672,1,-551.5938207548763,15.469343659206007,0
672,2,-507.6435024582902,-0.48470778715036533,0
672,3,-514.5667803511827,27.48493886870702,0
672,4,-549.5715650172026,-7.036610669882697,0
672,5,-513.7382521981641,-2.9613921533623464,0
672,6,-536.6359173438917,1.0471105152603277,0
672,7,-551.7663810210173,-27.592518757996736,0
672,8,513.4411531399942,21.926210132824497,1
672,9,487.58028541809966,13.222224227186434,1
672,10,503.41475994215426,-5.068748365434508,1
672,11,522.7076627412956,6.724848363497335,1
672,12,509.8813948320545,-5.532258533209334,1
672,13,569.2610838015547,12.317617926317535,1
672,14,0.9935342055462771,-14.426382600998423,2
672,15,-9.83550058767349,-4.826992863831204,2
672,16,10.092274969714644,-10.95320141084,2
672,17,-6.817468361319017,-30.76050021824895,2
672,18,-13.209153877463097,-56.38985787446325,2
672,19,-8.464039687146927,-30.35197750210484,2
673,0,-530.1934806927453,-16.156175672116593,0
673,1,-552.1754977339735,16.1838715735139,0
673,2,-508.79257618577327,-0.05705096634043366,0
673,3,-515.0466960524341,28.76701120565166,0
673,4,-550.3295496995264,-8.00561524392679,0
673,5,-515.1244445728138,-2.668234282430293,0
673,6,-537.1730521600397,0.10614393355663942,0
673,7,-552.6550602436712,-27.895831456898758,0
673,8,514.8995713525101,23.27872558284994,1
673,9,488.54285909945463,12.960183303168794,1
673,10,504.64413975244065,-6.258390279729396,1
673,11,524.4185607013094,5.254886779337523,1
673,12,511.1448306684469,-6.064581507100141,1
673,13,569.9810481870438,12.026247506201013,1
673,14,1.3934166412586106,-15.096079562317712,2
673,15,-10.850421590211875,-4.511081158861568,2
673,16,9.467841031710112,-10.335364171949958,2
673,17,-7.18790611504699,-30.16773222839435,2
673,18,-13.43836572995049,-56.250587378761914,2
673,19,-8.599279150503254,-29.47682380510671,2
674,0,-531.0743731836714,-16.5137701622031,0
674,1,-552.9771660905988,16.74423725955157,0
674,2,-509.1189544009043,1.1932397374040908,0
674,3,-516.0526183485395,29.099394994258788,0
674,4,-551.6294534241035,-8.198967520082551,0
674,5,-517.3837908564527,-3.548729102055437,0
674,6,-538.4118215275104,-0.9840730899108336,0
674,7,-553.6355983810578,-28.670020194240116,0
674,8,515.714091316837,23.076453507414666,1
674,9,490.52017812558705,13.49968474412864,1
674,10,506.19689750359055,-6.213974765590566,1
674,11,525.7026797178983,4.720558658118154,1
674,12,513.1930996499101,-6.297007866490596,1
674,13,570.8645844152992,12.245274770147152,1
674,14,0.11223883012448854,-15.69169441840461,2
674,15,-11.307428880001757,-4.504802733462602,2
674,16,10.345027951752416,-11.175515453155255,2
674,17,-7.041281452975555,-29.50057206167787,2
674,18,-13.348568380299465,-55.90910251532047,2
674,19,-8.166328993651598,-28.801244580518485,2
675,0,-530.1864696064051,-17.240369888153175,0
675,1,-552.9986529858603,15.957248512859211,0
675,2,-510.62683772662837,1.44097951713851,0
675,3,-516.5707791468072,30.259070767577562,0
675,4,-551.7732995250556,-7.592853657646415,0
675,5,-518.814243267339,-3.84615752443994,0
675,6,-538.3683293084318,-1.5950682846982003,0
675,7,-554.683877312502,-28.574042707170136,0
675,8,515.935641818583,23.26341537602984,1
675,9,490.3360746490973,13.108758637075656,1
675,10,506.6980308847471,-7.266005548069289,1
675,11,526.5175420209669,6.37939036011155,1
675,12,513.3517462148263,-6.867218655789978,1
675,13,570.5684302176876,13.415508000754897,1
675,14,-0.47543892084597006,-14.1181936068202,2
675,15,-9.701531303216907,-4.721322050829514,2
675,16,11.038073506572786,-11.340152892461091,2
675,17,-6.406255480207656,-29.661177478710073,2
675,18,-13.5605885189001,-55.8340561900795,2
675,19,-7.41024304190656,-29.50747103142546,2
676,0,-531.8379922668975,-17.772793701675337,0
676,1,-554.5480628819832,15.78353981915588,0
676,2,-512.0525256276196,1.922276728249902,0
676,3,-517.992758498446,30.938278922758332,0
676,4,-553.3504618489325,-8.361714514962625,0
676,5,-518.298153323754,-3.9891431174678162,0
676,6,-537.8256614298216,-1.2585711828479662,0
676,7,-554.5012649789132,-27.832551289304686,0
676,8,515.4763676762685,24.547943767794276,1
676,9,491.039500494679,12.617385234751044,1
676,10,507.176761272489,-7.1086369193995385,1
676,11,528.1608444102724,5.842278605130801,1
676,12,512.8886382914849,-6.488011309714437,1
676,13,571.3516490346389,12.88093681567213,1
676,14,1.3374916624575923,-14.887816042384449,2
676,15,-9.653272055225628,-5.298497729532778,2
676,16,11.949615232378822,-10.48735755990375,2
676,17,-7.451081265954261,-29.552267540043953,2
676,18,-14.359515270419653,-54.66387817236148,2
676,19,-8.649776907621627,-29.00531765486015,2
677,0,-534.1846214672893,-18.938034092936153,0
677,1,-555.4077093187929,16.149150882306582,0
677,2,-511.8529917558992,3.6707977622567043,0
677,3,-519.2343317824154,30.17620608285531,0
677,4,-554.6687505456835,-8.676148712587842,0
677,5,-518.5141011659929,-4.346982538724394,0
677,6,-537.2333914147929,-1.5695484602985312,0
677,7,-555.9499401958625,-28.11519068868692,0
677,8,516.5687629571124,23.601945100283018,1
677,9,493.5859095377743,14.20063216036925,1
677,10,506.6363415954938,-7.080997871280098,1
677,11,529.4370007548561,7.281938179308491,1
677,12,513.1649425420119,-5.908920724830866,1
677,13,571.6774044064575,12.393248906224697,1
677,14,1.8659751622046454,-14.850750535956132,2
677,15,-9.478060835799178,-6.443891663499295,2
677,16,11.528094258320948,-9.869885752961741,2
677,17,-7.153161170617514,-29.75642526423041,2
677,18,-15.929421995656107,-53.83865578297559,2
677,19,-8.90589573403835,-27.296983301662152,2
678,0,-535.2046749001851,-17.61721433367871,0
678,1,-557.2510455106963,15.658876895993107,0
678,2,-511.5794256633491,2.6567693059733104,0
678,3,-518.6246254263428,30.193293096750455,0
678,4,-554.2629938555294,-8.28876105276702,0
678,5,-518.7683224992956,-2.389139325979,0
678,6,-538.4092035474997,-0.9798772907664335,0
678,7,-556.5703886596541,-27.48338566774371,0
678,8,518.8448635006658,22.6071036930528,1
678,9,494.692717427763,13.626829649394589,1
678,10,506.0000983133173,-6.235889485234548,1
678,11,529.4566790376542,8.30198040771132,1
678,12,513.9583753794834,-5.247460198101706,1
678,13,573.1038979688703,12.266174223922475,1
678,14,1.6409182139717078,-14.53742701800291,2
678,15,-10.8798266380301,-6.6834133505055835,2
678,16,10.762596230733813,-10.449104275404697,2
678,17,-6.870236271827371,-31.40971314908758,2
678,18,-14.53088503613721,-53.97182770222969,2
678,19,-8.506837897270286,-27.99518995498351,2
679,0,-536.8793574266884,-18.28650634599107,0
679,1,-557.0173902125694,15.270921007101336,0
679,2,-512.1997224975429,1.9162372750122398,0
679,3,-520.0954660551027,31.388774479971673,0
679,4,-555.4314475086802,-7.873490647614938,0
679,5,-519.0973442099092,-3.6961779164143946,0
679,6,-540.1584156425228,-0.6928081164670064,0
679,7,-557.3036764930112,-26.52129552071446,0
679,8,519.8450194295177,22.58169095787866,1
679,9,494.90789255589004,12.781884058071025,1
679,10,506.6839520263387,-8.443347190978383,1
679,11,530.3798492089848,8.034448319174015,1
679,12,515.6329502267046,-4.927303842468239,1
679,13,574.1082244294945,11.756212698626685,1
679,14,2.760870462408932,-15.113593678989538,2
679,15,-10.357535265084364,-6.604433711471462,2
679,16,11.860894303251223,-10.267976909558643,2
679,17,-8.069839540629733,-30.632816345276943,2
679,18,-14.24875850891329,-54.39303254196508,2
679,19,-7.819693538692303,-26.09085065806707,2
680,0,-537.3464548607656,-18.531926037356,0
680,1,-558.1526857625003,15.80846919570453,0
680,2,-513.2243142436522,2.9671219164436433,0
680,3,-520.9453994966876,31.407508378909526,0
680,4,-555.0265128344209,-7.694279247473079,0
680,5,-520.6878681598444,-3.75879502779313,0
680,6,-541.194081376503,-0.8650253602398722,0
680,7,-557.244173634714,-27.166003876148736,0
680,8,518.8751726538369,23.167879854105646,1
680,9,495.24520969696925,12.787208163087143,1
680,10,508.54520469193784,-7.923186057512517,1
680,11,530.3048405678526,6.985775547846267,1
680,12,517.3034991962774,-5.5984151914576525,1
680,13,574.9618412258052,13.2859732936625,1
680,14,1.9811211602031586,-15.57201348852356,2
680,15,-11.471297835747965,-7.065421511991227,2
680,16,12.118581087082509,-9.128969052921148,2
680,17,-9.379300482929493,-31.141774372661583,2
680,18,-13.061882028344801,-53.91181321201729,2
680,19,-8.379100612543338,-26.941349605191732,2
681,0,-537.8703834868384,-21.195069760404685,0
681,1,-558.0996804099418,15.374980102979665,0
681,2,-514.3669844776769,2.210849360487546,0
681,3,-522.71133621421,32.402951310070975,0
681,4,-555.1646142524543,-8.577393249695676,0
681,5,-521.841939705469,-3.928595890904805,0
681,6,-541.0963425867412,-1.7493996726666161,0
681,7,-557.9896566892853,-26.163062720777422,0
681,8,519.7676373741492,22.55466495563411,1
681,9,498.29318112188326,12.510850909758128,1
681,10,508.04672011434025,-6.7776051605235885,1
681,11,530.3903073141461,7.7637394772354265,1
681,12,517.7978026712411,-5.141996948137691,1
681,13,576.8238674962676,14.164995913753387,1
681,14,3.0233146321450177,-14.316213844648637,2
681,15,-12.263321194166002,-7.1933765337620175,2
681,16,12.970855705884238,-9.054301480082055,2
681,17,-8.049219907949412,-31.406877595955816,2
681,18,-12.582441230599693,-54.619315940276856,2
681,19,-7.832026143414887,-26.94342339164105,2
682,0,-538.402735094698,-23.14879636396152,0
682,1,-558.7392067589295,15.795120245975742,0
682,2,-514.5565787159522,2.276777597294025,0
682,3,-522.2847008365488,30.95445838670432,0
682,4,-556.015879406667,-8.817795946635165,0
682,5,-522.97788258036,-4.3838459888280905,0
682,6,-541.7353628645511,-1.6640531033969084,0
682,7,-558.5551328541871,-26.81305221604091,0
682,8,520.3065221475699,22.796470304011578,1
682,9,500.0543128756516,12.768305969869191,1
682,10,509.0894245119832,-6.113509771171881,1
682,11,531.0552803710422,8.004440702867191,1
682,12,518.1375524891508,-6.3686688950676515,1
682,13,577.9345186145531,13.693686934178022,1
682,14,2.8235318287615194,-13.457582073369784,2
682,15,-12.177104968376913,-6.995769599192168,2
682,16,14.079750882710094,-9.696449495323403,2
682,17,-8.521135018382102,-33.30160336229669,2
682,18,-11.759029368089712,-55.15794144535456,2
682,19,-7.796354826106593,-26.93877190096795,2
683,0,-538.9701464123525,-23.006354378847085,0
683,1,-559.3501394743217,16.0944891952977,0
683,2,-514.2532321315659,1.8664891737463056,0
683,3,-523.4205357435065,32.047335110689524,0
683,4,-557.6009251127695,-8.169408273277863,0
683,5,-522.7202421927647,-4.454735036531952,0
683,6,-542.2593837978949,-1.867218312644472,0
683,7,-559.2254843083165,-27.581039598994423,0
683,8,521.0046383535241,22.560125638378693,1
683,9,500.69571220554235,12.228040043474822,1
683,10,511.33160820469016,-5.544818809462204,1
683,11,531.4151229057487,8.807044336498045,1
683,12,519.0732510733467,-6.9775368273370715,1
683,13,577.9714801898671,13.44235435571613,1
683,14,2.574737893902095,-13.762474216459125,2
683,15,-12.033839284426612,-7.566397065396072,2
683,16,12.992775123998232,-10.444947701921947,2
683,17,-8.43166141843305,-32.74313361674216,2
683,18,-11.500672209098607,-55.83493511880889,2
683,19,-7.510444752278968,-28.631679654397544,2
684,0,-539.6787559715948,-23.13902993588896,0
684,1,-560.6512958918248,15.736083087242472,0
684,2,-516.7302264029049,2.180655626048089,0
684,3,-523.5652279930539,31.13042275073698,0
684,4,-559.4026009109427,-8.367153320697135,0
684,5,-523.3524736666337,-4.331534781499234,0
684,6,-544.7518527529331,-0.9486993399022445,0
684,7,-559.3145359302458,-28.863986506185153,0
684,8,521.0327881500261,22.523918944327264,1
684,9,501.73436058243317,11.5819976300437,1
684,10,512.7591851008897,-6.72102658969582,1
684,11,531.1262859449253,9.226809224898725,1
684,12,521.4471108962275,-5.579474490837086,1
684,13,579.0496399786615,14.025049896864234,1
684,14,2.162087893259061,-14.464670532939707,2
684,15,-10.826524851200977,-8.03598118165632,2
684,16,12.383920473687112,-9.736328551376854,2
684,17,-8.270378868478819,-32.79388113902936,2
684,18,-11.532450358852143,-55.76450327386976,2
684,19,-7.383408052346249,-28.88081815569273,2
685,0,-539.3189281873495,-23.949339413826056,0
685,1,-560.7857025896552,15.354210782293755,0
685,2,-516.2046205794283,1.1318574429352706,0
685,3,-524.5999364196056,31.34538301981099,0
685,4,-559.5424690747146,-8.802405979927071,0
685,5,-524.0061113502773,-5.912828555379005,0
685,6,-544.5186784034427,-0.6773189874881985,0
685,7,-560.3701971021143,-28.91372121949672,0
685,8,523.335271439456,21.306686469030108,1
685,9,500.84360179290803,11.69821623327457,1
685,10,514.0569137517873,-6.247732998844793,1
685,11,531.401413731943,8.88625646155717,1
685,12,522.373278021723,-3.8366386746331465,1
685,13,580.1481622460818,12.986339501484686,1
685,14,1.2863031238762406,-13.81072619012225,2
685,15,-11.340356332559004,-8.144661857506879,2
685,16,12.46154750185989,-9.100138095516868,2
685,17,-9.485407677962206,-32.6101946195401,2
685,18,-11.834010758798339,-56.358288150129546,2
685,19,-7.837844408952235,-28.72172622752567,2
686,0,-540.6597121575978,-23.703813312788558,0
686,1,-562.1404164526376,15.487277761595317,0
686,2,-517.021455780826,1.2692735188768365,0
686,3,-526.2339378318283,31.722631150987834,0
686,4,-560.9484446387526,-8.919183610130084,0
686,5,-525.5615670064985,-6.238975043762955,0
686,6,-545.6693725181509,-2.2080860229025396,0
686,7,-559.5786291699872,-30.829104981876927,0
686,8,523.5269699443777,20.981578642213456,1
686,9,500.88526626682903,12.325666141719298,1
686,10,514.1240153047431,-6.90614063052701,1
686,11,532.8884707527599,9.082204655057085,1
686,12,523.4352266304585,-4.323474905362559,1
686,13,581.3596479568977,11.857232237858083,1
686,14,1.3636504701167096,-14.662938563186437,2
686,15,-12.193903259727515,-7.1826802450262575,2
686,16,12.185344100636273,-9.697504100829262,2
686,17,-8.588948402116653,-33.69290273906062,2
686,18,-12.652883289742444,-56.29130983646485,2
686,19,-7.129189184869778,-28.68152986605736,2
687,0,-541.0840489150288,-22.824690631796123,0
687,1,-563.1871259955074,15.052940679682816,0
687,2,-517.8947217828495,1.5913880135566218,0
687,3,-526.5630700164023,31.51311980686275,0
687,4,-561.4916829341115,-9.658620141482453,0
687,5,-525.9418282565546,-4.591213573592508,0
687,6,-547.1176440561046,-2.5660848697085537,0
687,7,-561.5002698174494,-29.84632420695987,0
687,8,523.7719597742456,21.32790359454726,1
687,9,502.6390891114075,10.580720671228413,1
687,10,514.1107981522151,-5.938037136450468,1
687,11,533.5251249716285,8.617240116433315,1
687,12,523.6755214182801,-3.18634242187012,1
687,13,582.8556115205206,11.703077684972438,1
687,14,3.0609848623491964,-14.213798410929828,2
687,15,-14.276781380324831,-7.230379530102341,2
687,16,11.165178449226934,-10.472477774930827,2
687,17,-9.594592300588227,-33.986863488087764,2
687,18,-12.905257866027515,-57.2122831949637,2
687,19,-6.6435694958181735,-29.561948377588134,2
688,0,-542.3163161870673,-23.432956813980272,0
688,1,-563.7932279445585,14.816559495729491,0
688,2,-519.2407555565858,1.3581256426688695,0
688,3,-526.6211825836707,31.6301254406234,0
688,4,-562.2569626643946,-11.172441356692547,0
688,5,-526.1685034647312,-5.300455622790709,0
688,6,-548.9537478515139,-2.8229794393892482,0
688,7,-560.403520385715,-30.711425730963082,0
688,8,524.751736511583,21.156453811594755,1
688,9,503.66882676801333,10.568412967638528,1
688,10,513.9628103398131,-6.255714679272794,1
688,11,533.6985384858989,8.3122139427797,1
688,12,524.1390919379697,-3.887124077673035,1
688,13,584.8249517982279,11.956080826711462,1
688,14,2.8026215716000387,-14.71983034666454,2
688,15,-15.164458235023865,-7.207645418445056,2
688,16,11.737146750608074,-11.509824258493193,2
688,17,-10.009212113729753,-32.96522912279779,2
688,18,-12.952288658140816,-57.02005934409581,2
688,19,-5.970200261053581,-29.579202390442166,2
689,0,-541.328122778898,-23.96407269365024,0
689,1,-565.3792426388982,14.704840133967263,0
689,2,-520.1874347095804,0.5367593490591213,0
689,3,-526.3864935451411,32.47320858719599,0
689,4,-562.7405420655633,-10.232978135634383,0
689,5,-527.1567736174385,-6.679342931605121,0
689,6,-549.8284343114017,-1.6109402527310808,0
689,7,-561.4135476929663,-29.991955875668108,0
689,8,524.7563801486411,21.89392807275038,1
689,9,505.2599565180715,11.288205546522697,1
689,10,514.8671648763276,-7.749898192288241,1
689,11,534.6949258315148,8.835741407781818,1
689,12,525.1891182428928,-4.984379981854467,1
689,13,586.4416129901884,12.227352905689783,1
689,14,2.2753791164028483,-13.734170737234194,2
689,15,-16.017744700006688,-7.5441291248872036,2
689,16,12.779904022999553,-11.206946349628032,2
689,17,-11.338896764593015,-32.73440260634799,2
689,18,-12.579311494964594,-55.94007992029995,2
689,19,-5.957811195963629,-30.389656919994817,2
690,0,-542.1707830982969,-25.01618793305422,0
690,1,-565.4329128879023,14.09197183930095,0
690,2,-521.570931844731,0.890160729167644,0
690,3,-526.1930654489262,33.45465664306308,0
690,4,-564.4887908078641,-11.003647357806557,0
690,5,-528.0526148331511,-4.637405555169831,0
690,6,-549.955466270236,-1.6072875825432509,0
690,7,-561.4552695776636,-29.346185402649393,0
690,8,526.5968358870796,22.263694872346235,1
690,9,505.6405962352062,10.526412660789875,1
690,10,515.6588954907556,-8.246018001535216,1
690,11,535.3802969019794,7.517535192323968,1
690,12,526.1735806958296,-4.201596673835287,1
690,13,587.4219411905977,13.147983466625083,1
690,14,3.225227393575128,-14.597830066383233,2
690,15,-15.58156788072222,-8.449543421996392,2
690,16,13.200512978535109,-11.93692047058229,2
690,17,-10.950105701070314,-32.09642847231238,2
690,18,-13.115316285115513,-56.266977649232004,2
690,19,-5.816917360577592,-29.334510886351197,2
691,0,-542.7631852513534,-25.37378676723562,0
691,1,-565.6553505427546,13.891581853161005,0
691,2,-523.9006102297633,0.9588622807578252,0
691,3,-525.5240186101875,33.3109843692037,0
691,4,-565.4867493206438,-11.798690007508995,0
691,5,-529.3278510379423,-4.264162425878225,0
691,6,-551.2650577812836,-2.6507529909204903,0
691,7,-563.2117267400265,-29.435545459444217,0
691,8,527.8374879583093,23.190506348754063,1
691,9,507.55221469093476,11.57149269667003,1
691,10,516.1779043373197,-8.817345269612685,1
691,11,535.6096552482999,7.573746694848553,1
691,12,527.2964208822802,-3.7889608689970227,1
691,13,588.585163725114,12.870595419822243,1
691,14,2.5171347198252247,-13.868361484439626,2
691,15,-15.30129590930022,-7.553834658782317,2
691,16,14.019004526281662,-12.312227102554619,2
691,17,-10.698927248795043,-32.346276664535516,2
691,18,-14.409578179198842,-57.95220729843037,2
691,19,-6.712695510336066,-28.959085833594568,2
692,0,-543.7791374814196,-26.32675821518034,0
692,1,-567.0200800107885,15.709185459811668,0
692,2,-523.7393673497509,1.120359740635075,0
692,3,-525.813631514078,32.925136770485814,0
692,4,-564.5397791735629,-10.997220711746156,0
692,5,-530.4936431889229,-3.7678434638667526,0
692,6,-552.0257027638137,-2.3481409441301717,0
692,7,-563.7610882146455,-28.944866725146216,0
692,8,527.9769131678077,23.248213534890894,1
692,9,508.1615069557652,11.854056961046751,1
692,10,515.3178463554856,-8.167016519894695,1
692,11,536.396105499071,7.356797855180876,1
692,12,527.3373006417743,-5.2154089298166975,1
692,13,589.0742810098827,12.784980750384577,1
692,14,4.307630864074749,-12.638515813401412,2
692,15,-15.479150146199148,-7.817291294494706,2
692,16,14.631836182862557,-12.88374291529507,2
692,17,-10.456252751248591,-32.49543218594568,2
692,18,-15.70399202832624,-57.660238725581515,2
692,19,-6.58904346042211,-30.045662816479105,2
693,0,-545.4840797715543,-26.147725357066165,0
693,1,-567.0669973087619,15.288436901849957,0
693,2,-523.6937637086091,1.5438855274533498,0
693,3,-527.9948598775928,33.52918635552367,0
693,4,-564.4703637009114,-12.07262888649868,0
693,5,-530.5778734466322,-4.659421281486129,0
693,6,-553.2558382718394,-3.4979494614894846,0
693,7,-565.28423959053,-29.00351294685361,0
693,8,528.899368379031,24.04757799620207,1
693,9,509.0818764487589,10.579683381654696,1
693,10,514.8428338286373,-8.263450720057033,1
693,11,537.6879952449817,8.490209654944355,1
693,12,527.6766926531294,-4.72304571741238,1
693,13,589.8680794482309,12.218357019178583,1
693,14,4.7545903937352385,-13.15645667611171,2
693,15,-14.69654721756126,-8.284066727992519,2
693,16,14.303525962508964,-12.651834134119019,2
693,17,-9.998949715526644,-33.234335856970105,2
693,18,-15.959583264719958,-57.82269490150117,2
693,19,-8.395276893731857,-29.964263080812405,2
694,0,-545.659534803412,-26.760940267245918,0
694,1,-567.7773281438873,15.14241566997551,0
694,2,-523.7032883193607,1.3472838102389855,0
694,3,-528.9729436901091,31.813536453677983,0
694,4,-565.0175433806478,-12.30896436194585,0
694,5,-530.9412942795651,-5.395225990817926,0
694,6,-553.8202759791687,-3.851167228991262,0
694,7,-565.0974392998068,-29.727630065036212,0
694,8,529.4556737086899,24.841382827247763,1
694,9,510.9159232294614,10.716133197628176,1
694,10,515.7558764712131,-8.650585242410447,1
694,11,539.275542654314,8.82009308830401,1
694,12,528.21613654284,-4.830286467028293,1
694,13,592.3515265717356,12.717328159726245,1
694,14,4.399904128313922,-12.809213927866814,2
694,15,-14.058449874116889,-9.173856670379669,2
694,16,15.006650453180402,-13.854407176285758,2
694,17,-10.200744639235776,-33.18052018669154,2
694,18,-15.138246533130037,-57.13290180328908,2
694,19,-7.618332217879329,-31.3565955633074,2
695,0,-545.9068927721877,-26.80748140394446,0
695,1,-569.1399505260923,15.391894181065775,0
695,2,-524.5289206871104,0.5657469350041282,0
695,3,-528.2629493561703,32.02400912879863,0
695,4,-565.7118603272876,-12.313079057844831,0
695,5,-531.5593157769196,-5.754195929813535,0
695,6,-555.7208473047356,-2.83288288684565,0
695,7,-565.5763839122073,-29.232204065473034,0
695,8,531.4635552895696,24.831943383703226,1
695,9,511.6432732591378,10.997159598675006,1
695,10,515.7705185328464,-10.643239793495875,1
695,11,540.813386150411,8.312262920785153,1
695,12,528.4436839885273,-5.348733101746388,1
695,13,591.9240832576743,12.270424863367204,1
695,14,5.471133488929233,-13.09627830398472,2
695,15,-14.896371537705377,-10.044505545726532,2
695,16,14.83625017984592,-15.131123292744078,2
695,17,-10.212942526962777,-32.666938977540205,2
695,18,-15.513607639370852,-56.62089695362818,2
695,19,-7.580512823251731,-31.157755712920412,2
696,0,-547.061213739484,-27.352070585518323,0
696,1,-569.6056367455706,15.328437694307395,0
696,2,-524.4700833577082,1.2223025920577881,0
696,3,-528.8625661595731,33.18193568253091,0
696,4,-567.353288562148,-13.566249917637856,0
696,5,-532.8102231766035,-7.2737461322472186,0
696,6,-557.2376643308573,-3.6320434982946193,0
696,7,-566.9449298746254,-28.14897716699227,0
696,8,532.9043854554116,23.789535218229457,1
696,9,513.0981275261324,10.824927105978698,1
696,10,516.2163711714362,-9.617092623842233,1
696,11,542.1223645555023,7.1002773876226986,1
696,12,529.3198625714467,-5.18976296179977,1
696,13,593.7005020879852,11.986849666059099,1
696,14,5.144550336204354,-12.700053233941597,2
696,15,-15.186865706417723,-11.459469389941571,2
696,16,15.629409891332203,-13.42071663322739,2
696,17,-10.819057892344677,-32.360704907345,2
696,18,-15.40430232719371,-55.14122831185745,2
696,19,-6.209833963850388,-30.079124316839017,2
697,0,-548.6277546197113,-29.02654999524597,0
697,1,-571.146907377848,14.26913874218574,0
697,2,-524.9306411862227,2.142941943312292,0
697,3,-529.8485274681316,34.07464017876446,0
697,4,-568.9178671782134,-14.547401469653495,0
697,5,-533.4823302728022,-8.020851928013622,0
697,6,-558.3301329800288,-3.5413285933916288,0
697,7,-566.6467226310542,-28.460057512781397,0
697,8,532.7155479979866,22.992185675553582,1
697,9,512.8182709534901,9.284312988124324,1
697,10,518.165254951356,-8.592688629283998,1
697,11,544.5506378035083,7.8681618043958,1
697,12,528.6866171394925,-5.527672929242181,1
697,13,594.863987701728,11.098085228603301,1
697,14,4.3706560614308865,-12.828943642714082,2
697,15,-15.473530952132796,-12.356540154014425,2
697,16,14.282650361313761,-15.59727391576089,2
697,17,-10.706325979497903,-31.038637744884372,2
697,18,-14.23383243133661,-55.378394963591056,2
697,19,-7.58394992931344,-31.342079467232974,2
698,0,-548.9099851716011,-29.10822107656894,0
698,1,-571.8846398410714,15.499029913823605,0
698,2,-525.1382546492098,1.5993221840261134,0
698,3,-528.9635734570032,33.472957342873066,0
698,4,-568.6697701606297,-15.135480405352848,0
698,5,-533.9662673700284,-8.087409365649428,0
698,6,-560.0307658892103,-4.474322814734658,0
698,7,-567.1455189604635,-30.26267744209309,0
698,8,533.2807444730815,22.427744227134976,1
698,9,512.1945417021669,9.634540953649639,1
698,10,519.4006693655434,-8.357973595552725,1
698,11,545.8207496219248,8.830032876878503,1
698,12,528.4886037945748,-4.761180598672089,1
698,13,596.371687831974,11.344848013167388,1
698,14,3.3286590985973596,-13.491475849314934,2
698,15,-14.29450002840215,-13.926102601846702,2
698,16,15.193988142226544,-16.45521194275759,2
698,17,-10.645683860034355,-31.294698262254812,2
698,18,-14.14685734673047,-55.52440564792687,2
698,19,-7.121932857348372,-31.608848458740084,2
699,0,-550.6587658915212,-29.412176025401543,0
699,1,-572.4434696311696,14.977239958136277,0
699,2,-524.9927945523298,1.217321725606542,0
699,3,-530.1190334675672,34.50289849677872,0
699,4,-569.6332052027158,-15.281647656325864,0
699,5,-534.527506874709,-8.41184058948116,0
699,6,-561.1870097867827,-4.864711160937185,0
699,7,-567.2790605629185,-29.350761844959308,0
699,8,533.943774533442,23.11222602070879,1
699,9,513.9666330883781,9.87878530028317,1
699,10,519.394096996199,-8.73066498664495,1
699,11,546.4173802002522,8.329316466286674,1
699,12,528.6388646845163,-4.713322977252621,1
699,13,596.3391232315466,12.28880200004227,1
699,14,4.109440759262197,-14.065946576691147,2
699,15,-15.388318700078255,-15.135206495563756,2
699,16,15.117677515800217,-16.32003150393991,2
699,17,-10.242519759920471,-30.872802594059845,2
699,18,-14.61337880523983,-55.38330389296948,2
699,19,-8.077886207121512,-31.610141129096434,2
700,0,-551.6628141614315,-30.48553180410592,0
700,1,-572.2999423951602,13.82729909938771,0
700,2,-526.2621487254498,1.8906661126001192,0
700,3,-530.1524285197961,33.78269960911438,0
700,4,-569.7706065799567,-16.4099238506532,0
700,5,-535.4721820829692,-8.293098176183534,0
700,6,-563.9943151403123,-4.80060116257054,0
700,7,-568.152973144319,-29.832702160426855,0
700,8,534.9928738821958,23.315752749813605,1
700,9,515.6135288565335,10.873493161276237,1
700,10,520.3379092874899,-8.669966226562634,1
700,11,547.0119948197002,7.009367077093129,1
700,12,528.9503762112184,-5.894437433460978,1
700,13,596.3799327024255,12.496012870640167,1
700,14,5.357733773041223,-13.556078317716755,2
700,15,-14.124982880989416,-14.55463592223997,2
700,16,15.112817398955183,-15.630973405663191,2
700,17,-11.001169384681894,-29.479339942260005,2
700,18,-15.086605250260945,-56.10765157131104,2
700,19,-8.27713379504513,-31.03607031629043,2
701,0,-551.8027614524885,-29.157001877786385,0
701,1,-573.347553599226,12.7623014509977,0
701,2,-527.2706472725959,0.9229804575205198,0
701,3,-531.3979660183593,33.35181159631058,0
701,4,-570.8883003816167,-16.004092184198633,0
701,5,-535.9423835128491,-10.0242230815617,0
701,6,-565.9421851221116,-4.192711923984864,0
701,7,-568.7238722772038,-30.244435376723956,0
701,8,534.7119822110146,23.85663766256455,1
701,9,514.5516756907527,10.643906782347736,1
701,10,520.4293614979689,-8.322697383487457,1
701,11,547.453243247675,7.198656696102032,1
701,12,529.6058838090624,-5.258152513645526,1
701,13,596.6406547409462,12.798270166126233,1
701,14,4.209200861489489,-13.138296226239103,2
701,15,-14.796199456976844,-13.778105095801655,2
701,16,14.427245177346126,-16.235605373765026,2
701,17,-11.02063471312722,-29.562245250353396,2
701,18,-14.501383095124483,-56.17561746153349,2
701,19,-9.3109676176995,-31.57586982137442,2
702,0,-551.3233689161973,-28.631294028018193,0
702,1,-574.7527138662155,12.761263031379093,0
702,2,-527.5629409604369,1.6057624123785545,0
702,3,-532.6946390096615,32.225817174071494,0
702,4,-572.4048002273219,-15.576769091920262,0
702,5,-537.6171835718723,-10.516717157163175,0
702,6,-565.9747186797036,-4.2695237738363305,0
702,7,-568.9285617515544,-30.140567165936996,0
702,8,534.3319201468415,24.47042428356197,1
702,9,514.7970461066132,9.57468627145542,1
702,10,521.2789177039763,-10.14441078088134,1
702,11,548.9304543650288,8.281427572557321,1
702,12,530.000955576631,-5.949423203756366,1
702,13,597.9297415550943,13.015197126909882,1
702,14,4.39651245043319,-12.45516648713674,2
702,15,-15.03567950933671,-14.17586258231366,2
702,16,14.959337545977439,-15.349362055606647,2
702,17,-12.880234567880802,-30.483062053834068,2
702,18,-15.173888931342903,-56.763484381023055,2
702,19,-7.888211440817217,-32.971099551022334,2
703,0,-552.8872483527872,-28.86095385413975,0
703,1,-575.8976747830519,12.649756899142634,0
703,2,-528.7170537721764,-0.2844940550886115,0
703,3,-534.741079013599,33.096916977629256,0
703,4,-573.9871811911077,-15.884765061436582,0
703,5,-538.3436865545024,-11.70593274230098,0
703,6,-567.3797950186483,-4.500232126644636,0
703,7,-570.4670792170891,-30.820376714368496,0
703,8,535.7035879860081,24.594966609060084,1
703,9,516.000352806057,8.817289462654418,1
703,10,521.8980720338074,-11.469237921799692,1
703,11,551.0460358205911,8.299512667558737,1
703,12,530.8915240882646,-6.845693362620597,1
703,13,598.0493924989067,13.304828288402675,1
703,14,2.9068266394891036,-11.120722441026132,2
703,15,-15.103211444038854,-13.303633451182577,2
703,16,13.38929172194625,-14.765601338565062,2
703,17,-13.108201361211341,-31.0107104143097,2
703,18,-14.665503608396182,-56.70313401346318,2
703,19,-7.775833452989928,-32.34877601192628,2
704,0,-553.762282334363,-29.099153598604925,0
704,1,-576.5715428272224,12.222165030870693,0
704,2,-528.9312194095895,0.10749871115221415,0
704,3,-535.589487517771,32.13799171252383,0
704,4,-573.778826956654,-16.18106826537264,0
704,5,-538.5122454936449,-12.102535231561427,0
704,6,-568.2023273482399,-4.455687215186322,0
704,7,-572.0986011597098,-30.85091240821704,0
704,8,537.4907566635311,25.643541300599797,1
704,9,515.3408275155999,10.14853731878786,1
704,10,523.743044093521,-10.839093644509765,1
704,11,552.9353534351542,7.391090562428365,1
704,12,532.8174050097695,-6.764243800025424,1
704,13,598.9866691940995,14.529065607954939,1
704,14,2.5395603641176856,-11.37599662857505,2
704,15,-15.422617501619047,-12.958420608155091,2
704,16,12.15906127052754,-13.322060971510206,2
704,17,-13.936962665489224,-30.086324526690237,2
704,18,-14.77376770412507,-57.53289193786117,2
704,19,-9.386148516341878,-31.110140721717173,2
705,0,-554.3635318301394,-29.76288117949072,0
705,1,-577.0040563335116,10.987385945604805,0
705,2,-530.5918595318941,-0.16359066245449333,0
705,3,-535.8024091815942,32.479799139732656,0
705,4,-574.858858742314,-17.13491945008064,0
705,5,-539.6434467825538,-12.517827831766214,0
705,6,-569.7748868155747,-4.2101479525658,0
705,7,-572.7617714974775,-29.818175697708963,0
705,8,538.93358947806,26.28660495044285,1
705,9,516.014205640142,10.802422663766428,1
705,10,524.7422222365708,-8.75404712976817,1
705,11,554.4733089398776,8.10444858102813,1
705,12,534.4986030570508,-6.6125072007277526,1
705,13,599.0862373787045,13.444929066429875,1
705,14,2.3445159393134762,-10.960144015277134,2
705,15,-15.549560205372293,-12.365472050713876,2
705,16,12.276958409097977,-13.122818199413809,2
705,17,-14.608117854893804,-31.47983523588426,2
705,18,-15.68537214044943,-57.01589642896552,2
705,19,-8.300313292212033,-30.83485450049631,2
706,0,-554.1629387042931,-29.605235943056964,0
706,1,-576.5160021452584,11.737769039904496,0
706,2,-532.373403522156,0.07618712024423491,0
706,3,-536.9264743107972,34.18258369557457,0
706,4,-576.3399704796008,-16.463146994036865,0
706,5,-541.3415714188895,-11.991022267554918,0
706,6,-569.7407344957721,-5.023962010656082,0
706,7,-573.3666180209393,-29.701367195973145,0
706,8,538.4835735701226,26.05061904584252,1
706,9,517.2520966530374,11.305716043097737,1
706,10,525.6685114308953,-8.531909519773418,1
706,11,555.4244745311548,5.9543011598111875,1
706,12,535.98848679642,-7.47815450031025,1
706,13,600.6300857854472,13.264085582241535,1
706,14,2.329545123836843,-12.049180169944416,2
706,15,-16.733716210650943,-11.796665228800752,2
706,16,12.070795791279188,-12.487484010765774,2
706,17,-14.958715411933674,-31.52954226522622,2
706,18,-15.67052665776507,-56.895588892242465,2
706,19,-8.836757135984142,-32.117750121551225,2
707,0,-554.5113836175682,-29.099018082307353,0
707,1,-578.3908376017889,11.34993535125258,0
707,2,-535.0895888656155,2.041047949250222,0
707,3,-537.1358252365284,33.86493414525597,0
707,4,-578.8067383279725,-15.921007713499908,0
707,5,-541.5364821116339,-13.115273190905588,0
707,6,-569.8289794007001,-5.202418505281951,0
707,7,-574.5482443073568,-28.33321854194276,0
707,8,539.9076499010963,25.676204444543,1
707,9,518.474393892564,11.083050899021991,1
707,10,526.00458471281,-8.636321670385335,1
707,11,556.8271991605063,6.349648908444462,1
707,12,536.8573838004982,-6.10416826086555,1
707,13,599.7880721869395,12.733555183779707,1
707,14,1.031252077706304,-12.715455093667163,2
707,15,-16.027612409822083,-12.889868053279184,2
707,16,11.471577944799847,-13.369678818318091,2
707,17,-13.507983195043941,-31.455984254564495,2
707,18,-15.682816402065543,-57.06139897607092,2
707,19,-8.659004272718416,-31.275096017517388,2
708,0,-555.9755644775659,-28.347314069862797,0
708,1,-578.1042120856287,11.115600372225034,0
708,2,-535.1975469072044,1.3530086005960609,0
708,3,-536.4070995472738,34.57055371278463,0
708,4,-579.4192193946662,-14.276361432590397,0
708,5,-540.7136080269246,-14.0874744750192,0
708,6,-571.098511404988,-5.489973870221395,0
708,7,-574.7028920122839,-28.508329826006346,0
708,8,540.0713650545387,25.102004465946006,1
708,9,519.617129781025,11.313096389210987,1
708,10,526.3891914801151,-8.375579839228308,1
708,11,557.2937167599522,6.791553465466858,1
708,12,538.326020466584,-6.7551024254154335,1
708,13,600.8574341437264,13.067522090060429,1
708,14,1.355279282691413,-13.16387211793064,2
708,15,-16.88316641650338,-12.785081503913618,2
708,16,11.725938558655036,-12.82565211513339,2
708,17,-14.01513816319431,-29.751285677612014,2
708,18,-15.18089670813995,-57.552678929468726,2
708,19,-8.351938301805777,-30.33944517861432,2
709,0,-557.1416813414161,-28.940196365346367,0
709,1,-579.5091781945703,11.206364461578637,0
709,2,-536.7584510574543,1.5381530589125052,0
709,3,-537.4965455243281,33.76106073697893,0
709,4,-581.354549066542,-13.469483147145933,0
709,5,-541.5193078559671,-14.584592576043345,0
709,6,-572.3861861825737,-5.2554830118690985,0
709,7,-575.0166171911246,-28.147455087811466,0
709,8,541.1923780396423,23.82765227076939,1
709,9,519.7797441617797,11.084451514860131,1
709,10,528.2214666073393,-7.898144745002249,1
709,11,558.7868202927267,7.859823108500866,1
709,12,540.1917708969135,-6.600673812758327,1
709,13,602.1129880444853,13.62443599705986,1
709,14,0.18759301406113393,-12.55081056058734,2
709,15,-15.63282087467407,-13.229173843431978,2
709,16,11.366688000078337,-12.443848013140018,2
709,17,-13.93104199194814,-28.396895119395573,2
709,18,-14.328599459378115,-58.31013055159588,2
709,19,-9.094239430682823,-30.357363954553712,2
710,0,-558.3024906604154,-27.950997227174934,0
710,1,-579.6432994613447,11.9020727102814,0
710,2,-537.7585697151659,1.2262569646703558,0
710,3,-539.180525855791,33.73974717522031,0
710,4,-582.9821354772974,-16.395527744120994,0
710,5,-543.2164562411473,-15.695723483583935,0
710,6,-574.7679969192169,-4.954413769427107,0
710,7,-575.3264841902097,-28.32011731776124,0
710,8,541.6398078591506,24.466970403933214,1
710,9,519.8294140301425,10.159137041440623,1
710,10,527.8523075905513,-9.551778489657918,1
710,11,560.9167779925357,7.544391929444746,1
710,12,541.3071008583988,-6.140092501211817,1
710,13,602.2956642773001,13.87191201844562,1
710,14,-0.2063451232564818,-13.021379931534526,2
710,15,-15.27076122304954,-13.39183191757461,2
710,16,12.084140973906598,-12.4071213816493,2
710,17,-13.015534919329884,-28.643335543852174,2
710,18,-15.506553960029997,-59.67598242289562,2
710,19,-9.317971282126214,-31.228238213393738,2
711,0,-558.5602235369455,-29.714406786927473,0
711,1,-581.2493195820526,12.888536358183332,0
711,2,-537.7859052424518,1.131386358259985,0
711,3,-540.9126752878693,35.0424009646061,0
711,4,-583.47470856025,-15.926397315770423,0
711,5,-543.5351635851316,-15.321766953322237,0
711,6,-574.9625760977567,-4.1271921625412915,0
711,7,-574.2847137251208,-28.158106987727603,0
711,8,541.5152120053579,25.253120531616936,1
711,9,521.4586536110961,10.380335368132192,1
711,10,529.1852994345484,-9.237409196079325,1
711,11,561.2041181970133,5.608021715320089,1
711,12,542.0974092542383,-5.68792539609244,1
711,13,602.4759266866905,13.952241501340682,1
711,14,1.2079270709539331,-13.275348336448461,2
711,15,-15.281977032438217,-13.653159124337805,2
711,16,11.991786912363233,-12.024474380418205,2
711,17,-13.252323823480545,-28.81486987872116,2
711,18,-17.219274424749692,-58.495617262337035,2
711,19,-9.659335582413297,-32.00307549039625,2
712,0,-559.5403221651493,-29.674479269986556,0
712,1,-582.0840916485232,12.14484322975813,0
712,2,-537.9698892771288,1.0853923268755807,0
712,3,-540.6181049137301,34.557500552336336,0
712,4,-584.7019214455073,-16.43716444353988,0
712,5,-546.2433758988092,-14.749818989278388,0
712,6,-576.7579092825217,-4.321524899415085,0
712,7,-574.7984389468602,-29.365372118665746,0
712,8,542.8865183215325,23.819383861796933,1
712,9,521.6084188183826,10.248673011504804,1
712,10,530.6366494793627,-7.765465847196229,1
712,11,562.3042829669798,5.983876323450987,1
712,12,543.2312170067838,-5.62521735134629,1
712,13,602.131568925994,14.386735177548417,1
712,14,2.7826557108677155,-13.962724293067296,2
712,15,-14.92663615544902,-15.127084725628436,2
712,16,11.755613732212302,-11.785517084141702,2
712,17,-13.972907770647463,-29.549471102180497,2
712,18,-17.776707096092903,-58.519574447609045,2
712,19,-9.578810388540248,-31.494085043368027,2
713,0,-560.5100072294427,-29.17352754538687,0
713,1,-583.0280965172242,11.240138510884886,0
713,2,-539.0586698250913,1.9455765282733042,0
713,3,-541.1079432955083,34.73020121229096,0
713,4,-585.2006374574132,-16.259154663759237,0
713,5,-546.4166049143943,-14.791657947355931,0
713,6,-576.3513519375024,-5.131895465165935,0
713,7,-574.3051880293347,-29.36559166079434,0
713,8,543.3926424509335,24.034933758187677,1
713,9,522.1244391276055,11.126235118562457,1
713,10,532.9589457015608,-7.516625946391877,1
713,11,564.1676653976114,5.800876989422498,1
713,12,544.2325412925096,-5.443973602861865,1
713,13,602.6891230710747,14.850911025621524,1
713,14,1.456074543822871,-14.136027443059819,2
713,15,-15.64944374410295,-15.686159065754016,2
713,16,11.198217019207839,-11.127132486380287,2
713,17,-14.147188894120983,-31.27716463112936,2
713,18,-17.259389154038775,-57.70629480980709,2
713,19,-10.65472431546389,-31.94733748597982,2
714,0,-562.3028538746768,-28.208992384871532,0
714,1,-584.3116231637392,12.561746196506288,0
714,2,-541.0210003037026,-0.11474648451589253,0
714,3,-542.7256949206098,35.74321216046071,0
714,4,-584.9446984439256,-15.88125857977596,0
714,5,-547.4853236113972,-14.807677524542362,0
714,6,-577.1730230337569,-4.442639670771048,0
714,7,-575.2309080279152,-28.495103770705132,0
714,8,545.0973509055981,23.320255032179183,1
714,9,523.0739815982204,10.893523767466352,1
714,10,533.6872850838422,-7.066377488796009,1
714,11,565.6677334642105,4.9261631118990845,1
714,12,544.6537334969618,-3.0883683233106956,1
714,13,604.0249285815139,15.089184082801825,1
714,14,1.8761910939629731,-15.415477116191441,2
714,15,-15.236215274513425,-16.840017801160315,2
714,16,11.796166895239008,-10.417003478404155,2
714,17,-13.940993115245137,-30.125585658175968,2
714,18,-16.46724001940387,-58.712126067227665,2
714,19,-11.075875711342462,-31.360678809763677,2
715,0,-563.2566126485308,-28.080182399160897,0
715,1,-586.0528112438178,12.59506578391432,0
715,2,-542.6096165037507,-0.3815982288616271,0
715,3,-544.0143028445478,35.244691084789274,0
715,4,-586.7069167151931,-17.389395679388237,0
715,5,-548.8197548478971,-14.2136577155317,0
715,6,-577.8749980378957,-3.9230141225787847,0
715,7,-574.8022820679247,-28.101595095101292,0
715,8,545.4823125205976,22.55579654468974,1
715,9,524.168234553649,11.471058126804849,1
715,10,535.2527379439579,-6.697953255994828,1
715,11,566.6920107682411,4.12022871448987,1
715,12,543.5186525389541,-1.500993200623709,1
715,13,603.6957160204572,14.407340152216898,1
715,14,0.9620719350435922,-15.140182047936062,2
715,15,-14.508766276479527,-17.288720224841477,2
715,16,12.478117293845346,-11.211897146089486,2
715,17,-13.742326728444125,-30.35131886393116,2
715,18,-16.820146791705206,-57.74297296616574,2
715,19,-11.424233572195611,-30.702038544238846,2
716,0,-563.3498918830654,-27.812763835154186,0
716,1,-586.2457250893913,11.772816956478863,0
716,2,-544.4321908154816,-1.3617381702573892,0
716,3,-545.5050163598878,35.27029996591106,0
716,4,-588.4290486910525,-18.57994559500172,0
716,5,-550.458395416313,-16.883572905825858,0
716,6,-577.8566135545016,-4.544567688736322,0
716,7,-574.6449783664552,-27.985920594483677,0
716,8,546.5978153719469,22.841939280351063,1
716,9,523.3590858505919,11.591166821071539,1
716,10,536.1465974161679,-7.131694479254964,1
716,11,568.5003783047493,3.7237318307858103,1
716,12,544.0030148153863,-1.7444529305472187,1
716,13,604.1594453127727,15.053807176487657,1
716,14,1.1768355608918037,-15.717933569336056,2
716,15,-14.177003486335359,-17.14159893763939,2
716,16,12.150283053191984,-12.46035243102504,2
716,17,-12.637424048916422,-31.765121483505723,2
716,18,-14.434371359963375,-57.53094058077646,2
716,19,-11.281515661828479,-30.359013378437048,2
717,0,-563.785325083982,-27.787680498813636,0
717,1,-587.6627331842604,11.687359400906487,0
717,2,-545.7740162463848,-0.7816586168271678,0
717,3,-545.0609887138545,35.665985203467926,0
717,4,-588.0452696804753,-19.227395021793477,0
717,5,-551.3350659338665,-16.48314864279804,0
717,6,-579.2029434288532,-5.444693191438865,0
717,7,-575.033173008537,-28.17092242856371,0
717,8,547.4785448737837,22.52325596674837,1
717,9,522.8704619841619,12.654148318791847,1
717,10,536.9452838613804,-5.93074621665415,1
717,11,567.665216821729,3.33077471394495,1
717,12,544.6869833902971,-1.3589710748050414,1
717,13,606.1049035079171,15.103679027693383,1
717,14,1.418651149072978,-15.095040369963868,2
717,15,-13.997825430149993,-17.48829452764749,2
717,16,11.72926620013433,-12.199589067389281,2
717,17,-11.980573981675535,-31.475696531216773,2
717,18,-14.801811978193134,-57.685786321670754,2
717,19,-10.868195405082455,-29.96712350882781,2
718,0,-564.3971338217272,-26.775917097691273,0
718,1,-589.1447272280075,11.064927022973375,0
718,2,-546.7396389579479,-1.3752820092866753,0
718,3,-545.5503097271666,35.481195865288576,0
718,4,-589.2767909645313,-18.28370543811568,0
718,5,-553.1138502793575,-17.75355069951505,0
718,6,-580.4437556950227,-6.185837063778596,0
718,7,-574.9727926298614,-27.764362526111693,0
718,8,548.4034209014923,22.71021862905846,1
718,9,523.8013728965025,11.26877324467502,1
718,10,538.4139101256086,-5.097353832519925,1
718,11,568.7111263783836,2.9335545930764155,1
718,12,545.158459367803,-1.5735244889123259,1
718,13,606.6993513441901,13.92114583540429,1
718,14,1.3173266892866236,-14.938671474310464,2
718,15,-13.77200712643978,-17.326227614814183,2
718,16,12.041025253670915,-11.64861696818484,2
718,17,-11.578338719761895,-31.593968059851925,2
718,18,-14.580972398002977,-58.257746347808485,2
718,19,-10.197250618439487,-30.88869876135769,2
719,0,-565.3736533224654,-26.121785852018217,0
719,1,-589.8192597375244,11.253467721728079,0
719,2,-547.1617475606288,-1.4486157295684625,0
719,3,-546.1359463911939,35.468344375540575,0
719,4,-590.5548378943939,-17.66020225546805,0
719,5,-554.433370938462,-18.15841725480589,0
719,6,-581.3819931320235,-7.040056572293633,0
719,7,-577.3073026584083,-25.474364261313408,0
719,8,549.4441251821465,23.509472430443605,1
719,9,523.3467417713471,11.69700889962616,1
719,10,539.0703643500262,-5.815657468196997,1
719,11,569.8932275776725,2.187498911564524,1
719,12,545.380889163223,-2.0263677198271393,1
719,13,607.164742567209,15.431884267230942,1
719,14,1.5301849010381992,-14.062512830111888,2
719,15,-13.211546220267694,-16.44316763902481,2
719,16,10.994311443834043,-11.068818460306732,2
719,17,-11.112871243250806,-31.18179213170001,2
719,18,-16.085158492575193,-58.41438716002989,2
719,19,-9.926797766823045,-31.557920784518938,2
720,0,-566.1293688112568,-26.84909321618946,0
720,1,-590.305429100384,10.803570440305638,0
720,2,-547.2523061583775,-1.2905154966571704,0
720,3,-546.3491832812118,35.09528491635282,0
720,4,-591.6994549163805,-17.685916976956616,0
720,5,-554.4945426762818,-18.377727054609622,0
720,6,-582.4721304300556,-6.577416681653711,0
720,7,-577.7578552380189,-26.12384563270912,0
720,8,549.6423375203078,23.19115027675161,1
720,9,523.2690035369278,10.78526319522323,1
720,10,539.4196005561201,-5.581761432976092,1
720,11,570.1018437541195,2.269216138570774,1
720,12,545.295358018931,-1.7326346286467027,1
720,13,607.6811585401914,14.249364075792451,1
720,14,1.2566739617744125,-14.74819190019003,2
720,15,-13.536245592532678,-17.259229748646067,2
720,16,9.964529827727027,-12.01897315990465,2
720,17,-12.78232447170793,-31.70202843470115,2
720,18,-15.400338524934584,-57.09175658838829,2
720,19,-10.855860253636475,-30.88093527159484,2
721,0,-565.9664075997119,-26.837609269850294,0
721,1,-591.7893475813052,11.361551185978545,0
721,2,-547.0700232180654,-2.49957074858225,0
721,3,-546.6357772443115,34.840453480561656,0
721,4,-591.478061418919,-18.854001422960327,0
721,5,-554.9775408287785,-18.20426844783375,0
721,6,-584.2005538445673,-7.0010121117851725,0
721,7,-578.1440329011235,-24.537894797212232,0
721,8,549.858591184418,23.94709217604159,1
721,9,523.9987742932143,11.48158164314627,1
721,10,540.8725254483319,-4.443247541469766,1
721,11,570.8450700223866,3.1247734459918175,1
721,12,546.1215205389182,-1.3488592659438554,1
721,13,608.8397435997141,14.971504839195827,1
721,14,0.5717405887761559,-14.993842697239677,2
721,15,-14.49346227877392,-17.925193045510863,2
721,16,10.391113623775047,-11.573030895458844,2
721,17,-12.132783816817447,-30.957017488591358,2
721,18,-15.169998796591635,-57.1019949490539,2
721,19,-10.082208236515951,-30.856385395078988,2
722,0,-567.2158716189201,-26.60729394075389,0
722,1,-592.2369048925993,11.476472789904607,0
722,2,-546.7130876498134,-1.3328288531510444,0
722,3,-547.2648625578972,35.88336059174878,0
722,4,-593.2188607259525,-17.67561162943584,0
722,5,-555.99352356738,-17.683455272087592,0
722,6,-585.3282100747006,-6.827077292678181,0
722,7,-577.5755266757536,-24.33870671387877,0
722,8,549.4897300653497,24.61437012015479,1
722,9,525.5171805908019,11.18065865143265,1
722,10,541.1012923937303,-4.704621877196412,1
722,11,571.7534119650105,2.1937714041516663,1
722,12,547.0949384430428,-2.047642977598919,1
722,13,608.5389975778984,12.719826964027416,1
722,14,-1.2505965840741342,-14.981884205126356,2
722,15,-15.02447810633248,-18.091049695716823,2
722,16,10.412415665440637,-11.234992879480814,2
722,17,-11.474376629188093,-30.392893616321782,2
722,18,-14.3651733023186,-57.34131713801532,2
722,19,-9.48096290923384,-31.861191849490947,2
723,0,-568.1899488450097,-26.681596758613125,0
723,1,-593.462097235859,9.777831574608676,0
723,2,-547.9748495802669,-2.416551090437647,0
723,3,-548.6111978734101,35.76272343100614,0
723,4,-593.8649934676203,-18.497968628000354,0
723,5,-557.9445708419413,-18.442203820730363,0
723,6,-585.9431615197392,-7.119891793772044,0
723,7,-578.1759277700567,-23.67462218011363,0
723,8,550.3857255654347,24.924619970778195,1
723,9,526.56252680266,11.329327323096534,1
723,10,541.4968577647338,-4.217906051226828,1
723,11,572.9332141506014,2.071006120309876,1
723,12,548.2430516320044,-1.9773583784068773,1
723,13,608.8966572408118,13.698771925219642,1
723,14,-2.1044258689266004,-14.02989462807596,2
723,15,-16.12563393429008,-17.622148858083932,2
723,16,11.129602130356306,-11.56972250156389,2
723,17,-11.396812268385304,-31.344364511738934,2
723,18,-13.251537735326822,-57.83688028895964,2
723,19,-8.688101911114922,-32.140811668536585,2
724,0,-570.1506810285766,-26.86439729996704,0
724,1,-594.8058215955965,8.699366780056573,0
724,2,-548.0087763988007,-2.922431325017233,0
724,3,-549.7613374005194,37.014265994726614,0
724,4,-594.1089728746168,-19.81871435914038,0
724,5,-559.1733225983742,-18.98669660892517,0
724,6,-587.0070595648557,-7.498388967833508,0
724,7,-578.4290537315625,-23.170180318980204,0
724,8,551.1915278051525,26.252204638237682,1
724,9,525.9162864791073,11.246634194188806,1
724,10,542.4424501657675,-4.583510536342244,1
724,11,573.9570173461829,1.6252580102801142,1
724,12,548.9734722549177,-1.8321579368570011,1
724,13,609.4261231805882,13.43287030572243,1
724,14,-1.6358254351599284,-13.799054004515732,2
724,15,-16.963622224467198,-18.508091091235862,2
724,16,10.316170955389271,-12.785172353923548,2
724,17,-12.162105952049007,-32.26248636081783,2
724,18,-12.282473810245472,-58.79479020582541,2
724,19,-8.210752038985056,-31.11286250343885,2
725,0,-569.838731589779,-26.633925698306204,0
725,1,-594.9311184645464,9.026741187441024,0
725,2,-548.5458322069175,-3.609526724374066,0
725,3,-549.9695010190696,36.28401173860145,0
725,4,-594.5862532403116,-19.610843662734027,0
725,5,-560.4516171612337,-18.381754125460525,0
725,6,-589.7310478321486,-7.386127605695581,0
725,7,-579.1279372429602,-22.044843788133793,0
725,8,550.7709806596994,25.437221661956595,1
725,9,526.7616588158635,11.037824175704953,1
725,10,543.129688608617,-5.679505228876138,1
725,11,573.7410289482021,3.801944702119403,1
725,12,550.6974580343099,-2.2545139200206568,1
725,13,610.2641915181254,14.875887751343395,1
725,14,-1.3047370347737766,-14.165340360388335,2
725,15,-18.302498051436288,-18.12168247592104,2
725,16,10.92433580249855,-13.074885634130034,2
725,17,-11.41300156063492,-33.57718849161592,2
725,18,-12.025822531931507,-59.829857724699245,2
725,19,-9.863228586691445,-31.74720449881791,2
726,0,-570.2141314034897,-26.040627546265995,0
726,1,-596.180453206575,9.007083349676773,0
726,2,-549.994641878457,-4.66081581348629,0
726,3,-551.5746749925967,35.860516624044216,0
726,4,-597.049507291388,-19.47584856662641,0
726,5,-560.6384688643276,-16.209728891496013,0
726,6,-591.1650367687707,-7.537382816196689,0
726,7,-578.8057327996117,-21.247561710214633,0
726,8,550.6719866166973,24.80913193122092,1
726,9,527.003533512032,11.013286087124383,1
726,10,544.9774317632146,-7.321353203916256,1
726,11,573.6349396225767,4.371399969962739,1
726,12,551.7620948499181,-1.4344766281239398,1
726,13,611.1596932172785,14.152576367433843,1
726,14,-2.5204496841230024,-14.931535061133733,2
726,15,-18.292171190951105,-17.001886515917754,2
726,16,11.24299518746507,-11.817073708931247,2
726,17,-11.999736303604614,-34.65205343662373,2
726,18,-12.867435400755069,-59.57046640918374,2
726,19,-9.779330051477974,-31.520569782488046,2
727,0,-571.0962811109935,-25.98792999997543,0
727,1,-596.562845949924,10.10266481001442,0
727,2,-549.4234205809323,-5.104045008822548,0
727,3,-551.0958005544841,36.162902825578996,0
727,4,-597.3550234068284,-19.54124328501543,0
727,5,-560.4317462169212,-16.30337534625307,0
727,6,-591.7176606397293,-9.034740547344345,0
727,7,-578.6898163921954,-20.425059501706915,0
727,8,550.6818016643077,23.898395051310462,1
727,9,527.7343053759422,10.291352771337777,1
727,10,546.8559727390369,-8.346715689203123,1
727,11,574.4744057072994,3.883229496422124,1
727,12,553.2157133932573,-0.7784688358021575,1
727,13,612.2657075521837,14.335572073440574,1
727,14,-4.517946170063306,-15.115727991764766,2
727,15,-18.170170618069807,-18.401419254617185,2
727,16,10.674863867917864,-11.383783841188817,2
727,17,-12.118731247981197,-34.85519530201799,2
727,18,-13.694987016701036,-59.31460458405469,2
727,19,-10.942524492182587,-31.446812544265978,2
728,0,-571.9547203916918,-25.353112824080103,0
728,1,-596.3102215795097,10.706695913920854,0
728,2,-550.131078287186,-5.404594301398188,0
728,3,-550.8357968137605,36.075550989619025,0
728,4,-598.7832686854388,-19.86775869316129,0
728,5,-562.108492206566,-15.827628534016458,0
728,6,-593.6569940791292,-9.417735663083459,0
728,7,-578.4306155790945,-19.3369011325463,0
728,8,552.1951623861572,24.312049464835095,1
728,9,528.7903202738174,9.949692847216014,1
728,10,548.9336486430022,-7.624032100452135,1
728,11,574.5297255482187,3.3169477947546526,1
728,12,554.4796367376156,-1.1597204915282755,1
728,13,614.8425057743126,14.99179084089948,1
728,14,-4.816171046608105,-16.418472428759006,2
728,15,-17.55057957278075,-19.5036338016165,2
728,16,9.235961558873218,-11.8582418755275,2
728,17,-12.87464505549965,-34.64004599964252,2
728,18,-13.144386429611492,-61.37741647793022,2
728,19,-12.193106843291018,-30.881773721187347,2
729,0,-572.3581916572223,-25.497704640208603,0
729,1,-596.4447998097711,11.911545846925822,0
729,2,-551.2533186086354,-5.724992928521057,0
729,3,-552.7627447937076,34.638699426444084,0
729,4,-599.2608438527925,-20.948056347910004,0
729,5,-562.2321090107806,-15.982248385740219,0
729,6,-593.8290031623732,-10.640686066758567,0
729,7,-578.8788852107349,-19.25439257395404,0
729,8,553.4149143777039,25.174849505901996,1
729,9,528.0287513215962,9.567296616284892,1
729,10,549.9938049746514,-7.731639834912743,1
729,11,575.4654188618541,3.874385810068323,1
729,12,555.7945906831235,-1.1122074172116294,1
729,13,615.9599392894896,14.97288129687754,1
729,14,-6.190446372292336,-17.6506106767632,2
729,15,-17.022422714933082,-19.425132325621327,2
729,16,9.400729145824764,-11.235369551183336,2
729,17,-12.188001429417996,-34.710493865432404,2
729,18,-12.76797109462613,-61.73907685546325,2
729,19,-11.11367409128606,-33.08956531954193,2
730,0,-573.4177027787027,-23.755759708176058,0
730,1,-596.7288050592407,12.357413042211506,0
730,2,-552.7996716912609,-5.183327753637472,0
730,3,-552.6608905889628,33.98851836222037,0
730,4,-599.9380017180019,-21.170090757707694,0
730,5,-562.2306742807083,-16.011711891140315,0
730,6,-593.9588750511099,-9.819412285021537,0
730,7,-578.8392042621796,-18.669797628068128,0
730,8,554.8255634680852,25.76872230032262,1
730,9,527.5006549311665,11.232404171635668,1
730,10,551.3285040262447,-8.022996238141792,1
730,11,576.9382407465484,4.568431725143389,1
730,12,557.6619458350077,-1.9569958688605062,1
730,13,616.8538458607504,15.42154738866056,1
730,14,-6.584199966903785,-16.96390236194501,2
730,15,-16.752739101300936,-19.31790344038443,2
730,16,9.213328235108897,-10.550306211996856,2
730,17,-12.054303920694858,-34.319082790827345,2
730,18,-12.091597444069631,-62.659120604265574,2
730,19,-10.792445127410703,-34.26768611183209,2
731,0,-574.2712972119429,-23.487402015952384,0
731,1,-596.2704008503414,11.832209176731032,0
731,2,-553.4216038619398,-4.779927319164682,0
731,3,-552.8251800744312,35.304642766059764,0
731,4,-600.9556129170741,-20.54437886246853,0
731,5,-563.3108041650721,-16.28781429447234,0
731,6,-593.1906170254681,-10.39110075739609,0
731,7,-579.4156699775109,-19.197256736965755,0
731,8,556.7039060559763,25.6688337146311,1
731,9,527.4671946548699,10.672276085830752,1
731,10,550.6849174800186,-7.200230432112003,1
731,11,577.5029546630842,4.380678208967767,1
731,12,557.4976410587058,-1.049978755151173,1
731,13,616.3198033135035,14.582424426364401,1
731,14,-7.032583090800296,-16.409195798684014,2
731,15,-15.446007995765362,-19.331939635778575,2
731,16,8.394230595093177,-8.711697466244315,2
731,17,-11.923521250725182,-34.34022241246496,2
731,18,-11.580274546256918,-63.27737709700438,2
731,19,-11.09311585675707,-34.702495940795444,2
732,0,-574.2877173799129,-23.6970695308185,0
732,1,-597.2164620115466,13.3244578909464,0
732,2,-552.5264236397818,-4.1600184935264295,0
732,3,-553.7725407617177,35.83494421812859,0
732,4,-601.308144722846,-21.500005174469873,0
732,5,-563.9016571362697,-15.836212740681752,0
732,6,-594.2335366071195,-9.770513619372183,0
732,7,-579.6580769754319,-19.16228393393983,0
732,8,557.5513475947622,25.363903429505584,1
732,9,527.8175850171228,11.678841652296292,1
732,10,550.2316844566694,-7.954140987538751,1
732,11,577.7219183754838,3.8368299026105794,1
732,12,558.5970816639413,-0.7645336875629887,1
732,13,616.900649930335,15.051194025021994,1
732,14,-8.077726227120975,-15.909116732312246,2
732,15,-15.171529222880064,-20.03346417725332,2
732,16,8.40884604827397,-9.54583078947094,2
732,17,-12.663704582949094,-34.46672902563359,2
732,18,-11.13368368413231,-63.06442511975407,2
732,19,-11.576817459861722,-34.811791067010574,2
733,0,-573.8680069102166,-23.484476536719452,0
733,1,-597.2204702201667,13.860340733296056,0
733,2,-553.1486472753937,-5.303478680308521,0
733,3,-555.6896062686584,35.49069959798637,0
733,4,-601.3993789303382,-21.23247467181211,0
733,5,-566.0404440360488,-16.86698438418738,0
733,6,-593.6359257263207,-11.448395308303288,0
733,7,-580.7843299420641,-20.592020416315563,0
733,8,557.6986261647319,24.1353992261666,1
733,9,528.6285297232665,11.684280758738483,1
733,10,550.7841457417181,-7.55079441820762,1
733,11,579.0863856023759,3.273814946088473,1
733,12,558.6586654301321,-1.9427599252690384,1
733,13,618.4974921629245,14.476434887706606,1
733,14,-8.307659787210266,-15.746876568198127,2
733,15,-13.492285142219153,-19.846698397935874,2
733,16,8.360229486217767,-8.773831647731601,2
733,17,-12.67437084841235,-33.85603599931033,2
733,18,-11.234234254345859,-63.03620502100662,2
733,19,-11.818218254948384,-35.26618525825755,2
734,0,-575.1661907480519,-21.060070909332094,0
734,1,-598.1844969670548,14.677312011911999,0
734,2,-554.0781759012889,-5.85356898350903,0
734,3,-557.4082927307522,35.287557967699385,0
734,4,-602.0183319954124,-21.44977200759321,0
734,5,-566.9621530425345,-17.436887987403033,0
734,6,-596.1125485753895,-11.428857877551454,0
734,7,-583.1648343541773,-20.134686448523315,0
734,8,558.6778580875218,25.595462860806077,1
734,9,529.008251149699,11.3183491004383,1
734,10,553.0955044582254,-4.731111320659565,1
734,11,580.6398999701775,1.9940193133533815,1
734,12,559.5060519492012,-2.9876469187480392,1
734,13,618.6667759436233,14.584492067161868,1
734,14,-7.310084351788015,-16.514086086971904,2
734,15,-13.193714081243117,-20.363091249533287,2
734,16,7.671933779921374,-9.587392760660832,2
734,17,-12.997766621931104,-35.41222591789218,2
734,18,-10.368472010850466,-62.51276598727465,2
734,19,-11.1458463174794,-36.337595630065096,2
735,0,-575.7513517772522,-21.454164221586716,0
735,1,-599.6583079373171,16.06590881751804,0
735,2,-554.9755829563265,-5.428609632033261,0
735,3,-558.5466756154141,37.02810493370975,0
735,4,-602.8150124736628,-22.423370519701006,0
735,5,-567.8553424070096,-18.14078597178178,0
735,6,-597.0460379945686,-12.308299485802596,0
735,7,-583.8554703663256,-21.572660043138658,0
735,8,559.376597815436,25.244324733461177,1
735,9,529.8420510804025,11.46083083476485,1
735,10,554.8621897690651,-4.015889883621076,1
735,11,582.4436601677221,2.1263226690640757,1
735,12,558.8417778259209,-3.4451232433626036,1
735,13,618.9282638632251,15.365038749470312,1
735,14,-5.959847078359362,-15.365246494677567,2
735,15,-11.161831872445843,-19.91940121677328,2
735,16,6.659933364702804,-9.186799882060113,2
735,17,-13.93922861345058,-35.25550544786417,2
735,18,-9.130398684099088,-62.695820770221964,2
735,19,-11.952643919866333,-37.97520164782812,2
736,0,-576.8076242807546,-20.339822226907135,0
736,1,-600.4390951548818,15.443432085411555,0
736,2,-556.8388191651463,-7.08126425832425,0
736,3,-560.394995781548,37.9999116492881,0
736,4,-602.7616326349201,-21.37907126927244,0
736,5,-568.5277888776313,-17.51240421245676,0
736,6,-597.5236621929181,-12.348072953146973,0
736,7,-584.0518401718645,-23.084297338407247,0
736,8,559.7312123555257,24.095479147085264,1
736,9,530.596839102732,11.499167415632309,1
736,10,555.5375856483263,-3.9552823362118783,1
736,11,582.7857641814425,1.0050111723993849,1
736,12,558.8144054265204,-2.936177193166241,1
736,13,619.7727285908857,15.313560160652361,1
736,14,-5.561582328784281,-16.75351970522311,2
736,15,-10.095855816165484,-19.723021796701005,2
736,16,7.4381737057227015,-8.815821835253043,2
736,17,-13.361079384129386,-35.15208544326888,2
736,18,-10.096168633805284,-61.466713111988305,2
736,19,-12.830741910880128,-38.2715325595793,2
737,0,-577.9483074999941,-19.654908765285967,0
737,1,-602.3977517403886,15.504611883299223,0
737,2,-557.2453918745122,-8.000315873429063,0
737,3,-561.6571857753238,38.04654954497335,0
737,4,-603.4428415727862,-21.24200652143531,0
737,5,-570.521777750646,-17.73415334123059,0
737,6,-598.3299197691315,-11.181128947525918,0
737,7,-585.2514230969211,-21.455851244361824,0
737,8,560.0238833772378,24.610858120270457,1
737,9,530.6287818606319,9.983827851190437,1
737,10,555.3631538200398,-3.0680435600870593,1
737,11,583.4242067051165,0.3265839021433009,1
737,12,559.6377416800669,-3.006338432085105,1
737,13,620.989721289144,14.50442019376708,1
737,14,-3.9801937800179825,-16.347544199710274,2
737,15,-9.763766947471913,-20.867838839125948,2
737,16,7.078591806175759,-8.232141561002921,2
737,17,-13.33565815232812,-34.94411756666924,2
737,18,-9.679501494751564,-60.982713544764856,2
737,19,-12.457090041829716,-38.20436697842399,2
738,0,-579.3982935171977,-20.62979600166184,0
738,1,-602.0110647243234,14.333537620600092,0
738,2,-557.8983126239289,-8.21165998332089,0
738,3,-563.3038392174316,38.38521333570621,0
738,4,-604.06926198936,-20.994414891501382,0
738,5,-570.7070801619767,-16.651883134719377,0
738,6,-599.5476922485972,-10.98767111502977,0
738,7,-586.6311514335614,-22.60372155380767,0
738,8,561.7385339561694,24.88353275299034,1
738,9,531.1597748743187,9.499887950279476,1
738,10,555.6860888608021,-4.268592043662676,1
738,11,583.2008166604257,-0.5138428013243138,1
738,12,560.0856310527834,-3.2571172551856726,1
738,13,621.0365705083476,15.007986957806187,1
738,14,-3.647897443238583,-15.033638781442239,2
738,15,-10.720415819726933,-20.736559917865797,2
738,16,6.1010140355070765,-7.614945357547869,2
738,17,-14.18656951083037,-35.56848582601931,2
738,18,-9.319866474551304,-61.16754031825114,2
738,19,-12.700695156082096,-38.40641337694005,2
739,0,-580.2927789921789,-19.480556200498924,0
739,1,-602.4963950466496,14.188877188870915,0
739,2,-559.9409420836125,-8.274668673440617,0
739,3,-563.8356360601147,37.36280974309959,0
739,4,-605.0329720118624,-21.75397400838929,0
739,5,-570.8910786710223,-16.433212843987903,0
739,6,-601.6684674810356,-10.692928202111952,0
739,7,-586.8125654402986,-22.370953812700744,0
739,8,563.1878676246981,24.857241480807605,1
739,9,531.0949202337783,10.27249623053892,1
739,10,555.805356740948,-5.143552213394499,1
739,11,583.8984651041233,-1.6588915096380417,1
739,12,560.458097447241,-5.38932230537822,1
739,13,622.1565133515471,16.32790893212292,1
739,14,-3.315700006558137,-16.32688045823386,2
739,15,-10.78176323128438,-21.345736190914845,2
739,16,3.8941406483547283,-7.989509232558811,2
739,17,-13.16348145246344,-34.46405790172605,2
739,18,-9.829902213964633,-61.70301576826589,2
739,19,-14.237341855113595,-37.9789003087233,2
740,0,-580.0274271978799,-19.838950410537546,0
740,1,-603.2161077727135,13.326849100539295,0
740,2,-561.291308569968,-7.294215034722303,0
740,3,-563.7475050683905,37.72070900924614,0
740,4,-604.5359500848824,-21.91227494511404,0
740,5,-571.485034451693,-15.999533157807122,0
740,6,-602.6701757058208,-10.708500512567594,0
740,7,-588.7028920167331,-21.474521555438944,0
740,8,563.6835658654937,24.755249444467985,1
740,9,532.9319300451145,11.348650560412525,1
740,10,557.5450775347296,-4.403870842199775,1
740,11,586.0275769540774,-2.109548689336013,1
740,12,560.6207172909152,-5.278633339262497,1
740,13,621.8700262856353,18.14970423175597,1
740,14,-3.760060039428946,-15.731600185511088,2
740,15,-9.638546952300999,-21.96492833429061,2
740,16,4.091393101904018,-8.014636000333322,2
740,17,-13.22751785660577,-36.76833818115301,2
740,18,-10.896820061835555,-62.4272779171347,2
740,19,-13.722893699237469,-37.44190532189269,2
741,0,-581.6377040687913,-20.08359787892069,0
741,1,-603.4364290874613,13.651344026288058,0
741,2,-561.5500657793573,-7.446840903363508,0
741,3,-565.1107646223339,37.0641001985164,0
741,4,-606.976159811684,-22.10473002203078,0
741,5,-572.4002843146752,-16.87624933619026,0
741,6,-604.6239648486101,-11.048840415921038,0
741,7,-589.6918972752603,-23.082920477803803,0
741,8,563.1456366161647,24.837895352101384,1
741,9,533.3543256218838,11.241679323867837,1
741,10,557.5530903950456,-5.60061516100323,1
741,11,585.4920688439119,-1.2252724519538956,1
741,12,562.122082096226,-4.787395253560026,1
741,13,622.0421397650589,19.28982601402572,1
741,14,-4.733467111809626,-17.138429085692888,2
741,15,-9.125485480632817,-22.204549616151347,2
741,16,4.635996869627809,-7.806983315201022,2
741,17,-14.762163386438617,-37.019768841839756,2
741,18,-10.978415936001916,-63.5320256383071,2
741,19,-13.55515291919839,-38.07156002481344,2
742,0,-581.9406629239778,-20.160745976502028,0
742,1,-603.3796430503054,13.836091674386404,0
742,2,-563.1837917346999,-7.8425489330395415,0
742,3,-566.2685931170654,36.02509285478539,0
742,4,-607.6759741216706,-22.089372140603118,0
742,5,-574.0314779687186,-16.94449906766679,0
742,6,-604.6285577652008,-11.334556720652975,0
742,7,-591.040796623692,-23.45920616921994,0
742,8,563.067638188524,24.543162609175273,1
742,9,534.5747854415835,11.453967830196449,1
742,10,557.9531829477336,-5.016340801463894,1
742,11,586.3194840862,-0.4959579655257387,1
742,12,563.3165759913906,-4.3719209634886855,1
742,13,622.287453548544,18.052016953665955,1
742,14,-4.955034946555507,-17.80272731133018,2
742,15,-11.068118282098984,-21.585945262230144,2
742,16,4.792308016524367,-8.875191848904922,2
742,17,-14.875955308503235,-35.99815494479961,2
742,18,-10.468938680056514,-64.36298134570639,2
742,19,-13.744516843307336,-37.082760694229805,2
743,0,-581.7407867626425,-20.679328032419242,0
743,1,-602.7258832169936,13.502552878172457,0
743,2,-565.8807873059023,-8.593659698043288,0
743,3,-567.2277238046139,35.65012981072616,0
743,4,-608.4825722157641,-22.80539034748771,0
743,5,-574.2276224535307,-15.095657946501948,0
743,6,-606.4459136635244,-13.016360290494019,0
743,7,-590.1291179339898,-23.343480660884772,0
743,8,564.4926707476213,24.72510949762952,1
743,9,535.7481077178918,10.895173028386036,1
743,10,558.087811786756,-4.850587373475042,1
743,11,587.5499053058905,-1.8288159667254482,1
743,12,564.0856452678837,-5.1701085867453935,1
743,13,622.2982201061587,17.702935551518774,1
743,14,-5.63955238804564,-18.52227331078286,2
743,15,-11.20078393812415,-20.84025579263197,2
743,16,5.267683540176547,-9.136147320631549,2
743,17,-15.563527730115224,-34.13393663715812,2
743,18,-11.222870710992902,-63.51701972807637,2
743,19,-12.858661421317922,-37.519389171699856,2
744,0,-583.5663032915577,-20.653365211854748,0
744,1,-603.8826238084703,13.029300905170574,0
744,2,-567.8183846786757,-8.431116905013283,0
744,3,-567.5966721735216,35.272556514382536,0
744,4,-609.8387783038686,-24.54970031718492,0
744,5,-575.4700548181071,-15.304004401077895,0
744,6,-607.316759774655,-14.624615752473913,0
744,7,-590.1493386134038,-23.336675606749004,0
744,8,564.661616622896,25.011828036359343,1
744,9,537.3554302502364,11.916575142164882,1
744,10,558.0795509293162,-5.694025725120969,1
744,11,587.8106952335388,-2.633024428900875,1
744,12,563.8387880258749,-6.018355474538495,1
744,13,622.5774540625592,17.27358853123011,1
744,14,-7.185468448910207,-18.607371162656563,2
744,15,-12.087092011902985,-20.612475856359957,2
744,16,5.180926799079605,-10.435000690768806,2
744,17,-15.253865683587662,-34.0030717701217,2
744,18,-12.298024714805507,-63.50503272063326,2
744,19,-12.168107233169358,-36.7441588112633,2
745,0,-583.6895120939854,-20.814497219634703,0
745,1,-604.9703366276551,12.876922476391844,0
745,2,-568.850164867569,-7.119765517066362,0
745,3,-568.9567111089392,34.417491426591106,0
745,4,-612.0608396825871,-24.791085728240528,0
745,5,-575.926434813226,-15.714027534579268,0
745,6,-607.5209081811713,-14.6567397553086,0
745,7,-589.5026421801904,-22.358542140782582,0
745,8,564.6048659606184,24.92282450928359,1
745,9,537.7703758052739,11.026701773197011,1
745,10,558.3530740387109,-5.3633552492346634,1
745,11,588.9848510693594,-3.153115396232423,1
745,12,564.2482548711444,-6.892459413768812,1
745,13,623.8791650836843,17.16207228246594,1
745,14,-6.7166011225538265,-19.038607109836104,2
745,15,-12.151029807698984,-19.759941394973207,2
745,16,5.692694336472322,-10.986645673335554,2
745,17,-15.17815424378172,-34.80864036837732,2
745,18,-12.336120268018478,-62.33652076881587,2
745,19,-13.851879099355445,-36.0931980858386,2
746,0,-584.348447038059,-21.00086097425373,0
746,1,-605.7285628907916,13.112022286722585,0
746,2,-569.4479763578446,-6.1689036951981375,0
746,3,-570.1763695119023,34.74990590682779,0
746,4,-613.1560539677165,-24.745501995068295,0
746,5,-576.0103754234448,-16.75212902028274,0
746,6,-607.1226404280361,-14.640745159354333,0
746,7,-590.4712461591528,-22.80095387945938,0
746,8,566.4840455590927,24.582941686231187,1
746,9,537.8651408640618,12.31872135494145,1
746,10,559.0626623378414,-5.132678397668941,1
746,11,588.9889410257279,-2.6460554053734775,1
746,12,564.3251435784115,-7.451669273760383,1
746,13,625.0857054007771,17.025474150941502,1
746,14,-7.47179258029329,-18.40645723653719,2
746,15,-11.908044913849917,-20.01629542014469,2
746,16,4.231445474772526,-11.677276863264963,2
746,17,-15.124558726410122,-36.02350285119475,2
746,18,-10.816062710859729,-62.841911038210704,2
746,19,-14.168521713086456,-36.7844134368322,2
747,0,-583.9062074226017,-20.602342184803383,0
747,1,-607.1042842078431,11.829747557696713,0
747,2,-569.9992340143493,-4.685459428526778,0
747,3,-571.6504693620003,36.2898372626394,0
747,4,-613.1040324469044,-23.61975202131505,0
747,5,-576.3375522553672,-17.226253385040987,0
747,6,-609.9884291851822,-14.775412869279107,0
747,7,-591.9186218240933,-22.629875174839118,0
747,8,566.412044538115,25.004956446066227,1
747,9,538.3797631603538,12.174820708146612,1
747,10,560.2419230462115,-5.884333379964183,1
747,11,590.0026326041323,-3.4548869568919574,1
747,12,564.2689492629218,-7.675212331717445,1
747,13,627.2007305013504,17.326465578697334,1
747,14,-7.931083783995429,-18.931670723125237,2
747,15,-11.951945404297053,-20.76825334856782,2
747,16,4.6816418103375605,-12.05977505755309,2
747,17,-14.248855913827692,-35.006182079681004,2
747,18,-11.349210358291122,-61.9833972804923,2
747,19,-13.375110243324988,-36.16109812548454,2
748,0,-584.415896558695,-19.437185079896743,0
748,1,-608.4905759794789,12.840132290826242,0
748,2,-571.3167735425319,-5.519193552619697,0
748,3,-572.0040497756739,36.05639884264594,0
748,4,-612.8723204096332,-22.963761705029572,0
748,5,-577.796214878067,-17.04720182726451,0
748,6,-611.414673115358,-12.604819697085068,0
748,7,-593.5091581284054,-22.77190978295425,0
748,8,567.4765027522471,25.761873985198392,1
748,9,538.9611925661004,14.234852083680467,1
748,10,562.2487673851459,-5.7273710849666815,1
748,11,591.0344180873527,-2.3191483843235767,1
748,12,565.1901466935909,-6.60458060216046,1
748,13,627.4958939132961,18.79121226703493,1
748,14,-8.794667765640096,-18.736008641266032,2
748,15,-12.418012373514365,-19.95075346682301,2
748,16,5.965004590735591,-12.511177793466135,2
748,17,-12.906270221804219,-35.50164772329677,2
748,18,-12.585600287582078,-61.30363080872608,2
748,19,-13.025753262611573,-37.36542880899627,2
749,0,-585.6403226070653,-20.832736369831846,0
749,1,-608.762545782184,12.923668158432298,0
749,2,-572.487755663627,-5.983825593558669,0
749,3,-571.7156306277201,35.466536755503604,0
749,4,-612.420223993428,-23.423983889613524,0
749,5,-578.154864511303,-15.467724859980965,0
749,6,-612.367754888197,-12.351764523412207,0
749,7,-595.4682964825539,-21.249785348143135,0
749,8,567.6045778562171,26.61079434801442,1
749,9,540.1023489232026,14.97193673086328,1
749,10,562.9443478786314,-5.869921503205613,1
749,11,591.6205705672339,-2.6079306488876735,1
749,12,566.1641791606552,-7.028364469308506,1
749,13,627.0717417154864,18.752988892646655,1
749,14,-9.95582130364824,-17.200272427530578,2
749,15,-12.432132778374955,-19.72680573727417,2
749,16,6.761117595468806,-11.693074502105185,2
749,17,-12.872964071940466,-36.67607474915951,2
749,18,-13.018964145528534,-61.059853717126714,2
749,19,-11.922878404422871,-36.88178197601412,2
750,0,-586.7721556386376,-20.41730333983487,0
750,1,-609.5964749821862,12.88415617600383,0
750,2,-572.7298509163016,-5.137839863663909,0
750,3,-573.7862253254281,35.00172126354193,0
750,4,-614.3177030140283,-23.413202904883175,0
750,5,-579.331296475818,-15.968308268878545,0
750,6,-614.429754273379,-11.441141430858647,0
750,7,-596.3065986670408,-21.220451180305048,0
750,8,568.4843721162995,26.658872312775497,1
750,9,540.002529827354,15.930802377310718,1
750,10,564.5633196554123,-5.973217545268549,1
750,11,591.2492915091568,-3.5899255022427696,1
750,12,567.3274284858021,-6.779733293196191,1
750,13,628.4950707226569,18.625610823340256,1
750,14,-9.809810924397118,-15.21415646577276,2
750,15,-12.272519851043812,-20.148804586107197,2
750,16,6.4106839328637415,-10.952484723107098,2
750,17,-12.14994726620493,-35.97780185136337,2
750,18,-12.055448475406003,-60.58794695107913,2
750,19,-11.654897885445768,-36.51119052775569,2
751,0,-588.5721105094772,-19.040174347579192,0
751,1,-610.0270158948957,12.27021994148726,0
751,2,-574.0727340596308,-6.52894899780024,0
751,3,-573.9786953624927,34.02523745073922,0
751,4,-615.3215635947997,-23.141132364352803,0
751,5,-579.446568404299,-16.701111245671594,0
751,6,-615.9339934448437,-11.258241319327007,0
751,7,-597.3736114348505,-21.415280255187824,0
751,8,568.7146862105855,27.432698720046183,1
751,9,540.1309048948498,17.049154338426604,1
751,10,565.3612298011055,-7.35539743877496,1
751,11,591.624261874864,-4.4869470870698684,1
751,12,567.5959690323863,-5.963358108543825,1
751,13,630.3640116931443,17.551585398227516,1
751,14,-9.852780371489548,-15.162911179166722,2
751,15,-12.24943185698062,-20.57908407276315,2
751,16,6.9324061431001525,-10.148509621041919,2
751,17,-12.88658400312646,-36.000165642593245,2
751,18,-12.846584617920112,-61.26559454251667,2
751,19,-12.134587068909354,-36.112337757712226,2
752,0,-590.4267082164002,-19.158586227173686,0
752,1,-609.8079606180439,12.926208330157221,0
752,2,-573.8746499026621,-5.689119043655114,0
752,3,-574.4681230295071,32.47269757316024,0
752,4,-617.0425955079504,-23.15509464656126,0
752,5,-582.370176887473,-16.380639610609272,0
752,6,-615.7380182087587,-11.396221304097923,0
752,7,-597.7940002281442,-21.653566212912654,0
752,8,570.4698835697238,27.328096191401183,1
752,9,542.2835114324852,17.95754742982409,1
752,10,566.4488011479029,-5.799490300624374,1
752,11,592.5197097109907,-5.412056584386962,1
752,12,569.4708016356823,-5.514627769777983,1
752,13,630.3129646419926,17.76154659145592,1
752,14,-10.465228521097304,-15.03399125948412,2
752,15,-12.388830044612302,-20.652541696136424,2
752,16,6.646862849490496,-9.153323228814884,2
752,17,-12.045657417465524,-36.737703858487286,2
752,18,-13.414950345264554,-61.286114022076944,2
752,19,-11.773139677464055,-35.33033319529253,2
753,0,-590.5387434285225,-17.929233150989095,0
753,1,-610.6574323483123,13.079402114827111,0
753,2,-574.0673607407174,-5.582582155110396,0
753,3,-575.4605464828105,32.25207515178689,0
753,4,-617.7842384145509,-23.827408366938634,0
753,5,-583.6465830684547,-16.03399797353134,0
753,6,-617.1325019303794,-10.69530976202629,0
753,7,-598.3440921396129,-19.8213667226945,0
753,8,570.7047110169831,27.262280255221924,1
753,9,543.6178486451414,17.732121065246805,1
753,10,566.254810871258,-5.727663156678866,1
753,11,592.3382658660739,-5.108663607187025,1
753,12,569.480628197795,-4.823188027705212,1
753,13,632.0646722852781,18.592034745237328,1
753,14,-10.751268472543641,-14.77298802037076,2
753,15,-12.481406897908293,-22.077208678242947,2
753,16,6.220072076462543,-10.128209822750957,2
753,17,-12.01894649527139,-37.11893044436276,2
753,18,-13.276194750754234,-61.35225131470778,2
753,19,-11.978631413523534,-35.91581651186975,2
754,0,-593.2557080978094,-18.832842321758413,0
754,1,-612.1406853777302,11.948453288512734,0
754,2,-575.3698042695536,-4.9157342448392285,0
754,3,-575.7085563574803,32.63660190196604,0
754,4,-617.5075422249903,-24.4579231389328,0
754,5,-582.960946471633,-14.598881690607493,0
754,6,-617.4047029580386,-10.811051589445185,0
754,7,-600.7663285496857,-21.207814823711587,0
754,8,571.9861604903126,26.74035345482616,1
754,9,543.3354804463141,16.13794832791238,1
754,10,566.9515423145795,-5.841416421932592,1
754,11,591.6824604288403,-5.008345112410444,1
754,12,571.1145003992561,-5.003221823237553,1
754,13,633.0713615344557,17.24951956079847,1
754,14,-10.992137653181297,-15.021050060105734,2
754,15,-12.52648014788396,-21.961823771892565,2
754,16,6.539276353988393,-9.342323128544617,2
754,17,-13.426881285226038,-37.342982339665156,2
754,18,-13.178798755457766,-61.258702206443886,2
754,19,-12.469034809526464,-34.860167292474586,2
755,0,-593.305825386486,-19.230167505042953,0
755,1,-613.9951428744234,12.088902665007279,0
755,2,-576.1815980210699,-4.120442356478518,0
755,3,-577.1494337563682,31.201439048960907,0
755,4,-619.1396472843012,-24.07771244752416,0
755,5,-582.4110790565846,-14.011581393892072,0
755,6,-617.0396136997293,-10.760590647038052,0
755,7,-600.6503411019894,-20.66700767910027,0
755,8,572.9794723231869,27.090489072683564,1
755,9,544.4345537252387,17.351314683016867,1
755,10,567.4951969584696,-5.168945610267283,1
755,11,592.6065522889052,-5.246478207083971,1
755,12,573.1282328256035,-5.427691878100869,1
755,13,633.030512397648,17.325094163543397,1
755,14,-11.306731123762168,-14.603915853671326,2
755,15,-11.954697989067013,-21.942083208456456,2
755,16,6.248201042219859,-10.783879345106945,2
755,17,-12.569431008514783,-36.879217078788045,2
755,18,-13.00684600859099,-61.99981606791004,2
755,19,-12.722662203546506,-34.743846794944744,2
756,0,-593.3022816292556,-18.67224064512823,0
756,1,-615.7696174423488,11.883395006232838,0
756,2,-577.607941641154,-3.3260823022760118,0
756,3,-578.8166821693419,31.605192185120917,0
756,4,-619.0327615287306,-23.792061793134835,0
756,5,-584.8109757864618,-12.802333485751305,0
756,6,-618.7387327830951,-11.728466420597538,0
756,7,-598.8968452984728,-19.853464746603795,0
756,8,575.0410888943326,28.614792013832908,1
756,9,546.4802472382094,17.68408700705503,1
756,10,566.5516671947686,-4.849096652604306,1
756,11,592.7598522210271,-4.587468982854967,1
756,12,573.3168024985298,-5.28483997954012,1
756,13,633.9439559093281,17.970056589195806,1
756,14,-10.47282279591994,-15.13901870046851,2
756,15,-11.761587270629931,-22.569956251610893,2
756,16,6.781074215547657,-10.216738255623047,2
756,17,-12.105805658289945,-36.13599563382357,2
756,18,-13.095853347566823,-62.47302439484266,2
756,19,-14.116122603564488,-34.05809721738395,2
757,0,-593.5238074848596,-19.905302054465494,0
757,1,-615.403718243281,12.01986867051151,0
757,2,-578.2687250858628,-4.8500768249725414,0
757,3,-579.6136202775454,32.225319519544726,0
757,4,-621.1994511715303,-23.05187893896112,0
757,5,-583.8771604574983,-12.227516386162764,0
757,6,-619.0871809224939,-10.560465489031058,0
757,7,-599.5278922736508,-20.024138707349135,0
757,8,575.5464292953785,28.24835358973207,1
757,9,547.80797714338,16.97021346675474,1
757,10,567.6716561763434,-4.582185216937796,1
757,11,593.9872764112505,-5.081482447274843,1
757,12,575.4039511105547,-5.566982348962372,1
757,13,634.7796644808981,16.190694318978544,1
757,14,-11.04357889059514,-16.10583953213567,2
757,15,-11.388068496854704,-21.91806167734217,2
757,16,7.254954470259229,-10.727584209939714,2
757,17,-12.622747164036035,-36.39739355042793,2
757,18,-12.56878490679081,-61.336124124763096,2
757,19,-13.89035176989439,-34.62109698425885,2
758,0,-595.1644902961967,-18.968436364266363,0
758,1,-616.5917241659172,12.494609553356137,0
758,2,-580.1283572766783,-4.604490101458496,0
758,3,-580.9227597671486,31.32369815077186,0
758,4,-622.0838874475977,-23.781799892064868,0
758,5,-586.1483425595825,-12.410628153368178,0
758,6,-619.7740932355271,-10.709801943191646,0
758,7,-599.8896624956304,-19.931091044567935,0
758,8,575.8697985644498,27.45498727590614,1
758,9,547.5433558647505,15.895908251513742,1
758,10,568.2481764866138,-4.352282851478986,1
758,11,594.5644401387456,-5.8222313463001845,1
758,12,575.9024928005348,-5.191459979052896,1
758,13,636.8843410302533,14.459847318253694,1
758,14,-10.032396758817388,-16.791312701905238,2
758,15,-10.459827009111553,-23.251519025592977,2
758,16,6.486544357650141,-11.657045482457972,2
758,17,-12.480836564418537,-35.9799909440679,2
758,18,-15.727558869760283,-62.04668379837665,2
758,19,-15.105436250330413,-34.75343801189949,2
759,0,-595.3962620486179,-19.33175342779684,0
759,1,-617.3710572477657,12.536173047780808,0
759,2,-580.1386098905334,-4.600714885543585,0
759,3,-582.6036902111881,30.987481698143466,0
759,4,-622.7109650341129,-23.941404263976406,0
759,5,-586.4115022213995,-11.99959210842703,0
759,6,-621.5464082174653,-11.3350319439585,0
759,7,-600.078025866748,-20.077905827863006,0
759,8,576.1561040600064,27.609172493305024,1
759,9,548.3726066862714,15.78916950803636,1
759,10,569.3190684792536,-3.404334037202328,1
759,11,595.481769875826,-5.642502973022571,1
759,12,577.2353912054789,-4.399952138446023,1
759,13,637.1456717861591,15.66289158352562,1
759,14,-9.60388945246854,-16.303238352685902,2
759,15,-9.14629887212156,-22.077974855404438,2
759,16,5.656330966182113,-12.451040224338689,2
759,17,-12.153134045586912,-35.39190703341637,2
759,18,-15.808737934973939,-62.783591700542296,2
759,19,-14.267401219029177,-35.586155485732796,2
760,0,-596.263984847097,-19.556411002854976,0
760,1,-618.3939608021632,13.0704724671107,0
760,2,-581.4690629294382,-5.287289392148841,0
760,3,-584.7015577632504,31.61322486935716,0
760,4,-624.5150469948318,-23.387318493538853,0
760,5,-587.2459736335892,-12.248053822643545,0
760,6,-622.7801816243943,-10.383605708107199,0
760,7,-601.4164806737136,-20.8229475013364,0
760,8,576.5088902524378,27.898206469603824,1
760,9,549.6810620886295,17.620798465514564,1
760,10,569.4922396574229,-3.3331597956203067,1
760,11,596.5287013253893,-5.876218656636863,1
760,12,577.9880326022587,-3.534276832615344,1
760,13,637.5546330110336,16.026564603028326,1
760,14,-9.870086068751716,-16.7876952985876,2
760,15,-8.7222063087114,-21.492916598305463,2
760,16,6.398150126267004,-13.84690815986093,2
760,17,-12.9349385620011,-36.91397642005267,2
760,18,-15.533132043170404,-62.827586230762265,2
760,19,-14.105410127227062,-34.91818911144204,2
761,0,-596.938810216417,-20.08863998365831,0
761,1,-620.189727072319,13.220327433784531,0
761,2,-582.4847223204151,-5.159872878819885,0
761,3,-586.2014274413866,31.26547766586889,0
761,4,-625.7799564579918,-24.811889939677265,0
761,5,-587.4518934970815,-11.376929532759535,0
761,6,-624.139535220724,-10.123187295338314,0
761,7,-602.7356812287344,-21.574416227634792,0
761,8,579.0701692496718,27.54635254584962,1
761,9,550.0706622667133,16.682917643204,1
761,10,570.5930891581831,-3.059243645999639,1
761,11,597.6314231190169,-5.296336951686507,1
761,12,579.6058142212694,-2.1106886078564457,1
761,13,639.2054374555518,17.89403245923954,1
761,14,-12.316292148522574,-17.023953186999,2
761,15,-9.301777079437768,-21.988345028082744,2
761,16,7.128118525531252,-14.954551765788135,2
761,17,-13.322062830226619,-35.65451511749461,2
761,18,-14.544357430349411,-63.01304016268452,2
761,19,-13.226650658194355,-35.494247044909535,2
762,0,-598.3917385996949,-21.603243170704783,0
762,1,-619.401692776438,12.466223422897146,0
762,2,-584.3385073702449,-5.111926948131375,0
762,3,-586.3266311675661,31.822371452282727,0
762,4,-624.9540342954399,-24.78822650327127,0
762,5,-588.2628683367153,-12.23670990594181,0
762,6,-624.8127511736421,-10.63696641857487,0
762,7,-603.4980321628626,-21.10483927966721,0
762,8,579.4025951563852,27.05209785541424,1
762,9,550.9653120852192,16.70046435174446,1
762,10,572.0689586052202,-1.220445785746777,1
762,11,598.7546442417369,-4.484822687998955,1
762,12,580.3115610356411,-2.33942575527491,1
762,13,639.7967538034787,18.762821708473325,1
762,14,-11.706527224924773,-17.502145679780714,2
762,15,-10.227904365101148,-22.71704884953783,2
762,16,5.462409944304501,-13.80876416319583,2
762,17,-12.311999751392454,-34.777000318384026,2
762,18,-13.771494348373308,-62.45665608448121,2
762,19,-13.153340592573167,-35.87223782709162,2
763,0,-599.233655488891,-20.818375808345387,0
763,1,-620.3423829690784,12.812542433699429,0
763,2,-585.9520402644652,-5.668551388104962,0
763,3,-586.963284904307,33.40267932480909,0
763,4,-626.8763068539977,-25.841771951238723,0
763,5,-589.749513975151,-11.684849668604354,0
763,6,-626.3843081639772,-10.668326203425655,0
763,7,-604.1847931986465,-19.513694040306916,0
763,8,579.8583733658113,27.916905609605575,1
763,9,552.1337257000273,15.111146246400484,1
763,10,573.0135315332358,-1.7247972351619985,1
763,11,598.5228513139831,-4.817421762329203,1
763,12,581.9327498725501,-2.386092972572507,1
763,13,640.0727551353169,18.357581335131005,1
763,14,-11.94966247057057,-17.313696275185563,2
763,15,-10.28530089534112,-22.807358976916095,2
763,16,4.305553428379061,-15.615113076543896,2
763,17,-13.05313661008941,-34.92200347389744,2
763,18,-13.081886290928244,-61.787776910725306,2
763,19,-12.584847404274234,-35.75402846645027,2
764,0,-599.8926573232184,-21.4071732939946,0
764,1,-621.3516904868997,13.19845845899881,0
764,2,-585.6152974763368,-6.922795631410128,0
764,3,-587.9101191020516,33.670344555671434,0
764,4,-628.1703616254753,-24.484906440667096,0
764,5,-589.9980194101685,-11.4421958843686,0
764,6,-627.8541815913941,-11.146056446977889,0
764,7,-604.4209590709155,-18.50487770017515,0
764,8,580.0836535070566,27.9421834269618,1
764,9,552.909269017104,16.39174119212984,1
764,10,573.2608745456879,-1.3102404341269294,1
764,11,598.9757269426091,-4.9774764571190815,1
764,12,582.3420062742715,-0.7035359443396056,1
764,13,640.6252416792709,18.176707101508388,1
764,14,-11.321211798665034,-17.652572256275228,2
764,15,-9.113410037389352,-22.307073539047256,2
764,16,4.1188148059218,-15.336156278816349,2
764,17,-14.098496576708307,-35.57959060444994,2
764,18,-12.67552074563653,-61.712964696683436,2
764,19,-11.675414911575128,-36.315057885526514,2
765,0,-600.5339490422015,-19.999159319752355,0
765,1,-623.1662770048042,14.132403827293286,0
765,2,-585.6111056199321,-8.45577671021973,0
765,3,-589.2688087415312,32.92481045243426,0
765,4,-630.0883995224826,-23.839099632736758,0
765,5,-590.3194819509687,-12.585025052899896,0
765,6,-628.0681156081419,-11.398186875326946,0
765,7,-606.0557050905021,-19.424642637609693,0
765,8,581.8898563713245,28.075653884773047,1
765,9,552.3600346271807,17.684940531431884,1
765,10,574.8106516904843,-1.6063751807960667,1
765,11,599.040850331934,-4.912222671632541,1
765,12,583.2743930149063,-1.1876134553171125,1
765,13,642.0783724709834,18.128214046040767,1
765,14,-11.486507708239833,-17.901483128285367,2
765,15,-10.027997644855418,-21.91477477407309,2
765,16,3.77860177928533,-16.59053237963958,2
765,17,-14.185931960624574,-37.15811610381476,2
765,18,-12.98748990590493,-62.48833197068372,2
765,19,-13.902906971852953,-37.592193555959895,2
766,0,-600.9981532312695,-20.902174811668434,0
766,1,-625.3497155970035,14.512493058339345,0
766,2,-586.933230271337,-8.316134920115427,0
766,3,-589.2238676084964,32.45328248305115,0
766,4,-630.3092445753263,-22.936122052067574,0
766,5,-590.4760881944128,-11.89351337789634,0
766,6,-629.0290625391339,-10.754274399218312,0
766,7,-606.2731348129151,-20.603508782989568,0
766,8,584.7800803704807,29.213421171672525,1
766,9,554.0402029601512,17.80785016589726,1
766,10,573.9381694939723,-0.6884055840556196,1
766,11,600.2157991102335,-5.6573593500524035,1
766,12,581.990928267111,-0.9030665189172331,1
766,13,642.7801945023491,19.402233509390737,1
766,14,-12.30729396724398,-17.92963655604742,2
766,15,-8.462793491719733,-21.72606812912825,2
766,16,3.8371125397739787,-16.414142178263138,2
766,17,-15.278122294228845,-36.365481717445334,2
766,18,-12.551463569006394,-61.130605115617975,2
766,19,-14.195307226402225,-36.625410060081855,2
767,0,-601.4297274617348,-20.05202528437856,0
767,1,-626.6580695431207,13.533104370381311,0
767,2,-588.5393944991018,-8.267935585853303,0
767,3,-589.2401828705032,31.779996001896375,0
767,4,-631.0062275280555,-21.89048716836733,0
767,5,-590.5512042328459,-10.873225089217717,0
767,6,-630.7026297224318,-9.465714462524376,0
767,7,-607.2675880194365,-19.89428227226997,0
767,8,586.4351145781886,29.747665202443326,1
767,9,555.396365015943,18.298269915219922,1
767,10,576.3158909459531,-1.8564775120559895,1
767,11,601.6671535206065,-6.329750070280998,1
767,12,583.2512802241224,-1.346916541065532,1
767,13,643.6187054693372,21.210227770890832,1
767,14,-12.594805978743276,-17.484100656956983,2
767,15,-9.21043993809563,-21.101263860403453,2
767,16,3.545303827428844,-16.372517731048262,2
767,17,-16.138063383667113,-37.156781368141964,2
767,18,-11.93462016103995,-62.06762128401009,2
767,19,-13.688401676830884,-34.724344783912734,2
768,0,-601.1820301734576,-19.580872402018915,0
768,1,-627.6314595122676,13.775483646402973,0
768,2,-590.7436098724193,-9.197292851600182,0
768,3,-589.8531091467843,31.676615760170673,0
768,4,-630.3106670157514,-20.818174110377832,0
768,5,-591.7998706937943,-10.348080765655288,0
768,6,-630.8134191484158,-9.359426913865152,0
768,7,-608.3461052921342,-19.76796269661473,0
768,8,587.6305744943246,30.280421048352544,1
768,9,556.0039441644126,16.885955395466123,1
768,10,577.6742145548952,-1.3926328481194172,1
768,11,601.5891636154735,-5.238290671358979,1
768,12,584.6787106867033,-1.7895859240800216,1
768,13,643.8333028718699,21.7146200228793,1
768,14,-13.041595411090121,-17.259324958908387,2
768,15,-8.928157841621877,-21.734004049790627,2
768,16,1.6461811084904963,-15.354970716934927,2
768,17,-16.67074177292247,-37.00996153013682,2
768,18,-11.797905577269152,-61.10992423207933,2
768,19,-15.458930579299677,-33.91840171894028,2
769,0,-602.8247740550544,-19.844987160802084,0
769,1,-627.7874056216525,13.950107185519999,0
769,2,-592.2245433598168,-9.189172831895313,0
769,3,-591.1977570837512,31.352726539360837,0
769,4,-630.3157038132485,-20.37223163776996,0
769,5,-593.1412197653167,-10.850470142499745,0
769,6,-629.7781318252646,-7.981992644936144,0
769,7,-609.2608520883138,-19.029447139724983,0
769,8,588.1977368966925,31.047829963936444,1
769,9,555.5077503281093,17.26967486351698,1
769,10,577.8206000690236,-1.168293493635358,1
769,11,602.3850064013781,-6.8415612587828525,1
769,12,586.2089681568399,-2.276530912500303,1
769,13,644.7759946151574,21.462750336291947,1
769,14,-13.737007081963233,-17.29616868145949,2
769,15,-9.123428402595998,-22.05471109016819,2
769,16,-0.3326638789086356,-15.764894197191069,2
769,17,-16.783568835897874,-35.7290989331367,2
769,18,-11.446822458941405,-59.34121626830434,2
769,19,-14.395151394273284,-33.04111859016152,2
770,0,-603.8690877182671,-21.189760484320956,0
770,1,-628.1083583544386,12.671176293374781,0
770,2,-593.6311089467896,-8.597466306240898,0
770,3,-590.3963343953978,32.83323167191818,0
770,4,-631.9847305996502,-20.86173704921816,0
770,5,-594.7191342896219,-11.08804668471841,0
770,6,-630.6884986968508,-7.673417986031528,0
770,7,-609.5758475214329,-19.87147774368783,0
770,8,588.1092883074998,31.692266433138432,1
770,9,555.0823501251829,18.0742394020576,1
770,10,577.2906310084549,-2.741527432864869,1
770,11,603.0520751868426,-7.493446226950419,1
770,12,585.0008933244875,-1.2117470219463888,1
770,13,646.0623069778092,20.10643424213141,1
770,14,-13.814345267661079,-17.04160433498669,2
770,15,-9.012858030113541,-23.551537234583403,2
770,16,0.8456360773461211,-15.662279074624657,2
770,17,-17.494271096031298,-36.21203151521495,2
770,18,-12.255889142297654,-59.7397354690384,2
770,19,-14.879658226560343,-32.30106669430844,2
771,0,-604.3024844825981,-20.909277970611583,0
771,1,-630.5242374626179,13.188174137928318,0
771,2,-594.7166478881807,-8.007637055992802,0
771,3,-592.3717224838783,32.4651285153773,0
771,4,-631.177321150115,-20.586584882771405,0
771,5,-595.3346609715052,-11.4214168780885,0
771,6,-631.642158908255,-6.323749505277008,0
771,7,-610.3298393328092,-19.954614080491904,0
771,8,588.9768916060808,31.500384200838788,1
771,9,556.8243593065168,17.220278091172585,1
771,10,578.1854100823894,-3.0888409100646674,1
771,11,604.477318099721,-6.221492569021059,1
771,12,586.118003183227,-0.6180379730903721,1
771,13,645.1271944667675,19.59990028693584,1
771,14,-14.88857190812105,-16.732479677465058,2
771,15,-9.828418225499945,-22.766259905478258,2
771,16,0.9741477601125013,-16.412223368859085,2
771,17,-17.051961992044667,-35.435350423995004,2
771,18,-12.960885927256616,-59.68823573788163,2
771,19,-15.506721007836584,-32.43102567397753,2
772,0,-605.8627069772725,-21.52087435394473,0
772,1,-633.769217803754,12.071886350970235,0
772,2,-596.5355002654799,-7.950333396860993,0
772,3,-593.5057703261172,31.704131636521755,0
772,4,-631.0283250004584,-20.91077679583733,0
772,5,-594.3791081083659,-11.080167731687503,0
772,6,-633.4581158090772,-6.726954098254177,0
772,7,-611.0903109890851,-21.214874912804905,0
772,8,590.3877239431665,31.255055354762877,1
772,9,558.0194761609952,17.946140180326275,1
772,10,578.9316620620269,-3.971622205636886,1
772,11,606.4023990714785,-5.066045718360513,1
772,12,586.0188099424952,-0.1476063350668605,1
772,13,646.0470473334666,19.258484725024584,1
772,14,-14.452274241625426,-16.794406996495397,2
772,15,-9.857335927266488,-23.78403377179999,2
772,16,2.2416446355211805,-16.585874946459786,2
772,17,-17.054336325903552,-36.27853594314542,2
772,18,-13.129778552055605,-59.14232867258165,2
772,19,-17.083894862258628,-31.615734884121128,2
773,0,-607.5597063498988,-21.161582799766336,0
773,1,-635.2171251280103,12.784164650168936,0
773,2,-596.9729271401625,-7.600671673479472,0
773,3,-594.5127821962807,31.077137487661197,0
773,4,-630.7992412609477,-20.966073010544843,0
773,5,-595.944651054975,-11.744749096688661,0
773,6,-634.072869280442,-6.984781577761651,0
773,7,-613.1740450944391,-20.360145071215367,0
773,8,592.0736835017897,31.230414787421697,1
773,9,557.3725411332364,18.16381589129652,1
773,10,579.4028243492128,-3.9435446088926103,1
773,11,607.4984626033993,-4.403795706318789,1
773,12,587.0997347006391,1.7835206698895116,1
773,13,646.9910563089502,18.420659655302348,1
773,14,-13.479579034529038,-16.97062938431582,2
773,15,-9.815556166313826,-23.77901668645039,2
773,16,2.769185883678901,-16.613395622798773,2
773,17,-15.28944727909005,-36.91740918370957,2
773,18,-13.949708653748926,-59.0735088821863,2
773,19,-17.661996268915455,-32.443784529519995,2
774,0,-608.6838608121774,-20.64219519974002,0
774,1,-637.7488661399593,12.609924405816455,0
774,2,-598.5835405920726,-7.66485454122867,0
774,3,-596.38148259105,30.65395913230639,0
774,4,-631.9342936409704,-20.430124128845662,0
774,5,-596.7473730953878,-11.27281684695471,0
774,6,-633.949777262578,-5.191406514288918,0
774,7,-613.2411669054478,-21.03178636034684,0
774,8,591.7246013701761,31.12349273416598,1
774,9,557.6551194514093,17.37466527038095,1
774,10,579.8053315142404,-4.508399270357404,1
774,11,608.9720107156762,-4.315361238855259,1
774,12,587.4554539780668,1.9910660069104409,1
774,13,648.2401550278419,16.707967607941175,1
774,14,-14.037295419210665,-17.690287016643587,2
774,15,-9.997911302048944,-24.4335655355455,2
774,16,2.944009474247108,-17.765138948104333,2
774,17,-16.072499389907936,-37.409975697818474,2
774,18,-13.963350782443184,-59.01424525965843,2
774,19,-18.323096459597263,-31.67405631991784,2
775,0,-609.0332443834191,-19.861373539460665,0
775,1,-639.6551219159776,12.003464111611654,0
775,2,-600.2321698210525,-8.078995725780608,0
775,3,-598.3021625216599,30.035666914079602,0
775,4,-633.9929793618137,-19.788952833711782,0
775,5,-596.967044027083,-12.392273951088386,0
775,6,-635.1853724062574,-4.920159120923196,0
775,7,-615.4445343847243,-22.050058736643358,0
775,8,592.485830426556,30.817392741788403,1
775,9,558.3262960471052,17.134577231091445,1
775,10,579.394573219804,-5.305003492945913,1
775,11,608.4861999572676,-4.6640692365297225,1
775,12,587.8184664768996,0.5609128446785854,1
775,13,649.6921018896,16.94485552573992,1
775,14,-14.486698121215394,-17.889334052981813,2
775,15,-9.452448765858449,-24.553413655202387,2
775,16,3.2505236276750678,-17.526015280744996,2
775,17,-17.079809329642245,-37.750299083290095,2
775,18,-13.9792147585685,-59.26676745228751,2
775,19,-17.991813687377316,-30.964103446327332,2
776,0,-610.6165706086318,-19.817089781880412,0
776,1,-642.0640281347139,13.91088581031105,0
776,2,-600.7246613305854,-8.542399215638529,0
776,3,-596.9778309129207,31.32511350213856,0
776,4,-635.4366371483795,-19.46122684615497,0
776,5,-597.6222474778212,-12.576240819639818,0
776,6,-636.0579867747126,-5.489254430982629,0
776,7,-615.8933948357245,-24.614284491668815,0
776,8,593.5228617356505,31.798729100712386,1
776,9,557.9406859979556,17.67401831543655,1
776,10,580.3830628517958,-7.514280407485858,1
776,11,609.8846878081561,-3.6640081251402803,1
776,12,589.727373950722,1.3798965522419593,1
776,13,649.0056961577559,17.29711641927032,1
776,14,-14.458893401769714,-19.07090691968941,2
776,15,-8.657389213963423,-25.02437486075025,2
776,16,3.892436901620189,-17.791239366938846,2
776,17,-15.574683576827915,-37.79220779025668,2
776,18,-12.542182913576847,-58.253481049927366,2
776,19,-19.022588703161194,-30.543860583278473,2
777,0,-611.2455253957852,-18.40809513003673,0
777,1,-643.5044685519553,12.5863970961188,0
777,2,-601.7228483713578,-10.582071015444408,0
777,3,-598.0917160617547,30.244951559117435,0
777,4,-634.044052227772,-19.310298368337364,0
777,5,-598.4936684182256,-12.940697197903667,0
777,6,-637.5261022907328,-4.6933290717023475,0
777,7,-617.6651244309775,-26.8584122414343,0
777,8,594.5846418356141,32.00933482341322,1
777,9,559.4675264301242,18.93417834354405,1
777,10,582.159797433963,-9.234840286200669,1
777,11,610.2969892313067,-2.2844967652548194,1
777,12,590.5677116802516,1.1170230053330974,1
777,13,648.3865451696169,17.86649781430086,1
777,14,-14.307337044244886,-18.20484273544682,2
777,15,-8.255926081247784,-25.9406326491523,2
777,16,3.0370978972077687,-17.127384343055084,2
777,17,-14.03923223194221,-38.5342577189664,2
777,18,-11.967971214760311,-57.903680814827695,2
777,19,-17.674059734943285,-30.15088407718908,2
778,0,-612.6165500424697,-18.294153356726735,0
778,1,-644.4982455010825,14.38043999902358,0
778,2,-602.3223550828322,-10.58944810056415,0
778,3,-599.6003885925551,30.285058480171916,0
778,4,-636.3591349102053,-21.106227154273753,0
778,5,-598.686044164679,-12.640093060102945,0
778,6,-638.6456673152838,-4.978079304825124,0
778,7,-618.6100662594547,-27.389457958469325,0
778,8,595.4980625611804,32.40155505244375,1
778,9,560.349890996831,19.061668122638224,1
778,10,583.211331851939,-9.226734261039516,1
778,11,610.5917158581548,-2.5292200243060297,1
778,12,591.5390703005187,1.6915859620003273,1
778,13,648.6320238131982,17.88616344966628,1
778,14,-13.637692955219181,-18.319356791298244,2
778,15,-7.2322088066913714,-25.372582589952927,2
778,16,2.1131639005739413,-17.625529426173497,2
778,17,-15.115763630731252,-38.68827641044042,2
778,18,-11.912899342065346,-59.95366190529949,2
778,19,-16.432168897079542,-30.393989552696844,2
779,0,-614.2593628116241,-18.172546406095684,0
779,1,-644.4077749255085,14.689912609112854,0
779,2,-603.5766912927385,-12.31932362037714,0
779,3,-600.9075914843147,30.3541176808648,0
779,4,-637.0352197519343,-20.556207763688185,0
779,5,-599.6946407878995,-11.866309754424528,0
779,6,-640.9464875202173,-3.715598940034733,0
779,7,-618.5958570071718,-27.72097613339242,0
779,8,596.1216142990206,31.64068671798754,1
779,9,559.8593150012243,19.068172737854045,1
779,10,583.0162894811529,-9.887188256126958,1
779,11,612.5708595431885,-4.113228833322705,1
779,12,594.4026263823104,2.5524416917829806,1
779,13,649.4024908701182,17.72700838137298,1
779,14,-14.255197015810037,-18.69698655612567,2
779,15,-5.843573811453085,-24.476462644409246,2
779,16,2.6870946151020547,-18.063209547725503,2
779,17,-15.082770328561717,-39.27515478355721,2
779,18,-13.676901762735376,-60.19484741077514,2
779,19,-15.763846727505417,-29.83347137359962,2
780,0,-614.9521017621653,-18.33014647795102,0
780,1,-645.7082293653044,14.006280805367814,0
780,2,-603.9533210850315,-10.591873919625229,0
780,3,-601.4651898543002,30.729015570493488,0
780,4,-639.1279034455897,-20.334532832603916,0
780,5,-600.5684554683534,-11.253706930141169,0
780,6,-641.1811112260721,-2.7714206099616985,0
780,7,-618.9751970182975,-28.575463035619727,0
780,8,595.369161791841,31.710350571224627,1
780,9,560.7265407418147,18.506668911609395,1
780,10,584.5943523560452,-10.785369821507459,1
780,11,613.2037947523847,-4.40619761986365,1
780,12,594.2282632176976,1.3561203423399746,1
780,13,647.8741768319427,17.956313038831254,1
780,14,-12.277509600466846,-19.75007867893469,2
780,15,-6.380682044069311,-26.229150471053934,2
780,16,3.2928314477032514,-17.191549855049196,2
780,17,-14.781109312457103,-39.579837625935845,2
780,18,-14.403775433561911,-60.290888935623855,2
780,19,-15.060568762463236,-29.964512554243,2
781,0,-616.2890714593765,-19.204375980430147,0
781,1,-646.5282223574247,13.300761227800784,0
781,2,-605.260243395908,-11.412528383003599,0
781,3,-601.6321948481067,31.57051138064381,0
781,4,-640.0369079496315,-21.09907581664576,0
781,5,-599.3604023887566,-10.7332422476192,0
781,6,-641.6264681580765,-3.1950434399586674,0
781,7,-618.3375347081517,-27.063464013193943,0
781,8,595.6546613093004,30.97080050076994,1
781,9,562.0466101037345,16.24687444740555,1
781,10,584.0012404731262,-10.631474254537848,1
781,11,613.5316360279429,-4.351272277784183,1
781,12,595.689586403266,-0.6501761398877004,1
781,13,649.1738132220613,17.840655467317276,1
781,14,-12.88945168339434,-19.423680366542623,2
781,15,-4.748241561807476,-26.34117553422616,2
781,16,4.797039165022412,-15.991799409464102,2
781,17,-16.317928205899438,-40.46796936725346,2
781,18,-13.925763430255046,-61.42072121471737,2
781,19,-14.527335677298801,-29.58382437595916,2
782,0,-615.9730937752432,-19.49762416151215,0
782,1,-646.170910406779,12.576546945792739,0
782,2,-606.1764561118795,-11.196617453424501,0
782,3,-601.0460622085732,30.391630124495183,0
782,4,-641.4751488334371,-21.498990825192923,0
782,5,-600.5339149511378,-11.486194261291605,0
782,6,-643.0609044005365,-3.5498659590642534,0
782,7,-620.1916024195867,-26.29824610625607,0
782,8,595.7825283071262,30.593396274555968,1
782,9,562.0443247443659,17.056208956433313,1
782,10,585.4079282832972,-11.038177770066811,1
782,11,613.9184379917867,-5.095483301438123,1
782,12,596.7871483928709,-1.0283377040416706,1
782,13,650.1606632431137,17.946484473783126,1
782,14,-13.039706502931761,-19.65759639743396,2
782,15,-4.475046529914215,-26.990871157251444,2
782,16,5.363042302291883,-15.368344197935143,2
782,17,-15.490332832741705,-41.163448200563415,2
782,18,-13.111480127606455,-62.36779077330172,2
782,19,-14.95397524383002,-30.47431943159995,2
783,0,-617.2332084403403,-19.563864428167832,0
783,1,-647.1532064451991,11.811419912327352,0
783,2,-606.5825165978258,-10.977928814998698,0
783,3,-603.8403673398416,30.360051273498012,0
783,4,-642.6973888074784,-20.440178506272,0
783,5,-601.3618021937772,-10.504261632253225,0
783,6,-643.7764773237808,-2.8107978220510477,0
783,7,-622.1858469934924,-26.876268573569938,0
783,8,594.4506459763106,30.699540124900356,1
783,9,564.0736322462342,18.107714425405163,1
783,10,586.8490791342664,-11.234233069882224,1
783,11,615.0439392468229,-5.925483229047072,1
783,12,598.667055605534,-0.20247409110386527,1
783,13,650.7766940960339,18.25910595919799,1
783,14,-11.775024898632154,-19.333229012521155,2
783,15,-3.290290840169576,-28.25996928141931,2
783,16,4.466298515635868,-15.11054462268081,2
783,17,-14.577171581551674,-40.61259542378484,2
783,18,-12.483427164400787,-62.956629131981536,2
783,19,-15.776154893102781,-30.000839408704213,2
784,0,-617.9882306093417,-17.36353039015126,0
784,1,-647.39169817,13.262595330838518,0
784,2,-606.0330274222431,-12.48861053076887,0
784,3,-604.1154442784037,30.686549046637598,0
784,4,-644.2941468121082,-19.884873565458037,0
784,5,-602.505849612054,-10.874214487359534,0
784,6,-645.266979657042,-3.3588180061992707,0
784,7,-622.9676052895296,-24.30473720739372,0
784,8,594.7160285164139,31.589346380689364,1
784,9,565.3149025511636,17.369680875199787,1
784,10,587.2762968922418,-11.30174346353631,1
784,11,616.1347934009639,-7.782455962848879,1
784,12,598.7891393916028,0.27704915626832755,1
784,13,652.073426962517,17.441185370222385,1
784,14,-11.234343960769463,-18.26379393772766,2
784,15,-2.779546806664984,-29.011960724923878,2
784,16,4.734089547083842,-16.525268842949192,2
784,17,-14.736384392445201,-41.98235896003253,2
784,18,-11.267011184226645,-61.30567665847534,2
784,19,-14.309376185697968,-30.23928163254605,2
785,0,-617.8951848378704,-17.165945476244723,0
785,1,-647.1335093061879,14.265794353520409,0
785,2,-605.2278507021442,-13.058816724100629,0
785,3,-604.3932823257503,31.396970472634067,0
785,4,-644.812090780099,-19.134347352004507,0
785,5,-603.0441992065058,-10.920419794041065,0
785,6,-647.6364231888556,-4.037150611235189,0
785,7,-624.4917538213472,-23.77845784694127,0
785,8,595.4031724874565,31.497271675532843,1
785,9,566.234823579446,17.21672396068853,1
785,10,586.7616639284269,-10.7710711914934,1
785,11,617.2534526273862,-6.5852709751634215,1
785,12,599.2118381444909,0.5839213825342976,1
785,13,652.6915740835863,16.413434570833783,1
785,14,-10.105944539177596,-18.386278690831055,2
785,15,-3.1882847908330323,-29.471781732716106,2
785,16,3.6608497123972064,-16.958785211928824,2
785,17,-14.042699561097388,-42.85754128701299,2
785,18,-11.662042770480078,-61.43446646335004,2
785,19,-14.098474157020663,-31.101032326232758,2
786,0,-619.0481366791839,-17.202266855335157,0
786,1,-648.0062438260097,14.65509049663697,0
786,2,-606.5554833146952,-13.498844440397809,0
786,3,-605.3754011132016,32.05853727980799,0
786,4,-645.1451813248716,-18.959173577691427,0
786,5,-603.8358687119038,-11.612188376183779,0
786,6,-648.5886622014282,-4.743986549412292,0
786,7,-625.7589969039518,-25.31014100173265,0
786,8,597.1339311917164,32.10701934318366,1
786,9,566.3638274648011,17.018573289287996,1
786,10,587.7389648609326,-11.02377661485074,1
786,11,618.6515484792226,-7.222983307134303,1
786,12,601.2892260586877,-0.38700614488408913,1
786,13,654.9701096951462,16.159472354334397,1
786,14,-10.94270062260501,-18.380743172184527,2
786,15,-3.7029630963059392,-30.86828418753555,2
786,16,4.699905489096301,-16.53715025867071,2
786,17,-13.951316583478135,-43.34765143662101,2
786,18,-10.969980995534305,-63.20293530868358,2
786,19,-13.452471068230036,-31.675208163427747,2
787,0,-621.3632378941684,-18.151066331393565,0
787,1,-647.5588146719754,15.349222479215337,0
787,2,-607.9801866914912,-13.94562545862894,0
787,3,-606.3553588357686,32.364814701032195,0
787,4,-645.4148452369135,-18.484557298202116,0
787,5,-603.2950313150175,-10.258873783050172,0
787,6,-650.7777846116196,-4.502288264842353,0
787,7,-626.6587896010842,-24.6890039707548,0
787,8,598.0220205964828,30.210220633267674,1
787,9,567.1441843178623,17.371523391109978,1
787,10,588.4053830473505,-11.383806897215488,1
787,11,620.302249966678,-6.370020437933906,1
787,12,601.5603568391163,-1.4190360399935527,1
787,13,655.8408866210203,15.791362141513886,1
787,14,-9.888124551961832,-19.31796961625779,2
787,15,-4.8096156049088545,-31.342103134997583,2
787,16,5.7587927778943815,-16.41405993166558,2
787,17,-13.385603638173464,-42.53984030727204,2
787,18,-10.819049177541993,-64.0085503763345,2
787,19,-13.268102998793594,-32.7628802065048,2
788,0,-622.0257704900783,-18.94407844389149,0
788,1,-647.9365527289091,15.789062102482315,0
788,2,-608.7631468157962,-15.195257289562685,0
788,3,-606.3565783871437,30.191419138792476,0
788,4,-646.9455441513119,-17.654167217007906,0
788,5,-603.6349494659335,-9.739392394362856,0
788,6,-651.9221599387567,-5.094281616992403,0
788,7,-626.7163835360108,-24.186006666164346,0
788,8,598.2198662652546,30.959309475161945,1
788,9,568.20762572161,16.96762465386097,1
788,10,588.9718950031771,-10.348040795420477,1
788,11,620.6225045161215,-7.49302918293407,1
788,12,602.8819083914988,-0.23228269974279447,1
788,13,655.6447171607573,15.333380562026669,1
788,14,-9.270240380541614,-18.172397039485485,2
788,15,-4.5180170266573185,-30.22098150451904,2
788,16,5.326673231124351,-17.30801462690349,2
788,17,-12.402789116893466,-42.76899120248781,2
788,18,-11.424493739633839,-64.08940847363229,2
788,19,-13.091901811163302,-32.08812272067947,2
789,0,-623.3374266128196,-18.823738536415725,0
789,1,-648.2422965429593,15.177427744333517,0
789,2,-608.6426780221016,-14.059806981903858,0
789,3,-607.2003235289702,30.569411351552603,0
789,4,-647.8844875473809,-19.538359548681818,0
789,5,-604.212988988261,-9.68271826380887,0
789,6,-652.1204298014761,-4.249816508631033,0
789,7,-627.6973312576444,-23.881126857543634,0
789,8,599.1228203194407,30.87516362874991,1
789,9,569.3579426500004,16.220242344941045,1
789,10,589.5376382886768,-9.789441366944997,1
789,11,621.9244927012589,-6.616522141430878,1
789,12,604.0438256850957,-0.7717617190398873,1
789,13,657.1760006905681,14.757530070511127,1
789,14,-9.971099021006331,-17.71970208036642,2
789,15,-4.699917109587187,-30.438754606187775,2
789,16,4.573285648942475,-16.597021105280685,2
789,17,-13.60501305688513,-42.07193432117742,2
789,18,-13.195811767146012,-63.67960822329949,2
789,19,-14.591417988098515,-31.822566310889425,2
790,0,-622.9744178521757,-19.166329423970243,0
790,1,-649.684581118674,15.070740196885692,0
790,2,-610.306247277702,-13.402419457288588,0
790,3,-607.5596363207558,29.554222947605275,0
790,4,-647.5141053270962,-19.066592515072905,0
790,5,-606.5982842972487,-9.572384490912617,0
790,6,-653.1219878060681,-5.694794081555722,0
790,7,-628.6782403151533,-23.493758377181624,0
790,8,599.1900769672981,31.45450247961746,1
790,9,571.2618467741205,16.417740883697576,1
790,10,590.6257833736365,-10.342652553510563,1
790,11,622.6398565346145,-5.580242699632278,1
790,12,603.3935855568993,0.7201517144296126,1
790,13,658.5219595315994,15.055701526233033,1
790,14,-11.293068515063606,-17.99889975551805,2
790,15,-5.705921255576802,-30.469123053878807,2
790,16,5.621266565805992,-17.006105984241145,2
790,17,-13.554088048811652,-41.966571258253126,2
790,18,-12.92927757761945,-63.54472419718526,2
790,19,-15.108422127364987,-31.604733889048795,2
791,0,-624.2484085655361,-18.978475413248095,0
791,1,-650.5828106149708,13.412452271676965,0
791,2,-609.6625164100278,-15.394522536712387,0
791,3,-608.3191436507055,28.337311861804157,0
791,4,-647.428906995857,-19.99508113254748,0
791,5,-607.5589168941269,-9.226143002550955,0
791,6,-654.2251233016581,-5.88599366588495,0
791,7,-630.2419724725439,-23.529317139711072,0
791,8,599.6734794929304,31.240893195965345,1
791,9,572.4820023188487,16.22186679900265,1
791,10,592.2634191924441,-10.83762288754688,1
791,11,623.0753987326224,-5.374417931408249,1
791,12,604.5836693510242,1.0564984035835892,1
791,13,659.7685191845601,14.094097947583677,1
791,14,-10.953992470149906,-18.469370533978015,2
791,15,-5.495287556883298,-31.135050569246342,2
791,16,4.606005406707878,-15.502324943660321,2
791,17,-13.663190144982432,-42.118956663894124,2
791,18,-13.675001089343457,-62.84779631073868,2
791,19,-15.724858011460043,-30.456655530333606,2
792,0,-625.7159615490564,-18.364153099322053,0
792,1,-650.8168147932942,14.976058621013125,0
792,2,-609.9148170225291,-15.179461501139883,0
792,3,-607.2851319153872,28.111768826374256,0
792,4,-647.7754484436425,-19.71119909376172,0
792,5,-608.1738534479782,-11.20291806669562,0
792,6,-655.1605278784626,-6.1147682321325965,0
792,7,-631.4799489740146,-23.570379429187657,0
792,8,600.8491439674996,31.18020913325949,1
792,9,573.5892480501532,16.44720106086358,1
792,10,592.1998172586426,-10.030900958623564,1
792,11,623.8936168369194,-5.193057062986453,1
792,12,607.5570914495315,1.4054902699160412,1
792,13,660.7665644998399,13.770405174286216,1
792,14,-11.976984107938623,-17.783946647595602,2
792,15,-5.289968367721491,-30.0533730627022,2
792,16,4.536553125800042,-14.46998881703935,2
792,17,-12.783075849111398,-42.93787296861116,2
792,18,-13.09264144606754,-62.47571688437964,2
792,19,-15.42468799747785,-29.906978214261436,2
793,0,-627.3751571080268,-17.867443032988398,0
793,1,-651.9357253328691,15.378509432003353,0
793,2,-609.6626130696363,-15.191208484161482,0
793,3,-608.0413133912483,27.57673939603595,0
793,4,-647.9296753306271,-18.787822433080816,0
793,5,-608.699228821473,-9.78419473967089,0
793,6,-655.5329463981891,-5.9868887203369505,0
793,7,-632.6739142865227,-22.27592788101036,0
793,8,601.3978737450025,30.284198765754205,1
793,9,575.6135102513365,15.373061976156713,1
793,10,593.7479660264917,-10.527696475481951,1
793,11,625.0766812722322,-3.142535577365306,1
793,12,608.4886990931202,2.1114941099190228,1
793,13,661.3982873997123,12.215800320631857,1
793,14,-13.004878202030403,-17.774980327772504,2
793,15,-5.835116872489722,-29.496439828404153,2
793,16,4.033185253207574,-13.826090098102616,2
793,17,-12.783009841583391,-41.804274476125364,2
793,18,-14.070711465000308,-62.75248090184631,2
793,19,-15.495932052369474,-31.287787928634014,2
794,0,-628.6041257288618,-17.46824458452295,0
794,1,-652.8393217524972,15.555372900327258,0
794,2,-611.8825417464432,-15.322428203420642,0
794,3,-610.0428491805635,28.24209829669509,0
794,4,-648.4511044393541,-20.042752816804203,0
794,5,-609.4278697361268,-9.089852045868556,0
794,6,-655.9582760308028,-6.713726256470128,0
794,7,-633.9808703552852,-23.4226122842681,0
794,8,601.6469003327378,29.68156729118002,1
794,9,576.6497295865998,15.216650979695089,1
794,10,595.3955891669066,-10.41974903156997,1
794,11,626.3255861096535,-3.061322077290108,1
794,12,611.0278333233724,3.3180081092528475,1
794,13,660.6092939292757,12.534244947416276,1
794,14,-12.416703209311697,-17.512212897280953,2
794,15,-4.407343563650148,-29.097408154924768,2
794,16,5.278078518939189,-13.947320744431325,2
794,17,-13.464036296780899,-42.195891347425075,2
794,18,-14.06380141068117,-61.910587030236705,2
794,19,-16.38133022291794,-31.202991656725175,2
795,0,-629.6774551039001,-17.42785817437914,0
795,1,-653.0777297937889,15.392460069433128,0
795,2,-612.1926472452287,-15.253243189253144,0
795,3,-611.1525812333118,28.662540395890325,0
795,4,-649.7231123990648,-20.909228101800437,0
795,5,-610.5555314748763,-9.734095688265935,0
795,6,-656.3619107214017,-5.296890496986066,0
795,7,-635.2583625529668,-24.052604919667925,0
795,8,603.7780523311018,30.552975975577457,1
795,9,576.9925415863096,15.756408153258649,1
795,10,596.553180445278,-9.659513668780473,1
795,11,626.850827956404,-2.7490349802465905,1
795,12,611.0825313518505,3.159605891435058,1
795,13,660.1208303167914,12.477117384622268,1
795,14,-12.780956704427872,-20.11827115528942,2
795,15,-4.038257740408388,-29.663012696022857,2
795,16,5.566274720388798,-13.855602560160664,2
795,17,-12.309681875477049,-42.32234151732995,2
795,18,-15.042401905502905,-63.777328579460345,2
795,19,-16.984906462259616,-31.919436262748363,2
796,0,-630.5857928633619,-17.75562426871714,0
796,1,-653.0913925463501,16.30870585572852,0
796,2,-613.2036004730473,-15.39938450818393,0
796,3,-611.3562900128746,30.412449489677105,0
796,4,-649.8884336693163,-19.693206035379852,0
796,5,-610.9219138045346,-10.965264090407146,0
796,6,-658.2799415310877,-5.803401232432468,0
796,7,-637.3240594034866,-25.481464133454114,0
796,8,604.2910086116409,30.99164892712789,1
796,9,577.9300534692853,15.619802872409641,1
796,10,597.0491303841068,-9.146015030679113,1
796,11,628.3029528965832,-3.6542037070061104,1
796,12,612.3063373397805,4.744680606003151,1
796,13,660.4941433516017,11.461517879513645,1
796,14,-13.505613584255878,-20.202717643390727,2
796,15,-3.8264836429262967,-30.155392025483135,2
796,16,5.407992903407542,-13.417940329734082,2
796,17,-13.074773925929705,-43.37105524690441,2
796,18,-13.876562728698358,-62.402034643071936,2
796,19,-16.707488638338955,-31.19996287757973,2
797,0,-632.4166821102189,-17.834954679635047,0
797,1,-653.3948297918992,15.555283483809616,0
797,2,-614.2792983456756,-14.78713744586636,0
797,3,-613.1536670048265,29.049804206503442,0
797,4,-651.3902513003919,-20.532456454354474,0
797,5,-611.850414038881,-11.610837074927327,0
797,6,-659.8098603054963,-5.808695846163754,0
797,7,-639.075592656653,-24.701651478097222,0
797,8,605.2055702970965,31.435245976234807,1
797,9,578.0027307916406,16.167390583950286,1
797,10,598.7282078604736,-8.467859404050797,1
797,11,630.1731333059249,-2.983022017959092,1
797,12,613.5154368821076,2.8137770492902527,1
797,13,661.1127060759709,11.43651627279046,1
797,14,-14.016383998626742,-19.72039609194555,2
797,15,-4.479947626486645,-29.119824580169144,2
797,16,5.629959919210019,-13.271000368758006,2
797,17,-13.176368867060502,-44.9835291361283,2
797,18,-13.175986481595343,-61.72861726751199,2
797,19,-15.983509944338289,-31.440528311091168,2
798,0,-633.3172807166011,-18.99398317341225,0
798,1,-654.9480794500503,15.31110338007064,0
798,2,-615.6920419186492,-15.449045430122755,0
798,3,-614.4795965069516,28.380316763727638,0
798,4,-650.9915127073972,-21.313242109195567,0
798,5,-612.2127655494064,-12.790461666793393,0
798,6,-659.8563139616656,-4.664649084331993,0
798,7,-639.9615525425342,-24.181422536132896,0
798,8,605.682149709311,30.387633130568698,1
798,9,579.8260691744388,15.722832062828527,1
798,10,598.8654802964084,-9.382802849060603,1
798,11,630.2293016955509,-3.2826965426759616,1
798,12,613.7051406564117,1.8287686007888204,1
798,13,662.5443244581277,12.929837821026998,1
798,14,-15.94459458929627,-19.99883279942842,2
798,15,-4.409478778735093,-28.53498650758748,2
798,16,4.646169520452291,-13.509652907432754,2
798,17,-12.902696717626748,-43.9249602560254,2
798,18,-13.090254556062705,-64.05743858918879,2
798,19,-15.608846323382254,-31.943937087164173,2
799,0,-633.776332513308,-19.3045909219226,0
799,1,-656.0328107816489,16.484557959198217,0
799,2,-616.5520453028472,-16.52876906941334,0
799,3,-616.1159518404072,27.65346243282649,0
799,4,-652.8654079904943,-21.78805289544278,0
799,5,-613.6636481641661,-11.831367214053099,0
799,6,-659.3106638625428,-4.489746510800562,0
799,7,-641.6349513589751,-23.710860130299196,0
799,8,606.8783500263188,30.8629905309153,1
799,9,580.9320934179265,16.11016186201681,1
799,10,600.165962664082,-9.489237420384864,1
799,11,630.271560623853,-4.012360526086633,1
799,12,613.1925412397418,1.1239285246633148,1
799,13,663.9017518481644,14.00615886175274,1
799,14,-16.63284282295971,-19.556765377639614,2
799,15,-4.2227985044527205,-28.235598275163337,2
799,16,3.869775197518514,-13.470790436714404,2
799,17,-11.478581391179457,-44.54384120707134,2
799,18,-14.260062064306414,-64.53419997846423,2
799,19,-16.379249865492742,-30.200107863217735,2
800,0,-635.0904894052672,-19.60746336329868,0
800,1,-657.1404448131541,17.70546503513912,0
800,2,-616.8288654174794,-15.31036299443561,0
800,3,-616.8645272906543,28.36357838240071,0
800,4,-652.8691613920005,-21.54171550559906,0
800,5,-612.1555985731121,-11.084947043926476,0
800,6,-660.8853095419583,-3.606701790916915,0
800,7,-642.7001815251954,-24.843246242815056,0
800,8,608.1531818030468,29.91040533018194,1
800,9,583.0405178419834,16.23007110626343,1
800,10,601.54480908914,-7.143052240145673,1
800,11,629.4894106758837,-4.291037177542183,1
800,12,613.4125490269788,1.4572694816118092,1
800,13,663.4646730000096,14.049462076890306,1
800,14,-16.55611257854766,-17.812622147132032,2
800,15,-3.4162726211812666,-27.8538359073757,2
800,16,3.812369331610389,-13.369037354730011,2
800,17,-11.193657740512615,-44.428905618577936,2
800,18,-14.936581763433564,-65.08331051827366,2
800,19,-14.739999112915388,-29.905202272846243,2
801,0,-635.9794995836824,-20.496086677727682,0
801,1,-656.3677462330935,16.389817393182085,0
801,2,-617.2649592995657,-14.959569572614656,0
801,3,-618.5950347168191,28.92617024982028,0
801,4,-654.2999971149428,-21.83894306637642,0
801,5,-613.5008675889626,-11.223378527029091,0
801,6,-661.3555460383475,-3.2769492523092008,0
801,7,-643.2356935925185,-24.849383928488137,0
801,8,608.6987878773357,29.934928666978358,1
801,9,583.253218960756,16.670220000714952,1
801,10,602.0612494474512,-7.267277858176515,1
801,11,628.5062498591574,-4.0427863386314025,1
801,12,613.788483945854,2.1624504686202104,1
801,13,665.8030330090936,14.161855271969033,1
801,14,-15.761620312989528,-18.344306610442878,2
801,15,-4.05906116141964,-27.75703959887267,2
801,16,3.632694959193814,-13.803421010809727,2
801,17,-10.944580817575723,-44.55386828744388,2
801,18,-14.019279537303104,-65.20182827214248,2
801,19,-15.262659949158222,-31.053864203752713,2
802,0,-636.3375487529045,-19.687355428464265,0
802,1,-656.8289881517978,16.862688731518745,0
802,2,-618.6927700597095,-13.807570132322242,0
802,3,-617.8402293937679,28.733253411456232,0
802,4,-654.103898461664,-22.044979099979773,0
802,5,-614.1051379255247,-11.153573829677729,0
802,6,-661.4745485257488,-2.3371439426957847,0
802,7,-643.7536885977958,-24.644141083204687,0
802,8,608.655241424576,30.57387841968223,1
802,9,582.7398533758005,15.553250694623884,1
802,10,601.8439539035694,-6.413856344185759,1
802,11,629.6132150457039,-3.417742558450988,1
802,12,615.138037432664,1.4214685306145887,1
802,13,667.1574735541625,13.457193458258477,1
802,14,-16.553773106083398,-19.055829804826153,2
802,15,-5.263163718290357,-27.904134214731464,2
802,16,2.551291746327374,-15.463692980930183,2
802,17,-12.431067687119583,-43.98984984689663,2
802,18,-13.503290383774768,-65.97143057682159,2
802,19,-15.29422901897869,-31.573229989445412,2
803,0,-637.7384744558182,-18.56073795297857,0
803,1,-657.5709750961718,16.128020865547875,0
803,2,-619.940086994687,-12.223340649722287,0
803,3,-618.2752981308322,27.891157219847553,0
803,4,-654.4236486229701,-21.585429724240417,0
803,5,-615.4174720747721,-10.834793330324727,0
803,6,-661.7077437548105,-2.8911652297619863,0
803,7,-644.2320884104262,-23.844935325940526,0
803,8,609.568560561081,29.61719883630165,1
803,9,583.5333376142848,15.000441127139638,1
803,10,600.8599119137903,-5.627208328601438,1
803,11,631.2812658720349,-3.7377931719654534,1
803,12,616.370231449123,1.0795720365434505,1
803,13,667.8860386767703,12.666904232026056,1
803,14,-17.252034703336577,-19.663934356768568,2
803,15,-6.275537078650921,-27.526245178451514,2
803,16,2.4498127743548967,-15.678680646729267,2
803,17,-12.441402840427749,-45.56904647592883,2
803,18,-13.944684493548118,-66.45974858646869,2
803,19,-16.530362732441354,-32.19856748794883,2
804,0,-639.0264418664771,-19.137135198882895,0
804,1,-660.3090401151051,15.741514521611931,0
804,2,-620.8114858522399,-11.715371192239832,0
804,3,-619.1035297592888,27.0699302484236,0
804,4,-656.5660226182594,-21.84657904908341,0
804,5,-617.5214236712372,-12.769586829344945,0
804,6,-662.3758541783944,-4.569891018572209,0
804,7,-647.4457253482188,-23.093754870768343,0
804,8,609.2447749870072,28.802893268048464,1
804,9,584.172388396094,14.628999965970378,1
804,10,603.049436449352,-6.227506873618228,1
804,11,630.5127018420496,-3.5339112489427458,1
804,12,617.9835756611621,0.9737112478790708,1
804,13,669.6477100436529,11.835447204374875,1
804,14,-16.33620618613183,-20.013239869057024,2
804,15,-5.665743346196068,-29.558521897106687,2
804,16,2.230923243369361,-14.989670705705711,2
804,17,-11.804280916289866,-45.503081700323655,2
804,18,-12.33358543899337,-66.7145189674084,2
804,19,-17.439904785830176,-31.860697493922828,2
805,0,-640.0047780628192,-19.01803472509052,0
805,1,-661.3210184220915,16.49484991295872,0
805,2,-621.2520652820851,-11.51659726603159,0
805,3,-620.1115295456791,27.487861040103574,0
805,4,-657.0502939107732,-19.6355286779747,0
805,5,-618.3363076931264,-11.455754889957648,0
805,6,-662.5124539748896,-5.194142416705167,0
805,7,-648.5183066786261,-23.42178258009958,0
805,8,610.5933571941952,29.108452639570665,1
805,9,585.0982512525732,14.975172793530259,1
805,10,604.0414745335698,-6.061454358426444,1
805,11,631.5410847066061,-2.970332180771436,1
805,12,619.3527972524153,1.837628510515604,1
805,13,670.3589396444331,12.628045108351465,1
805,14,-15.82986596007501,-19.830924471318117,2
805,15,-6.817627188627185,-29.30667195749408,2
805,16,2.576058527711568,-14.925408950871828,2
805,17,-12.128936374581022,-44.441597526330455,2
805,18,-12.80789846332506,-67.04463616684794,2
805,19,-17.76321488494659,-33.1552123894715,2
806,0,-639.971083146627,-19.412285095373228,0
806,1,-663.3889457092254,17.66184072985078,0
806,2,-622.8786524245502,-11.064545116546766,0
806,3,-620.912349975505,28.302487771123722,0
806,4,-657.0066191642103,-19.092910890194,0
806,5,-619.9894363021316,-11.42317507598297,0
806,6,-663.9049083219398,-5.554584316181168,0
806,7,-648.5578237856312,-24.070142910422227,0
806,8,612.1173315981223,30.144241715088672,1
806,9,585.8900449382487,15.353409163927719,1
806,10,604.2533967696439,-6.203065552973483,1
806,11,631.8941527066079,-4.293959021409867,1
806,12,620.8474508451611,1.737978203193697,1
806,13,670.3834195156575,12.756432029869007,1
806,14,-15.273469483149618,-20.977318332934622,2
806,15,-6.0484792576542405,-29.263705044727743,2
806,16,3.558079821840339,-14.47161795382615,2
806,17,-12.98910366623356,-45.279345704265836,2
806,18,-13.651268746177198,-66.9814557130966,2
806,19,-17.3575392531417,-32.505226169371404,2
807,0,-642.2401153548294,-19.884736393870877,0
807,1,-664.6704898236459,18.691414773162837,0
807,2,-623.1345722615288,-9.141475340871116,0
807,3,-621.2764499938695,28.712887887380713,0
807,4,-658.3583626500082,-18.12090647112499,0
807,5,-620.6898527340528,-10.67766090929968,0
807,6,-665.541880915831,-5.113447640369463,0
807,7,-649.2919471697062,-23.07737814183538,0
807,8,613.1155213487971,29.436550746512065,1
807,9,585.3268056208373,15.925962363873055,1
807,10,604.2768696372356,-6.149307307665018,1
807,11,633.3579233720161,-3.9501805159370655,1
807,12,623.0614184488265,2.160680129165006,1
807,13,670.919769487262,12.772409157979796,1
807,14,-15.411790283666447,-20.04591793311421,2
807,15,-6.511382149476923,-29.155260324874515,2
807,16,4.382435925766451,-14.194725838923281,2
807,17,-13.568624213654024,-46.81411155678233,2
807,18,-14.593425993711893,-67.2777138964062,2
807,19,-17.610603761802242,-33.615134435818625,2
808,0,-643.0640911455791,-19.272536672220006,0
808,1,-663.619596215345,18.577849506364494,0
808,2,-623.1815845494167,-10.988407062297693,0
808,3,-623.0869576970294,28.093350004783844,0
808,4,-659.1591853715528,-17.609599795079003,0
808,5,-621.4748649332653,-11.39359081083258,0
808,6,-666.8850009117174,-3.4073345769184176,0
808,7,-649.9121636306198,-22.778304268446682,0
808,8,613.4078252835076,28.05033233170071,1
808,9,586.3004183884794,17.173757488471963,1
808,10,605.52740767849,-7.762035253438597,1
808,11,634.4579268222092,-3.8394991459759997,1
808,12,622.4962241077793,2.8798858072828004,1
808,13,670.9181306189209,11.731881699675094,1
808,14,-15.056272743247604,-21.043891531079552,2
808,15,-6.32143370939435,-29.199464071630807,2
808,16,3.6957999250506908,-14.026043035607794,2
808,17,-12.857234203351476,-47.526570163817844,2
808,18,-15.398371209218746,-68.01290935840288,2
808,19,-17.01812412031804,-33.92514562008291,2
809,0,-644.3576915399252,-19.834140880348322,0
809,1,-663.2356323324647,18.73169410502003,0
809,2,-624.1811792537941,-10.452951022641988,0
809,3,-623.3678010284933,28.261516624098142,0
809,4,-659.0813191667469,-17.552324993441484,0
809,5,-621.1573774141551,-11.265748888045415,0
809,6,-667.3994624450191,-3.4288147856725493,0
809,7,-652.2473804232953,-23.034526224444864,0
809,8,615.0128202382615,27.88899315819338,1
809,9,585.7016860101527,18.473640895954293,1
809,10,606.9077300450653,-7.8256062420201244,1
809,11,634.9128957000148,-3.9906594325276092,1
809,12,624.3961646899306,3.6064688607022903,1
809,13,671.1732301261487,11.410883596684174,1
809,14,-14.464015367875897,-22.488503682741687,2
809,15,-7.586828529291106,-30.17513560727844,2
809,16,3.2554272231575188,-13.09251841801036,2
809,17,-12.260302901108709,-48.21555132723708,2
809,18,-14.85442193152294,-68.50522503582826,2
809,19,-16.31031967142637,-33.32783171068508,2
810,0,-644.3845979296985,-19.83390361776268,0
810,1,-663.3575255801179,20.36224353564602,0
810,2,-625.6129473675121,-12.231709905188067,0
810,3,-624.2907808210364,28.641511447632926,0
810,4,-658.8276656489686,-16.231266750248903,0
810,5,-622.1604569845614,-11.28007727003334,0
810,6,-669.4205823416206,-4.472182353414891,0
810,7,-653.0759829409508,-22.02175574686201,0
810,8,614.0677339196095,28.704399668785587,1
810,9,587.7843185955021,16.97494674252327,1
810,10,607.6524206899812,-7.888143231234961,1
810,11,636.5037847951621,-4.582760660331075,1
810,12,625.3536189735588,4.854977827326644,1
810,13,671.2229465914806,10.229579192419921,1
810,14,-13.95078135921864,-22.784155844004665,2
810,15,-8.980763025406922,-30.672908853692697,2
810,16,4.73181856358441,-15.17855209047272,2
810,17,-12.217537831389627,-47.80262634393261,2
810,18,-15.16111192301192,-69.3483244201646,2
810,19,-16.63769130139683,-33.95672091533873,2
811,0,-646.591429680012,-18.905518074921282,0
811,1,-664.0606145565155,21.10012579296257,0
811,2,-626.2865188227684,-12.32014789436308,0
811,3,-626.6314640646989,28.228933206444754,0
811,4,-660.7285396908164,-15.627381923880694,0
811,5,-623.318695229324,-12.014262357249205,0
811,6,-671.0608875608218,-3.098466548346041,0
811,7,-653.7332064569954,-21.391136993186976,0
811,8,615.5319761146984,29.377314960017447,1
811,9,589.2325559405565,17.665103685247786,1
811,10,607.984715717952,-7.655162908935087,1
811,11,636.2495978191803,-4.44089819288117,1
811,12,625.8965066983086,3.0043555457265785,1
811,13,671.9926182581478,9.03567595198632,1
811,14,-13.49860014576916,-22.315498448608654,2
811,15,-8.537893860276416,-32.06860171409479,2
811,16,4.457819494256918,-14.222611524930558,2
811,17,-12.207590026014863,-47.443513439277964,2
811,18,-15.459397710450526,-68.79928821579841,2
811,19,-17.687023197510918,-33.373776564878554,2
812,0,-646.5358442017138,-19.741240410289517,0
812,1,-664.4731926066083,22.045753730703176,0
812,2,-625.6471638791757,-13.093856828342695,0
812,3,-627.0873450571718,27.184863213760558,0
812,4,-661.8193857299283,-14.989739682492285,0
812,5,-623.4056043930965,-12.760444616190332,0
812,6,-671.7276228485815,-2.6206688634174062,0
812,7,-655.5610647391107,-20.087766570145053,0
812,8,616.3493075410486,29.653791164722662,1
812,9,592.7455865601213,17.80107598835645,1
812,10,609.0723627168107,-5.941140354670354,1
812,11,637.9444401278957,-4.896646181722897,1
812,12,626.0903267566632,2.799099576814347,1
812,13,672.2593247349071,9.264670210336558,1
812,14,-13.174378019524642,-22.867451687019326,2
812,15,-8.916696950783463,-31.44640977464466,2
812,16,4.908787636937509,-13.724056645180728,2
812,17,-13.36506236568162,-46.282823954403675,2
812,18,-15.734534084508557,-69.29283735401066,2
812,19,-18.249543844725945,-32.91900056520879,2
813,0,-647.1164930273657,-19.690789702296968,0
813,1,-665.5971835105562,22.907221042905682,0
813,2,-627.0160708734769,-12.282237683016195,0
813,3,-627.379609915189,26.66994894414452,0
813,4,-663.0391315610082,-13.897999107484615,0
813,5,-624.3096582481955,-12.685051664437056,0
813,6,-672.3008395569954,-2.592521372129183,0
813,7,-656.7291497337837,-20.75452186255824,0
813,8,616.585614561107,28.819148924934147,1
813,9,593.5224144976743,17.765846038383174,1
813,10,610.6928516473428,-4.596110434837823,1
813,11,638.565151816833,-4.888731614402784,1
813,12,627.2432967056716,2.8721088789084988,1
813,13,672.2224563383243,9.752870851349869,1
813,14,-12.288924763335,-23.161189562171977,2
813,15,-9.764602574651468,-32.17410519454604,2
813,16,4.155518834079858,-15.089677191594678,2
813,17,-13.805466674051363,-45.56914508486781,2
813,18,-15.79138906900077,-68.53751937725698,2
813,19,-19.338943920077853,-32.961477986277515,2
814,0,-647.413308270952,-20.940866943002725,0
814,1,-667.2164814854334,22.84921353704103,0
814,2,-627.4084115747205,-12.252461843411991,0
814,3,-626.3060842159849,26.74300802521114,0
814,4,-665.5065670830631,-13.569488157095208,0
814,5,-624.9076308334271,-13.046279267724758,0
814,6,-672.1073012227089,-3.505334714699589,0
814,7,-657.7571166762425,-21.854014449513286,0
814,8,619.4207208623328,29.26574915504427,1
814,9,595.3578488216945,18.803090764520938,1
814,10,611.2112766052394,-4.307323291161488,1
814,11,640.117877400379,-3.64237369018179,1
814,12,627.1151976872773,3.2165399658367937,1
814,13,671.6098063850689,9.540168802177929,1
814,14,-12.4277437302396,-23.986794536814262,2
814,15,-9.332672993434882,-32.72104788693913,2
814,16,4.260330503600519,-15.366952998915387,2
814,17,-13.825420715340458,-45.12391325507867,2
814,18,-15.501673692662798,-68.40049533845443,2
814,19,-19.864562302724767,-33.67341405699326,2
815,0,-648.3605711251432,-21.235584906619604,0
815,1,-668.2069578833828,22.942758359626882,0
815,2,-628.427029270756,-12.801316480960033,0
815,3,-628.1048735520328,25.57551352100135,0
815,4,-664.3952867510321,-12.908665404100944,0
815,5,-626.9979448363789,-13.129663291452262,0
815,6,-672.1587251325884,-3.381636976334877,0
815,7,-658.9663041447478,-23.111572458059786,0
815,8,620.9519638934554,28.854224985995508,1
815,9,595.5250374896856,18.465462770845644,1
815,10,612.9634934517069,-5.132947071729861,1
815,11,640.0478043912484,-3.6286783612746607,1
815,12,628.7952650708835,2.50202758524015,1
815,13,673.4452699214022,8.649306758414284,1
815,14,-12.272997669231504,-23.734395964222788,2
815,15,-9.741215970345289,-33.38612646890683,2
815,16,5.904361130545583,-16.61540075384205,2
815,17,-13.939603810600879,-45.9383409024392,2
815,18,-14.714820079584737,-68.16290127474973,2
815,19,-19.490340340356564,-33.21345387116995,2
816,0,-648.6036474088799,-20.87538016365749,0
816,1,-667.8431161946469,22.05181749024727,0
816,2,-628.9405839449664,-13.30543781347092,0
816,3,-628.917013553929,25.14616087184408,0
816,4,-666.7540758717186,-12.780291291061719,0
816,5,-628.335643271836,-14.123293973984527,0
816,6,-673.2254311928525,-4.144456019072098,0
816,7,-657.9347946495865,-23.624425332604627,0
816,8,622.065991927756,28.305401638657703,1
816,9,596.0872321836734,17.863288264219932,1
816,10,612.6067387264674,-4.4002890298787065,1
816,11,639.2341316460662,-3.3994061841476326,1
816,12,628.8540514098203,1.7934299277859065,1
816,13,673.3092408990958,7.686552147686279,1
816,14,-13.700849489908864,-24.829841382334767,2
816,15,-8.3515207081775,-34.406766083359685,2
816,16,5.519403415566947,-16.89187614722325,2
816,17,-14.152718233996596,-44.313516409217144,2
816,18,-13.760961849604964,-69.43387663734987,2
816,19,-19.617815353710338,-32.29767901956248,2
817,0,-649.1192794963748,-21.804743018788816,0
817,1,-668.5500731931604,22.1752643127414,0
817,2,-629.9764871526255,-12.338369608840845,0
817,3,-629.704649813334,25.703038454089963,0
817,4,-666.7058114912297,-11.994865425319425,0
817,5,-630.7237880123286,-13.083119631543175,0
817,6,-673.8600499604598,-4.9838111117653074,0
817,7,-658.4956196869088,-23.127926169242677,0
817,8,622.7152269465327,29.186624582012975,1
817,9,595.6484021509426,17.87857067324517,1
817,10,613.0260570133814,-3.6211718484609383,1
817,11,641.1472858470815,-2.6225585959889295,1
817,12,629.6395093155215,2.368282032672747,1
817,13,674.2185744099993,9.567573116643864,1
817,14,-14.137029381538404,-25.365891213806403,2
817,15,-9.22043827234873,-34.48166044233776,2
817,16,5.1763218469133685,-17.39605371189068,2
817,17,-13.47570941689281,-45.200807922629835,2
817,18,-14.724094913298412,-69.96347453106539,2
817,19,-19.095214225600348,-30.625359123715118,2
818,0,-649.5450998632037,-23.48659509979685,0
818,1,-667.4042512027208,21.544557860855875,0
818,2,-629.7001295496997,-11.892401240686814,0
818,3,-630.0631432483542,25.052127151236995,0
818,4,-666.2023986526065,-10.936359708325789,0
818,5,-630.6391828157449,-13.197577548078472,0
818,6,-676.0630863619479,-4.9106537488013435,0
818,7,-657.7861294627915,-22.11815403755722,0
818,8,623.1055515592453,29.67195161251134,1
818,9,594.3451380013895,18.298889837447224,1
818,10,614.2440156669783,-3.2898022632520783,1
818,11,641.5503964395159,-2.3043276986096717,1
818,12,629.7846033998651,3.1664150246784395,1
818,13,674.4696456088324,9.824217053720309,1
818,14,-13.296566261846735,-25.622802363155873,2
818,15,-9.073042985667591,-34.472753601492755,2
818,16,6.1552313843617465,-18.313598255140093,2
818,17,-13.132746834544701,-44.96757960548701,2
818,18,-14.204039085855346,-71.86017859044368,2
818,19,-18.257230034482507,-31.54143866236165,2
819,0,-648.8197020616116,-23.344932514973227,0
819,1,-667.7549621625399,20.761107365015206,0
819,2,-631.647129304414,-12.079812586899996,0
819,3,-631.2914889211868,26.345055299169076,0
819,4,-667.0650982773051,-10.893058211643343,0
819,5,-630.9835803391343,-14.342677725713811,0
819,6,-677.3850672270889,-5.728625717513743,0
819,7,-659.0671951220454,-22.146809692169196,0
819,8,625.4793068085891,29.65651719267163,1
819,9,595.6601511869412,18.650034997320947,1
819,10,614.5108540887393,-3.80774197049677,1
819,11,643.8717812574837,-2.789534176646583,1
819,12,631.2698282121719,4.009828397850914,1
819,13,674.521842082729,9.229293788018857,1
819,14,-13.392392729477255,-24.815588642438353,2
819,15,-7.917469809923085,-33.35207777793377,2
819,16,5.631510971745109,-18.750629870529064,2
819,17,-12.799835645894042,-44.822618335020934,2
819,18,-15.422952641205297,-72.23097530711065,2
819,19,-17.564877897286284,-33.49588864332836,2
820,0,-648.9115704149652,-24.52685799397062,0
820,1,-670.2153550940518,21.77301449667205,0
820,2,-632.094650285866,-11.783671958790576,0
820,3,-632.3234199988752,26.156538934811312,0
820,4,-667.4035772030023,-10.930894149006022,0
820,5,-632.9421279376612,-14.476585388053369,0
820,6,-678.5454658224007,-5.463165407343631,0
820,7,-659.8227532430669,-22.494901812667134,0
820,8,626.2834979582396,28.497839609816502,1
820,9,596.2443004876822,18.898448959261255,1
820,10,616.3140772537082,-3.5965233064057145,1
820,11,643.6583033802419,-2.5887327961705737,1
820,12,631.4106241856767,4.125127831734383,1
820,13,673.8839434929939,8.582931603539041,1
820,14,-14.607778270047303,-25.303754138580903,2
820,15,-8.310037236370915,-33.22614676427264,2
820,16,6.576997618017391,-17.981263052975603,2
820,17,-12.96107152070639,-45.80408082559998,2
820,18,-14.449895047495007,-72.78738947243322,2
820,19,-17.873839522483934,-34.44440905445242,2
821,0,-650.2112505736849,-23.955414933010356,0
821,1,-668.7354061447685,21.307768116245843,0
821,2,-632.6341390623293,-12.48162431708662,0
821,3,-632.558898632357,25.543289991350647,0
821,4,-668.5648787393613,-10.608364154882196,0
821,5,-634.3680630659655,-14.256584383116376,0
821,6,-680.6788160543866,-3.3350875051734308,0
821,7,-660.344299294944,-23.180733015902494,0
821,8,627.0848696208994,29.053544427544544,1
821,9,596.8530745044361,18.969184400824666,1
821,10,617.206254018192,-3.4893010435276675,1
821,11,644.7061386999344,-0.6003462009315974,1
821,12,633.1808744563905,4.871388018301996,1
821,13,675.1864369345597,9.235949409906716,1
821,14,-14.31840345527512,-24.5489515704923,2
821,15,-8.207116778101627,-32.20979927638525,2
821,16,6.080525217912326,-18.80423013072501,2
821,17,-13.772020943164723,-46.79317014609381,2
821,18,-12.981274378789374,-72.37021545948505,2
821,19,-17.640280909102117,-35.46325804765716,2
822,0,-652.636959727223,-24.48475117165856,0
822,1,-668.8601585632259,21.436324581267296,0
822,2,-635.2942153232342,-12.919547936489966,0
822,3,-634.4837861490167,24.889175582277076,0
822,4,-669.0510808293648,-10.127638625398667,0
822,5,-635.2406893748011,-14.855917603675072,0
822,6,-681.5033349953582,-4.002721590672749,0
822,7,-661.3484597440813,-23.51445279585945,0
822,8,627.0965689687627,29.996157154940846,1
822,9,597.30853686219,18.820181760649977,1
822,10,618.415660487714,-2.1194982547058565,1
822,11,645.4892873847722,0.25077385645326955,1
822,12,633.3669566003787,4.999351200647494,1
822,13,678.0877401957567,7.966975232217093,1
822,14,-15.213476162111292,-24.91719938320143,2
822,15,-8.769311994080924,-31.894230743202822,2
822,16,5.786684015892073,-17.95287408235577,2
822,17,-13.676007140516614,-48.02564954465049,2
822,18,-12.865159174920516,-72.85220963955217,2
822,19,-18.863983333123624,-35.48516427868087,2
823,0,-653.3600438259583,-24.537225866997833,0
823,1,-671.3699513742512,22.644676439036203,0
823,2,-636.677732604802,-12.782742536547786,0
823,3,-635.6107969546372,24.504049020882515,0
823,4,-669.4630455750028,-9.762152040027145,0
823,5,-637.4604659819936,-14.157908422623517,0
823,6,-680.4428804154455,-3.866034953685272,0
823,7,-662.4559732702614,-22.34157651821662,0
823,8,629.1805497763423,29.802603528649897,1
823,9,596.9078069127725,19.48470150480916,1
823,10,618.8767631452216,-3.6401517912259305,1
823,11,645.4005433274519,-0.1874393276453995,1
823,12,632.6330767306777,5.937222235777131,1
823,13,678.5110512251758,6.687964377904253,1
823,14,-16.70267077178254,-24.813480540453394,2
823,15,-8.277194734605516,-31.95912311917678,2
823,16,4.370156424649887,-17.274844435241164,2
823,17,-15.30938976643817,-47.42027924009173,2
823,18,-12.545885986100874,-72.13542091508143,2
823,19,-19.053300058242815,-35.57466781339511,2
824,0,-654.0764285809589,-25.719342643615153,0
824,1,-674.2869254881143,22.680524652427057,0
824,2,-637.072850098031,-13.17263269214387,0
824,3,-635.5805563197756,23.49682505753914,0
824,4,-669.6231860794483,-8.925879628034474,0
824,5,-638.3500645617962,-13.679375085611905,0
824,6,-681.6509200952067,-3.1964490623331385,0
824,7,-660.6198349609738,-22.123029283820006,0
824,8,627.9333255174867,28.18466421391888,1
824,9,598.072808351375,19.121843768454223,1
824,10,619.9319425503618,-2.299592487403209,1
824,11,646.4407836768737,0.5224241043732117,1
824,12,632.3917797754292,5.088751218291167,1
824,13,678.3846560033896,7.603875790804529,1
824,14,-16.705168083215433,-24.02850184147704,2
824,15,-8.722357913333646,-31.963022537268618,2
824,16,3.691943778536896,-18.298395716535186,2
824,17,-15.182456920426024,-46.30082612293197,2
824,18,-12.670608414252516,-72.66082918445481,2
824,19,-17.9460672769466,-35.9222594711391,2
825,0,-654.2895025169969,-24.561145488638733,0
825,1,-675.1526960453726,23.243714318463837,0
825,2,-638.9350848759216,-13.638645305192208,0
825,3,-635.0882637221956,22.688399047974883,0
825,4,-670.6290693336869,-9.451883749907116,0
825,5,-638.050880077781,-14.393637177360826,0
825,6,-681.5265334789234,-4.02321151517165,0
825,7,-660.3116014984796,-22.474190111344353,0
825,8,626.7256047790927,28.115337002085013,1
825,9,597.3135007421768,20.697900782858895,1
825,10,620.4336997909777,-3.7447748871880666,1
825,11,646.895399376967,-0.9629734217349287,1
825,12,634.13614931013,4.94637366832178,1
825,13,679.1213632520785,8.892825301481196,1
825,14,-16.473698471302452,-25.500126108477303,2
825,15,-7.604770267221864,-32.47249669007085,2
825,16,3.9435701793530384,-18.098566409722945,2
825,17,-16.025805298743258,-45.937955753365664,2
825,18,-12.85942724351972,-72.09433000557237,2
825,19,-17.804698589426664,-37.4807506063338,2
826,0,-654.9507884874582,-25.208338640141836,0
826,1,-675.7019180550038,21.95835805191677,0
826,2,-640.4002499993517,-13.937112237174391,0
826,3,-636.7091358213529,23.09477687931517,0
826,4,-671.9462651587709,-8.304936689200218,0
826,5,-637.8347111118308,-13.136970051966337,0
826,6,-681.0087074634355,-4.236850681823268,0
826,7,-660.7128427261018,-22.44820478532234,0
826,8,626.4651509129192,27.751115364498357,1
826,9,599.4119879546146,21.146804329228846,1
826,10,619.7566443613848,-2.7978254351682645,1
826,11,647.6180238093704,-1.9800663074643028,1
826,12,634.4332674744973,4.419745014414836,1
826,13,681.3673132478752,6.919548272044658,1
826,14,-16.888289715192975,-25.626450566240244,2
826,15,-8.779837385010829,-32.62694254962767,2
826,16,4.1453690767979054,-18.307486669191633,2
826,17,-15.302586628929781,-44.83584948982318,2
826,18,-12.882152226759512,-71.40881105011346,2
826,19,-18.029901640720823,-38.15900014664151,2
827,0,-656.0811286491522,-25.19364270986964,0
827,1,-675.9836914886006,21.636177718265504,0
827,2,-642.2437525589507,-14.719095729168153,0
827,3,-639.1381237738339,22.580545706503266,0
827,4,-672.8266366871932,-8.991953041874929,0
827,5,-639.8626186347059,-11.93867088045763,0
827,6,-680.623851436633,-4.393982499785903,0
827,7,-661.2949215674056,-22.95713212428173,0
827,8,626.7300722487081,27.672247735802916,1
827,9,600.0262718259787,20.07449578008666,1
827,10,621.0969878526524,-3.517582684445529,1
827,11,648.6158638423514,-1.2924499412630577,1
827,12,635.2770608707524,4.843841249659942,1
827,13,680.909206715012,7.260842115831015,1
827,14,-17.089134439437363,-24.515588524520492,2
827,15,-8.588619156540702,-32.340774745285195,2
827,16,3.424619960581757,-17.831567038557925,2
827,17,-16.184846240728263,-44.67738476200556,2
827,18,-12.56562393309749,-71.54947732217299,2
827,19,-18.71104827272428,-38.6299184808507,2
828,0,-656.0042230643762,-23.609758746478896,0
828,1,-677.4439620093602,20.75471644666703,0
828,2,-641.6503903802243,-16.592242644071494,0
828,3,-641.0009123667708,23.476651440010876,0
828,4,-673.2254018147945,-8.003262702992975,0
828,5,-640.3632539916985,-11.222896349399694,0
828,6,-680.7637812507674,-2.324501688596888,0
828,7,-662.4715608517827,-22.68763137185294,0
828,8,627.024627214276,27.22634050038735,1
828,9,601.2298318016587,19.587748382579687,1
828,10,622.1019398062706,-3.18788246375196,1
828,11,649.6136171834949,-0.47613685804964523,1
828,12,634.6259493616304,3.377821539020271,1
828,13,682.285321358152,6.264184613580151,1
828,14,-16.984777880019088,-25.229197782965603,2
828,15,-6.853686381483673,-33.68465111215236,2
828,16,2.841602834077565,-16.998365445345595,2
828,17,-17.70324818498854,-44.361307948785466,2
828,18,-12.745150964745116,-72.09783012609887,2
828,19,-18.7923832444685,-39.40869722049172,2
829,0,-657.2574047570567,-25.077264096017597,0
829,1,-678.2982175897027,21.78703076332014,0
829,2,-641.8199613281689,-16.67964436067982,0
829,3,-642.6781757646758,23.00616065620682,0
829,4,-674.1940584506707,-9.147167864631516,0
829,5,-642.2781846414618,-11.377672077910137,0
829,6,-681.9616281667696,-2.045160078263191,0
829,7,-663.6834419044956,-22.747439911714327,0
829,8,628.2309992872692,26.42682441868259,1
829,9,601.8676775777814,18.32232416496222,1
829,10,624.0765119219787,-3.1357211045825104,1
829,11,649.7559735033867,1.1839902024170723,1
829,12,635.3289001610201,2.9896055307265574,1
829,13,682.270195033618,6.143640779985679,1
829,14,-16.481368797850227,-25.54744172755133,2
829,15,-6.325123835940802,-33.563381444759,2
829,16,2.45610661255992,-15.548229346820118,2
829,17,-17.258191652004992,-45.953687099163794,2
829,18,-13.253759755439471,-73.69286817740263,2
829,19,-17.302151178931187,-41.38323122856538,2
830,0,-657.9008733826354,-26.48905324368736,0
830,1,-680.1243264847619,20.77246457350704,0
830,2,-642.5433606907219,-15.42749477262734,0
830,3,-642.7222031897792,21.879308235218033,0
830,4,-675.5853371694128,-10.468803909085686,0
830,5,-643.3646322764419,-12.476929594949198,0
830,6,-681.8107794743403,-1.5109227086715808,0
830,7,-664.1902913059408,-23.64414461603598,0
830,8,628.5892644829559,27.487546814575964,1
830,9,601.6329574379567,17.477709168602914,1
830,10,622.5230624310352,-2.245603078088679,1
830,11,650.5709932661811,2.9383512146625117,1
830,12,635.4419294361045,2.17267230839349,1
830,13,682.1242563852417,5.051108324867031,1
830,14,-16.213486049683794,-25.464032278738,2
830,15,-5.040898547429293,-33.30426085581967,2
830,16,2.7925193702942552,-15.542247170595035,2
830,17,-16.703420315733855,-45.36389872032237,2
830,18,-12.930127696285549,-72.9152184653299,2
830,19,-16.84600302353936,-40.619877082014064,2
831,0,-658.8171387616078,-26.161730863058704,0
831,1,-680.8851911026463,20.875914777292188,0
831,2,-645.0383628959171,-15.323120335906456,0
831,3,-643.9227889852698,22.39184824043112,0
831,4,-676.3921828880834,-10.483255855928997,0
831,5,-643.5555390891315,-12.920830268813651,0
831,6,-683.0617215063381,-1.392564291641459,0
831,7,-664.7646874031265,-23.166523725939278,0
831,8,628.8406755551697,28.57050485055786,1
831,9,603.6392169960423,17.43578534544122,1
831,10,624.2620901382583,-2.5444771782109954,1
831,11,652.6020731583128,3.3585029733706615,1
831,12,636.9572805297338,2.3123586787077053,1
831,13,683.9957379331148,6.0525139218063995,1
831,14,-15.553130687985401,-24.239835192604065,2
831,15,-4.677400758303165,-32.5904182824771,2
831,16,3.375649398788793,-15.02034659412372,2
831,17,-16.876647356716305,-45.45200578772653,2
831,18,-13.061123407532927,-71.59867236157399,2
831,19,-14.638074033816155,-40.12039958471552,2
832,0,-659.4467218213957,-26.402029731971044,0
832,1,-682.6242597912373,20.02333309583382,0
832,2,-645.1402901912146,-15.22748964184068,0
832,3,-646.7476263385984,22.158103970082006,0
832,4,-675.8530015072291,-9.17579180078004,0
832,5,-644.1203784271313,-12.930444505060988,0
832,6,-684.2181766123474,-1.4553952423847152,0
832,7,-665.5592427129423,-23.52137411259831,0
832,8,629.371784579587,28.533743559869954,1
832,9,604.9341375050927,17.471624907009364,1
832,10,626.6488259858338,-2.063556950185362,1
832,11,653.3573268909976,3.76625521290573,1
832,12,637.5801377948444,1.4722892298746082,1
832,13,685.6303123499854,5.017584916969517,1
832,14,-14.880219315060863,-23.88020093848348,2
832,15,-3.5113238556191235,-32.37425564258001,2
832,16,2.9373419961594913,-13.734811422269129,2
832,17,-16.394686452406617,-46.590209171380664,2
832,18,-14.381574252275012,-71.8847787005548,2
832,19,-14.18525554514792,-40.619876913794826,2
833,0,-660.7856438013705,-26.458080534686115,0
833,1,-683.5761431517076,20.479980052913916,0
833,2,-646.2937147423827,-16.68334303256823,0
833,3,-646.3550419655292,22.029033149099817,0
833,4,-676.9637554808196,-10.318427614829247,0
833,5,-644.3347786940453,-12.352603083226509,0
833,6,-684.718508161584,-1.689836180416759,0
833,7,-666.1310631116152,-22.152918381995462,0
833,8,630.5339557146409,29.878063272054966,1
833,9,605.9318879867822,16.153225851597988,1
833,10,628.7840836664845,-2.6606184334273273,1
833,11,653.7270242046336,3.0755996336890785,1
833,12,639.0742326791687,0.7654720465599403,1
833,13,687.3114909287787,4.4652933682519995,1
833,14,-15.152495700168329,-22.623189414147262,2
833,15,-3.7234546525055756,-32.29672863120843,2
833,16,2.729621738905803,-13.455449139005283,2
833,17,-17.188195289653137,-45.38291244076207,2
833,18,-14.36347008360476,-72.25854387587283,2
833,19,-14.639010666414453,-41.420556181039224,2
834,0,-660.415479800201,-25.40585433409373,0
834,1,-685.0978235075241,20.18661299190543,0
834,2,-647.6080854878879,-16.157237820680763,0
834,3,-646.1406618378128,21.53863661115374,0
834,4,-677.290631355542,-10.557548629020559,0
834,5,-643.6592876788441,-10.394321832687687,0
834,6,-687.2702274081952,-1.8225467708980876,0
834,7,-667.6274822996528,-21.854909572066205,0
834,8,631.0288882926958,29.45686505041655,1
834,9,606.4682164776965,14.951574890781233,1
834,10,630.0704225285659,-0.8569277309444476,1
834,11,655.0366094084554,3.420252892180098,1
834,12,640.1378217230125,0.757462112997999,1
834,13,688.7886564966406,5.471503786745942,1
834,14,-14.507306820669605,-23.290157658649086,2
834,15,-3.1589529769942617,-32.26236500620995,2
834,16,3.2052392720019984,-13.6611483201867,2
834,17,-17.322671663646585,-44.6352960639221,2
834,18,-15.928646044903918,-72.31504627664118,2
834,19,-15.014851216426269,-40.989364028712735,2
835,0,-661.1442499037886,-24.63082126014621,0
835,1,-685.2391027861812,20.60032242272432,0
835,2,-650.1486301847815,-15.85438622149806,0
835,3,-646.4566127183788,21.338154311958924,0
835,4,-678.6373934852741,-9.824505792682535,0
835,5,-643.1363952008961,-11.684057750139612,0
835,6,-690.1070945245434,-2.115098862004473,0
835,7,-666.8064225957298,-22.87020798076743,0
835,8,632.7713708742517,29.73656132134253,1
835,9,608.5226994593719,15.48196204730779,1
835,10,631.0929993238564,-1.8006215526229932,1
835,11,655.2273539164744,3.423368429757767,1
835,12,640.0081405840906,0.26699728519446797,1
835,13,689.0659297059408,5.716831837006267,1
835,14,-14.879014128144792,-23.56211632189039,2
835,15,-2.2594297025275916,-31.561865259206925,2
835,16,2.165179020717013,-13.686174513678203,2
835,17,-17.29958770212087,-45.18969328447468,2
835,18,-16.5962654197643,-72.05346511223192,2
835,19,-14.753754342849499,-40.7612627717766,2
836,0,-662.5335936859426,-24.29703246950277,0
836,1,-686.1253145386288,21.006169827246005,0
836,2,-651.7541771775383,-16.16967518520714,0
836,3,-647.6734307066806,21.98953975210094,0
836,4,-679.4006246700081,-9.537549275931001,0
836,5,-643.9622838491672,-10.834037449284473,0
836,6,-689.9392871415749,-2.9326039568674047,0
836,7,-666.7979271379301,-24.389829313593715,0
836,8,632.8927188037322,29.868240276242236,1
836,9,610.6712351287113,16.420098302258115,1
836,10,630.8983603103462,-2.3617881617230707,1
836,11,655.0576036943115,3.1662071957250046,1
836,12,640.7170357184477,0.03894527204050416,1
836,13,690.3874611590873,5.435584935534141,1
836,14,-15.164421181541991,-24.28909562275615,2
836,15,-2.172774348527733,-30.358121361641896,2
836,16,2.1625701260820973,-13.218591406974465,2
836,17,-18.061437597069954,-44.87001582508633,2
836,18,-16.665764397200746,-70.13326326309873,2
836,19,-14.641189924356336,-39.5429448047478,2
837,0,-662.9435300335072,-25.005765332536658,0
837,1,-686.740084144614,21.938528437523313,0
837,2,-650.9048462577138,-16.05169417511355,0
837,3,-648.613228023958,20.912831411418832,0
837,4,-679.4303979286458,-9.707133172713641,0
837,5,-645.287753674097,-11.312752882168322,0
837,6,-691.5427577604518,-2.8650496834983663,0
837,7,-668.4787941881834,-25.83183470629987,0
837,8,634.5565574400064,29.56140449160372,1
837,9,609.7647206676579,17.510316704552217,1
837,10,630.2672358316612,-0.30692221923985086,1
837,11,655.609099659292,3.815629687301084,1
837,12,641.076394908511,0.5142904802415302,1
837,13,691.0133418621673,5.331173051856506,1
837,14,-14.816765088093314,-23.207216321850666,2
837,15,-2.7164193263844685,-29.738045522098208,2
837,16,2.3727457402592402,-12.858605940232167,2
837,17,-17.533688317083385,-45.48204570980588,2
837,18,-15.966675812300194,-69.01976651993668,2
837,19,-14.434311870792182,-39.78448350057905,2
838,0,-662.8523478951952,-24.013642172155087,0
838,1,-687.8951274709686,22.360133358972966,0
838,2,-651.7132848344012,-15.70159770658829,0
838,3,-649.2709584686356,21.29199399402586,0
838,4,-681.6074893415897,-9.700849086062533,0
838,5,-647.1696009278974,-12.373405883180624,0
838,6,-692.7756156781978,-2.7535875509284597,0
838,7,-668.5685765052801,-25.231699232177554,0
838,8,635.9980001429311,31.47155507163663,1
838,9,610.9162276275598,17.31877658863698,1
838,10,630.8129199030187,-1.2765309341263984,1
838,11,655.7532025324538,3.7535851061651893,1
838,12,642.2217620949725,1.4868349643287246,1
838,13,691.4224487848387,5.916094365785391,1
838,14,-13.555648934809586,-22.852464944544554,2
838,15,-3.5444266794091814,-28.82969875384831,2
838,16,2.5342986546116433,-12.491834664641454,2
838,17,-17.559618766908212,-45.3756075680066,2
838,18,-15.216321801992343,-68.85715496596912,2
838,19,-14.731890662660192,-38.81147026587626,2
839,0,-664.4442649503075,-25.24172350431754,0
839,1,-688.0467817403902,21.904244924474582,0
839,2,-653.2943511492433,-15.822221739997245,0
839,3,-648.2274858477305,20.71104153536943,0
839,4,-682.1872031572581,-10.381779379864145,0
839,5,-648.4249357464192,-13.410731065274007,0
839,6,-693.5763534231903,-2.6868878255284208,0
839,7,-668.9143150041056,-25.13998655792136,0
839,8,636.096607187777,30.891901620757583,1
839,9,612.203099424264,17.723957614177362,1
839,10,631.3697838588594,-2.285877465888716,1
839,11,655.039567199671,4.20929932445306,1
839,12,642.3400572040041,1.0323359471986262,1
839,13,691.5079896627922,5.793234587647336,1
839,14,-13.529644534294622,-22.789945604390656,2
839,15,-3.944448252183345,-28.610988895075007,2
839,16,3.193258875229363,-11.260304048719421,2
839,17,-18.504919758743608,-46.014647460629845,2
839,18,-16.212000919699857,-68.50704389393228,2
839,19,-14.948235085164717,-38.349053069385036,2
840,0,-664.8049529995285,-25.608826400510825,0
840,1,-689.4600362987575,21.463133588598147,0
840,2,-653.0634122537749,-16.138938080049527,0
840,3,-648.8841392468588,20.308908299612945,0
840,4,-684.6553059121737,-10.487041218759686,0
840,5,-650.5125066631648,-14.705408853665752,0
840,6,-694.5612311487223,-2.3018352267919875,0
840,7,-670.8475804991813,-25.067270239900424,0
840,8,635.847937729503,30.53090944478181,1
840,9,612.1513569362842,18.756620574272397,1
840,10,632.6737156974199,-2.1957949135099946,1
840,11,656.280994596194,3.7813165169381078,1
840,12,644.4457381103578,1.1501903106159823,1
840,13,691.8956603168227,6.290271281711316,1
840,14,-13.791082352837455,-22.23341862082497,2
840,15,-4.38393291239728,-28.89361568899686,2
840,16,3.84588524200073,-10.995217415930457,2
840,17,-18.231081916862063,-46.05281900432782,2
840,18,-16.409881562307543,-69.01947303280961,2
840,19,-15.280044408774533,-37.80650974815218,2
841,0,-665.9305403508785,-24.467978003024314,0
841,1,-690.420288722969,21.45004909659061,0
841,2,-653.9127560076722,-16.927843673157525,0
841,3,-648.5184773158132,20.350629274029693,0
841,4,-685.4963283222902,-10.501721483955963,0
841,5,-650.600252330384,-14.65542875519351,0
841,6,-695.5779234796552,-1.466177569576602,0
841,7,-669.7065131207671,-24.556954049178106,0
841,8,636.420607230187,30.936722644502233,1
841,9,613.561967955233,17.11501587784598,1
841,10,632.657807535951,-0.8294968200306436,1
841,11,656.9015518438246,3.05548723102878,1
841,12,644.6722732380588,3.1079623004329484,1
841,13,691.758716252917,5.9619020948665105,1
841,14,-13.600634447311567,-21.36853061332625,2
841,15,-3.9706584565302525,-28.277390824556594,2
841,16,4.057104679110242,-9.873532800890445,2
841,17,-18.554875415420483,-46.82653906466495,2
841,18,-16.57129652133401,-69.15890402406045,2
841,19,-16.575127830856825,-38.937583036926576,2
842,0,-666.9855372350295,-24.096361029526385,0
842,1,-692.8550161540869,21.41040831474254,0
842,2,-654.4258173294,-16.933140074426387,0
842,3,-648.0187238415807,19.585669742567458,0
842,4,-686.5866542719842,-10.431085831207856,0
842,5,-651.9197709550505,-14.67530929157357,0
842,6,-697.2036715696297,-1.79394206407886,0
842,7,-669.5342429785236,-23.349839816831654,0
842,8,637.6353782337882,29.937596213849233,1
842,9,615.2451830752954,17.645802225367138,1
842,10,634.3243013232747,0.3214217966995834,1
842,11,657.2109454285098,2.7439120207109253,1
842,12,644.40119833707,4.354562690568637,1
842,13,692.9457836469467,5.8971984060248595,1
842,14,-13.240640708860683,-20.270561149961264,2
842,15,-4.337104835542682,-27.33651096469808,2
842,16,4.537743199845207,-9.108118008003174,2
842,17,-17.85437224325018,-45.84197964449486,2
842,18,-15.65483268714695,-69.82870404447833,2
842,19,-16.7645350391713,-38.179592316336254,2
843,0,-667.469919080418,-24.276961027184665,0
843,1,-694.1055120382398,20.223300160948348,0
843,2,-655.3203740624771,-16.448593420540785,0
843,3,-648.5575282949526,19.52342316930192,0
843,4,-687.1776462801041,-9.648817799389532,0
843,5,-653.0221978665116,-14.36227656293109,0
843,6,-697.5510700325262,-1.438988137097982,0
843,7,-669.455484372915,-22.20166712258755,0
843,8,639.1365449683037,29.779367892605872,1
843,9,616.2550812545312,17.5358276856669,1
843,10,635.3716341084636,0.9981408539058345,1
843,11,658.346726953063,3.6213120217179893,1
843,12,644.973473572127,4.306043895926521,1
843,13,692.1792978624222,4.953728116340214,1
843,14,-13.26620991235608,-21.43485104739041,2
843,15,-4.783107388762831,-27.754523739351324,2
843,16,5.506795194151059,-9.825027195796237,2
843,17,-17.4639769541838,-47.796995689138676,2
843,18,-14.813979417706134,-69.88266364807835,2
843,19,-15.69177084292832,-38.1334124628131,2
844,0,-667.8510295634089,-23.768358273425235,0
844,1,-695.3626136970478,21.289239603911085,0
844,2,-655.1546164344953,-16.114973369166897,0
844,3,-650.5699295247252,19.7116948429189,0
844,4,-687.1529388698544,-8.378492640018372,0
844,5,-653.7714681493192,-15.352782013152595,0
844,6,-699.1267324450208,-2.4671130633650398,0
844,7,-670.0692437617066,-23.013270848100383,0
844,8,641.2243929928437,30.450132259444363,1
844,9,618.484266507103,18.743094013603013,1
844,10,635.3507338820402,2.6969708218154196,1
844,11,658.8172542809745,2.2846082912694943,1
844,12,646.8294626272564,4.031935911558808,1
844,13,693.0106030585722,4.811585552908236,1
844,14,-14.381149869723252,-20.29118728513417,2
844,15,-4.51684591371033,-27.541228374237715,2
844,16,3.8208952021174554,-11.615301651584952,2
844,17,-17.842244388494652,-47.76308207314167,2
844,18,-15.460853682990013,-69.96051468804279,2
844,19,-14.46943053509224,-38.59994276223481,2
845,0,-669.6477715021958,-22.885949396881305,0
845,1,-697.8442708070975,21.25856136255415,0
845,2,-654.7973963946582,-17.947958946952973,0
845,3,-651.9212880372062,20.533929814890264,0
845,4,-688.2810741634604,-9.033336571777589,0
845,5,-655.483799978454,-14.41157093356098,0
845,6,-699.6103277802135,-2.3381815646267197,0
845,7,-670.5020501385563,-23.073731826330924,0
845,8,641.8232551033528,30.19065193769183,1
845,9,619.2920644069352,17.502311936059314,1
845,10,635.7911635616283,2.6285367429217046,1
845,11,659.9953958471774,2.7662965935180526,1
845,12,648.4119826865342,4.297499215213619,1
845,13,694.2610758359848,4.8639158965482565,1
845,14,-13.481252678902388,-19.899502610461457,2
845,15,-3.0941163176949606,-27.012653146457126,2
845,16,4.096597318811986,-11.888696628547038,2
845,17,-17.699287986579392,-47.627372197005165,2
845,18,-15.632527895787797,-70.6442851577055,2
845,19,-14.613906394610522,-38.344727050831125,2
846,0,-668.480634431795,-24.143401776089433,0
846,1,-698.797240005302,21.52701135450011,0
846,2,-655.4681451095462,-17.798573666612413,0
846,3,-652.0257806237144,21.293193114072878,0
846,4,-689.1341700234165,-8.697655801456273,0
846,5,-656.2952038386507,-14.703479291934572,0
846,6,-701.411473037966,-1.348448411485963,0
846,7,-671.8491259087042,-23.060139479454136,0
846,8,641.3905225832234,30.16347320924073,1
846,9,618.3342034136452,17.16442688617576,1
846,10,636.9330605069061,3.2990045207691776,1
846,11,660.727063360869,4.205245647976545,1
846,12,649.0097459647576,4.143129921003813,1
846,13,694.3156436567332,4.584027734847587,1
846,14,-13.544597275972155,-18.936032519728442,2
846,15,-1.6599762750938931,-26.08972195430015,2
846,16,2.727638565278887,-12.148591021389475,2
846,17,-17.774996345113195,-46.50609479420854,2
846,18,-15.565337396976217,-70.37859169176214,2
846,19,-14.048654073737925,-39.495596421486034,2
847,0,-668.1082593844549,-23.29372076508508,0
847,1,-698.9153701422498,21.7342903344469,0
847,2,-656.2181226548959,-18.032519515081578,0
847,3,-653.220951503892,22.750897083670925,0
847,4,-689.4683343434859,-9.105431368566835,0
847,5,-655.9002044782922,-14.558369243539069,0
847,6,-702.859014914532,-1.2331696204525404,0
847,7,-672.8193516836135,-21.870445100670768,0
847,8,642.8196628289568,29.95672463606812,1
847,9,619.5408049206225,15.51911491407532,1
847,10,637.6642102939646,3.1125033718545585,1
847,11,661.8793466080791,3.511206123555049,1
847,12,649.7066483282549,4.152406148869097,1
847,13,694.7783061280622,5.055899195452697,1
847,14,-14.708392105354266,-19.13556242202753,2
847,15,-0.548156020385028,-26.896396019860614,2
847,16,3.1891003304625016,-10.82030523930069,2
847,17,-16.9738010304454,-47.33972573821836,2
847,18,-14.404136889859222,-70.7784711435164,2
847,19,-14.123462981842058,-39.12352323991984,2
848,0,-669.364749209452,-22.174639068151425,0
848,1,-700.1148077957329,21.574291786634774,0
848,2,-658.1797299734656,-18.22400828932215,0
848,3,-654.6124770426217,23.2532841589881,0
848,4,-689.3588657343855,-10.828228791540518,0
848,5,-657.8557778257251,-15.333872599556152,0
848,6,-703.4195611009205,-2.1297576091025476,0
848,7,-674.8477823062196,-20.531555554488804,0
848,8,643.9147149280917,28.57855284823807,1
848,9,620.5478852481002,15.648155606949786,1
848,10,638.3790186251507,2.823544291513024,1
848,11,662.9304660856025,4.469708694065288,1
848,12,650.400100347853,3.9454747303323776,1
848,13,696.0981415485305,5.600344510785622,1
848,14,-14.842891870744428,-18.701973389449105,2
848,15,-0.16797640526791469,-26.449778127287715,2
848,16,3.7864635338830888,-12.581858781606055,2
848,17,-16.859730534136418,-47.30609701513155,2
848,18,-13.69932922485261,-69.3015078210753,2
848,19,-15.585711469060762,-39.07035326357825,2
849,0,-669.8439881745328,-22.28011950078026,0
849,1,-700.9630083836446,22.739785823122013,0
849,2,-659.0678619164368,-18.498634718007995,0
849,3,-656.0329017937001,22.954456494641796,0
849,4,-690.2217387184892,-10.826891228236075,0
849,5,-658.86003431112,-14.271681279666467,0
849,6,-703.7385543888086,-2.615468378414024,0
849,7,-676.2631181327621,-19.949605902361565,0
849,8,643.6428340312465,28.962393817732444,1
849,9,620.5758774411404,16.411717927918644,1
849,10,639.5159385311192,2.8157051803880644,1
849,11,664.4032386833463,4.834591055524044,1
849,12,650.6735265264296,3.7646765770807504,1
849,13,696.7287981520342,5.661549582336825,1
849,14,-15.0652047524099,-18.87979623329849,2
849,15,-0.13090099488973778,-26.47745001736896,2
849,16,3.6470397357549045,-11.171182191787931,2
849,17,-17.118741078643193,-46.695119266363285,2
849,18,-13.421920413912662,-69.2066546269305,2
849,19,-14.15053468496776,-38.419908115063194,2
850,0,-670.4310049912493,-22.665580098753747,0
850,1,-701.7035914109618,22.41758136889769,0
850,2,-659.5352573258937,-17.737324622186513,0
850,3,-657.4359343432614,22.833083115247515,0
850,4,-691.2862441451698,-12.612086583922139,0
850,5,-660.2755750422243,-13.255900917451608,0
850,6,-704.765831588706,-2.145379242022168,0
850,7,-677.1041564701067,-21.051483455850395,0
850,8,644.8868305831508,30.975809599155358,1
850,9,620.9049200674169,16.334172831624954,1
850,10,640.5038386128726,2.778464337622279,1
850,11,665.5841863301548,6.076511031120615,1
850,12,651.2885867878435,3.430163970806394,1
850,13,697.7542075994435,6.0327064780691,1
850,14,-14.37160248869991,-19.561474719275957,2
850,15,-0.2316730014654403,-25.62985239303577,2
850,16,4.128972945960158,-10.844137946700341,2
850,17,-17.054179072384798,-46.39641206695137,2
850,18,-13.611023063557795,-69.43410939799404,2
850,19,-13.576356525809695,-38.510688252096365,2
851,0,-670.3539986373744,-23.637879574303756,0
851,1,-702.6466016362957,21.63534952594212,0
851,2,-659.0811726066818,-18.88695093983641,0
851,3,-658.3191734152516,23.229849651902793,0
851,4,-692.0800077363758,-12.76319196759433,0
851,5,-660.9778877117936,-12.895206678733912,0
851,6,-705.8253136210515,-3.0326901200217584,0
851,7,-677.5120281783996,-21.54887117055082,0
851,8,646.4365138405262,31.42726050448923,1
851,9,622.4693333917123,17.08919492002843,1
851,10,640.4074655240297,1.8275099178903629,1
851,11,665.6417943769645,6.821188728831613,1
851,12,651.6598180465979,4.002295623479135,1
851,13,697.7340862473699,6.17960002249227,1
851,14,-13.890878206064516,-19.411945628657787,2
851,15,-0.230051127231063,-26.58870586544279,2
851,16,3.801783068494983,-11.714671046219951,2
851,17,-16.84494192831179,-46.49287514512121,2
851,18,-13.407363743159047,-70.09386085081091,2
851,19,-14.157593876315026,-38.911655959661374,2
852,0,-670.9393966741094,-23.58332384903686,0
852,1,-702.6652116517483,21.922249597405784,0
852,2,-659.2389593459832,-18.162631407463316,0
852,3,-659.0002958706112,22.639216502726697,0
852,4,-691.9678982112363,-11.27030604710504,0
852,5,-661.3894190093969,-14.709493188874434,0
852,6,-705.5806740944586,-2.535802272426236,0
852,7,-678.8557356728944,-21.12403254281916,0
852,8,647.081780132947,31.350339275047045,1
852,9,623.2888378926767,18.35249839894419,1
852,10,642.3406732312889,-0.03849109716704291,1
852,11,667.3230084251236,5.644931348677697,1
852,12,651.7010767420264,3.5914298406192424,1
852,13,698.2834069568142,3.953496035048551,1
852,14,-13.613653705732467,-19.178863175136915,2
852,15,-0.4701822103826941,-26.127531502723222,2
852,16,3.801452215773396,-10.507463101418667,2
852,17,-16.87526461174179,-47.42630265625889,2
852,18,-13.92894707790652,-71.27197003009024,2
852,19,-14.954433478352346,-39.510749618518574,2
853,0,-671.3839219221065,-25.573792319853773,0
853,1,-703.8028076038167,21.426037246840753,0
853,2,-660.1619048931893,-17.220425214656085,0
853,3,-659.5669522399834,23.799498552324117,0
853,4,-691.0028744602597,-12.223381241675664,0
853,5,-661.9764977554831,-14.179226500429747,0
853,6,-706.8647702775381,-2.5845908910231774,0
853,7,-680.3367926743118,-20.876460141074695,0
853,8,648.3877876035436,31.529847877727544,1
853,9,624.6860067544169,18.996839408466716,1
853,10,642.1321727270483,0.12088474871449784,1
853,11,668.0514600944554,5.857735149172972,1
853,12,652.3962912968607,3.1231397752429326,1
853,13,698.9956377173767,4.105400428146676,1
853,14,-12.899078326109041,-19.350293060842443,2
853,15,-0.4079129996446561,-26.307234696886862,2
853,16,3.038705429383562,-10.259043269793782,2
853,17,-16.735268294646175,-45.61805446732605,2
853,18,-13.970380492938332,-72.54016046296452,2
853,19,-14.006262459749772,-38.43474988775583,2
854,0,-672.2947899829551,-25.749544280997704,0
854,1,-704.2124665728181,21.457562956447138,0
854,2,-660.5683935976904,-16.708136551054608,0
854,3,-660.0402804253071,24.765773349653674,0
854,4,-692.4475068882945,-11.301565858898726,0
854,5,-662.3235257656464,-14.378518331124445,0
854,6,-706.1880313540817,-1.3875317638587294,0
854,7,-681.1738446620075,-22.790756853333903,0
854,8,649.9067339402744,30.348458854298176,1
854,9,626.091568959483,18.96171969972284,1
854,10,642.9260895871442,-0.45652747259492865,1
854,11,669.7670930075384,7.318992029666696,1
854,12,653.0563813075123,4.494214384276409,1
854,13,699.1130376082821,3.347287530143601,1
854,14,-13.345643389278228,-17.816099316986076,2
854,15,-0.9486509549086344,-27.017129146455982,2
854,16,2.9371338391919877,-10.70959232706655,2
854,17,-16.345339506472513,-44.74382429819017,2
854,18,-13.728990570685365,-72.45920807436475,2
854,19,-13.695904796639635,-38.934955342673945,2
855,0,-674.87539073862,-26.85877645542797,0
855,1,-705.4946196910971,20.9063217620511,0
855,2,-660.9137599359723,-16.917547090268883,0
855,3,-660.275700454714,25.08604003810814,0
855,4,-694.6771873646467,-11.28332877839302,0
855,5,-662.6046524048195,-14.359576129633712,0
855,6,-706.3098365279791,-2.85923548623449,0
855,7,-681.8355822101495,-23.692198345831017,0
855,8,650.6494590400509,30.335276328006987,1
855,9,625.9982968746045,20.173084962561745,1
855,10,644.2266465850201,-0.0644561288384532,1
855,11,669.2444378198553,7.050731160441663,1
855,12,653.1874839198815,4.898565687001373,1
855,13,699.3879966308579,3.3654321748319433,1
855,14,-14.177627982522214,-17.7986334343257,2
855,15,-0.8337467172070261,-26.964187436464805,2
855,16,2.923933232318958,-11.243323313504312,2
855,17,-17.559542604733448,-43.67556175620148,2
855,18,-14.643094100080608,-71.09818482534834,2
855,19,-12.565378171728698,-39.31197610719585,2
856,0,-673.7425390837135,-27.376814490000147,0
856,1,-705.9592976849326,21.195989236792805,0
856,2,-659.9704690976974,-16.802027122433635,0
856,3,-661.5401972426116,23.79177456410722,0
856,4,-693.5975194137629,-11.640165721941166,0
856,5,-663.780032457536,-12.784002764238112,0
856,6,-707.022933036206,-3.2798500246846425,0
856,7,-682.5466914141119,-23.02538366964991,0
856,8,650.4475797473681,30.590435980714787,1
856,9,627.3486154967977,19.643305789087275,1
856,10,646.0039864241226,-1.1877898775864182,1
856,11,668.8425170822231,6.803609665407659,1
856,12,654.7253919194183,5.554875435295008,1
856,13,702.9069979777897,3.194812704715301,1
856,14,-14.046448173489999,-16.77178242412818,2
856,15,0.12708592031508836,-28.421859652483775,2
856,16,2.835678151533626,-11.94526998838075,2
856,17,-16.70127222198789,-42.86672795675201,2
856,18,-15.24325314615701,-70.63726112651908,2
856,19,-12.793840108120083,-38.85507012784455,2
857,0,-674.3506391293932,-25.68496476827419,0
857,1,-707.1101999051416,20.536031521323363,0
857,2,-659.9536693032261,-16.725281524523233,0
857,3,-661.1715214999075,23.895854314993997,0
857,4,-695.235542144172,-11.940364185524196,0
857,5,-663.8002598070879,-12.443071722447934,0
857,6,-708.8672299237937,-2.173610674114919,0
857,7,-683.2911396313418,-23.13193773824969,0
857,8,651.3552127642996,28.536611718819366,1
857,9,628.0181442307845,18.7154357310677,1
857,10,646.0451826444744,-2.0178997798293095,1
857,11,670.171534781423,5.786929755155167,1
857,12,656.5476850714368,5.863781018089097,1
857,13,704.2689426512208,3.8709404154790823,1
857,14,-13.77650278588675,-16.629502971301985,2
857,15,-0.7898291345761028,-28.978462662381855,2
857,16,1.992231155168175,-10.936153757481579,2
857,17,-17.648067593839816,-43.46233289306432,2
857,18,-15.736830449774262,-70.24212375124837,2
857,19,-13.201206089418138,-38.47707847409021,2
858,0,-675.1872596340726,-24.98514077024203,0
858,1,-708.5855252942265,20.91537368823067,0
858,2,-661.1322709406144,-16.60883032403629,0
858,3,-662.4350737672846,24.827120600983765,0
858,4,-695.6027932592906,-11.990421253290728,0
858,5,-665.0799002759678,-12.80398503110403,0
858,6,-711.4521052351048,-1.743894951775489,0
858,7,-683.9090860006905,-21.99251415060392,0
858,8,651.3522581350705,27.645148479546755,1
858,9,628.9304244572199,18.79224064651023,1
858,10,646.5565871478041,-1.373563177645631,1
858,11,670.1429571615394,5.244950482510902,1
858,12,656.829727063143,5.579804857394337,1
858,13,705.3551619787734,3.6534229383883936,1
858,14,-15.126990700003212,-16.09316317903329,2
858,15,-0.6384453424367893,-30.270353563703807,2
858,16,3.048712382841863,-10.965656048574218,2
858,17,-17.758237893638622,-43.96727893045564,2
858,18,-15.121524293204695,-70.8766572963289,2
858,19,-13.185012982075264,-38.39806516155135,2
859,0,-675.650885047765,-23.371465385637137,0
859,1,-709.2870944139306,20.1585150906727,0
859,2,-661.1070914930365,-17.559519108644164,0
859,3,-662.7108514129761,26.693679399966317,0
859,4,-695.2715112734535,-11.102279475631143,0
859,5,-665.5410829427311,-12.813106042206556,0
859,6,-712.7846377741523,-2.898133867899749,0
859,7,-684.1207421185942,-21.361308972440202,0
859,8,653.0285694104873,28.05449084891958,1
859,9,629.8577784677655,19.028861002219656,1
859,10,646.2376839379693,-1.0196709810962696,1
859,11,670.7183832628922,7.077806886748761,1
859,12,656.838612183964,5.99225425967845,1
859,13,706.8551946195304,3.855114020313538,1
859,14,-14.507032882185303,-17.559311880798194,2
859,15,-1.7104566527177898,-31.201039875857056,2
859,16,3.485201902457903,-11.042382098708398,2
859,17,-17.20583163432412,-43.966622271169946,2
859,18,-14.946896886593686,-71.04274483518753,2
859,19,-14.528964181775937,-39.06981930820302,2
860,0,-675.0383855492089,-22.706208041138893,0
860,1,-709.6474188088505,20.09510372571103,0
860,2,-662.7519231260095,-16.414462356567135,0
860,3,-663.026502104794,26.39735192641143,0
860,4,-696.8998956070276,-10.745702921531013,0
860,5,-666.8215828328043,-12.510806132636432,0
860,6,-714.5338908973993,-2.690246651561942,0
860,7,-685.3555735436447,-20.838713847728513,0
860,8,653.5021808755014,27.477667186298625,1
860,9,632.0890722573483,19.13576764045469,1
860,10,646.1882315680789,-1.8664453627563928,1
860,11,670.1652120009566,8.325473143470898,1
860,12,657.9004055877765,7.630931246823829,1
860,13,708.5922462598659,2.7245669490152142,1
860,14,-13.84268355366554,-17.090693299438872,2
860,15,-2.497315059891669,-32.00185788712097,2
860,16,4.195987427881011,-11.40047578296882,2
860,17,-17.32705234512399,-43.27567001889049,2
860,18,-14.300633054838546,-72.29121560576202,2
860,19,-14.197625262140422,-39.403167382279264,2
861,0,-676.9286747521651,-22.940745972833724,0
861,1,-711.2287796407447,20.10425692467932,0
861,2,-663.6075777142287,-15.787307883338295,0
861,3,-663.4400788647547,29.14519020571415,0
861,4,-698.7296169332258,-11.6880264189333,0
861,5,-667.9009083661731,-12.808051032302627,0
861,6,-715.9578144953127,-2.6886049640342056,0
861,7,-685.1834240828022,-20.5681472237182,0
861,8,653.0270665270696,26.42996982365248,1
861,9,633.7762289123323,19.24151168086036,1
861,10,647.4497625443161,-2.394282310568272,1
861,11,670.6772021401333,8.755987040311831,1
861,12,658.5380726680139,6.911948672868643,1
861,13,708.9399136913861,2.00844483220085,1
861,14,-14.130184209407071,-18.789026111028218,2
861,15,-1.6759473104471017,-31.87454947699984,2
861,16,3.0199738003414396,-11.66526393781847,2
861,17,-18.623685100731105,-43.92882168590024,2
861,18,-13.185258495464907,-72.88738839339625,2
861,19,-14.397295446172198,-40.712111942463906,2
862,0,-677.9045609456158,-22.63080645007029,0
862,1,-712.3662350678102,19.50492350358191,0
862,2,-663.8683980136476,-16.102778657348452,0
862,3,-664.6802392667954,29.71511558166266,0
862,4,-699.087410688117,-10.90359317687211,0
862,5,-668.8803842380768,-12.396403386312773,0
862,6,-715.9861657381541,-2.726600421859808,0
862,7,-685.873838567288,-22.079851039160637,0
862,8,655.0460385299954,27.67641644640555,1
862,9,633.5963660839914,19.64209346297167,1
862,10,648.098957591593,-0.6607253136663491,1
862,11,671.2739902300444,9.037907283083385,1
862,12,659.5889596373235,6.423708802016059,1
862,13,710.6965882394223,1.6546560521987521,1
862,14,-14.772353677425336,-18.184544838133657,2
862,15,-1.2455384148768007,-30.737126547528817,2
862,16,3.5490476386959253,-11.373026179280277,2
862,17,-19.254128342442346,-45.58725302023947,2
862,18,-13.242513427826134,-72.57340337848777,2
862,19,-14.293101380549983,-40.787161146781685,2
863,0,-678.0216442059177,-22.62697401679715,0
863,1,-712.9316162723626,19.650569884374097,0
863,2,-665.0426210308569,-16.08096532509873,0
863,3,-666.7969239582604,28.802367673360543,0
863,4,-700.1080285813913,-11.643756790039772,0
863,5,-668.5685496059472,-12.903306293813667,0
863,6,-716.4432218880012,-3.7793726644491423,0
863,7,-686.225490874186,-22.54781313123235,0
863,8,656.3632823550613,26.931398931451394,1
863,9,634.5612850880696,18.94768888220293,1
863,10,651.2334520298233,-1.6679026983759397,1
863,11,671.4569261848715,9.53546673151738,1
863,12,660.7090937244503,5.8766887588448204,1
863,13,711.6514589868757,1.0963285473549207,1
863,14,-14.842484729467305,-18.432117242524114,2
863,15,-0.41798488888084306,-31.992891825176763,2
863,16,2.350023283333562,-12.005996341525321,2
863,17,-20.207160023642867,-46.1463485323517,2
863,18,-13.19531120724831,-72.97734975516643,2
863,19,-14.229976212307381,-40.380244780732994,2
864,0,-679.021734085616,-22.367760761321392,0
864,1,-712.2894684763868,17.551051607543908,0
864,2,-664.791758006382,-15.553516014308222,0
864,3,-666.6926821147598,28.973544898200295,0
864,4,-701.7575504884026,-11.862619131555284,0
864,5,-668.0242453998798,-12.130987936363594,0
864,6,-716.9168315179741,-3.815951796630571,0
864,7,-685.249591779967,-22.52563941475149,0
864,8,656.7542000313873,27.85112259781895,1
864,9,634.1861285720355,18.65054587189747,1
864,10,652.4647623574436,-0.8669347838844165,1
864,11,672.1301146670755,10.56393662164121,1
864,12,662.944618351004,4.5202391129336865,1
864,13,712.0030508692323,1.784498328718517,1
864,14,-15.55801113923197,-18.757592518421266,2
864,15,0.7766916404856761,-32.82176676767975,2
864,16,2.1312053272283027,-11.433572347756074,2
864,17,-19.09259731713554,-45.48206554399448,2
864,18,-13.859513643634806,-72.24337847194212,2
864,19,-13.990537886029008,-40.909076401676224,2
865,0,-678.6716740480041,-23.877440876924023,0
865,1,-713.7252571698702,17.4524570928706,0
865,2,-664.9409227579066,-15.77968644349041,0
865,3,-667.9934205775974,28.557378207701497,0
865,4,-701.1755769487669,-12.317142433879683,0
865,5,-668.1031180799793,-12.279537574921278,0
865,6,-718.9143111590926,-1.8972342793272197,0
865,7,-685.4532611736074,-23.013656712365314,0
865,8,658.953102015428,27.90132460301371,1
865,9,635.9253578638045,19.281779224608208,1
865,10,653.682977859735,-1.1672010722583386,1
865,11,672.761342113717,9.965977081128592,1
865,12,664.0385653404844,4.720598857314214,1
865,13,711.8315734068135,2.5618370036314944,1
865,14,-15.884768913142162,-20.042291136877463,2
865,15,1.2386122637896118,-31.019426717105503,2
865,16,2.1925575086848945,-11.241022151756843,2
865,17,-19.144964941576053,-45.19536885696481,2
865,18,-15.133954724230318,-72.77815011178012,2
865,19,-13.431373491972975,-40.63373027574645,2
866,0,-679.695357449291,-24.1778318679741,0
866,1,-714.8384424021543,17.09182424993576,0
866,2,-664.7102067851592,-16.027034839334213,0
866,3,-668.7929268027195,28.2530221347192,0
866,4,-700.7330880189461,-11.359723654268864,0
866,5,-667.1845322100098,-12.21284225220942,0
866,6,-719.4333935051794,-1.919213790768101,0
866,7,-686.9419079141076,-23.608486766092756,0
866,8,659.0307610788572,27.979441482581507,1
866,9,636.7875792239935,19.32498432080083,1
866,10,656.1057049019639,-1.2876261425446067,1
866,11,673.9460002037653,9.882639715317334,1
866,12,665.3089360098379,4.6399725208071745,1
866,13,712.5170923697134,2.9752235635530346,1
866,14,-15.301880881826818,-20.73476672264541,2
866,15,0.2123739309049948,-30.002518003076425,2
866,16,1.70122427403896,-11.3329635716756,2
866,17,-19.136525188254797,-43.53962047574862,2
866,18,-13.74850817074841,-71.03204135958815,2
866,19,-14.214506724819373,-40.16822834806049,2
867,0,-679.8383493666638,-23.498910824494338,0
867,1,-716.7644246988906,16.81692218152057,0
867,2,-665.4068265830149,-15.234042042781018,0
867,3,-669.5760833085602,30.074319891522915,0
867,4,-702.0789927418399,-11.510393454958008,0
867,5,-667.8004957553488,-11.653642612889255,0
867,6,-720.7991269447198,-1.8859687468708488,0
867,7,-687.4286587000198,-23.98548604476243,0
867,8,660.8337127286263,28.384495595265893,1
867,9,637.6896690159438,19.10397221418005,1
867,10,656.3418466665312,-2.939064487406864,1
867,11,675.1166636790362,10.221580320699443,1
867,12,667.3572027728227,5.506081233254909,1
867,13,713.0432155182343,2.2414157960872894,1
867,14,-14.800971564255756,-20.07557429480339,2
867,15,1.5707055905084215,-30.70338907146666,2
867,16,0.29400008134364697,-10.981739020387346,2
867,17,-19.8801093546654,-43.121862546937635,2
867,18,-14.712044937740526,-73.02308674378394,2
867,19,-14.225951395533652,-40.24308357354041,2
868,0,-682.2087889596045,-21.621950549407387,0
868,1,-719.26528469874,17.496103294188632,0
868,2,-667.2896131101498,-15.586762916897865,0
868,3,-670.1166973476919,30.58156180846288,0
868,4,-703.1966130860443,-11.295257443910273,0
868,5,-668.7959239027562,-11.527313000844329,0
868,6,-720.9776183890616,-1.8585502644936047,0
868,7,-688.3008515997875,-24.21731030162404,0
868,8,661.7099161986094,27.621095090328502,1
868,9,638.3371752091199,18.51846746192082,1
868,10,657.4863480648387,-2.3471295015812914,1
868,11,675.5989296440736,11.393288756976048,1
868,12,668.4629279696339,4.8018247864122765,1
868,13,713.3444590175128,1.78117632184772,1
868,14,-13.348801566179667,-20.499597913706257,2
868,15,1.6353255666160729,-30.764668306532563,2
868,16,0.6678323006428457,-9.095312645361087,2
868,17,-19.028066745831673,-41.84391034147315,2
868,18,-13.69233304423285,-73.49478540759162,2
868,19,-13.561111751746255,-40.053982764389254,2
869,0,-682.9221995832338,-20.48146845657779,0
869,1,-718.4399608590095,18.96428960924686,0
869,2,-667.3978084739186,-15.307423306518013,0
869,3,-671.4145141425815,31.01078463678654,0
869,4,-702.7144809009989,-10.438716761927994,0
869,5,-670.6778344489425,-12.245180140213325,0
869,6,-723.3594717737363,-2.9363130184614277,0
869,7,-689.7784358765241,-23.958900865052993,0
869,8,661.1252931098181,28.110139245296907,1
869,9,638.9525752242147,17.633618376802197,1
869,10,658.0070717160048,-2.4040303307621618,1
869,11,677.0979212083415,11.501459232350205,1
869,12,669.5427829465838,4.761313627893486,1
869,13,715.2996190876506,2.6409700666201137,1
869,14,-12.555534418624731,-20.887348819136317,2
869,15,1.8948140923625403,-30.97563397557809,2
869,16,0.824972800858547,-9.49983405532782,2
869,17,-19.513640532712024,-42.08934917121304,2
869,18,-14.080014672093055,-72.91458932033909,2
869,19,-14.15424780112543,-39.71356209428994,2
870,0,-684.8744588843964,-21.302191627525318,0
870,1,-719.0666822892017,20.407176151294056,0
870,2,-668.7453448728496,-14.916374126076796,0
870,3,-673.474705730394,30.46660593191362,0
870,4,-703.5727289957058,-9.263202685729553,0
870,5,-671.156784831619,-11.972077527799811,0
870,6,-723.7395720239011,-2.3705487159567826,0
870,7,-690.0715121240256,-24.741543417049474,0
870,8,661.6521877372337,30.016617168319097,1
870,9,640.011043550224,17.452163685679693,1
870,10,658.591470554382,-3.4933506934795195,1
870,11,677.6449713330267,11.444225321657719,1
870,12,670.5218006980233,4.5782741750482705,1
870,13,716.7676493555937,2.4958771963905777,1
870,14,-11.768405730668723,-22.126568863600152,2
870,15,1.4500879963795015,-31.096200777859437,2
870,16,1.0148718430604435,-8.682495465178523,2
870,17,-19.551794664827295,-41.248602368421246,2
870,18,-14.800565044185428,-74.11757456423602,2
870,19,-12.924416422467601,-38.302045144540465,2
871,0,-686.5100067107074,-21.36378588314874,0
871,1,-721.2798835767336,21.151112239697476,0
871,2,-668.9456875253112,-14.639477647848082,0
871,3,-674.7104158552098,30.226982900028514,0
871,4,-704.3248281206753,-8.94216573376214,0
871,5,-673.001723543669,-12.785307425649767,0
871,6,-725.0961092360823,-2.2647595253169452,0
871,7,-691.339033990976,-24.811073875400034,0
871,8,662.2016286815546,30.25738035581242,1
871,9,639.9245478308086,16.240660336267908,1
871,10,660.6563389581124,-4.723798384727786,1
871,11,680.0228579530207,12.020516675304863,1
871,12,672.2242350358875,4.397317289328397,1
871,13,717.1350856600525,2.3585771698570053,1
871,14,-12.201469752112157,-21.75965505987651,2
871,15,1.039649612155594,-30.560736042980704,2
871,16,-0.3432491997106968,-10.086412277527849,2
871,17,-19.73224104255089,-38.72764147825758,2
871,18,-15.506762409023723,-74.4417738880946,2
871,19,-12.544989449465621,-39.04909577787234,2
872,0,-688.1978881120418,-20.525879545723452,0
872,1,-721.6343291954153,20.884783913446455,0
872,2,-670.538307666678,-14.742756652459676,0
872,3,-676.893305584911,29.005859867368127,0
872,4,-704.717128218835,-8.70604332362089,0
872,5,-673.9398977332785,-12.348739648859514,0
872,6,-726.522792922511,-1.8823725780714509,0
872,7,-691.8973990826079,-25.23079662939926,0
872,8,662.6834828431554,30.386443680374004,1
872,9,640.2982954888412,16.941865199288397,1
872,10,661.2122194914017,-4.394324600177833,1
872,11,682.8085617697867,11.958505133583175,1
872,12,673.440075417399,4.559799147674246,1
872,13,716.6171330693622,3.4913484790526477,1
872,14,-13.093119544762274,-21.095815736332764,2
872,15,0.39116035069468746,-30.85391271294712,2
872,16,-0.41463158476076095,-11.394709709178278,2
872,17,-19.23127297780067,-39.44520946820055,2
872,18,-17.174358898146817,-74.81696598095051,2
872,19,-13.823025558174264,-39.536101879849554,2
873,0,-689.1351110444083,-19.755952612591955,0
873,1,-722.835636663429,20.3756777351066,0
873,2,-672.0686252857139,-15.67589033564527,0
873,3,-677.9562490460673,28.787740815768235,0
873,4,-706.35825348981,-8.382791482893968,0
873,5,-675.1653015946591,-11.838027438616203,0
873,6,-728.09761125719,-1.8930171303448522,0
873,7,-691.7031255894699,-25.527936495766475,0
873,8,664.0702325657804,29.50282973536684,1
873,9,640.5191839976918,16.469738702167398,1
873,10,660.438926874752,-5.164775609446361,1
873,11,683.8532830886625,12.430019061710661,1
873,12,674.4613492570625,4.56185167670177,1
873,13,717.2675598304796,3.0934158309731794,1
873,14,-12.335395406588102,-21.77765242487507,2
873,15,0.9345203963749986,-30.582929617629887,2
873,16,0.23077717209732512,-11.341813960247903,2
873,17,-19.315858894499073,-39.86860977705385,2
873,18,-18.40112048313284,-75.23655558997466,2
873,19,-14.577085067987916,-39.24309588611856,2
874,0,-689.297541185358,-19.35082362376426,0
874,1,-724.0590412134496,20.080749835655997,0
874,2,-673.664548578761,-15.831866212983254,0
874,3,-677.6360967010619,28.78032780713816,0
874,4,-707.3325676390658,-7.862474766988872,0
874,5,-676.937584191565,-11.836414696755087,0
874,6,-729.26290479515,-2.3574414116217146,0
874,7,-691.3030149417865,-25.06458071015354,0
874,8,665.697444165505,28.30496430471165,1
874,9,640.393902955811,16.634964713755327,1
874,10,660.6362716309626,-5.794555265875125,1
874,11,684.5052839272558,12.537448617126456,1
874,12,674.6444911720448,4.210311703335794,1
874,13,719.7825186417106,2.853967366665103,1
874,14,-13.860184611654917,-22.133376411540176,2
874,15,1.633230208414294,-30.848308929181833,2
874,16,-0.056629894803108094,-10.902761725227265,2
874,17,-20.842467951541707,-38.917020110649055,2
874,18,-18.81632927185435,-74.8712574087019,2
874,19,-15.155844280931255,-39.10410597765221,2
875,0,-689.7224341682733,-19.564911423592438,0
875,1,-724.2174123859797,18.461333024822093,0
875,2,-673.9406851818856,-15.66437930111846,0
875,3,-679.1843585324947,29.173810987786986,0
875,4,-707.6316407261943,-8.248022172067836,0
875,5,-678.8797595806675,-10.831558496840103,0
875,6,-730.0657961174364,-1.9067886423703058,0
875,7,-691.5450957778658,-24.915557558672084,0
875,8,668.2703890603948,28.532051474339237,1
875,9,642.9641237274631,16.2129628475257,1
875,10,662.2074379535463,-6.378215999331834,1
875,11,685.1620874253063,12.438479553425367,1
875,12,674.6288916304242,4.250986522966742,1
875,13,720.9267665518859,3.3302353322487175,1
875,14,-12.66561187261405,-22.735230548094666,2
875,15,1.6969934194071838,-32.145158187331326,2
875,16,-0.25964855381996804,-10.843520209459053,2
875,17,-20.491470380281093,-38.77907569636184,2
875,18,-20.043356349102343,-76.54976996325163,2
875,19,-15.228434847491313,-39.75561833334603,2
876,0,-691.2390145342949,-19.931041282869437,0
876,1,-724.8951804857256,19.31172511816044,0
876,2,-674.8602604271185,-15.963739479581989,0
876,3,-679.8626475241493,27.972085908374513,0
876,4,-708.862265738846,-7.423242478294551,0
876,5,-679.5368693602326,-12.09611750341362,0
876,6,-730.5415748038339,-1.800830115038226,0
876,7,-693.0290528771093,-24.691787158685134,0
876,8,668.3079137793907,29.489477905309123,1
876,9,643.3059488546448,16.361714882215285,1
876,10,662.3039786573722,-5.212819270430999,1
876,11,686.2635015319195,14.297102558887163,1
876,12,675.9257150359391,4.993500868491584,1
876,13,721.4016547578155,2.1650228083437995,1
876,14,-12.240107326742054,-23.561440517097125,2
876,15,1.4616160650832835,-31.87766924672398,2
876,16,0.015403302713571376,-10.488378211747877,2
876,17,-19.255727363845025,-39.07613745094202,2
876,18,-19.56540991713681,-75.6093319896587,2
876,19,-16.382229857904086,-39.75627600915066,2
877,0,-691.3630845936012,-20.090895951070245,0
877,1,-725.4907077619902,21.498824230040142,0
877,2,-675.2326601587215,-16.584585408139894,0
877,3,-681.4249642752407,28.613331886921056,0
877,4,-711.053566889496,-7.041162459136498,0
877,5,-680.7092045529605,-12.347332120516077,0
877,6,-730.8398619135331,-2.673651116185933,0
877,7,-694.2382532636692,-26.237384372167913,0
877,8,669.6453246741154,29.239479081342342,1
877,9,644.6088965815275,14.903800121169752,1
877,10,662.3522731099598,-5.75953034439856,1
877,11,686.7956796373801,13.176411238352117,1
877,12,675.4540886990159,4.282822602969576,1
877,13,720.6784336651176,2.0382438710090147,1
877,14,-12.588842140530573,-22.97475944690605,2
877,15,0.48271114523767,-32.874726714328126,2
877,16,0.39597673370335007,-10.6417440170105,2
877,17,-18.7905680904783,-39.018906184574895,2
877,18,-19.78730265972232,-75.70926598915722,2
877,19,-16.200873717182617,-39.26700629916311,2
878,0,-692.5980754925876,-19.370325601100056,0
878,1,-726.4172682369336,21.77490874328587,0
878,2,-674.3781495067765,-15.951814731738878,0
878,3,-682.8441463175351,28.325974665153463,0
878,4,-712.1566285392101,-8.080085925918244,0
878,5,-681.3808634260738,-11.849798064123878,0
878,6,-731.344849832146,-2.649461662067017,0
878,7,-695.4400046170259,-27.422332104977613,0
878,8,669.2003978977979,30.22909212259041,1
878,9,645.4985554081571,15.630939653274677,1
878,10,662.915337643471,-4.877811992761787,1
878,11,686.782243375795,14.53659780601508,1
878,12,676.7105651351054,6.633439003905915,1
878,13,721.550645964589,2.2076827824744103,1
878,14,-12.942456596513289,-22.970251286091088,2
878,15,1.0461938650526865,-33.468226006479256,2
878,16,-0.18036018970482437,-10.406666009442246,2
878,17,-18.87140071520634,-38.67164981220477,2
878,18,-21.02549047050738,-75.0188270415571,2
878,19,-16.224716804918266,-39.67081386600874,2
879,0,-693.4220244369719,-18.60068980485046,0
879,1,-728.2337530711386,21.007668680432385,0
879,2,-674.1247205914665,-16.45426424157055,0
879,3,-685.1476808574658,26.81217944878104,0
879,4,-713.047176534334,-8.047707620865665,0
879,5,-683.8861127592047,-10.454567674159264,0
879,6,-731.2545404361921,-2.40149750854184,0
879,7,-696.2790730647699,-26.757377453389417,0
879,8,670.2931289293152,30.863303476835824,1
879,9,645.8007652360628,15.614964096234134,1
879,10,663.9296942970018,-5.725641552444414,1
879,11,687.1224462875505,14.65444592566229,1
879,12,677.8626547326289,5.757303769377296,1
879,13,722.9610673095975,3.9547287802557056,1
879,14,-14.03533805150655,-23.00917968026602,2
879,15,2.2861815845030176,-34.65200989404467,2
879,16,-1.6774841065202222,-10.02794432480139,2
879,17,-17.891697073623263,-38.8121814051505,2
879,18,-20.201531162092994,-73.93412267947663,2
879,19,-15.490035569742972,-39.560879249059134,2
880,0,-693.4556274072019,-18.16836324406028,0
880,1,-728.8699729793825,21.48787513253826,0
880,2,-674.0878008988956,-16.916738956973017,0
880,3,-685.6669667069449,28.252278989767397,0
880,4,-713.2010484367142,-8.66280574722826,0
880,5,-684.589137011214,-12.158650904530532,0
880,6,-731.9333099279245,-3.012845222636314,0
880,7,-695.263847375807,-27.786798776843636,0
880,8,671.7643508719502,30.478324132873777,1
880,9,646.0752878876499,16.110551207966154,1
880,10,665.8114467218891,-6.238304045440301,1
880,11,688.9509237144186,14.406455937084171,1
880,12,677.8493054596952,6.361945492618808,1
880,13,722.402800201361,3.3871985063295584,1
880,14,-12.903414227653224,-23.25504159604698,2
880,15,1.090582344561201,-34.983988514732054,2
880,16,-0.3508423705828503,-9.363008298666502,2
880,17,-16.96620531019647,-40.680702010028064,2
880,18,-18.908120182305716,-73.63270289796266,2
880,19,-15.493190537178537,-39.64713901437601,2
881,0,-695.3965616139101,-17.94291514112109,0
881,1,-729.2329732424281,20.074940383236022,0
881,2,-675.4113589056275,-17.6323732048842,0
881,3,-685.4098478597489,27.669443677710557,0
881,4,-714.0507858518021,-8.027905569555534,0
881,5,-686.0115893626855,-11.040444476462667,0
881,6,-733.0076752359291,-3.726737438549532,0
881,7,-695.4637883049504,-28.084527391565267,0
881,8,672.5180567490895,30.851913130577778,1
881,9,644.6565137653929,15.740056679842716,1
881,10,667.156492027417,-7.309762079423228,1
881,11,689.0067667384161,15.731562923891111,1
881,12,679.83333164373,6.470396169982126,1
881,13,722.8693638252976,3.308961976094708,1
881,14,-13.057921153869914,-22.826494913523717,2
881,15,2.0322436455880695,-34.63497160291544,2
881,16,-0.1263356209163786,-9.246807647640525,2
881,17,-18.21254256712357,-40.972115480244604,2
881,18,-18.44652965916793,-73.84539615821339,2
881,19,-14.581155828717733,-39.152258961607146,2
882,0,-698.9412182775208,-17.81160985148737,0
882,1,-730.478232238785,22.24137510781695,0
882,2,-677.4608693383213,-18.37071070456831,0
882,3,-687.8904107037371,28.49727501712492,0
882,4,-714.3387248969309,-6.8126806587025825,0
882,5,-686.9533155731262,-9.589106668689613,0
882,6,-733.4310646991712,-2.6221409539024636,0
882,7,-695.3892826727019,-27.84706117270448,0
882,8,673.275448830706,29.495264695074724,1
882,9,645.1228375532572,16.212634509892197,1
882,10,666.5908601089508,-7.799843841583445,1
882,11,689.8944572887491,15.76268035673139,1
882,12,680.0747434197874,5.048582696126173,1
882,13,724.6065945361614,3.1271871774458404,1
882,14,-11.667486660819426,-21.908110970905003,2
882,15,1.1391404233074325,-34.291275602635274,2
882,16,-0.11370029040351512,-10.72157458133961,2
882,17,-19.799453493990878,-40.93918946319281,2
882,18,-19.3828062635001,-72.70884954330684,2
882,19,-14.903244074748176,-39.30811186857067,2
883,0,-699.8736684911206,-15.818629880142431,0
883,1,-730.1536474125282,24.25946004725529,0
883,2,-678.5393372196228,-17.98139342778724,0
883,3,-687.6438423529421,28.659660270050793,0
883,4,-715.2058465462172,-7.133612143617101,0
883,5,-686.993914659,-8.703335274450573,0
883,6,-734.224012752802,-2.1752685519398813,0
883,7,-696.3441226656598,-27.03350639509634,0
883,8,673.9057992996345,29.225695584708475,1
883,9,644.9118145713973,18.026978227325703,1
883,10,666.1075985826741,-7.746705408763212,1
883,11,691.1694846299458,16.851334692622782,1
883,12,681.4898774159743,5.065721179129126,1
883,13,725.283237316259,2.47217777988954,1
883,14,-10.810781512471525,-20.604789255393122,2
883,15,0.6539667535607887,-34.516746337616155,2
883,16,-0.10577184591018705,-10.141868364319615,2
883,17,-18.931930470851462,-41.159167997977356,2
883,18,-19.85018435247732,-71.88807033751512,2
883,19,-14.929033486021996,-39.439699707108,2
884,0,-700.180126891543,-16.664369284865913,0
884,1,-730.7659439165895,24.37127175527464,0
884,2,-680.0307548329329,-19.17605764028864,0
884,3,-688.696969789206,27.920131083559777,0
884,4,-715.7032019628297,-7.77752369290729,0
884,5,-687.5178391166882,-9.48984658609299,0
884,6,-734.3574818560099,-1.697777893913748,0
884,7,-696.3308113066798,-27.087525687560554,0
884,8,674.196249458096,30.347068885805186,1
884,9,644.8647261220553,18.5269654549262,1
884,10,667.4188396600662,-7.648649933643088,1
884,11,690.2216348262117,17.12828932279688,1
884,12,682.996418662824,5.530353182551448,1
884,13,725.8236186524732,2.048428063657812,1
884,14,-11.956135325924546,-21.380660148084417,2
884,15,1.1223866396954318,-34.97688497954987,2
884,16,1.205814410264632,-11.478457160812717,2
884,17,-17.143561839879148,-40.421055074435735,2
884,18,-19.12887669843037,-71.5350141265129,2
884,19,-14.934456761716952,-40.89848789634431,2
885,0,-701.2781280516106,-16.496360873534314,0
885,1,-731.8066434027505,25.301157397590636,0
885,2,-682.2354393848726,-18.54012636015572,0
885,3,-689.3894509783958,28.773797862793273,0
885,4,-716.2529264054983,-8.839472939737444,0
885,5,-687.9732011911348,-10.594546377684111,0
885,6,-735.5733113228991,-1.9188169092490677,0
885,7,-697.1418235816934,-26.548715488798315,0
885,8,674.5255421323516,29.428224804424307,1
885,9,645.6533393357838,18.376138426437915,1
885,10,666.900154449393,-7.833124709570662,1
885,11,691.4523697798834,17.783291498944866,1
885,12,683.8719658775517,5.945483015178983,1
885,13,726.9472714921707,2.7460613660170963,1
885,14,-13.112723100059736,-21.558908424342142,2
885,15,0.9763816254146052,-34.77455646331586,2
885,16,0.8710019202348154,-11.258258254400085,2
885,17,-17.18508978370054,-39.74932821778263,2
885,18,-19.986865256470267,-71.3496809523346,2
885,19,-14.959413430860792,-41.22971884679982,2
886,0,-702.076487168005,-16.696944216178142,0
886,1,-732.4164578242029,24.408767967917807,0
886,2,-683.3207858942894,-18.137613990812078,0
886,3,-688.9093894080498,28.739354875946074,0
886,4,-716.8780989515733,-7.645447917340797,0
886,5,-688.5031354608176,-11.20721116722712,0
886,6,-735.4241548706744,-2.902482870545624,0
886,7,-698.2849683928657,-26.66834049913344,0
886,8,674.7696357776612,29.948897695335262,1
886,9,646.6654706608049,17.920381178784666,1
886,10,666.9809656300766,-8.683732986209048,1
886,11,692.0934728044111,17.925595622039598,1
886,12,685.5543776497627,6.612450080764847,1
886,13,727.8639300725621,3.742126625945487,1
886,14,-12.74965735095085,-21.6642194081695,2
886,15,0.5577112681875946,-34.77322696516939,2
886,16,2.1801245260781785,-10.557147390914041,2
886,17,-17.783809449881105,-38.718059371806945,2
886,18,-20.451718765158805,-72.06370954171135,2
886,19,-15.347628076193825,-41.84543734115937,2
887,0,-703.008704417586,-16.29170358925366,0
887,1,-732.186585020821,24.68888119997451,0
887,2,-685.2588042127552,-19.978273551361625,0
887,3,-690.2210095072548,28.78960067222568,0
887,4,-718.7323648634625,-7.429675172393467,0
887,5,-690.7794909472618,-10.359825251956805,0
887,6,-738.3065847667506,-1.7287729824043987,0
887,7,-699.2898248215249,-26.25482540639802,0
887,8,675.6307733929386,29.334358727638016,1
887,9,647.8155175506472,19.495046472898455,1
887,10,666.5111181209709,-8.742765073819283,1
887,11,692.9112843944924,16.150934457379968,1
887,12,687.5021902155679,6.892380517828958,1
887,13,728.1329755171143,3.1835553065000504,1
887,14,-12.750247854589253,-22.83876112718609,2
887,15,-0.09084070205254346,-33.317242533284684,2
887,16,2.973701055150946,-9.149079291114376,2
887,17,-18.551198883057484,-39.25115371272967,2
887,18,-19.68126262002804,-72.03406399284718,2
887,19,-17.492325926182914,-43.0613205792568,2
888,0,-705.2418421304845,-17.390564636708223,0
888,1,-733.3238152071493,24.685740912574435,0
888,2,-687.2254993170973,-20.330912662813613,0
888,3,-690.3934724717924,28.848228573832913,0
888,4,-720.3857508413295,-7.512218712593888,0
888,5,-689.6963934596557,-10.118929317961861,0
888,6,-738.0577028381101,-1.8830316667249176,0
888,7,-700.82054315934,-26.587093274476057,0
888,8,676.0853637005998,30.543895281500603,1
888,9,648.2579207347501,20.285657082142954,1
888,10,667.7371821574449,-9.024493268074643,1
888,11,693.6904250822132,15.22235362291311,1
888,12,688.8104246261902,5.766767928346062,1
888,13,730.2509978751596,2.706543455537803,1
888,14,-12.282872041261355,-21.683458601584995,2
888,15,1.253984952656428,-32.31730855231878,2
888,16,3.7601530684716544,-10.384196973357632,2
888,17,-17.66386418436537,-37.69600544238716,2
888,18,-20.393613441598035,-72.37555856347734,2
888,19,-17.08286050429297,-42.99341106432995,2
889,0,-704.7709863956172,-17.38040910891257,0
889,1,-734.0635991953309,23.73139386228431,0
889,2,-687.0521335761803,-20.598729192766402,0
889,3,-690.6694501752869,27.447954800836765,0
889,4,-721.5288025869576,-7.590844741210101,0
889,5,-691.1033448285524,-10.058044665059578,0
889,6,-740.5730831614396,-2.100278939071363,0
889,7,-700.9578080579556,-26.93224894145119,0
889,8,676.6480066851191,31.351256959230366,1
889,9,648.7979415719872,20.33937876848164,1
889,10,668.2849282586548,-9.872950880194779,1
889,11,693.2915182528887,15.06164323627744,1
889,12,690.850184435906,6.564594244482661,1
889,13,730.5777228540716,3.366793610022352,1
889,14,-12.689151458058387,-21.341856957847156,2
889,15,0.8839206492482109,-32.209169428253,2
889,16,4.336673167831048,-10.028015658177555,2
889,17,-18.522647324746625,-38.36060611628606,2
889,18,-18.664531762409226,-71.8365010285338,2
889,19,-16.938959899830884,-43.312749759950165,2
890,0,-706.0701335312608,-17.7446081065058,0
890,1,-733.0802726518875,23.28288419468077,0
890,2,-686.6226498342822,-20.271394823276587,0
890,3,-692.1977366696549,27.51719878634229,0
890,4,-722.2578005943637,-6.780148476832827,0
890,5,-691.4905386867455,-10.112586571878012,0
890,6,-743.295462239627,-2.061055435139454,0
890,7,-701.5024257625889,-26.414586130136495,0
890,8,678.2295637925323,31.777830221237366,1
890,9,649.522125372739,19.880145384979414,1
890,10,669.5757379255055,-8.706743573340555,1
890,11,695.4617418756545,14.834860638164407,1
890,12,691.9207658280352,5.83737042293864,1
890,13,732.4631922330424,2.543606242882963,1
890,14,-13.125842091357026,-21.373469547394116,2
890,15,1.4839532741299561,-32.6504748880521,2
890,16,3.555840387597912,-9.707383954695409,2
890,17,-19.817200989217895,-38.59620141146715,2
890,18,-18.922059097294248,-72.17530917837998,2
890,19,-16.283938271326605,-43.47120467300702,2
891,0,-706.6168892567184,-15.54794461671725,0
891,1,-734.8113902420156,22.422194342441376,0
891,2,-686.880371570845,-19.0154811533704,0
891,3,-692.6658817130399,27.5586667389719,0
891,4,-723.5175006829156,-6.399987732417079,0
891,5,-693.6595289400187,-11.312893409972574,0
891,6,-745.0697710573828,-2.265458764686358,0
891,7,-702.1169668747679,-25.85368953172996,0
891,8,679.2718403791741,32.665901586644154,1
891,9,650.4973068698632,20.370707282694227,1
891,10,670.2537487685279,-8.046057954551493,1
891,11,696.6704924078103,15.41945148289455,1
891,12,692.1588878267524,5.168334701757759,1
891,13,732.0579103938837,2.2203920215734505,1
891,14,-13.370467379375418,-21.50065961707092,2
891,15,0.4933157810289083,-31.548703543420174,2
891,16,4.2999059948459495,-9.934027796382415,2
891,17,-19.8138947910869,-39.11418768613457,2
891,18,-19.047177322464844,-71.91840778426236,2
891,19,-15.6031217712952,-43.32216798262738,2
892,0,-706.854951060388,-16.554816517875388,0
892,1,-737.7326461821314,22.395610748812665,0
892,2,-686.5211245955688,-18.17431037603369,0
892,3,-693.2892110340799,27.012843202766383,0
892,4,-723.5787889221406,-5.868239688763597,0
892,5,-695.6135937000397,-11.652942095906097,0
892,6,-744.8147822163619,-3.463092327600461,0
892,7,-701.9950510114975,-25.020244834157893,0
892,8,680.3347196996676,32.121723462698355,1
892,9,651.4520044968318,19.326761008844954,1
892,10,672.5231850044247,-8.943970194207555,1
892,11,695.5630889535325,15.418217556515357,1
892,12,692.3995374787302,6.11050813187284,1
892,13,732.7280791048308,2.332426955495246,1
892,14,-13.627676572238103,-22.806575778078106,2
892,15,-0.6674437868190887,-32.48597772995713,2
892,16,3.342883951756799,-11.000612185693203,2
892,17,-19.460128183545933,-38.74821420311366,2
892,18,-18.396945539181694,-71.99174698942139,2
892,19,-15.545303995373919,-42.12898813914691,2
893,0,-708.0776651289673,-16.702970690609828,0
893,1,-738.0262329320777,20.9240111671746,0
893,2,-687.8639002971676,-18.617514866235005,0
893,3,-695.033797130066,27.107181827801725,0
893,4,-723.9933333881092,-5.9197181079501755,0
893,5,-696.6770376271903,-10.92818673570304,0
893,6,-746.1307430140934,-4.048487838428746,0
893,7,-702.1777506270705,-25.54417425728701,0
893,8,681.656946069885,33.58828698699918,1
893,9,650.4593183996966,20.110089410944912,1
893,10,673.9467121402254,-9.583044967854288,1
893,11,696.0818862843449,14.78291743745858,1
893,12,693.8266773782256,5.7154838972500475,1
893,13,733.594258318407,1.1030757540917508,1
893,14,-13.589278530953841,-22.30642644611249,2
893,15,-0.3363966898735431,-32.27665962275346,2
893,16,3.249487650266234,-10.093350807509076,2
893,17,-19.223967209060657,-38.07507096531438,2
893,18,-18.550150237383804,-70.18696274364929,2
893,19,-14.935665450231529,-43.52744965735644,2
894,0,-708.0493731370037,-16.124408165067404,0
894,1,-739.0640045534287,21.558391510374335,0
894,2,-689.3897858925917,-18.42380580846667,0
894,3,-696.997764964038,26.755234177189926,0
894,4,-723.7157686314495,-5.852878988439124,0
894,5,-697.0641213480234,-9.637531859697194,0
894,6,-746.7234852082837,-5.11188850970966,0
894,7,-701.3389267221371,-26.249215233417722,0
894,8,681.6329269228286,32.75033625151304,1
894,9,650.5359574298985,20.158302856948385,1
894,10,674.7138441326368,-9.226934493294802,1
894,11,696.9620847762864,15.181746751809985,1
894,12,695.4757238909614,5.578144458987126,1
894,13,734.2508664919089,1.1769937738790353,1
894,14,-12.587615492187638,-21.162974434898533,2
894,15,-1.1715148364166514,-33.17840693688706,2
894,16,4.0868991225354625,-8.971335339286277,2
894,17,-19.657963379386967,-37.98000258998364,2
894,18,-17.2409274476782,-69.78482289648427,2
894,19,-15.639482300491322,-43.32095308877553,2
895,0,-709.448957861094,-16.960125980063175,0
895,1,-740.679084766929,21.256166023265187,0
895,2,-690.2202633119781,-18.808977646101628,0
895,3,-697.5382845841006,26.212542718988892,0
895,4,-723.9832035312402,-6.344580994306216,0
895,5,-697.0892765139419,-10.102507737699824,0
895,6,-746.0969234309345,-4.09172186039265,0
895,7,-703.7699376776857,-26.13220111989293,0
895,8,683.2150141592849,32.210738617254236,1
895,9,651.5262819513957,20.38373053002946,1
895,10,676.9471047970203,-9.492130033317938,1
895,11,697.4178240462641,15.328292679807813,1
895,12,696.2383309402236,5.161899438700372,1
895,13,734.3183268657529,1.907801756478441,1
895,14,-11.346562707436613,-20.109508674127664,2
895,15,-0.1154973426408914,-32.77423733278719,2
895,16,4.140252418652771,-8.683956764572812,2
895,17,-19.398969610765935,-37.852989158657124,2
895,18,-17.836732771241824,-69.58433884805007,2
895,19,-15.645620373357513,-42.48701631700391,2
896,0,-709.9932466951709,-14.822788033629243,0
896,1,-740.274588377746,22.125642179419536,0
896,2,-690.002309179352,-18.34627197102565,0
896,3,-697.7314603896109,27.497634176254426,0
896,4,-723.7552431738673,-4.966158538965127,0
896,5,-695.8628736663526,-10.183372007351325,0
896,6,-748.4205200961537,-4.974856497348944,0
896,7,-705.4165449605867,-26.246394527284664,0
896,8,683.9264060873044,32.883687746883005,1
896,9,651.8509167333757,20.33512134083196,1
896,10,677.8704964771265,-9.109467214656188,1
896,11,701.4671932674729,16.162765263069474,1
896,12,694.7295385501953,6.054530594994036,1
896,13,734.4820316590675,0.9580634523498878,1
896,14,-11.45348952651458,-20.395142121508705,2
896,15,-0.11070248259137244,-32.99024419218039,2
896,16,4.61554104170132,-8.47294123768068,2
896,17,-19.502740975214767,-37.70991356571779,2
896,18,-19.728656415439705,-68.33070113871128,2
896,19,-15.3399988755735,-41.892641207274664,2
897,0,-710.6529872163948,-14.4155759272107,0
897,1,-741.9478652061034,23.149300412727143,0
897,2,-689.9886510946034,-19.43422499809178,0
897,3,-699.3319340118495,27.198446266931203,0
897,4,-724.1686655413697,-3.258643604909092,0
897,5,-696.7838435635175,-10.782365234026486,0
897,6,-749.4345248619353,-4.439105156529495,0
897,7,-706.7527350084251,-25.34506557947304,0
897,8,684.7064480637395,33.07482366270743,1
897,9,652.8903489667845,20.048894626388126,1
897,10,678.4809450667896,-8.327013960877716,1
897,11,701.9513941943275,15.87622142900736,1
897,12,695.6901329969297,5.561885293188986,1
897,13,734.3992393287964,1.416194972946147,1
897,14,-11.964456630161633,-21.04391278748335,2
897,15,1.4970999267515195,-32.925900915537916,2
897,16,5.353520576975743,-7.458649643021537,2
897,17,-18.73461754254032,-39.25584257216763,2
897,18,-19.995393201469515,-69.01344517441807,2
897,19,-15.989513907686987,-43.15391500558689,2
898,0,-712.206460827041,-13.792834421560192,0
898,1,-742.6787566968019,23.334916253046607,0
898,2,-691.3031927729879,-20.548790440706934,0
898,3,-700.5800267689509,28.611852791347644,0
898,4,-725.6545709387979,-3.8001120030171376,0
898,5,-696.98784009305,-9.701347951764888,0
898,6,-750.0111858297993,-4.430747113863393,0
898,7,-707.9977454394583,-24.5196262836267,0
898,8,684.78024769444,33.562650453866375,1
898,9,654.3742240421687,20.278145550282815,1
898,10,679.6721924019294,-9.48060531267131,1
898,11,704.3904029306244,16.209888253023337,1
898,12,696.9529844131408,6.64889025045663,1
898,13,734.5826791847526,1.2684304162642077,1
898,14,-11.15206417880895,-21.137531372422515,2
898,15,1.417453233775094,-34.30188336379846,2
898,16,4.9668443119066294,-7.548442477738718,2
898,17,-16.95353378944806,-40.606747062943185,2
898,18,-18.399687926400173,-67.61497296216425,2
898,19,-15.670173372587232,-41.89893358957019,2
899,0,-713.0150094986153,-15.343302813435963,0
899,1,-742.8171390443225,23.422096497859965,0
899,2,-691.8211541744453,-21.63231385490522,0
899,3,-701.5102208753459,28.47184035471337,0
899,4,-726.6956890822377,-2.5953928798632804,0
899,5,-698.6271151053619,-9.436421761309557,0
899,6,-749.8792761451658,-5.394038381778515,0
899,7,-707.8008921600979,-23.883077149862814,0
899,8,685.4084232375079,33.55876676114684,1
899,9,653.8798689697394,19.995325725577523,1
899,10,679.6951131972563,-9.676446417152308,1
899,11,705.1251622223607,15.785752582069312,1
899,12,698.0816694767938,4.783551953902312,1
899,13,735.7562923407129,1.5905866692901394,1
899,14,-10.696409922185508,-20.568215876863647,2
899,15,1.4314484746936966,-33.395845742430105,2
899,16,5.552402922204058,-6.790103578365446,2
899,17,-16.82814743086145,-39.65039111262902,2
899,18,-18.665231628166886,-67.84346229196248,2
899,19,-15.129445470897508,-40.51000746699543,2
900,0,-713.3584583941386,-16.761987555794544,0
900,1,-742.8260651730022,23.35543462795381,0
900,2,-690.4275476806591,-21.5354889341504,0
900,3,-701.1345220351253,28.28767105106256,0
900,4,-727.347012768344,-1.7219052633069083,0
900,5,-698.9649503972887,-10.160927892267544,0
900,6,-751.5760610786334,-5.840533913693152,0
900,7,-708.4584864637967,-24.844326876484,0
900,8,685.304311491605,34.62193126928247,1
900,9,654.7208329238069,19.97302052501518,1
900,10,680.258907176346,-9.979071147844694,1
900,11,704.9294918746444,15.470163388649185,1
900,12,698.7085730055709,4.436716593725059,1
900,13,736.0975463150644,0.9725370808400241,1
900,14,-11.567148675246088,-19.463271727966873,2
900,15,2.2031402644341873,-33.255519136047006,2
900,16,5.9591321585951915,-6.917677638806505,2
900,17,-17.272004982938736,-38.46227637283482,2
900,18,-17.65574734911451,-66.7008785148136,2
900,19,-15.531566612023427,-41.323756074950765,2
901,0,-714.1756238250932,-17.19381983980812,0
901,1,-742.1848889131556,23.50750353938792,0
901,2,-691.7786975848687,-22.62635375168264,0
901,3,-702.727079633474,27.9182996441602,0
901,4,-728.2953956014454,-2.4042996177342877,0
901,5,-701.4670560691919,-9.72733395215951,0
901,6,-753.3642752923593,-5.7143507714475374,0
901,7,-708.990198342295,-24.48526557393174,0
901,8,684.8385076084397,34.53332917034136,1
901,9,656.3955613534152,21.632489571427662,1
901,10,681.535532698611,-11.030150558215528,1
901,11,706.7045716467693,16.878902232769992,1
901,12,699.7330348144685,5.565134961440836,1
901,13,736.3577384839393,0.5155540430933842,1
901,14,-11.546292069228823,-19.573264343965146,2
901,15,2.282903271021881,-31.51357764414464,2
901,16,5.058836283818545,-6.107606723984359,2
901,17,-18.574558788116025,-38.16017529310619,2
901,18,-18.121242276020272,-65.92383830324637,2
901,19,-14.337778318589148,-41.862027756436525,2
902,0,-716.1167397774265,-19.283495004085708,0
902,1,-743.7404881300725,22.732414266872627,0
902,2,-690.84941828149,-22.08114357538835,0
902,3,-704.5628843495924,27.989328000761024,0
902,4,-728.7434983628964,-2.85843779610641,0
902,5,-702.8572300248545,-9.944524463374735,0
902,6,-753.5139082893976,-6.270192457982112,0
902,7,-709.7943755189984,-23.933597822420403,0
902,8,686.4539788893727,33.827765638950666,1
902,9,656.9682124640813,22.473505173292807,1
902,10,682.2955581876378,-12.334043975542711,1
902,11,708.377301101623,17.050719696710352,1
902,12,699.2401378099312,6.5480965467416965,1
902,13,737.9174929318503,0.592519379137238,1
902,14,-10.680366304531793,-16.936689694315458,2
902,15,2.5750687911637473,-31.24808501485616,2
902,16,4.436555664223187,-6.160410480684241,2
902,17,-18.972124829325548,-39.35320319399906,2
902,18,-18.414281500413473,-65.22629131516628,2
902,19,-15.335562594898517,-42.39793910022341,2
903,0,-720.4486431018564,-19.81523901094477,0
903,1,-745.5589459051383,23.4276229224585,0
903,2,-691.1313728464073,-21.539491567038755,0
903,3,-705.4395670558832,28.039280219034985,0
903,4,-731.6360441846747,-2.8354674337399004,0
903,5,-704.4958028318606,-10.22299173981939,0
903,6,-752.6136135210849,-4.40114361171543,0
903,7,-710.373954651996,-22.699040928939574,0
903,8,689.1770048932265,33.02467465981404,1
903,9,658.3034403134142,22.69720002043769,1
903,10,681.9375566790856,-11.531471588966978,1
903,11,709.3318213441835,16.97237093275296,1
903,12,700.9171077402233,5.678866749844471,1
903,13,738.99413897281,-0.3284359362234204,1
903,14,-9.161230723682504,-15.971428929882109,2
903,15,2.9532899809767588,-31.41836272967707,2
903,16,4.271374790186185,-5.601833886192932,2
903,17,-18.81153521738732,-39.38834620099871,2
903,18,-19.15790747717304,-66.5950843185266,2
903,19,-15.571485340322107,-43.259465834503395,2
904,0,-720.445430841838,-21.035246312967292,0
904,1,-746.0321995543638,22.10088907774647,0
904,2,-692.4303104511181,-20.837790717563852,0
904,3,-706.1442960725814,28.555090272782714,0
904,4,-732.3122280453408,-3.009385320757105,0
904,5,-705.3384077049969,-12.016969484627008,0
904,6,-753.9240825315406,-3.553374834210021,0
904,7,-710.8764819254094,-23.71727011288383,0
904,8,689.3673695645917,32.81561884678491,1
904,9,658.3699859317686,22.812948182884142,1
904,10,682.5769633179667,-11.094033046829528,1
904,11,709.9249303533709,17.412203394186673,1
904,12,703.7189870706023,5.719815556780069,1
904,13,740.7174243733306,-0.40014147319199395,1
904,14,-9.775102312863112,-15.32667805170211,2
904,15,1.8169555968900613,-30.799853493434785,2
904,16,4.534409851506375,-7.137793849723836,2
904,17,-17.747733015849903,-39.158193158028574,2
904,18,-20.422198987807736,-67.41920894240924,2
904,19,-17.193259011944903,-42.543297878586344,2
905,0,-720.2543799528577,-20.954649396953144,0
905,1,-747.8713426368981,24.57050712147112,0
905,2,-693.0237658551538,-21.371538379640683,0
905,3,-707.38311425867,28.98714329087606,0
905,4,-732.1317631112704,-3.7074365274770136,0
905,5,-706.5633591818561,-13.051642936760423,0
905,6,-753.7582880349727,-2.5350081279188084,0
905,7,-711.5367820812822,-23.966940587505004,0
905,8,690.2154784551292,31.31970683831834,1
905,9,659.4652304758414,22.75875307356649,1
905,10,682.8247516554055,-10.409076293372141,1
905,11,711.656900319266,16.710795095413232,1
905,12,704.1789331743222,5.601688350106066,1
905,13,742.2282285953926,-0.6448111353682677,1
905,14,-8.739456845253423,-16.580210646356143,2
905,15,0.7884733508360504,-31.628250134965977,2
905,16,4.260654594824131,-7.229035955469682,2
905,17,-19.011342485882313,-38.563778359386355,2
905,18,-21.7248701467687,-67.78043692591191,2
905,19,-16.85890758189417,-42.59276363177793,2
906,0,-720.7570268503727,-21.536706479246988,0
906,1,-748.9810679062062,25.811827268887654,0
906,2,-693.8194832682904,-20.15557487401013,0
906,3,-707.4341193486754,29.066463667391847,0
906,4,-731.93121116516,-3.204368124256851,0
906,5,-707.9212904460292,-13.378988910918572,0
906,6,-754.464756584187,-3.2662625766207425,0
906,7,-711.8230374829152,-22.927149776173362,0
906,8,690.0033295162153,32.2379204021713,1
906,9,660.4619183331799,24.046382972420314,1
906,10,684.3948561260623,-9.476048232220698,1
906,11,711.9878085570324,16.460710191721887,1
906,12,705.2886710180067,4.501917997682172,1
906,13,743.4538256103463,1.483394582208142,1
906,14,-7.675057525997703,-15.782918019656629,2
906,15,-0.10757328516270703,-31.60942380843175,2
906,16,5.937807955626858,-6.367877970821826,2
906,17,-18.987006759075978,-38.26606810834787,2
906,18,-22.049210893677465,-68.8296742587779,2
906,19,-16.51745831651218,-41.4790934234367,2
907,0,-722.5426110230973,-20.862056099725454,0
907,1,-750.3953225254992,24.867707866110766,0
907,2,-694.2864413912888,-19.65405180298975,0
907,3,-707.7273168829295,29.502076398290836,0
907,4,-732.5003187726911,-2.379672983685839,0
907,5,-709.7722668000272,-12.824870402440975,0
907,6,-756.595904852678,-2.889390790019724,0
907,7,-713.605880477065,-24.155218231142605,0
907,8,690.1094502753109,30.646721687132647,1
907,9,661.3247514711295,22.59892048731013,1
907,10,684.6590437489381,-9.764620426885596,1
907,11,712.6628950450494,16.00582449229488,1
907,12,704.7672657565018,4.751921924617165,1
907,13,746.4057975034947,1.7123309300068055,1
907,14,-7.378997463914701,-14.978559461453438,2
907,15,0.2823810586830059,-31.24554421203351,2
907,16,6.55894272482398,-7.136357331821005,2
907,17,-19.20253288769788,-38.19398075380721,2
907,18,-22.70148382339607,-69.72530160761428,2
907,19,-16.784689274322297,-42.81537939316572,2
908,0,-723.128421785181,-20.0436570526042,0
908,1,-751.2712893138776,24.52114686805727,0
908,2,-695.565293589037,-20.2327296048395,0
908,3,-709.756737275245,28.157605794157437,0
908,4,-733.6872565272088,-1.7169439840359435,0
908,5,-710.2450172574661,-13.304109843024376,0
908,6,-758.7385209064137,-1.8179144392669864,0
908,7,-714.7444034722836,-23.41445399406635,0
908,8,691.7890577647003,32.00248658533531,1
908,9,662.4023696961245,21.430925705160245,1
908,10,684.5608549561222,-9.810498461350818,1
908,11,713.9626872879561,16.49740040531341,1
908,12,705.046462326449,4.505403738549344,1
908,13,745.7164060052404,1.8247223942468622,1
908,14,-6.0205732091716495,-14.409157743377406,2
908,15,-1.2475598312046872,-31.548460696401275,2
908,16,6.058114809074813,-7.632547710605586,2
908,17,-19.47591637764696,-36.93811449428916,2
908,18,-23.000446588995207,-72.41701669815161,2
908,19,-17.310135499217637,-41.76475846496816,2
909,0,-722.3686327513972,-20.317575684996054,0
909,1,-753.3652997303599,26.145378345918765,0
909,2,-696.4238182102304,-20.225222082287594,0
909,3,-710.2096144530552,28.51479339151136,0
909,4,-733.3090535309484,-1.0959901455793113,0
909,5,-710.0736253803362,-14.104027743117477,0
909,6,-760.0671383746419,-2.6856611058715814,0
909,7,-716.0062235861842,-23.349494897917364,0
909,8,693.0231786984772,31.632710978963104,1
909,9,663.8505096721984,21.684494002561696,1
909,10,684.4150917580234,-9.588078448716487,1
909,11,713.9444893871521,16.05612881338408,1
909,12,705.5955043912526,3.6852591123257987,1
909,13,747.1298841444219,2.0556755625288883,1
909,14,-5.432887684530628,-14.941168543296358,2
909,15,-0.7367000465507578,-31.395183539489974,2
909,16,4.540105937774807,-6.495917155662564,2
909,17,-19.253711735661078,-37.32845063704666,2
909,18,-23.093936139766562,-70.97569692603304,2
909,19,-17.284778044989206,-41.732670139573585,2
910,0,-723.018362064016,-20.02997578441682,0
910,1,-754.4934511679492,28.301915495575724,0
910,2,-697.4831892145812,-18.96147051415318,0
910,3,-711.0418400867185,28.727321457524102,0
910,4,-733.5820876223058,-1.1529582616657252,0
910,5,-709.9867849830771,-13.97245402253051,0
910,6,-760.1874663300126,-2.738964404539019,0
910,7,-717.8518086322415,-23.640962028020255,0
910,8,692.3528243086843,32.23600014285175,1
910,9,663.9545391589737,20.62132203444492,1
910,10,685.6695823099574,-9.491145215785268,1
910,11,714.6867773849262,15.830708978772554,1
910,12,706.9624161046657,3.1050434006724497,1
910,13,749.7019720617934,2.7576164526646494,1
910,14,-7.1410834387228155,-16.50330481511407,2
910,15,0.21675201930495414,-30.19930014157907,2
910,16,5.982949209066646,-6.4712974322048185,2
910,17,-20.273275892329522,-35.88650631850157,2
910,18,-23.002665275126258,-71.33437895225173,2
910,19,-18.157669979890454,-42.1573664961466,2
911,0,-723.358182420166,-20.35810517124876,0
911,1,-754.2305308767058,29.495897280950775,0
911,2,-698.0360003755438,-20.205694076554153,0
911,3,-712.2749290360158,28.541194546007137,0
911,4,-734.1937235576899,-1.4424050295328688,0
911,5,-709.7983900951297,-11.857489494735049,0
911,6,-761.0854129414828,-3.1531365428658917,0
911,7,-717.8894407106686,-21.123216973395966,0
911,8,692.8300814188812,32.94882205584699,1
911,9,664.8373415438721,21.121074852503146,1
911,10,686.9253050516004,-9.270402418892742,1
911,11,716.0474526090003,16.214260183692915,1
911,12,707.6734067460042,1.5710668828156311,1
911,13,750.8938903005661,2.1445234322172353,1
911,14,-8.5884045139163,-16.35326930226051,2
911,15,1.6668749841521981,-31.285724080622696,2
911,16,5.9142774958025095,-6.737125242086192,2
911,17,-19.8179878795666,-35.3566633464521,2
911,18,-23.506014782041014,-71.731801512097,2
911,19,-18.587667121569062,-43.319702368493054,2
912,0,-723.1696622656762,-21.1180938902367,0
912,1,-755.6042774118441,29.673357863132647,0
912,2,-699.357504394716,-20.007908000085557,0
912,3,-713.1242861082868,28.311145276229936,0
912,4,-735.3208554434481,-1.7755326872308734,0
912,5,-710.8578120068013,-13.06419731109996,0
912,6,-762.6243542039952,-4.311170178374034,0
912,7,-719.5254308251989,-22.056593018597038,0
912,8,692.710933056371,33.589576940346866,1
912,9,665.2569979386789,21.00389516057807,1
912,10,687.4794422218706,-8.477637567239531,1
912,11,717.9580763751305,17.134790080945304,1
912,12,708.0536599006543,1.9377021420843303,1
912,13,751.6456262503605,1.2754374025310011,1
912,14,-8.9977872318016,-16.42897980515296,2
912,15,3.5067389883105946,-30.302206760515162,2
912,16,6.89302846137901,-7.234013408232274,2
912,17,-21.012308605121568,-34.8121248587296,2
912,18,-23.685474573162228,-72.56049910658051,2
912,19,-18.875551695031614,-43.02761049680393,2
913,0,-725.1113286607214,-20.80703670117168,0
913,1,-755.7588366406967,29.004429193907303,0
913,2,-700.4076382091567,-19.148498937717633,0
913,3,-713.2664543851465,27.12650285449393,0
913,4,-735.3389861009939,-0.4406024490610243,0
913,5,-712.9629516593316,-13.51597709758926,0
913,6,-763.4817667301478,-6.009136644266738,0
913,7,-720.6570908621298,-23.594588542160654,0
913,8,693.442680135866,32.793733100270636,1
913,9,664.8603356743333,20.575213662061735,1
913,10,688.0877619258542,-7.267309249375324,1
913,11,719.1682812344967,16.926542677256524,1
913,12,709.1652180702108,0.22493275201920193,1
913,13,751.5351763694983,-0.32485956334802535,1
913,14,-10.054545501397183,-17.993551239752126,2
913,15,2.332488415771096,-30.556668079629482,2
913,16,7.2219933983025175,-6.640262448183566,2
913,17,-21.951464792993114,-35.16355248040985,2
913,18,-24.263821969906537,-71.74905365197473,2
913,19,-18.268106427343685,-42.541789660355526,2
914,0,-726.5343284145583,-20.530239905053225,0
914,1,-757.0479932815219,28.90288301901418,0
914,2,-702.164567905111,-20.441450328849353,0
914,3,-714.7112125103575,27.50431553413979,0
914,4,-735.3226253058197,-0.2870586587164534,0
914,5,-714.8045548442918,-13.383779235378878,0
914,6,-765.3348495852199,-6.199604976328109,0
914,7,-721.4004542204015,-23.318137005777555,0
914,8,694.490082528204,33.867512725680584,1
914,9,666.3452758238758,20.402602947647594,1
914,10,688.452510346876,-6.335724111445798,1
914,11,719.4931831952982,15.757073844976413,1
914,12,709.592688225835,0.16820005610969696,1
914,13,751.7452959077234,-0.23807712476410514,1
914,14,-9.452070545392928,-16.764902115945315,2
914,15,2.9434517005688248,-31.089952477994668,2
914,16,7.139131509855003,-6.710768263755849,2
914,17,-21.941723301679875,-35.23910674667884,2
914,18,-23.863571019276527,-71.85164984118032,2
914,19,-16.460596959745402,-44.47665166032262,2
915,0,-728.2192836044595,-20.987407525938984,0
915,1,-757.9289237514971,28.503908971668732,0
915,2,-703.6122589246668,-20.44968375353161,0
915,3,-713.9395157537863,27.41525609560424,0
915,4,-736.6209435416736,0.19096452187655139,0
915,5,-716.1403042809412,-13.899659499862988,0
915,6,-765.6043983513201,-5.361640166262368,0
915,7,-721.1683273207254,-23.384699477640563,0
915,8,694.8716565010367,33.23479258292238,1
915,9,666.6363559617529,19.84033148639428,1
915,10,688.4922291322647,-7.45114129941911,1
915,11,719.3005622502355,15.770594084416814,1
915,12,711.0081879764729,0.05987968703236446,1
915,13,752.3704103192304,-0.35427947694890227,1
915,14,-10.342567626472578,-15.76612908767195,2
915,15,2.95587251518669,-30.624903409155337,2
915,16,6.896323903351905,-6.241268588213971,2
915,17,-22.585044394407817,-35.9015065595365,2
915,18,-23.081855421127642,-72.87564268512949,2
915,19,-16.36620906911675,-44.41660281126972,2
916,0,-730.1238727562765,-20.8258990854993,0
916,1,-759.4906079330757,28.432343799175133,0
916,2,-704.6794442753085,-19.960197716961982,0
916,3,-713.9314267137348,27.207093689722946,0
916,4,-737.0026552856798,0.7504945375448084,0
916,5,-717.1910690029823,-13.547777808623177,0
916,6,-767.1054411123629,-4.68737473423735,0
916,7,-721.4810826069277,-24.570066589177575,0
916,8,695.2483803954228,33.839784800003564,1
916,9,667.4805206233839,19.27968753401138,1
916,10,689.3068985798457,-7.245979471393896,1
916,11,720.1542978779951,15.357833577679054,1
916,12,712.1033372165471,-0.009530131864450828,1
916,13,754.3828528795069,0.30079522914422174,1
916,14,-10.846088737841807,-16.308812082844895,2
916,15,3.1916309736470927,-30.177218241269166,2
916,16,6.9464530720155695,-5.975529881479136,2
916,17,-22.85140927672717,-35.60714654382502,2
916,18,-21.50752853121536,-73.2157490206007,2
916,19,-16.168172069502912,-43.46519325321768,2
917,0,-730.4926789026971,-21.15365084335483,0
917,1,-761.2286134623403,26.6168177983745,0
917,2,-705.2305016165932,-18.26420602388145,0
917,3,-714.6082428088857,26.27163221462675,0
917,4,-737.5466802230757,0.20383607917053848,0
917,5,-718.4855483863631,-13.257436350459788,0
917,6,-769.1870201815369,-4.737470921339102,0
917,7,-722.7313430608184,-24.292808434055488,0
917,8,696.8620199043145,33.01733369122988,1
917,9,668.1241042105214,19.096107158921455,1
917,10,689.6516585087552,-6.720261035479487,1
917,11,721.4248702745072,15.018947110059749,1
917,12,713.2033303027989,-0.46813665688179984,1
917,13,753.8523792238062,0.010477846596746776,1
917,14,-11.396330019434812,-16.216819981822958,2
917,15,3.4730202305028084,-29.15638211927445,2
917,16,6.219550373078929,-4.257267218300891,2
917,17,-23.24554067457459,-36.08738049324535,2
917,18,-21.211313877147237,-73.23924634160844,2
917,19,-17.620303383735997,-42.78557565162334,2
918,0,-732.7776001559232,-20.900753050395725,0
918,1,-761.9935442991693,25.88128724688922,0
918,2,-707.3153771558702,-18.74286057069101,0
918,3,-714.9092248605573,27.149580520124967,0
918,4,-738.2258864233207,0.17123673527106228,0
918,5,-719.9016132726271,-13.071494045692676,0
918,6,-771.9089680308147,-4.162321520738412,0
918,7,-723.922418231246,-24.199642022266904,0
918,8,698.2864754017627,32.65695868360026,1
918,9,668.1330086416567,19.818987692303743,1
918,10,690.8539044251902,-7.7398493697441495,1
918,11,721.8639619411415,13.933518958189566,1
918,12,713.8891265150702,0.6461913520412165,1
918,13,756.2713896540507,-0.13755489594044054,1
918,14,-11.75360574296903,-15.993903858432077,2
918,15,2.998654151822859,-27.94288575893018,2
918,16,6.1291038798804225,-4.53013002475242,2
918,17,-21.233744688543286,-35.730591577790626,2
918,18,-22.211283318850782,-72.13654112441344,2
918,19,-16.58129090562237,-42.90930524733581,2
919,0,-734.7001280145355,-21.321889198673016,0
919,1,-762.7992143975054,25.86778077090383,0
919,2,-707.7744833798045,-18.737699551657744,0
919,3,-717.0846572228982,26.3525436067808,0
919,4,-738.7762442395858,0.762181012530384,0
919,5,-721.3449763241953,-13.054483195216175,0
919,6,-773.3855853205046,-3.8237412982730903,0
919,7,-725.3895578767025,-22.939288524593227,0
919,8,698.5657793843126,32.15007470688111,1
919,9,668.1627048371944,20.071614118820893,1
919,10,691.4123226028679,-7.618744786479475,1
919,11,722.9737150329064,13.104627337611392,1
919,12,713.4161604291277,1.9847997194171452,1
919,13,757.3713106045852,-0.12707756208764237,1
919,14,-10.193832017643977,-16.37941015269746,2
919,15,1.7030332215689152,-28.719852035450966,2
919,16,5.642484636142288,-4.1733741856699265,2
919,17,-20.534729303559548,-34.13360121511864,2
919,18,-23.0488760321522,-72.28863891989276,2
919,19,-15.682983354559646,-42.481806122521114,2
920,0,-736.5950669918229,-21.581788365988128,0
920,1,-763.8884616053438,25.948406691744356,0
920,2,-708.6217319242907,-16.8146681574705,0
920,3,-716.0310865413887,26.779146195661077,0
920,4,-739.544512556944,1.7588095122157987,0
920,5,-721.8690252928999,-13.106602204807421,0
920,6,-775.086317085464,-4.40760648535297,0
920,7,-726.7789734368887,-22.02436684227452,0
920,8,701.3411162425367,32.647855778100165,1
920,9,669.1714672832078,18.246869319228026,1
920,10,692.3540014793085,-7.872114637308799,1
920,11,722.521454383815,13.914249999490957,1
920,12,714.3168956172439,1.6547915750209272,1
920,13,757.8011405430776,-1.4962622465706337,1
920,14,-9.715080499740658,-16.67325521041314,2
920,15,1.438093706565374,-29.377565631371507,2
920,16,4.292588888517945,-4.92372575278421,2
920,17,-19.1769356785611,-32.35624897988233,2
920,18,-22.865748342182922,-72.89903877634335,2
920,19,-16.464892081958862,-41.86089780371109,2
921,0,-738.285229435651,-20.583344926857162,0
921,1,-765.4545489194454,26.499349530870862,0
921,2,-710.123023887301,-17.24490776153896,0
921,3,-718.3178986785613,27.04701455610626,0
921,4,-740.4220552779934,1.6075476862137275,0
921,5,-721.6076594067631,-14.64421947706774,0
921,6,-776.579492442388,-3.406738560157053,0
921,7,-727.3759447925038,-21.7130811384475,0
921,8,702.4883680798669,32.79904296711521,1
921,9,670.0033382049165,17.907949485969766,1
921,10,693.8805063930978,-8.028029633789581,1
921,11,723.1119362014985,13.508579692814978,1
921,12,714.5216714681164,1.2762822188950669,1
921,13,758.9889184195225,-0.9920390867494633,1
921,14,-10.609084370620556,-15.557004540840174,2
921,15,1.3844393550218348,-28.487508429063332,2
921,16,3.8062048695985276,-4.659113815112876,2
921,17,-18.600931983314847,-33.27138351582482,2
921,18,-21.207245107784516,-73.71817201018165,2
921,19,-16.98039534425107,-42.34919407341563,2
922,0,-738.6747778933471,-21.169142252080434,0
922,1,-767.0218562332278,24.941458614230964,0
922,2,-710.2948144671882,-17.8273996727992,0
922,3,-719.678815404105,26.562678864725292,0
922,4,-741.7964327892909,3.285955375938353,0
922,5,-723.0279423609434,-15.407839721893671,0
922,6,-779.1362473208541,-2.9492857965334593,0
922,7,-727.9753640383108,-20.973042726811176,0
922,8,701.7620337737233,31.755285669469803,1
922,9,671.1743903834298,17.776258932005675,1
922,10,694.8546884405299,-7.5871348552803415,1
922,11,724.1235866500568,13.05135915541003,1
922,12,714.6067165199106,1.8940730285807674,1
922,13,758.2099595499884,-1.2461992279612397,1
922,14,-10.242017663447301,-15.638416655446282,2
922,15,1.783237648948036,-26.28130284520655,2
922,16,5.317732945070751,-4.00109994388972,2
922,17,-18.248187620746624,-33.94526772823835,2
922,18,-21.00848084086382,-74.27491661722676,2
922,19,-17.198429031080543,-41.219379937434724,2
923,0,-740.2328165359673,-20.340295164659743,0
923,1,-768.3529980793451,25.068273374716448,0
923,2,-710.6371399782722,-18.006931129849054,0
923,3,-722.0453018836412,26.41135902478297,0
923,4,-742.3424279661258,3.3176050380321667,0
923,5,-723.8937761483362,-15.811438533295213,0
923,6,-779.4811282440244,-2.7152516089723577,0
923,7,-729.316543077233,-21.653653852727185,0
923,8,703.3262764210477,30.867960519642704,1
923,9,671.7696956531296,18.279541657752116,1
923,10,695.0413018691478,-7.989997603832867,1
923,11,725.6949880193051,12.942037255947032,1
923,12,715.3112981731246,2.414255269332045,1
923,13,759.6725041001835,-1.7163092013659853,1
923,14,-10.696594782481435,-15.895055687821882,2
923,15,2.403494548811351,-25.167426885744774,2
923,16,6.363316462669224,-4.604173834739406,2
923,17,-19.420957738878343,-33.70280251970428,2
923,18,-21.871770730749223,-75.00604276060038,2
923,19,-16.071001307035946,-41.993412636488884,2
924,0,-741.0687564849591,-20.453943454605767,0
924,1,-770.5611318168437,24.882961106119765,0
924,2,-710.7595977310119,-17.34902470253329,0
924,3,-723.3466593638983,27.594947994559636,0
924,4,-743.9669013804398,2.478241829720137,0
924,5,-725.3919765943571,-16.384986831664573,0
924,6,-780.7994778588302,-3.865335141675307,0
924,7,-731.1655162549041,-22.024332612970777,0
924,8,703.2829648246885,30.81296065568872,1
924,9,672.4070041134843,19.48863488281897,1
924,10,696.1298403361642,-7.311094869903795,1
924,11,728.1069016202157,12.357188997742858,1
924,12,715.6121660168988,2.5279910511580446,1
924,13,760.9850622594887,-1.6248224882672078,1
924,14,-10.995733249462193,-16.47466357252393,2
924,15,2.3697596015709497,-24.473732672866184,2
924,16,6.085972575125984,-3.4613837094100264,2
924,17,-20.52506677309134,-33.55654861814444,2
924,18,-21.203915402143977,-76.23471316745977,2
924,19,-15.623513303620859,-41.3731003392373,2
925,0,-741.2353900959321,-20.659850282166868,0
925,1,-770.8088628636251,25.66274533622265,0
925,2,-711.4409332198478,-18.04282424361067,0
925,3,-723.4786899715351,26.22668040648338,0
925,4,-744.7913092457154,3.8395446719680644,0
925,5,-728.2209410820417,-16.730593151350977,0
925,6,-781.2900651890369,-4.1097596779170615,0
925,7,-731.1162508301404,-21.296293490456527,0
925,8,705.0125775389008,29.850196567699843,1
925,9,673.0989756451663,19.343264767334713,1
925,10,697.2381127484177,-6.659242801038879,1
925,11,728.8559502336748,11.704815578630821,1
925,12,716.7102504343553,3.367347005133355,1
925,13,761.5440958315995,-1.8998599740511817,1
925,14,-10.594299639742125,-15.251595401498447,2
925,15,3.4156997363297714,-24.427401171702595,2
925,16,6.630103478687247,-3.3066442673305243,2
925,17,-21.21741668220608,-35.41108097509946,2
925,18,-20.199093692789226,-76.84626184339947,2
925,19,-15.842065054979349,-41.20220889363059,2
926,0,-743.0794278212776,-21.542810282890173,0
926,1,-770.9940446293868,24.86374067689909,0
926,2,-714.4843137409769,-17.54612377869921,0
926,3,-724.7650024098775,25.929852865792764,0
926,4,-746.674353467737,3.843424528919513,0
926,5,-729.1395956570078,-15.73637332175515,0
926,6,-783.0247401379329,-3.5180655849814713,0
926,7,-732.1156463717008,-20.894678769515583,0
926,8,705.5170783677931,31.09121630290702,1
926,9,673.8503713674434,19.585001106202576,1
926,10,699.8793038103614,-6.213944925772949,1
926,11,728.3921119206665,12.696000533234866,1
926,12,716.7173011284992,2.356025505313795,1
926,13,763.2413315444517,-2.0787713887180326,1
926,14,-10.462827338087346,-16.320281686174003,2
926,15,2.480582836465964,-25.416361147066528,2
926,16,6.734921467920082,-4.383964601270442,2
926,17,-20.08694205655013,-35.55442352415477,2
926,18,-21.30559006535687,-76.80670055019833,2
926,19,-14.809859788002035,-41.40545996404811,2
927,0,-742.8599847020131,-21.152491826534607,0
927,1,-771.9919149057254,24.823300265615586,0
927,2,-715.8895690978858,-17.178659571818734,0
927,3,-725.0167411331009,26.49731248351824,0
927,4,-746.2507603591811,4.905175194251212,0
927,5,-729.3331609154046,-15.623975453488427,0
927,6,-784.0985007266861,-4.196866955285142,0
927,7,-732.6828524899479,-21.981292837496405,0
927,8,706.8618236313708,31.684721215342496,1
927,9,674.244096517254,19.261194783368342,1
927,10,700.8925784097368,-6.904253450798369,1
927,11,729.0837171907876,11.415407718143605,1
927,12,718.700359034756,3.231629521890938,1
927,13,764.0000554633026,-2.266624510548335,1
927,14,-11.055929943318455,-16.802798522120973,2
927,15,1.6252989210077045,-26.068685834785665,2
927,16,5.781601191654894,-4.030403734295166,2
927,17,-19.63834697323614,-34.814240223457574,2
927,18,-21.04341613089602,-76.91981359772517,2
927,19,-12.688564087064062,-42.17542515078688,2
928,0,-744.1233852485184,-21.678921776678795,0
928,1,-772.7198909149805,24.70409095395952,0
928,2,-716.4025059919455,-15.640274774484602,0
928,3,-725.2837669115077,25.451940981928892,0
928,4,-746.5951436744856,5.6020931487576835,0
928,5,-731.0420791179815,-15.158654999770208,0
928,6,-785.4566543480192,-4.740374971447763,0
928,7,-732.8590105880652,-21.864595999250046,0
928,8,708.3159575548411,30.592953968117182,1
928,9,674.0660609013894,19.45291305157393,1
928,10,702.6679783644373,-6.97070239429118,1
928,11,728.8138661405973,11.658050725607595,1
928,12,719.0826686607516,3.119050789617457,1
928,13,765.58794572014,-1.0066931501286525,1
928,14,-11.044301121474732,-17.0503917623214,2
928,15,1.3433206276423548,-26.646291569825298,2
928,16,5.9859630171512705,-4.38936700394655,2
928,17,-20.537888372577118,-35.96773501171668,2
928,18,-21.507606248576206,-78.49793770944967,2
928,19,-12.779512657029978,-41.555945925503735,2
929,0,-744.9936346086378,-21.538991478363847,0
929,1,-773.8424196625903,24.780000990170848,0
929,2,-717.6898063743146,-14.893740018152092,0
929,3,-725.2308749156035,24.63997184126368,0
929,4,-747.9806028818019,5.559835015093456,0
929,5,-731.3509186682058,-14.000524040403008,0
929,6,-786.9404835259811,-4.855689386008048,0
929,7,-733.4981294115006,-21.161936967656562,0
929,8,709.4903893738975,31.50859777775764,1
929,9,673.4841313076236,19.486771158841663,1
929,10,704.5461377362236,-6.77133221123135,1
929,11,729.4488347005074,11.750444207747767,1
929,12,719.9479941198517,4.214267207072016,1
929,13,767.099356352933,-1.767079039693654,1
929,14,-11.49365480294034,-16.1457923531396,2
929,15,1.222503757924476,-27.457975629120604,2
929,16,6.316442682815824,-4.556455639687184,2
929,17,-20.951912329475963,-35.584692679530605,2
929,18,-20.78912441858735,-77.96535407525118,2
929,19,-12.741403143191796,-42.46692231341862,2
930,0,-744.9423515925946,-20.808689817780845,0
930,1,-774.7750049775414,25.949823551127036,0
930,2,-719.0919700880901,-14.195301378493882,0
930,3,-726.7405426818545,23.705940142954177,0
930,4,-748.0640058770028,6.190329877635425,0
930,5,-732.3965774466335,-12.211880345443694,0
930,6,-787.2239945842776,-3.2819774201001506,0
930,7,-736.1355272404886,-20.644299500292128,0
930,8,709.9045543356772,31.671031504255634,1
930,9,673.822443819828,19.21950016694372,1
930,10,705.4896794759695,-7.139905108825942,1
930,11,729.6060559779661,11.496030105285522,1
930,12,720.484691580783,3.441902198877252,1
930,13,769.1874995583945,-3.2041145904709136,1
930,14,-11.104145309072146,-16.2330130257401,2
930,15,1.4137687570431103,-26.96118803845908,2
930,16,5.726400427698346,-5.132785139836165,2
930,17,-21.604538022104478,-36.38811793974673,2
930,18,-19.358348188508135,-79.51789104396656,2
930,19,-13.393707915467012,-42.766518507757766,2
931,0,-745.2370235148982,-21.223577890942053,0
931,1,-774.9998746807942,26.798034451381696,0
931,2,-719.4102158833484,-13.931073882127537,0
931,3,-727.3442457968204,23.496068458942666,0
931,4,-748.1499024469751,5.94029083828956,0
931,5,-731.4311119755487,-12.81723963518769,0
931,6,-788.5959837205635,-3.618020431153955,0
931,7,-738.0029225964116,-20.337618601396677,0
931,8,709.3995838206897,31.937229741001076,1
931,9,677.2203027073703,18.803502144058704,1
931,10,706.4348964580137,-6.9958460436584184,1
931,11,730.7931056605653,10.682017152592097,1
931,12,721.8282614277766,3.6177379965446486,1
931,13,769.3362253785432,-4.05564988876282,1
931,14,-11.649077276410932,-17.78087421783993,2
931,15,0.5850843116324639,-27.38113022439504,2
931,16,5.4951027166403295,-5.239517799143565,2
931,17,-20.77976830021657,-36.12440063178331,2
931,18,-18.907300966844726,-79.82387575508844,2
931,19,-12.29450173133057,-42.964167505196066,2
932,0,-745.6670054795626,-21.905831711382582,0
932,1,-776.1724673838814,26.669134756621172,0
932,2,-719.804119181561,-12.327379905780333,0
932,3,-728.3108529882394,24.74991597255872,0
932,4,-749.0701500379153,6.125070795755321,0
932,5,-733.7616676993365,-14.04731996681016,0
932,6,-787.034627826156,-4.838801582012606,0
932,7,-737.8945431828668,-21.197723101377004,0
932,8,709.2034379374934,31.937842286571453,1
932,9,677.5138746450162,19.65557941254788,1
932,10,706.8595953564893,-6.3360137994786605,1
932,11,731.3700075366476,10.760107408642108,1
932,12,721.6131339832598,3.8216200665310853,1
932,13,770.5581366326456,-4.267547146759533,1
932,14,-13.707684030014597,-17.507273189878312,2
932,15,-0.14616529131513023,-27.522908766829097,2
932,16,5.749808351531353,-6.131604747717704,2
932,17,-20.094999285647262,-34.79715559781688,2
932,18,-19.395077085041194,-79.75826247125693,2
932,19,-11.851061742056897,-43.01099582536841,2
933,0,-746.500235235915,-21.749782988160817,0
933,1,-775.099333483906,26.432323156064268,0
933,2,-720.3330878646108,-13.235312839493883,0
933,3,-728.5784314421484,25.35120755207496,0
933,4,-749.5193767873063,5.738969858141692,0
933,5,-734.1351374561197,-13.89488447760087,0
933,6,-788.1280152217801,-5.423190004985294,0
933,7,-738.589632378272,-21.80917130709138,0
933,8,709.7212644709313,32.1969718543737,1
933,9,678.2647084955413,19.414138703331556,1
933,10,707.4045269546923,-7.439014697131128,1
933,11,731.6990499491635,10.187230549928726,1
933,12,721.7250619437118,2.575912767947356,1
933,13,771.3857816102075,-4.24844540896186,1
933,14,-13.791700209503942,-17.302319641896357,2
933,15,0.29953254878909097,-28.551257654247443,2
933,16,6.242403171057278,-8.459774890458187,2
933,17,-19.36796738961191,-34.04691006710273,2
933,18,-21.061315273615115,-79.82709958259635,2
933,19,-12.032231132385123,-43.497390341457866,2
934,0,-747.2225812443212,-21.696874099696153,0
934,1,-775.646565711847,26.09655568389727,0
934,2,-722.4985732575728,-14.36113673853665,0
934,3,-729.6973232347667,26.303503054730882,0
934,4,-750.8807896319335,5.430821550993179,0
934,5,-735.8172773840655,-13.302023873704677,0
934,6,-789.9688802475641,-5.619221105937564,0
934,7,-740.2494117709796,-22.0042259611745,0
934,8,711.841228008421,32.45814414960165,1
934,9,679.5835780557474,20.248812345471183,1
934,10,708.0075851288356,-7.467375747916669,1
934,11,732.7414882590189,10.74481649364112,1
934,12,722.0621602259273,1.5044519615236234,1
934,13,772.2774814165095,-4.775806392098958,1
934,14,-12.601529111951367,-17.947174127632955,2
934,15,-0.5790162312211592,-27.348070199238517,2
934,16,7.2557624605718,-8.298751767704532,2
934,17,-19.562719767214045,-33.07875652808182,2
934,18,-21.9017761955125,-79.66898665994121,2
934,19,-12.63956032104784,-44.00461145049508,2
935,0,-747.7005829721111,-21.800321034233836,0
935,1,-775.4807083430853,26.445256140249427,0
935,2,-723.828760059546,-13.265301495852034,0
935,3,-729.599820143275,26.58163472608264,0
935,4,-751.3579348276436,6.82289907527738,0
935,5,-735.8838119240536,-15.39600314450111,0
935,6,-790.4660089704258,-6.599914404283877,0
935,7,-741.3233640799621,-22.217015145463346,0
935,8,713.1224945855679,32.05391884673472,1
935,9,681.2104374318017,20.141686521187562,1
935,10,708.3111349333697,-6.704153137238068,1
935,11,733.1706004127768,9.528078029479303,1
935,12,724.2884860392728,0.9029650324522152,1
935,13,773.3460751380991,-3.75122087399588,1
935,14,-11.67952641185988,-17.02174906312913,2
935,15,-0.8428951497329082,-27.36846959625509,2
935,16,6.1016320819360566,-7.506960196810777,2
935,17,-19.871379057229596,-33.29419846147268,2
935,18,-21.22492974289113,-79.5921171214185,2
935,19,-11.668333031123405,-45.03144394306622,2
936,0,-748.2449673563046,-23.004797351387403,0
936,1,-776.5412519995455,27.413503374626963,0
936,2,-724.0308672776897,-13.941979631412948,0
936,3,-731.3013378475213,24.98060552203625,0
936,4,-752.7376651077894,5.865412321842523,0
936,5,-735.3343136738247,-15.844140448165684,0
936,6,-791.3102559308265,-6.9879584056384,0
936,7,-741.6157036872627,-21.9901405030211,0
936,8,714.7323522232765,29.95186084372736,1
936,9,681.2159238614628,18.18672406236758,1
936,10,709.3529812274747,-8.509812951350531,1
936,11,733.8021939043774,7.527474633036308,1
936,12,724.9751460818943,1.3700573215480645,1
936,13,775.4100968843115,-4.016351639389833,1
936,14,-10.85994950788654,-17.12366329917605,2
936,15,-0.04267711710365163,-26.790322897551107,2
936,16,5.157582251423177,-7.350133478638465,2
936,17,-19.222518055885786,-33.20119438365005,2
936,18,-20.51623326415105,-78.37743122353211,2
936,19,-11.975537095325745,-44.69635888347889,2
937,0,-750.1687600349518,-24.442978614918943,0
937,1,-776.8927778416179,27.082060332479216,0
937,2,-725.0580317299647,-13.838395489117579,0
937,3,-732.5021785631537,24.78442446449601,0
937,4,-753.672749910185,5.42825096201344,0
937,5,-736.3335759063576,-16.062716509380813,0
937,6,-792.8409958477886,-7.209454258753869,0
937,7,-743.078634220067,-23.194136693903637,0
937,8,715.1034089650761,29.051177017555503,1
937,9,681.2354297264831,18.847262205138147,1
937,10,709.2713266854994,-7.956264743234665,1
937,11,734.4734700324004,7.957658760662455,1
937,12,725.8944127495993,0.7193628976869143,1
937,13,776.4129688038051,-3.9613787161098664,1
937,14,-11.540422046980106,-17.39483004172228,2
937,15,-0.6326446384305866,-26.381514391818648,2
937,16,4.048564053059685,-7.210000233196635,2
937,17,-19.919809592470802,-33.44712554160718,2
937,18,-20.997336796341926,-79.36185474212817,2
937,19,-11.02592140837946,-44.01156389167189,2
938,0,-749.4907884128507,-25.098428675729632,0
938,1,-777.825671885253,27.3946976156603,0
938,2,-725.2412226491517,-14.515320346273956,0
938,3,-733.8052263044448,23.568152950074108,0
938,4,-754.5431925788504,6.906610465557254,0
938,5,-737.1139883298624,-17.16252938716859,0
938,6,-794.4123178073648,-7.998323786352359,0
938,7,-743.3540247396447,-24.206902674092376,0
938,8,716.0862380583658,29.436177198022044,1
938,9,683.1449283120269,20.40406121391135,1
938,10,708.9754245179308,-8.028035106377748,1
938,11,736.2453825101132,5.886899843565868,1
938,12,727.0590748015371,-0.3315830992062657,1
938,13,776.5197347370437,-3.550234587464495,1
938,14,-10.543994775616625,-17.1834895312187,2
938,15,-0.9941706057992838,-26.594080693993742,2
938,16,5.3175008709337845,-7.428444321604304,2
938,17,-19.73027984367566,-33.03700738623787,2
938,18,-21.646138962824633,-79.30506602498669,2
938,19,-11.402175473776413,-44.852829915855814,2
939,0,-750.697513811849,-25.88502305807662,0
939,1,-778.756835642453,28.52363343337996,0
939,2,-725.6434801250425,-14.230479185832984,0
939,3,-733.4594877238168,22.866920867873134,0
939,4,-756.587039583053,6.2241571315991076,0
939,5,-738.7909179638403,-16.816689232411647,0
939,6,-796.5735652560904,-8.055363594603866,0
939,7,-744.2889869096197,-24.522725209361436,0
939,8,716.6085699037199,30.659780197595957,1
939,9,683.0040752658197,19.700549547288738,1
939,10,709.8144991319637,-8.362752750660576,1
939,11,737.7898911980768,7.233007289485806,1
939,12,727.411770450732,0.06055632202934569,1
939,13,777.5184371540756,-3.307533286455656,1
939,14,-11.487465810711129,-18.638159382491718,2
939,15,-1.483891497293916,-24.885225168370873,2
939,16,4.629523156836942,-6.915540950381655,2
939,17,-18.737108816809975,-32.487262697767406,2
939,18,-21.530228538586936,-78.50313547091572,2
939,19,-11.683316306449184,-43.750741994043956,2
940,0,-751.8657576814917,-25.574382386720497,0
940,1,-779.5388257390008,28.033666594306723,0
940,2,-725.882685339099,-13.75654513500039,0
940,3,-732.9286043942603,23.08450669686914,0
940,4,-758.9035221266912,6.8302998872510186,0
940,5,-740.7782816698631,-15.87825085899844,0
940,6,-798.1586033602831,-8.010711351874749,0
940,7,-746.3052124201391,-23.85623849081727,0
940,8,718.0567357514262,29.682800924064704,1
940,9,683.6529630806757,19.17517261737903,1
940,10,711.0038978833221,-8.601410107904117,1
940,11,739.7318329127875,8.815111372875482,1
940,12,727.08425233609,0.032714610452290016,1
940,13,776.5821170177206,-4.406995682590144,1
940,14,-11.800535539567774,-18.45605166077652,2
940,15,-2.1245544900777418,-23.575516974450426,2
940,16,4.626934531753583,-7.088046578318981,2
940,17,-18.073285286790927,-32.748872411454634,2
940,18,-23.66108866044813,-78.81245518150656,2
940,19,-11.212787319492584,-43.490052619688036,2
941,0,-751.9011335054535,-24.363226663692178,0
941,1,-780.886176545579,26.231229009164913,0
941,2,-728.0618090161654,-13.076131217441699,0
941,3,-733.4056142189227,23.954103424268567,0
941,4,-759.2043897337009,7.1498209967552775,0
941,5,-741.4194850180376,-15.411679726455345,0
941,6,-798.4812831253703,-8.538340937343024,0
941,7,-746.9551656688682,-25.49020419825054,0
941,8,719.6024967999224,30.65125867940938,1
941,9,684.086398319866,20.056349780188647,1
941,10,712.0342085295188,-8.874578038545122,1
941,11,741.2552738904008,8.715885179835215,1
941,12,727.2757194169727,0.3806498392772863,1
941,13,777.8570652201752,-5.93519480057811,1
941,14,-11.799894122552933,-19.0437259003205,2
941,15,-2.9107568611530863,-24.833174408247018,2
941,16,4.1913773656558755,-8.252369306384356,2
941,17,-18.321161384967052,-33.54990168282667,2
941,18,-22.205422817131222,-79.16069423814012,2
941,19,-12.05760525392344,-43.395576490986514,2
942,0,-752.2994780917066,-23.627696046362836,0
942,1,-782.3849191296537,26.865460249125768,0
942,2,-728.8894217842007,-12.214563569626035,0
942,3,-733.9787134674941,22.805824890985196,0
942,4,-759.200621587472,6.2044389767367845,0
942,5,-742.4618639833002,-15.252099825438313,0
942,6,-799.8803150629972,-8.03362211855187,0
942,7,-747.4784041826877,-26.70396028508961,0
942,8,720.2650574557414,31.32351589599085,1
942,9,685.3111221751503,19.720056249776583,1
942,10,713.0317948154374,-9.720246517902112,1
942,11,741.1720088332577,7.6120463954161135,1
942,12,729.0673348487811,1.0003378470553461,1
942,13,777.4775997495354,-5.569762021629771,1
942,14,-13.136876127265182,-20.471785123867154,2
942,15,-3.023863927553235,-25.021806498459345,2
942,16,3.5558511737117824,-9.024325094293458,2
942,17,-19.63659353736201,-33.406833437850814,2
942,18,-21.975281385763868,-77.23487364818475,2
942,19,-12.411623717548066,-43.0557868306294,2
943,0,-753.2133706862402,-23.053423899123484,0
943,1,-783.7912528439822,25.49714713633417,0
943,2,-728.8391335273939,-11.33919106877627,0
943,3,-733.211989191583,23.88299421557436,0
943,4,-760.2192459393576,6.225483932543752,0
943,5,-743.3448750304345,-15.281279677150224,0
943,6,-801.5563782887209,-8.06375399024048,0
943,7,-748.6455082543506,-26.64925425144306,0
943,8,723.0073280456162,30.75878340266049,1
943,9,685.6245924974239,20.6720397713302,1
943,10,714.7012503904708,-11.085099178135987,1
943,11,741.7265724730248,8.681110614091477,1
943,12,731.2187005490845,2.0150378835060128,1
943,13,777.9268660057078,-5.756268985221771,1
943,14,-12.350606557307184,-21.11310320742084,2
943,15,-3.2405986281145,-26.22824101802769,2
943,16,3.660090012888425,-9.809276953115509,2
943,17,-18.380781462893104,-33.10426087163859,2
943,18,-22.391814580192626,-76.97053755149241,2
943,19,-13.897271018256783,-42.16327101017556,2
944,0,-753.9897519507053,-22.3433145424131,0
944,1,-784.6097244922621,25.286279632906194,0
944,2,-729.1546592936351,-11.624296742745248,0
944,3,-734.5538821159425,24.234260469204916,0
944,4,-761.5904248174686,5.7838727753058885,0
944,5,-744.101157835522,-14.838657364333654,0
944,6,-802.6334730775579,-8.276103276963324,0
944,7,-749.7162778300583,-26.521198239015497,0
944,8,723.6879051359595,30.14560034576088,1
944,9,686.5211901765165,21.156612146533174,1
944,10,716.0017395590535,-11.066655716704611,1
944,11,742.1098118925935,9.184683479027063,1
944,12,731.0619575279253,2.2992374726132936,1
944,13,777.31093836548,-6.538269394942988,1
944,14,-11.642521124610724,-21.568251679790524,2
944,15,-3.517008980078299,-24.766574851582774,2
944,16,3.336370277735988,-9.642511931468565,2
944,17,-17.87145432668703,-32.35322878260622,2
944,18,-23.29770108276761,-77.26770336646857,2
944,19,-13.621380477988486,-41.81915157856333,2
945,0,-753.6186228091902,-20.86666642735892,0
945,1,-785.1927703851829,26.92707113478828,0
945,2,-731.0866888470524,-11.701956476243248,0
945,3,-734.8452695504662,24.755465651877653,0
945,4,-763.6050703030653,6.050319014028111,0
945,5,-744.3585016223963,-15.686106978039554,0
945,6,-803.1338081498764,-7.659992811622662,0
945,7,-750.9656404166549,-26.19008898559269,0
945,8,724.0886775043899,29.04971074761339,1
945,9,687.7290731013637,20.75819525875683,1
945,10,716.6863755295258,-12.432815423152658,1
945,11,743.7519248259796,9.31163964512598,1
945,12,730.369767244291,3.250176221257758,1
945,13,778.2003830003524,-6.111548362313599,1
945,14,-10.8597062120705,-21.528928061927704,2
945,15,-3.9919840352077074,-23.56337132083379,2
945,16,3.977387112152774,-8.735456363018603,2
945,17,-17.8545956283609,-34.301219519426255,2
945,18,-24.215418371829433,-77.29088887235507,2
945,19,-13.474223493731541,-41.72778129099753,2
946,0,-754.675248501518,-20.14394186162645,0
946,1,-786.4290940577146,26.21926081412005,0
946,2,-732.0189095103043,-11.934455317320976,0
946,3,-735.1755770247822,23.617053870262993,0
946,4,-763.8268944796957,5.65492100227037,0
946,5,-744.8158540514779,-16.753150484123257,0
946,6,-803.7446104731556,-7.080395781770047,0
946,7,-751.327761504696,-23.725897955180358,0
946,8,725.6567772262599,28.900645453539365,1
946,9,689.4371092006679,20.77948618899132,1
946,10,717.2570620869074,-12.330483420931115,1
946,11,745.3814870943391,10.11247536765315,1
946,12,732.6974702733042,3.1639261084410024,1
946,13,777.032900606044,-5.796403082035205,1
946,14,-10.96897424090363,-21.369983051220302,2
946,15,-5.05094739659987,-22.683386344024097,2
946,16,4.738774573061804,-10.772205296459063,2
946,17,-18.725521413234365,-33.136278044902944,2
946,18,-24.856861747262453,-75.78842987645183,2
946,19,-14.561221873989986,-42.773171253259235,2
947,0,-755.1502268492773,-20.744129990884,0
947,1,-787.459149519252,25.81112140498099,0
947,2,-733.1674287872664,-12.578997828628179,0
947,3,-736.3744723914438,24.564244604123424,0
947,4,-764.0486597822774,5.535351849322632,0
947,5,-745.4792601010893,-16.82484134684103,0
947,6,-805.257525542574,-6.309859180663045,0
947,7,-752.1423919543612,-23.654424409442115,0
947,8,726.2490236099941,28.546793462282963,1
947,9,689.6131844929056,21.57890359440276,1
947,10,717.4518084698447,-11.851995630742778,1
947,11,747.3811815778344,10.206059401252682,1
947,12,733.4940068672117,3.29014319146978,1
947,13,778.6555013756542,-6.150670480550709,1
947,14,-11.00077498664192,-20.89945675999611,2
947,15,-5.567020071105053,-21.167111555110267,2
947,16,6.04357345361243,-10.257258473460176,2
947,17,-19.348042243566226,-32.65629589876277,2
947,18,-23.72010446135207,-74.57482685892727,2
947,19,-15.147064952897184,-43.193060742755996,2
948,0,-756.2922282522802,-20.89308603969829,0
948,1,-787.6390122153315,26.911058773094553,0
948,2,-734.3891814635759,-13.009599013499379,0
948,3,-736.9195479951558,23.93466863630959,0
948,4,-765.7135925751194,5.14877371987163,0
948,5,-745.3082125366672,-16.400778304120173,0
948,6,-806.1575518580803,-6.869051682908202,0
948,7,-753.0136105362225,-25.23490394712796,0
948,8,727.3881316442973,29.76210120150378,1
948,9,689.7350035065832,21.96312811996668,1
948,10,718.1554242394257,-10.940029674471948,1
948,11,747.0297600435229,11.05148324548667,1
948,12,735.1521818083208,2.507722354099533,1
948,13,778.8443271146049,-5.167528641276373,1
948,14,-10.60922865860093,-20.211056590606283,2
948,15,-5.2223331933081045,-20.93184529425187,2
948,16,5.578243380673683,-10.430883013246113,2
948,17,-19.340153206602228,-33.57488032242322,2
948,18,-23.220244273699343,-74.08973679235828,2
948,19,-13.968576607096548,-43.319439513867245,2
949,0,-757.428150874387,-20.2996030648558,0
949,1,-789.0858939043145,27.06708885996205,0
949,2,-735.1240719860025,-13.03246752282785,0
949,3,-737.3910966577047,23.628827188947103,0
949,4,-766.0775529613306,4.53765900157009,0
949,5,-746.4512827383578,-16.50282926085927,0
949,6,-805.9448591738771,-7.329712267712759,0
949,7,-752.1945862371294,-24.953803782406663,0
949,8,727.4131681140959,28.854543115575115,1
949,9,688.9204897658191,22.776266453255268,1
949,10,718.8477960369873,-12.309814866253125,1
949,11,746.5064788822733,10.315530378444727,1
949,12,735.4075119594058,2.0494394518324266,1
949,13,778.8203739304771,-5.482135878269885,1
949,14,-10.274387679642308,-20.5883793706128,2
949,15,-5.844375998841476,-21.368313475064618,2
949,16,6.083600961190794,-10.25433283518994,2
949,17,-20.423178213992337,-33.39863060634005,2
949,18,-24.391069360869132,-73.51101165138725,2
949,19,-14.595165769970745,-41.50782816140898,2
950,0,-758.7403738788348,-19.397649537914383,0
950,1,-789.7442339117388,26.908987196574365,0
950,2,-736.1097811513142,-14.328000062964723,0
950,3,-738.4310861215962,23.43266305374224,0
950,4,-767.2557710884251,4.16280160373372,0
950,5,-748.5967289187553,-16.516540497140237,0
950,6,-808.6768897603266,-8.996628097432076,0
950,7,-753.6914965880226,-24.36718476786303,0
950,8,728.9366930039862,28.70666435453759,1
950,9,690.492521470487,23.459101481521678,1
950,10,719.6150239339711,-13.016070438908676,1
950,11,747.5241370971427,9.389860261177109,1
950,12,737.1791858881685,3.8965675668200985,1
950,13,779.0572889850774,-4.48219691835388,1
950,14,-10.013313077743861,-21.464890635997254,2
950,15,-7.203896846627151,-20.240198114412124,2
950,16,5.587192845672261,-10.671980171778836,2
950,17,-20.435612366047707,-32.759352130642284,2
950,18,-24.278243675666587,-73.55789168633896,2
950,19,-15.655382975630891,-40.809058182903684,2
951,0,-758.8604843440133,-18.694786437657356,0
951,1,-790.8406143699711,26.328599868633784,0
951,2,-737.548464171283,-14.23551027782214,0
951,3,-738.9723173881578,23.950026626408967,0
951,4,-767.6881451000246,3.9192631908209763,0
951,5,-750.4406703019451,-17.61958830784377,0
951,6,-809.2397248275944,-9.680109716933346,0
951,7,-754.8325022454954,-24.228325864184065,0
951,8,731.655174323503,29.486512886042004,1
951,9,691.0130958963169,22.733164394917868,1
951,10,719.9722147740417,-12.343519922403104,1
951,11,747.3942608630639,9.584821555593772,1
951,12,738.4365728097929,4.137772528162213,1
951,13,779.4194119887788,-3.3363547820970494,1
951,14,-10.115219789209766,-21.938159130364014,2
951,15,-6.748547589317754,-21.765829585424108,2
951,16,6.059865181765328,-9.419503376943354,2
951,17,-19.727064635629354,-32.48300938871598,2
951,18,-23.82349709123089,-73.66167036185202,2
951,19,-15.13361708403298,-39.28021873679623,2
952,0,-760.7348510162824,-19.38802179429382,0
952,1,-792.0083267442734,26.1834227840113,0
952,2,-738.4620874644736,-13.072118945038099,0
952,3,-740.824404840075,23.477409947873394,0
952,4,-769.1584193802987,4.51913926219996,0
952,5,-752.3011080643444,-17.34236967696428,0
952,6,-811.2004818636084,-11.18853874667506,0
952,7,-757.1121407942424,-24.233416326542773,0
952,8,731.7829546122646,29.78086238552718,1
952,9,691.5425474167545,22.672652110822035,1
952,10,721.2635835851587,-12.839920567868464,1
952,11,747.3319442342867,8.74373005009406,1
952,12,739.464040755563,4.6679902753436044,1
952,13,781.0111923849091,-2.5221729745702963,1
952,14,-11.763619292124963,-21.423188376816153,2
952,15,-6.054527578888769,-22.902421795243804,2
952,16,7.185570298655492,-8.845819552221696,2
952,17,-19.686949943695968,-32.28549934181838,2
952,18,-23.798868566722927,-72.2689009491066,2
952,19,-16.375124290846813,-38.95151947842537,2
953,0,-762.570832168892,-18.254482073232523,0
953,1,-792.8031128698354,25.4624936631962,0
953,2,-739.5700491738131,-13.184210574801087,0
953,3,-742.447827911075,23.746528378575686,0
953,4,-768.3664786364641,4.418369695549717,0
953,5,-753.5379445225095,-18.986999265495577,0
953,6,-812.2364415979658,-10.413403285860426,0
953,7,-757.1189568170241,-23.74265929026948,0
953,8,732.2442802133118,30.5291292654349,1
953,9,692.173416669919,22.20846688562207,1
953,10,722.1503635179407,-12.671463672490354,1
953,11,747.7342501301019,8.215793299864638,1
953,12,740.2431779728423,4.252764381064651,1
953,13,781.3651005431517,-2.5624706179857153,1
953,14,-10.446234849558792,-19.477457377153993,2
953,15,-5.805061598995341,-23.394359576415283,2
953,16,8.221291639800501,-10.200747410286617,2
953,17,-20.081794083228115,-31.328408618696006,2
953,18,-21.882256591596047,-71.71803896016714,2
953,19,-17.283445559970822,-39.20658567630885,2
954,0,-764.0603051333334,-18.243494366068585,0
954,1,-793.8292002754781,27.22711392958706,0
954,2,-741.3094692344217,-13.880563499336985,0
954,3,-743.0657364416777,23.070263010077557,0
954,4,-769.4229276079781,4.660176299731255,0
954,5,-754.22809783136,-17.295852159958276,0
954,6,-814.0860514684423,-10.583089778749438,0
954,7,-757.8067806117444,-24.38718020918407,0
954,8,733.1877672926156,30.60781583467383,1
954,9,693.5073682994158,20.935005571724023,1
954,10,723.5733191045043,-14.652701205681028,1
954,11,749.6843035734001,8.522935147965333,1
954,12,740.5711102609253,5.219632686800178,1
954,13,781.2679015771566,-1.7992046088159146,1
954,14,-10.605318440671693,-19.206204018158974,2
954,15,-4.935246209482729,-23.043868158396677,2
954,16,7.133932358344389,-10.069898148072438,2
954,17,-20.9300558282765,-30.472417714453766,2
954,18,-22.116174557897587,-72.76547201329089,2
954,19,-18.69028864080289,-38.53440987835246,2
955,0,-764.4897602826076,-18.638386178913017,0
955,1,-794.0151083724119,27.5899484275503,0
955,2,-742.3365985276126,-12.8212526812582,0
955,3,-743.3674389333029,22.339585584295307,0
955,4,-770.9486408089191,4.151155367297692,0
955,5,-755.7440240864117,-16.307495462055712,0
955,6,-814.3170608937484,-9.839160366784323,0
955,7,-758.9393508541608,-23.65592249622731,0
955,8,734.0283252001057,31.85224693680602,1
955,9,693.6140503757388,20.300612954866505,1
955,10,724.8587570597111,-13.828938134973848,1
955,11,750.1711761924814,8.175203655644992,1
955,12,741.6993695500936,5.515253289321537,1
955,13,783.1847573955199,-3.062024442333942,1
955,14,-9.906907510892871,-18.81244687762782,2
955,15,-4.78117208161667,-22.15594607461301,2
955,16,6.287330295312092,-10.389786489984825,2
955,17,-20.54280229902508,-30.411492659256854,2
955,18,-21.813203898486837,-72.6104652076339,2
955,19,-17.71002623481728,-39.51421982810261,2
956,0,-766.025870979464,-18.812622835145323,0
956,1,-794.805535416896,28.179314732000673,0
956,2,-742.8175217187006,-12.084684878735992,0
956,3,-743.7851097505637,21.373934812892625,0
956,4,-770.3186903571842,2.8148214181517686,0
956,5,-757.5131293806968,-16.284827645476025,0
956,6,-814.2543769927242,-10.530820954140932,0
956,7,-760.4343505994245,-23.13168890773348,0
956,8,735.4849992172846,32.14632915187791,1
956,9,692.6699588509064,20.889604282958764,1
956,10,723.122373511935,-11.844714943387247,1
956,11,751.9784350786689,8.130445679803648,1
956,12,742.1970598399396,5.5475064282691084,1
956,13,784.0145185916978,-4.203280940029033,1
956,14,-9.433395142874515,-18.498712476048663,2
956,15,-4.76245308033327,-21.68784327078593,2
956,16,7.83660107260218,-9.644207840784592,2
956,17,-20.614079412348865,-30.434950281620353,2
956,18,-21.64654603383806,-70.8120188284216,2
956,19,-18.839251499058776,-39.69895328741827,2
957,0,-766.5743836434863,-18.955862639946552,0
957,1,-795.3616602094484,29.776205135572262,0
957,2,-742.4406833768547,-12.018873907295045,0
957,3,-744.9021263686828,21.69207428042816,0
957,4,-772.6724032198753,3.5741336140063646,0
957,5,-758.1065068870115,-17.62551957468813,0
957,6,-814.995356445822,-9.894402047037806,0
957,7,-761.2016737488111,-22.443099735125337,0
957,8,737.3548408628429,32.031302219704344,1
957,9,693.2180672875585,20.855686370552526,1
957,10,723.0977960967743,-12.204125430375683,1
957,11,751.3010484673207,6.397598866250207,1
957,12,743.3049904107185,6.306973345120938,1
957,13,782.8856496753455,-3.363351432487984,1
957,14,-8.900907551370903,-18.516722217320723,2
957,15,-4.041928806175922,-22.84155566250499,2
957,16,7.355011937123187,-10.679751868396837,2
957,17,-20.66952451063143,-30.81063848505243,2
957,18,-21.132818505175663,-69.45403873716847,2
957,19,-18.835207807646476,-41.127217770854,2
958,0,-766.6039981726644,-19.504842341039375,0
958,1,-797.5048019787387,31.476761400191187,0
958,2,-742.6600472127853,-12.421197685356711,0
958,3,-747.9535471213843,21.60611854089674,0
958,4,-773.2591609203788,4.217873818743844,0
958,5,-757.8333094092985,-18.231464230383246,0
958,6,-815.8171803556592,-10.527190010163583,0
958,7,-761.2766836535783,-21.888455648671535,0
958,8,737.8800694777832,32.25757180546076,1
958,9,692.0797527715921,19.625421032483537,1
958,10,722.6757047123532,-12.932226067045159,1
958,11,753.1023100377049,5.254171718512386,1
958,12,743.8123161205311,5.918640145681615,1
958,13,784.1185672165824,-3.1990204305224026,1
958,14,-9.513465394056732,-19.1920405192968,2
958,15,-3.6873580943873496,-22.00724573334173,2
958,16,7.061797364083997,-12.149943171316306,2
958,17,-22.074918880672996,-32.164037627640276,2
958,18,-22.759418304637208,-69.10024394764582,2
958,19,-19.357434119296666,-40.7998801936115,2
959,0,-767.263949334594,-19.8368002990815,0
959,1,-798.0946997990411,30.997731903866313,0
959,2,-743.6917090308095,-13.206486564728168,0
959,3,-749.808524151852,21.887905884554474,0
959,4,-773.7253586075655,4.352052985334021,0
959,5,-760.5726583504829,-18.045212450234935,0
959,6,-817.1347213071929,-9.344706229176492,0
959,7,-761.2584702990949,-23.206811478353274,0
959,8,736.7556572427437,31.98590865340503,1
959,9,692.3536965627761,19.459411240180838,1
959,10,723.6488232406484,-14.018559785662442,1
959,11,754.1085855804829,6.498926425713318,1
959,12,744.4913852888847,4.838197789389005,1
959,13,786.6381048695677,-3.1832840302685876,1
959,14,-10.112867907700554,-18.939408043291113,2
959,15,-3.123124754326844,-22.893644079000328,2
959,16,7.27971022325268,-12.494405306642884,2
959,17,-21.75069479292312,-31.45601567552823,2
959,18,-21.742093133669496,-68.91592387372744,2
959,19,-20.13660029185486,-40.47784661803961,2
960,0,-769.1016327024867,-21.126975277100236,0
960,1,-798.0695443937194,31.6706897719941,0
960,2,-743.40054039447,-13.029501907507,0
960,3,-749.58688159708,22.16899019024226,0
960,4,-774.653485583801,6.084156242372181,0
960,5,-760.7791966079017,-17.271071528763933,0
960,6,-817.5354168577679,-9.86551613296771,0
960,7,-760.4655619335964,-22.814904734219184,0
960,8,739.0991416974898,30.409772053149105,1
960,9,693.0766509831711,19.877747699716068,1
960,10,724.4162697691391,-14.371875297900411,1
960,11,754.4074902396256,6.590224497155799,1
960,12,743.9700927306149,5.113577326420647,1
960,13,787.5006103129905,-3.654691302773317,1
960,14,-9.250683485976401,-18.879130488737278,2
960,15,-2.326122138395416,-23.150149729028083,2
960,16,7.46601879150739,-12.288025011788706,2
960,17,-20.79779002475115,-30.30550723093667,2
960,18,-23.213656423873637,-69.61134922205193,2
960,19,-18.091933060234688,-42.39063696934534,2
961,0,-769.4532156290438,-22.065671902037057,0
961,1,-798.2677703539323,31.68935533180966,0
961,2,-744.1361380640376,-12.731478113950983,0
961,3,-750.6472569043427,20.22300194545386,0
961,4,-777.1375605216168,4.621649463521374,0
961,5,-762.3418994724046,-16.7551376988232,0
961,6,-817.8134261271946,-9.89542999762776,0
961,7,-760.3368037337702,-22.836394654478617,0
961,8,739.5612960140264,29.887690394813525,1
961,9,694.8427807393444,19.95943685518841,1
961,10,725.1061721055473,-14.209432392050502,1
961,11,754.4946274250768,5.888122567585139,1
961,12,744.7198542166109,5.3953603452150265,1
961,13,787.6510936312447,-3.8774904909346293,1
961,14,-10.612660977807261,-18.542535210266347,2
961,15,-1.8426883846841149,-22.00394156763974,2
961,16,7.931213539339675,-11.941331895180795,2
961,17,-21.415438875587103,-28.647653797621434,2
961,18,-24.248356645091775,-70.14895186378504,2
961,19,-18.088726100929016,-43.65509465114346,2
962,0,-769.5696976084862,-21.936056593430553,0
962,1,-799.3205942570426,30.051474850849775,0
962,2,-745.0468639635646,-12.315070061174948,0
962,3,-749.9190338733902,19.09448055531159,0
962,4,-777.9044844266631,5.958594204092137,0
962,5,-762.5523497521768,-16.871434855304525,0
962,6,-819.7733557873073,-10.439513169838012,0
962,7,-760.7985097434786,-23.771465545597614,0
962,8,740.0743919187366,29.676654821129322,1
962,9,695.5119870566616,20.61692313711967,1
962,10,725.321769895791,-15.267579986112029,1
962,11,754.1638365678651,6.4675139983229055,1
962,12,745.6413919805532,5.254194879753437,1
962,13,788.0851198397208,-4.712673285526618,1
962,14,-11.210784945802928,-18.22139866690421,2
962,15,-2.5766623404194173,-22.387136187905114,2
962,16,8.313534085829431,-10.854962338245636,2
962,17,-20.60296125058548,-28.381014266089046,2
962,18,-23.29091560583842,-69.03519869862994,2
962,19,-19.474079885023606,-44.74972568584834,2
963,0,-770.3668626509035,-21.880243530298465,0
963,1,-798.8571777919857,30.454142580414487,0
963,2,-746.2773776663465,-11.529969930351882,0
963,3,-751.0165646373368,19.03867767294075,0
963,4,-779.158971602937,5.311832564570089,0
963,5,-765.2774981053948,-17.52354691666889,0
963,6,-820.0839752066481,-9.960246376120638,0
963,7,-761.5189527622093,-22.265763956722594,0
963,8,741.1093762620815,29.967511166527157,1
963,9,696.7739925538715,21.24389526865183,1
963,10,725.6550112556105,-15.247025199754484,1
963,11,753.3956263294218,8.24888627556266,1
963,12,745.2408959864198,4.246844115153299,1
963,13,789.2269079071465,-4.586284587427518,1
963,14,-11.199977400859428,-18.979657292658597,2
963,15,-1.59624554182423,-21.994133938622063,2
963,16,8.900148182007204,-11.551097239215055,2
963,17,-20.110347830943937,-28.27200846248044,2
963,18,-22.696398796767728,-67.74144434556702,2
963,19,-19.944336250946062,-43.57767043726883,2
964,0,-770.5975989159806,-22.27315717787543,0
964,1,-801.2516119332035,28.73310753490714,0
964,2,-745.9155229250504,-12.916374852782765,0
964,3,-751.6513574303041,19.2068805745818,0
964,4,-780.0351362925566,5.825975225875461,0
964,5,-766.0798564070418,-19.052373748029733,0
964,6,-819.6744262768141,-8.845225014219128,0
964,7,-762.2461779907635,-23.301294337192655,0
964,8,741.4931224931776,29.177162280353397,1
964,9,698.1053779564207,21.926377196321805,1
964,10,725.7931164208353,-15.52521428863777,1
964,11,754.4455221978062,7.119992289624613,1
964,12,747.3446096688118,5.083897699563949,1
964,13,789.6051810855103,-3.148775904179411,1
964,14,-11.87147976897128,-19.172125315827667,2
964,15,-1.4312026289883644,-22.55494132885422,2
964,16,8.333821709007738,-10.825466942377169,2
964,17,-18.73019607593179,-27.79271834068226,2
964,18,-23.113136021957732,-67.78728079281605,2
964,19,-20.185576195651695,-43.74232391950052,2
965,0,-771.4984118184658,-22.3789525571419,0
965,1,-801.1136554761251,29.08890680331899,0
965,2,-746.5668291820306,-12.77957725147784,0
965,3,-752.0649709097405,20.922018826785965,0
965,4,-780.959412702876,7.429834113045044,0
965,5,-766.1640226581519,-20.147088550904336,0
965,6,-821.2999137121832,-9.821122731400287,0
965,7,-763.8051127584381,-22.63696357917874,0
965,8,741.6458160098715,29.148048212481093,1
965,9,699.0762068364057,20.47024038445743,1
965,10,726.1990890754273,-15.941902346513105,1
965,11,754.9272633428574,7.416529904439959,1
965,12,747.2628094639011,5.525633060171713,1
965,13,789.8175278370421,-2.435417945004029,1
965,14,-10.785042207761405,-19.11847724151296,2
965,15,-2.0859703534809793,-22.241357317006326,2
965,16,8.69091238740226,-10.339413059947525,2
965,17,-17.346536180228494,-27.988923084855873,2
965,18,-22.24667504711023,-68.62454368994352,2
965,19,-21.233995313452468,-44.836013098425454,2
966,0,-771.3447766020604,-22.910913272122105,0
966,1,-801.366746141987,29.883836654194454,0
966,2,-746.3279054720354,-11.689367175478516,0
966,3,-753.7686502478881,22.124488135146006,0
966,4,-781.0400371539492,7.304635308900538,0
966,5,-766.3764543823014,-20.14247543661246,0
966,6,-822.1020982843958,-9.462460215310404,0
966,7,-764.4003855245337,-22.101167558919396,0
966,8,742.641278639335,29.814343675078867,1
966,9,700.5019793238848,20.077664808793582,1
966,10,726.731608530704,-16.30100107477756,1
966,11,754.375770272479,5.414884437095875,1
966,12,747.8330901282712,5.726463667429001,1
966,13,789.6865478209573,-2.274873176185821,1
966,14,-9.198994694167187,-17.794594832399195,2
966,15,-4.103780194774263,-22.825339698753716,2
966,16,9.45581172687498,-11.142056683263732,2
966,17,-17.517004410232207,-27.897706763751145,2
966,18,-22.394739131767327,-67.75683987531114,2
966,19,-21.115872157835216,-46.0447040923259,2
967,0,-773.2741502003629,-22.819286207979385,0
967,1,-802.2531981096585,28.651743594749416,0
967,2,-746.7592948502412,-12.624922263211026,0
967,3,-754.0658688347731,23.440698679986266,0
967,4,-782.5913599033134,6.380263990561581,0
967,5,-767.5122389481694,-19.885442088220238,0
967,6,-822.8089802089709,-10.431304146081475,0
967,7,-765.2440355105284,-20.917229601615407,0
967,8,743.1866443286231,30.241191479513017,1
967,9,700.204276452886,20.228984301197055,1
967,10,726.8344251673408,-17.5753954677664,1
967,11,755.250912703677,4.966855790233017,1
967,12,749.1304851396864,5.2077059544333775,1
967,13,791.2887031796095,-1.5107003372921004,1
967,14,-7.960985423772151,-16.13245954347911,2
967,15,-2.6189328995382284,-22.469215507197227,2
967,16,9.575025100903162,-11.91162487791781,2
967,17,-17.731485808234623,-28.285887748398483,2
967,18,-23.217515233592533,-66.88047206514553,2
967,19,-21.748185778773767,-45.522091187590235,2
968,0,-773.8520719554396,-21.956496166400477,0
968,1,-804.1379274001584,27.64318323173988,0
968,2,-746.8068066943222,-12.995796642890506,0
968,3,-754.1378794555487,22.777593380275658,0
968,4,-783.6630783837346,6.118273567347609,0
968,5,-766.7924870547185,-20.36356635326673,0
968,6,-823.3568014270018,-9.905409081704228,0
968,7,-766.2630166785858,-19.367155793380576,0
968,8,744.9920477505034,30.130859191268232,1
968,9,702.0545419212515,20.619599168198018,1
968,10,727.6173014190791,-17.55636882512686,1
968,11,754.0816823369346,3.959720386965456,1
968,12,748.6865478445069,5.23683181722895,1
968,13,791.2920262068518,-2.29610457252842,1
968,14,-8.679263224422208,-16.23647133124529,2
968,15,-1.547542975596687,-23.152180926610463,2
968,16,10.578486675671758,-12.201676616248673,2
968,17,-16.315016952574346,-27.562548937550133,2
968,18,-24.26346092542063,-67.20056378002157,2
968,19,-22.06118402130961,-44.83156247998406,2
969,0,-774.5298118709467,-21.652823068919997,0
969,1,-806.1570892461691,28.942266450823645,0
969,2,-748.5797331528212,-15.576984072338051,0
969,3,-754.5364522348134,22.107844178472384,0
969,4,-783.2920934440906,4.869570980060471,0
969,5,-768.2076087601192,-19.65370933217131,0
969,6,-824.1158744472806,-7.222333330740357,0
969,7,-767.3485221838979,-19.149988407868683,0
969,8,744.4977581474382,31.5358427486661,1
969,9,702.1346586071837,20.774021541439268,1
969,10,728.4388854536231,-18.545999252059392,1
969,11,755.3361117044116,3.5694567518417966,1
969,12,749.2397623597662,4.94939405345891,1
969,13,792.3323514385514,-1.6934373324012584,1
969,14,-9.702694003113997,-16.496786308688826,2
969,15,-1.6567271483052333,-23.09971759601446,2
969,16,11.123883937434258,-12.297088373445026,2
969,17,-15.590472784482841,-28.276565730620696,2
969,18,-23.93533367504948,-66.16598953172529,2
969,19,-20.587848527327537,-44.42543402820855,2
970,0,-775.0831909971711,-19.902919177015338,0
970,1,-807.0513772235247,29.009558085820867,0
970,2,-748.3172964288377,-15.174810489814941,0
970,3,-755.0675799570915,21.9773927540374,0
970,4,-784.3925482958017,5.015302854326254,0
970,5,-768.5829381637984,-18.91917258418869,0
970,6,-824.5846502497059,-7.145602444005937,0
970,7,-768.1837911001314,-18.572110858305997,0
970,8,746.568972008836,32.2533361517077,1
970,9,704.512483985789,19.800251847981976,1
970,10,728.5719077621616,-18.021348655123653,1
970,11,757.3826670336879,3.019163124953801,1
970,12,750.5252526382073,5.0405604558217805,1
970,13,793.2378561539654,-2.3268698258761376,1
970,14,-8.714030964557294,-16.843397147561234,2
970,15,-2.577158647267164,-22.847811960333214,2
970,16,10.51373395823655,-14.581500330164113,2
970,17,-15.438223944092256,-28.424714305982526,2
970,18,-23.8523976574628,-65.53981566108543,2
970,19,-20.787549513013996,-43.78963718842386,2
971,0,-776.921346292951,-19.822892748631126,0
971,1,-807.8295190428479,28.56554178994253,0
971,2,-747.8076231893135,-14.171846114641786,0
971,3,-756.8332645343892,22.592288987214427,0
971,4,-785.8409577024497,4.033478192730125,0
971,5,-770.4686834418732,-19.512066299946152,0
971,6,-825.4140147194264,-7.520169080950113,0
971,7,-769.5618439650021,-17.99072695739696,0
971,8,747.8370719441848,32.904477049518036,1
971,9,705.4452981365973,19.326793161868675,1
971,10,729.9022803855884,-18.076487683869868,1
971,11,759.5176274567319,3.571454270426386,1
971,12,750.3152685041614,5.017891021946672,1
971,13,792.9789571906215,-1.5303002389353673,1
971,14,-9.436225720240834,-18.709452508746693,2
971,15,-2.7430188864597773,-22.456974766558588,2
971,16,10.58604660942376,-13.956066940087766,2
971,17,-14.696344167835555,-28.320924175442023,2
971,18,-24.05864462437078,-65.96032542855313,2
971,19,-20.977557113646473,-43.57495774790224,2
972,0,-776.2214071491705,-18.500343497623174,0
972,1,-808.1207152638344,28.59783030985705,0
972,2,-749.0238854052379,-14.007319985439212,0
972,3,-758.3540500267108,21.850277348539237,0
972,4,-787.9501189171318,4.376626340878168,0
972,5,-771.178560536609,-17.98387243642602,0
972,6,-825.9161359069038,-8.887979803091241,0
972,7,-770.022859893359,-17.80423555385001,0
972,8,749.0437683863926,33.17878899022267,1
972,9,705.7202737054163,19.144376169550558,1
972,10,729.5215317677993,-19.368767080756776,1
972,11,760.4148033498494,2.783239172551464,1
972,12,750.9053061588191,5.420853995241411,1
972,13,795.5380485087923,-1.3874322465404416,1
972,14,-8.469110387285367,-18.791190704641238,2
972,15,-2.2203466391667,-20.486590750999078,2
972,16,11.378867331339201,-13.166683495832254,2
972,17,-12.94649301619292,-27.50212874470593,2
972,18,-24.021243235429065,-67.22719383443217,2
972,19,-20.36606212173532,-43.46181158893022,2
973,0,-778.2970806122538,-19.63332368551764,0
973,1,-808.102999240194,28.939682022305718,0
973,2,-750.1157195076892,-13.3344297041234,0
973,3,-759.2592342540831,21.171601922062923,0
973,4,-788.639788911879,4.904066429550584,0
973,5,-771.820642639147,-19.901379175945987,0
973,6,-826.22169697894,-9.10089521648801,0
973,7,-770.4115379834557,-18.10865672705557,0
973,8,748.5109338681023,33.77131405018077,1
973,9,705.6978413543686,18.51708356848935,1
973,10,729.7335636949404,-18.654566607655724,1
973,11,760.5217531193729,1.6359184520404553,1
973,12,752.1385882191609,4.532451660755289,1
973,13,795.5279547246572,-1.159326125241418,1
973,14,-8.12914763391376,-18.502209891767464,2
973,15,-1.8621832371691833,-20.438575694164545,2
973,16,12.127638822654493,-12.867748978297925,2
973,17,-12.228787864253862,-27.956552416670753,2
973,18,-22.92786160521058,-68.19770016953285,2
973,19,-19.764777079574067,-43.88439046348257,2
974,0,-777.8568403460912,-19.882769453882176,0
974,1,-808.2041952654132,28.323728152826604,0
974,2,-751.3552185512276,-12.376792199389813,0
974,3,-761.1681846433422,20.63049949395724,0
974,4,-789.8518891966953,5.12002938053843,0
974,5,-772.3633870817162,-19.70569740346794,0
974,6,-825.5829530627128,-10.06272450743646,0
974,7,-770.9953146705351,-18.3324147950439,0
974,8,748.5505672181266,34.52078839324086,1
974,9,707.0158537319583,18.525384281842054,1
974,10,730.0904947330155,-19.330734531880253,1
974,11,762.0577860172652,0.9205034365260046,1
974,12,753.2188983808356,3.418027510114573,1
974,13,795.844969939539,-0.5766614034915607,1
974,14,-7.871342212999155,-18.990638891601705,2
974,15,-1.2985271863778354,-17.859095834054198,2
974,16,10.833366296756976,-12.148106276545317,2
974,17,-12.232887319884487,-27.553572065916242,2
974,18,-22.184141288978253,-67.73705320259761,2
974,19,-18.983898505862864,-43.515762896209644,2
975,0,-779.5239232560033,-19.689910564227755,0
975,1,-808.5520122327171,28.823201429243248,0
975,2,-751.0737104969173,-11.625444479475103,0
975,3,-761.3616393543059,21.218960897015716,0
975,4,-791.386085825851,5.644880134745232,0
975,5,-773.7819188079989,-18.698683234213117,0
975,6,-827.8115665808302,-10.648802416945943,0
975,7,-771.5687324489699,-18.203703329293035,0
975,8,750.2506639790377,34.25469721015748,1
975,9,707.3199891209892,17.488776431571306,1
975,10,731.9640089923568,-17.827662885373453,1
975,11,762.3954651511622,0.7948307917563973,1
975,12,755.6795791210349,4.2064090599934705,1
975,13,796.5112921183678,-0.13416864849854393,1
975,14,-7.620076267843574,-19.662528136509575,2
975,15,-2.459813238330007,-18.527825968834577,2
975,16,10.61017110649832,-11.456359509943919,2
975,17,-12.376068292118454,-28.176223757606753,2
975,18,-22.531762918373563,-68.44086969164604,2
975,19,-19.96740637730521,-45.0141543460594,2
976,0,-781.0611866188193,-19.712192729066203,0
976,1,-811.5129008350485,28.369728512240673,0
976,2,-751.9712254077166,-11.946714457976821,0
976,3,-764.2112315061175,21.550769285858138,0
976,4,-792.4867958238393,5.523420780339218,0
976,5,-773.2201307624895,-19.610867192611533,0
976,6,-828.3878151746308,-11.895829917239272,0
976,7,-771.8227538124759,-18.69622650042001,0
976,8,749.8544263749008,34.567257741377354,1
976,9,707.4756289401702,18.332807257279775,1
976,10,733.0958504717842,-17.587087920174113,1
976,11,762.9933006302209,0.8392049611939195,1
976,12,756.711913357153,4.216854835461054,1
976,13,797.4855671303305,-0.3037513193366406,1
976,14,-8.391144474018345,-22.22166379487958,2
976,15,-1.979764662296954,-17.92442916062246,2
976,16,9.522952143242023,-11.209013880842113,2
976,17,-13.372371962770758,-26.728095821787065,2
976,18,-20.928399923111137,-68.97137523591061,2
976,19,-19.63235406374613,-43.649517753800346,2
977,0,-781.6919169203535,-18.527552057817946,0
977,1,-814.286040762691,27.864787932506502,0
977,2,-752.1011822185013,-11.455719696321028,0
977,3,-765.9999454990093,19.73438901869227,0
977,4,-793.7054441929728,5.4279423842327885,0
977,5,-774.3242767585654,-19.916877213929997,0
977,6,-828.1981960255449,-11.930111786177108,0
977,7,-773.2229367711346,-19.944598681316243,0
977,8,750.2852811920183,34.04326831155845,1
977,9,708.013940792846,16.82608674217896,1
977,10,734.3007347548477,-18.999178904978507,1
977,11,763.8667405302136,0.45177308845801856,1
977,12,758.7588689758727,4.142523408784557,1
977,13,796.6554075976911,0.2792435287655635,1
977,14,-8.304888534296886,-22.810233396014844,2
977,15,-1.2554707310165467,-17.450306098199,2
977,16,10.034487847871713,-10.941721280133939,2
977,17,-12.97713594477072,-26.974792032607247,2
977,18,-20.239292070541854,-69.00642591315167,2
977,19,-19.84224529275805,-41.951012174983354,2
978,0,-783.5969276185633,-18.97504884739335,0
978,1,-814.5524096343593,29.22104829359605,0
978,2,-753.2222896312418,-10.345871563679744,0
978,3,-767.9708386588349,19.561807464524623,0
978,4,-793.1655128666082,5.117268406560992,0
978,5,-776.3502824221046,-19.045049351218264,0
978,6,-827.2150230640143,-12.227777461273963,0
978,7,-774.081931266266,-19.67714330618947,0
978,8,751.2258570160058,33.84437372403898,1
978,9,709.9001201578453,16.525278502977727,1
978,10,734.9477412869832,-18.781317925768086,1
978,11,764.8807036669049,0.25571712387614653,1
978,12,760.9770367913659,4.054791362190817,1
978,13,796.9667271864681,0.3899033103091672,1
978,14,-8.81448225089327,-23.4489751356499,2
978,15,-1.4769239635089049,-17.36484656398156,2
978,16,8.811889168586045,-11.155234713255698,2
978,17,-13.518138941229283,-26.651918586793883,2
978,18,-20.334606943478434,-69.56105813589186,2
978,19,-20.870603851618775,-42.75848894052237,2
979,0,-784.7834726719063,-17.13559816843952,0
979,1,-815.4851540470664,28.19244473303861,0
979,2,-754.2962731340867,-12.141101795860601,0
979,3,-768.7402006407982,19.6669387768326,0
979,4,-793.6865519461097,4.576529437276962,0
979,5,-778.8889792995636,-20.41591641361903,0
979,6,-828.4508094491791,-12.962467472786479,0
979,7,-774.9477098917425,-20.983544147487155,0
979,8,750.8668851848303,34.671225668823595,1
979,9,710.3783893915285,15.66004513281791,1
979,10,736.2999681189841,-19.16485886872839,1
979,11,766.3985622688189,0.4839975420659066,1
979,12,761.4523127834449,3.492358247604877,1
979,13,798.3335650695698,0.21552857652043475,1
979,14,-8.619614763585403,-23.06462455794302,2
979,15,-2.032510762067136,-17.287454370488067,2
979,16,9.234371250526594,-11.835272366310067,2
979,17,-12.46402080068537,-26.69610267588602,2
979,18,-21.469656366328344,-70.45465398110306,2
979,19,-20.028052136265366,-42.95976231176622,2
980,0,-785.1624956934277,-17.80780052824286,0
980,1,-816.2281963134801,27.10864986768089,0
980,2,-755.9693543215947,-12.725642066143834,0
980,3,-769.1655883820583,19.947576866431604,0
980,4,-793.7126595077237,4.822750795396179,0
980,5,-779.9911255141876,-20.482156339762472,0
980,6,-828.1149835776896,-12.35415832292023,0
980,7,-776.0847249363762,-22.246911222845373,0
980,8,752.2529868329636,35.177539448341484,1
980,9,712.2366300924144,15.981004324573151,1
980,10,737.0073992729523,-19.473172961776733,1
980,11,766.3408967419496,1.1171219649903308,1
980,12,762.4864982848965,2.669974254034506,1
980,13,799.5484965675673,-0.6156995894645444,1
980,14,-7.477108736883192,-24.32080485609115,2
980,15,-2.275030314139452,-18.038413607098953,2
980,16,8.89813955735001,-12.006025955129857,2
980,17,-11.263012237125496,-27.60190261845516,2
980,18,-21.643370815127312,-69.67436547582489,2
980,19,-19.84439260254003,-43.23199370563197,2
981,0,-786.5306616074168,-18.15126208168472,0
981,1,-817.0857317618556,25.593751150187494,0
981,2,-756.47025608332,-12.530387446251037,0
981,3,-769.5353482398948,19.27493606036784,0
981,4,-794.3825649310509,4.580288803341103,0
981,5,-780.5042778598936,-20.39541267477279,0
981,6,-828.9685927567306,-12.464108591627282,0
981,7,-778.0318399935242,-21.183996037273772,0
981,8,754.1170350136731,34.232737368444496,1
981,9,714.9735371194221,14.784171060022924,1
981,10,738.5701295077455,-20.233524854817745,1
981,11,766.5730829517468,-0.10534226736411201,1
981,12,764.5189252218976,3.5006384717178287,1
981,13,800.1438784294382,-0.8217529424792148,1
981,14,-7.444673154243471,-23.192583222652782,2
981,15,-2.632323565697228,-19.285572005329954,2
981,16,8.859726851053074,-12.612398544754589,2
981,17,-10.428749083010644,-27.03619618296604,2
981,18,-21.45837485073241,-70.25457608207273,2
981,19,-20.433988153921046,-42.133683938180646,2
982,0,-787.1173879765755,-18.046803958876865,0
982,1,-817.8672863820835,26.346354962301266,0
982,2,-759.1348991209964,-13.188272156449065,0
982,3,-770.9062487905043,18.776123026444356,0
982,4,-795.0637260064793,3.7605083277648994,0
982,5,-780.905142041856,-20.567556621301325,0
982,6,-829.7717447966272,-13.907731970097734,0
982,7,-776.7081453065755,-21.413317624252063,0
982,8,754.4787909798358,33.409418520563136,1
982,9,714.7966587285621,14.943040948163505,1
982,10,740.1959699124734,-20.291887648911665,1
982,11,766.4288425426452,0.3489891644091649,1
982,12,766.015535713269,2.8894728625130934,1
982,13,801.8054900419235,-0.5381796088765951,1
982,14,-6.921314903743447,-21.158138400140146,2
982,15,-3.378332103202749,-18.476748273896128,2
982,16,9.240403455282987,-12.235492367320482,2
982,17,-11.554396474302063,-26.665985394503522,2
982,18,-21.714834905920924,-69.14714578863064,2
982,19,-21.256359950819306,-42.09005023056037,2
983,0,-787.2590962520895,-18.71454668497247,0
983,1,-817.3029815581738,26.390982919781806,0
983,2,-759.6464849479753,-13.460098815096028,0
983,3,-771.8700779669139,18.2238885119745,0
983,4,-794.8473180649395,3.687975118569446,0
983,5,-781.9535042809719,-21.24691240938434,0
983,6,-828.9360636028624,-14.958906582494269,0
983,7,-776.853061796596,-23.35480126506473,0
983,8,754.1402140641231,33.20681848945512,1
983,9,715.8110390647629,15.050070746882806,1
983,10,740.5706074892252,-20.489346338747144,1
983,11,765.8962575771035,-1.0427621567655008,1
983,12,767.6662993534318,1.3937813036098905,1
983,13,802.9102034836914,-0.4392251613775087,1
983,14,-6.149454452887713,-20.154683353108346,2
983,15,-3.2304718706256477,-18.380809904992912,2
983,16,7.998565838918449,-12.479706713838516,2
983,17,-11.889295683961274,-27.54183374794672,2
983,18,-21.02814806668552,-67.45664514712274,2
983,19,-19.945020723096473,-41.35759143684956,2
984,0,-787.5580715283144,-19.49250381005067,0
984,1,-818.3050554178673,25.842136135264703,0
984,2,-758.9674661644306,-12.257915126045658,0
984,3,-772.9968276571481,17.073998015352352,0
984,4,-795.2663755688645,3.34202645577967,0
984,5,-783.3714541512079,-21.396886322098755,0
984,6,-830.1249116148985,-14.244683478746609,0
984,7,-777.3252310922999,-24.55335579301311,0
984,8,756.7377078140308,32.81941669817802,1
984,9,714.6505971040281,14.51360819743196,1
984,10,740.9700033970963,-20.2157593471864,1
984,11,768.1769632831384,0.3796644010207759,1
984,12,768.0272416111866,0.7135888083998404,1
984,13,804.0097319549363,-2.185440084782998,1
984,14,-7.460783712411568,-19.692241802519778,2
984,15,-2.6883128336237627,-18.900198448363202,2
984,16,8.67449321696038,-12.65208598961157,2
984,17,-10.701674427847784,-26.521531480647287,2
984,18,-20.664415978377246,-67.64522538423097,2
984,19,-21.022074251525954,-42.343865646230846,2
985,0,-788.4619471801699,-19.423868104378183,0
985,1,-820.6051364749383,25.468447290303622,0
985,2,-759.97679456246,-11.392147084405561,0
985,3,-772.7297958494654,16.523861261605667,0
985,4,-794.4415935339224,4.493703191608548,0
985,5,-784.6201605908849,-20.93215909023538,0
985,6,-830.1429503276978,-13.980007511905534,0
985,7,-778.7798053860134,-25.508713241429476,0
985,8,757.4501237747425,33.08084904472015,1
985,9,715.2465127347606,14.034457425794988,1
985,10,742.67395092718,-20.38095038259549,1
985,11,768.6422627584271,1.474519576980544,1
985,12,770.1589384976711,0.1228171123137437,1
985,13,803.8846915386541,-2.7117429474909547,1
985,14,-8.903208802861458,-19.645481219360853,2
985,15,-1.7683816879516403,-19.515846622765395,2
985,16,8.639461004658266,-11.570028364231643,2
985,17,-10.681648120539997,-26.207177790108652,2
985,18,-19.504724728766583,-68.59207169681392,2
985,19,-22.689805264551055,-41.50517770607401,2
986,0,-789.1748130850135,-20.437609826222992,0
986,1,-821.8092302674047,25.472703246472737,0
986,2,-761.7286232548573,-10.388595056070312,0
986,3,-772.8685917587586,15.886560048702485,0
986,4,-796.2713359340798,4.090477309575734,0
986,5,-786.0822936331681,-20.170409026688137,0
986,6,-829.2874592747947,-14.3008312232962,0
986,7,-778.9634305661125,-24.83669216154542,0
986,8,757.3957335031247,32.28957073431204,1
986,9,715.6385071602914,13.17735385983224,1
986,10,743.8118527443733,-21.481084735988034,1
986,11,769.3215987443414,1.7821408946812973,1
986,12,773.2303732666504,-0.3165292988202326,1
986,13,803.7997280268579,-3.549017934271209,1
986,14,-10.804106925016473,-19.668769211448367,2
986,15,-1.0272461761101925,-19.242364365636384,2
986,16,9.099378990257911,-11.361917362471756,2
986,17,-11.481254777074238,-26.509082672870523,2
986,18,-18.5715706357494,-67.9623290632702,2
986,19,-23.519465940198593,-42.77553724935281,2
987,0,-789.553505863034,-19.701589558074215,0
987,1,-822.8948353098626,26.250790503496525,0
987,2,-762.9694136654354,-11.628592093285574,0
987,3,-772.5566356243306,16.79993112067278,0
987,4,-797.8692096677504,3.657966431768752,0
987,5,-786.6215027458188,-19.316495387736737,0
987,6,-830.139683940797,-15.223914773019022,0
987,7,-779.6357183687047,-24.47659727416443,0
987,8,758.7083347193254,32.41967274000918,1
987,9,715.9034202560987,13.121977437201274,1
987,10,743.9105400798899,-21.336862292910777,1
987,11,770.8660761262262,2.8623804375945507,1
987,12,774.3584076247672,0.08243648237449025,1
987,13,804.3768968510781,-3.1908500841050835,1
987,14,-9.871445746426822,-20.023426925320273,2
987,15,-1.1759821522692067,-18.23481901394856,2
987,16,9.259306027659933,-12.115641743838541,2
987,17,-10.963955926175915,-26.394076834131713,2
987,18,-19.224699633246207,-67.15108253051609,2
987,19,-24.33552197099503,-41.25278031192789,2
988,0,-791.0153057335727,-18.686002321102468,0
988,1,-823.4219918799173,26.87333858893592,0
988,2,-763.0238654887896,-10.931803900887498,0
988,3,-772.5984443305923,17.26107031478527,0
988,4,-799.4608061244178,4.522339111578246,0
988,5,-787.1523065969477,-20.89371432804264,0
988,6,-831.6313020200056,-15.669162842123004,0
988,7,-779.844553116722,-24.326156743380327,0
988,8,759.9699215369443,33.10144868313694,1
988,9,715.6236240788503,12.446588682014408,1
988,10,745.7111793785203,-22.112960892266123,1
988,11,773.2426450103371,3.4073820011004647,1
988,12,775.424483770737,-0.26685269281441315,1
988,13,806.0554821206025,-3.2367440652663073,1
988,14,-8.547693413849899,-21.361582058403847,2
988,15,-1.7159269342818055,-19.945225978796717,2
988,16,9.653492415120143,-12.427029279930872,2
988,17,-12.518431341613308,-25.696730676949848,2
988,18,-20.328096362536755,-67.60209615094269,2
988,19,-24.44543616898475,-40.68345599281094,2
989,0,-792.5042108777027,-20.634836473443265,0
989,1,-822.8789646370279,26.209682158999968,0
989,2,-764.7300700643179,-10.629634017219644,0
989,3,-771.6955791283417,17.060856733104444,0
989,4,-800.2987469436223,3.5443931863728593,0
989,5,-788.4109170359804,-21.460330222813297,0
989,6,-833.0134835695181,-16.495091686896536,0
989,7,-779.8161625925493,-22.683773490462336,0
989,8,760.330076479749,33.178721920335434,1
989,9,716.278571495013,13.027688842500245,1
989,10,746.8658990211005,-20.87646848823497,1
989,11,774.1250298955807,3.41788028060208,1
989,12,777.0648049924521,0.7365391669508702,1
989,13,807.5283851867943,-2.7469963865278926,1
989,14,-8.004047350361997,-20.434053501219392,2
989,15,-0.920244939392994,-20.17590816976168,2
989,16,7.777694918601078,-13.08800546379178,2
989,17,-12.890433430249624,-27.14000478163209,2
989,18,-20.907587382840678,-68.83062154813724,2
989,19,-22.1145730722072,-40.059456425276586,2
990,0,-792.9238769172157,-19.30916283486129,0
990,1,-823.0852648206613,25.50747389923896,0
990,2,-767.0974321085762,-9.413136642060943,0
990,3,-771.9718318468738,17.722593135342237,0
990,4,-799.2526900173592,3.9967475811332864,0
990,5,-790.1974634519421,-21.102421330411552,0
990,6,-833.1939470715148,-16.251897765829703,0
990,7,-779.9375228260088,-23.233635016958893,0
990,8,761.0856501388149,33.959872263866075,1
990,9,717.390935739003,11.915036695507023,1
990,10,749.213156456295,-20.11148203375733,1
990,11,775.753908991721,3.4437751497404054,1
990,12,777.5065743330659,2.0670457040000123,1
990,13,808.5012057801783,-2.7228714286237135,1
990,14,-8.813830105739449,-19.367516983688418,2
990,15,-2.4609292432679504,-20.592380192101587,2
990,16,7.518817342574943,-13.74417044932081,2
990,17,-13.483183743401709,-26.605016719297907,2
990,18,-21.487024810013928,-69.30190872863452,2
990,19,-21.705050667346903,-39.90822714169138,2
991,0,-792.2161075085185,-19.36601503832761,0
991,1,-823.5785278240743,25.991153354424593,0
991,2,-768.3480933539688,-8.316829254940943,0
991,3,-772.7753014272743,18.206733569461193,0
991,4,-800.1044113573008,3.7563294027237237,0
991,5,-790.1295039118052,-22.654680245615246,0
991,6,-834.2967812430594,-15.339189556781012,0
991,7,-779.93428869345,-23.45762916290519,0
991,8,761.3169595522744,33.1798137503604,1
991,9,719.2690588814658,11.307609861379193,1
991,10,749.5392626087354,-19.602346659838712,1
991,11,777.3041345450425,6.082604374129538,1
991,12,778.6762001873064,1.039627106716322,1
991,13,808.6965944870208,-3.301757211624574,1
991,14,-8.428862908273572,-18.428836126739522,2
991,15,-2.2802240615103018,-21.640357335197592,2
991,16,6.873312949521228,-12.44430249044418,2
991,17,-13.36264434999055,-26.857806865631535,2
991,18,-20.94766226799415,-68.77242820147627,2
991,19,-20.026535909471157,-38.877314530006984,2
992,0,-793.7642579906128,-18.951401617520137,0
992,1,-823.6869838614365,26.834376294753206,0
992,2,-769.1362807191028,-7.77919355294477,0
992,3,-771.7577778282154,17.850275754534145,0
992,4,-801.7266913723746,3.0167942548576776,0
992,5,-791.6240657244806,-22.589575101546853,0
992,6,-835.0008398659063,-15.519914509479396,0
992,7,-780.8758912451598,-23.94358317319044,0
992,8,762.6108178559851,33.69229811424318,1
992,9,720.7744701716828,10.803819861052176,1
992,10,751.4228546244785,-20.252334440189564,1
992,11,779.1980213152544,4.3803681869693785,1
992,12,777.6218174171852,1.5458607109437699,1
992,13,810.1705080062388,-2.5653697567500044,1
992,14,-9.584791590815797,-19.36199020854925,2
992,15,-2.6530413602766147,-21.278597562797536,2
992,16,7.672598137454062,-13.098477380644532,2
992,17,-14.253899494185347,-26.77653100391198,2
992,18,-20.364157509013992,-67.95692026136608,2
992,19,-20.41297008851259,-39.43219533125196,2
993,0,-795.6260253206502,-19.671586940805522,0
993,1,-824.7203810496694,27.338284454845958,0
993,2,-770.0591236199823,-7.702792005028126,0
993,3,-771.0399120939969,17.98554681063199,0
993,4,-802.1833475678189,1.5637062176864642,0
993,5,-792.4240572853942,-22.475611380172932,0
993,6,-835.7954211179646,-15.046437584334544,0
993,7,-779.824722558585,-23.38306469911185,0
993,8,763.59256982849,33.78870551638723,1
993,9,721.6488162893495,11.07746864347433,1
993,10,753.2940263141387,-18.472927331530173,1
993,11,780.9648742963618,3.8350131381083035,1
993,12,778.0296624462856,1.811166679657303,1
993,13,812.2098690014541,-2.731378714808924,1
993,14,-9.623482485303283,-18.110824711500136,2
993,15,-1.9324649074845,-21.77696211412033,2
993,16,7.782802575434272,-12.299121916850234,2
993,17,-13.527907759642822,-26.434266729810453,2
993,18,-18.56766498118596,-69.20690161741854,2
993,19,-19.87877548915985,-39.386676216945034,2
994,0,-796.6803984718207,-20.289387763849717,0
994,1,-825.6666581047828,27.625693919301995,0
994,2,-770.048487257184,-7.696495508198975,0
994,3,-770.5709629746101,18.142287271868174,0
994,4,-803.9236211880028,1.570332491291273,0
994,5,-793.6176022115778,-22.75920112644055,0
994,6,-837.6328404129813,-15.60453290030664,0
994,7,-780.4361723071445,-22.422601516425196,0
994,8,763.6082775120534,35.329912577526116,1
994,9,721.8948029441992,10.540631340261337,1
994,10,753.6462130359072,-19.453339211782264,1
994,11,781.9286854987845,3.7463935594285123,1
994,12,780.465773630933,1.7514912671286744,1
994,13,813.5154646250945,-3.7594957920141923,1
994,14,-11.597273130782124,-16.33196430827619,2
994,15,-2.9677720519433315,-22.531953417038473,2
994,16,7.733339122412143,-12.330979622243555,2
994,17,-15.338235340912105,-26.352652058904486,2
994,18,-18.262581769130218,-66.9305753126611,2
994,19,-20.62124290137713,-39.79636044421796,2
995,0,-797.7242817934058,-22.13886388477284,0
995,1,-825.4396100176272,27.59885123929682,0
995,2,-770.1504024470235,-7.566180745520387,0
995,3,-770.2516820220723,18.25511918413611,0
995,4,-803.153039549318,2.1165947799673503,0
995,5,-795.7029552144782,-23.294039312581642,0
995,6,-838.3479159922988,-14.105247277682617,0
995,7,-781.4387638396984,-22.290676673027576,0
995,8,763.7612388876157,35.83631379604604,1
995,9,723.493691974381,11.878016589058186,1
995,10,754.6936546872907,-18.394222888713728,1
995,11,781.7160513197766,3.33425382866104,1
995,12,781.2597538566077,2.4941977198491596,1
995,13,815.6107985323031,-3.781654493723285,1
995,14,-12.012979837396575,-16.294755176505703,2
995,15,-2.8416167954879725,-22.10677005960478,2
995,16,7.816297452994423,-14.166023497173072,2
995,17,-14.835890188311625,-26.297851063528434,2
995,18,-17.87095304244754,-66.50778927526483,2
995,19,-20.58724917077088,-40.13460993541972,2
996,0,-799.4318511948762,-20.75243340949014,0
996,1,-825.5119749124624,28.22724461770493,0
996,2,-770.9502639108224,-8.9461881710567,0
996,3,-771.4416597670155,18.766599132242046,0
996,4,-804.1200927229002,1.6238158298869267,0
996,5,-797.013329453441,-23.74959003291555,0
996,6,-839.4944869574405,-13.412915613637159,0
996,7,-783.1977593181357,-21.81685878865839,0
996,8,765.4398268074181,35.34291431056453,1
996,9,722.8457228493477,11.777410248700019,1
996,10,756.0927120270918,-16.99714108764145,1
996,11,782.8980240768526,2.5404117335852447,1
996,12,783.621202448066,3.3130153763462804,1
996,13,815.6034716135589,-3.4584758819249264,1
996,14,-10.34950506095914,-17.413230968166083,2
996,15,-2.7279074406555,-21.537656591562843,2
996,16,6.943418500673752,-14.172619572962336,2
996,17,-14.474354870171897,-26.382338066842678,2
996,18,-18.339036414251257,-66.30181848659248,2
996,19,-20.57937406940927,-41.307553681039735,2
997,0,-800.4100851773534,-20.94116627984078,0
997,1,-826.8828764584496,28.551784750765275,0
997,2,-770.1018825276759,-8.262992701995179,0
997,3,-771.8806666818282,17.797918025045195,0
997,4,-805.0495848462559,1.7684899437884198,0
997,5,-797.33671137527,-23.24030505730793,0
997,6,-840.4279487005437,-13.650278396151343,0
997,7,-783.1358777379801,-21.342001047719954,0
997,8,765.5092731545948,33.97840908829419,1
997,9,722.290630146168,11.468048395274595,1
997,10,757.9300333275191,-16.089805862570845,1
997,11,782.8592748132828,1.4023061979200822,1
997,12,784.7245196769207,2.79077526911254,1
997,13,817.3588331314119,-2.377378230093555,1
997,14,-10.782733218880626,-17.970147037682743,2
997,15,-1.4874192081245803,-21.65252658940486,2
997,16,7.344056599853888,-15.01612850251401,2
997,17,-16.549887149346446,-26.3671877255172,2
997,18,-18.837235843751564,-65.65185617214388,2
997,19,-21.572315684834194,-39.90099538937333,2
998,0,-801.4307819407107,-20.49799866633164,0
998,1,-826.5747350145514,29.492146347593778,0
998,2,-770.573140122412,-8.65437676344418,0
998,3,-772.8759680516483,16.578406085780642,0
998,4,-805.7461727303728,1.8841641246404541,0
998,5,-798.6693452868965,-22.95890235283582,0
998,6,-840.6066940030731,-13.90362142625362,0
998,7,-784.9349945007825,-21.69715993734805,0
998,8,765.6867262045416,35.18598641267032,1
998,9,721.7519752335353,11.008381269994823,1
998,10,759.3739199496855,-15.249732225604387,1
998,11,783.327755126326,2.5578237426186003,1
998,12,785.4225164919014,2.679948022850706,1
998,13,816.7455137586543,-2.261138882527265,1
998,14,-9.118225278373453,-19.074134082575643,2
998,15,-1.5413199298050229,-20.105068386845492,2
998,16,7.424066647704332,-15.143244404068943,2
998,17,-17.04393666888889,-27.40188592015278,2
998,18,-18.56015566768847,-66.0497974449841,2
998,19,-21.32433074768239,-39.88656725739561,2
999,0,-802.4104603746391,-20.405570188271238,0
999,1,-826.3147851921077,30.324985174185663,0
999,2,-771.9429713018403,-8.842412194243394,0
999,3,-773.6885694984693,15.999335879278803,0
999,4,-806.3900862624221,2.441416515047919,0
999,5,-798.5545504320917,-23.725328261248475,0
999,6,-841.7555595740529,-12.439314927848903,0
999,7,-786.7773880422544,-22.49785024942023,0
999,8,766.4142801890432,34.743518750879396,1
999,9,722.6443281640527,10.872122298996374,1
999,10,760.2532258358532,-15.198564109664343,1
999,11,784.2686902667563,2.5171413788800012,1
999,12,786.6938355582078,3.587238686685605,1
999,13,816.3529605882354,-1.1061846584608355,1
999,14,-9.319286132544143,-19.36229008034512,2
999,15,-2.235403837190076,-18.465458483480557,2
999,16,8.117747606232605,-15.418407141204108,2
999,17,-17.46274141639042,-27.238774143559432,2
999,18,-18.21332606098066,-66.14554050708253,2
999,19,-20.817298772150163,-38.37194346117012,2
