frame,id,x,y,cid
0,0,2.3617447134792107,-0.11338007655359976,0
0,1,4.92141161072184,0.49020735775597174,0
0,2,4.038189269797759,-0.9813273184080318,0
0,3,3.023886521537288,0.27416113632729167,0
0,4,5.433881055549989,-1.6467093592706048,0
0,5,3.166078161923762,-0.3645943440695165,0
0,6,4.218412863909041,0.04522059080800882,0
0,7,6.056781290860657,-2.323893499362632,0
0,8,-1.4371682221199644,11.03661598939114,1
0,9,0.37475509123349093,8.64733310515783,1
0,10,0.960996788748534,11.421014521907905,1
0,11,1.2992984903914653,8.050084340749978,1
0,12,-0.7700276886275665,5.618917407760807,1
0,13,1.420863343775885,8.258931436775717,1
0,14,0.8672921759926508,-2.799044782362086,2
0,15,-3.532082399610254,-3.643051633486185,2
0,16,0.5813524494160544,1.8930620462668697,2
0,17,-1.4598710414263159,1.6768233442842413,2
0,18,0.7210061076768058,0.05487467186458077,2
0,19,-3.365077837873353,-0.8639034063313977,2
1,0,1.7324260045016782,-0.2292883325693286,0
1,1,4.2012435579253244,0.6260643689590883,0
1,2,3.055122168754415,-0.5548573116496764,0
1,3,2.3714019942397995,0.470133479026653,0
1,4,4.526201119400389,-1.829687438614847,0
1,5,2.6106810826443794,-0.22486251631107737,0
1,6,3.34055816490433,0.32976028467530805,0
1,7,4.950265901979703,-2.2719845306747226,0
1,8,-0.7510976157762417,11.019319275326508,1
1,9,0.982248738135828,8.617897150099353,1
1,10,1.5690380313451817,11.298078931249197,1
1,11,2.3713957184133263,8.192724202410188,1
1,12,-0.12633013280524952,5.863219679211743,1
1,13,2.2341556311702226,8.326682306905264,1
1,14,0.8725068845208988,-2.693873146779285,2
1,15,-3.5412300318877064,-3.5432019329663813,2
1,16,0.5170268578611013,1.675021808162907,2
1,17,-1.6816484939218235,1.4841353256829888,2
1,18,0.7787926769091785,-0.054810369673639794,2
1,19,-3.3638524708692006,-0.7377037884628487,2
2,0,0.8769680911710427,-0.23316970383770685,0
2,1,3.4033280801985706,0.8102363075016685,0
2,2,2.350901171781035,-0.7862877675377498,0
2,3,1.7216939736855497,0.4465330649367482,0
2,4,3.788657094221554,-1.729545623127693,0
2,5,1.6769350830570973,-0.16066875911017284,0
2,6,3.113612248595191,0.5631857403154343,0
2,7,4.315488434515252,-2.1136681180353505,0
2,8,0.009063976344039437,10.80977507698549,1
2,9,1.9089236329333674,8.487331800254399,1
2,10,2.2546933015586923,11.15237269983782,1
2,11,3.482041947051196,8.157641172803912,1
2,12,0.5571976555495407,5.99645801089804,1
2,13,3.2003302965690894,8.475267159003566,1
2,14,0.9973173748446021,-2.805327092840554,2
2,15,-3.5550017814336847,-3.6292734594634877,2
2,16,0.41986709661672883,1.925138431816729,2
2,17,-1.9897129640996127,1.198293800638634,2
2,18,0.7924539646058151,-0.13342592934819714,2
2,19,-3.29550793842611,-0.5104766796724383,2
3,0,-0.17287435570419296,-0.45109686344685296,0
3,1,2.249693552952514,0.6106025457527654,0
3,2,1.7261227007196787,-1.0224077984631403,0
3,3,0.8327048847463535,0.25835959970589306,0
3,4,2.8136774225035732,-1.650689466325319,0
3,5,0.6586160253636786,-0.2937039324577071,0
3,6,2.1681735688361075,0.6645658986152035,0
3,7,3.7389548619288355,-1.982280522868682,0
3,8,0.7779930446389959,10.651562141592517,1
3,9,2.6587241311420415,8.330511252023445,1
3,10,3.3645183071842313,10.946443877565903,1
3,11,3.9948236627090346,8.257396612713167,1
3,12,1.5130370439079535,6.035949813082031,1
3,13,3.9200782163294954,8.666808939299857,1
3,14,1.570554006660719,-2.9586954161334873,2
3,15,-3.3504476904392098,-3.4740725067041938,2
3,16,0.4505992337225399,1.7192143910668776,2
3,17,-2.108445763475751,0.8823354685766012,2
3,18,1.0818578321439236,-0.2886622132606125,2
3,19,-3.1942865502080733,-0.6850602689413074,2
4,0,-0.784468698924421,-0.5136213252255382,0
4,1,1.4351720021206855,0.8852682020166271,0
4,2,0.5280763374986659,-1.0968495823790438,0
4,3,-0.13649833960465452,0.14982614509489822,0
4,4,1.5546878591751236,-1.5206645751233956,0
4,5,-0.1376582208499305,-0.348966491833111,0
4,6,1.4118318586942291,0.6779104177208477,0
4,7,2.8370656507034555,-2.1598387397802408,0
4,8,2.045140893735339,10.582650454824195,1
4,9,3.256693253300293,8.36602328886551,1
4,10,4.149999469887706,10.954495906342993,1
4,11,4.651494023320353,8.206405885821837,1
4,12,2.502651202054488,6.019704611087993,1
4,13,4.983268194278013,8.735082664416238,1
4,14,1.4818493969342248,-2.9079352693054346,2
4,15,-3.376407434529091,-3.2888898652593004,2
4,16,0.3057031786734909,1.5734764462657702,2
4,17,-2.0529232111831823,0.9725093380221412,2
4,18,1.2789277063668771,-0.08107005984349899,2
4,19,-3.029430143602413,-0.5047471172862489,2
5,0,-1.7034576583985814,-0.6889606436893263,0
5,1,0.20459459568712046,0.7114390980321837,0
5,2,-0.20140039078561323,-1.2070801355277976,0
5,3,-0.5560142561681679,0.2192335113280511,0
5,4,0.48694558118068,-1.254386640725193,0
5,5,-0.7849532583755194,-0.4603394098318201,0
5,6,0.6355251618005509,0.6557922947574703,0
5,7,1.9512362976432898,-1.914902779439781,0
5,8,3.0531287587406073,10.331378132323474,1
5,9,4.464228662109376,8.61325423824888,1
5,10,4.780670027016917,10.889004596115166,1
5,11,5.411053411577906,8.073940955831821,1
5,12,3.144436043817011,6.047459185784226,1
5,13,5.5519150236871555,8.895583102429214,1
5,14,1.5864856075376665,-2.9181994018650643,2
5,15,-3.4787406071518308,-3.442587318900787,2
5,16,0.15406732045101515,1.6496666225170948,2
5,17,-2.219743713946705,1.1285754115480113,2
5,18,1.3461648848357117,-0.20306333697883036,2
5,19,-2.6436585799804195,-0.2841370214368699,2
6,0,-2.5876388314137366,-0.7849891114581531,0
6,1,-0.3963822599115052,0.6482138223913325,0
6,2,-1.2158642164933404,-1.2603461263999136,0
6,3,-1.1821668632003588,0.12454778485872894,0
6,4,-0.4188507362055298,-1.1958252880518154,0
6,5,-1.9899452453589368,-0.5376359221893519,0
6,6,0.05061106157539863,0.6894172072848839,0
6,7,1.2293620309187923,-1.7974689229447627,0
6,8,3.9819882156075046,10.328267883653977,1
6,9,5.004652921925455,8.62196239897526,1
6,10,5.478142667446944,10.87318614180433,1
6,11,6.361424052541613,7.691961705161929,1
6,12,4.032377877311864,6.156585180212683,1
6,13,5.935232755334571,8.973088458276578,1
6,14,1.7878157005983681,-2.8099156454480982,2
6,15,-3.337688521249746,-3.4724616966710067,2
6,16,0.16501353889217146,1.6236174825283816,2
6,17,-2.1535960892943553,1.2564142732403312,2
6,18,1.5420531292926518,-0.027065057428881434,2
6,19,-2.5625629072299465,-0.2637911800645608,2
7,0,-3.0548413018735214,-1.1699890129233956,0
7,1,-1.2878939472913418,0.48369681135975484,0
7,2,-1.7195353874184218,-1.552153550929745,0
7,3,-2.052493768856251,0.24903259687518256,0
7,4,-1.3111139078915652,-0.8354703857376709,0
7,5,-2.7682744059344166,-0.3409611766875097,0
7,6,-0.9770418137329219,0.7834764087595358,0
7,7,-0.22129697124882552,-1.8454669650947022,0
7,8,4.825789552575289,10.487440058927618,1
7,9,5.926215556554656,8.704489628597738,1
7,10,6.143463475921715,10.912795194036972,1
7,11,7.12392567107428,7.623776926521445,1
7,12,4.610637971108044,6.072175654526681,1
7,13,7.083995822353044,9.08867617752513,1
7,14,2.0811186873553167,-2.680934870083558,2
7,15,-3.2232842969931217,-3.537090257336788,2
7,16,0.6528156445414284,1.5963243483534788,2
7,17,-1.8846372212126739,1.1912628677026669,2
7,18,1.5724504856075971,-0.18259842605075854,2
7,19,-2.827289656390359,-0.3247387679650962,2
8,0,-3.653731417290543,-1.1587621174231248,0
8,1,-2.1697482676574045,0.4898890744351329,0
8,2,-2.3151317688767943,-1.4436876061466062,0
8,3,-2.7742328625247463,0.2731478716916652,0
8,4,-2.3194072440536084,-0.9983403412714676,0
8,5,-3.4910728794475694,-0.535319011051575,0
8,6,-1.4743436878159564,0.7064800300547862,0
8,7,-0.8261001739476327,-1.914846672504691,0
8,8,5.809883156016766,10.784073103543609,1
8,9,6.543098462288828,8.935844408463813,1
8,10,7.204074285338509,10.799517301150809,1
8,11,8.280962244397609,7.672653451016146,1
8,12,5.573334383454422,6.116753050984384,1
8,13,7.807404146547291,9.140198874634184,1
8,14,2.1240786076535287,-2.4330117728779554,2
8,15,-2.946792009188091,-3.5843620396510074,2
8,16,0.7119621616523936,1.621373145890154,2
8,17,-1.8877545102487225,1.0492274258510021,2
8,18,1.7309173101253696,0.16484005947026192,2
8,19,-2.9206855408426953,-0.5438006645867641,2
9,0,-4.215954813120844,-1.0184792452395308,0
9,1,-2.9361057524993095,0.3661849197510454,0
9,2,-3.073494838376262,-1.1955385958262708,0
9,3,-3.5672864742948622,0.327188680871488,0
9,4,-3.291810529680161,-0.7679398096007071,0
9,5,-4.230306333079943,-0.7613533374913845,0
9,6,-2.320458736369244,0.7571458685964507,0
9,7,-1.9265212099502067,-1.9580893236953532,0
9,8,6.664093777868511,10.624016776844842,1
9,9,7.294205905609563,9.25549633036641,1
9,10,7.825373270280937,10.985019339256285,1
9,11,8.955453534458353,7.3717078994355365,1
9,12,6.500105661561265,5.894187595553152,1
9,13,8.364367055317212,9.419183107734543,1
9,14,2.585875789157183,-2.1860779891237496,2
9,15,-2.8148908091492726,-3.4476419538904275,2
9,16,0.7103788793361958,1.8083456671475613,2
9,17,-1.9803619950749676,0.8305825610327237,2
9,18,1.667404065902629,0.4599005405627482,2
9,19,-2.862689951253317,-0.5564387638980378,2
10,0,-5.187654619540827,-1.1098276321584386,0
10,1,-3.577341255962989,0.2440082276879444,0
10,2,-4.321926203051156,-1.1333112770374076,0
10,3,-4.357058389116302,0.3542951557815976,0
10,4,-3.7770178411110704,-0.9539016637899429,0
10,5,-4.881124112559893,-0.7122358116885746,0
10,6,-2.7783843641864046,0.6529346377801366,0
10,7,-2.7432261043256294,-1.9830003825092009,0
10,8,7.495473763751136,10.785567906150968,1
10,9,8.162429500697778,9.068152253630442,1
10,10,8.775154510311742,11.04375761370187,1
10,11,9.941680288569842,7.006388316757917,1
10,12,7.103292509264176,5.9432457292568115,1
10,13,8.961268307318923,9.869101934883078,1
10,14,2.7634912149492656,-2.195068361342301,2
10,15,-2.6342530329105447,-3.490331146610453,2
10,16,1.110361192884024,1.914246835821332,2
10,17,-2.1111961090541462,0.8367698876694442,2
10,18,1.377708059002603,0.4273768012364111,2
10,19,-2.6016177168015813,-0.867333127609938,2
11,0,-6.366330207303578,-1.4351683353358344,0
11,1,-4.10358437746263,0.3132572152153649,0
11,2,-5.138461082180816,-1.1654198231184663,0
11,3,-5.200550160866143,0.6438942555271874,0
11,4,-4.369545051005002,-1.1083150793800232,0
11,5,-5.541929265289132,-0.7066738588196876,0
11,6,-3.8179913825915217,0.8083350964249316,0
11,7,-3.4512678538912835,-2.0729051947015424,0
11,8,8.34849186673634,10.478987166459827,1
11,9,8.953157933888829,9.23258819136083,1
11,10,9.470487269104602,11.29349191045249,1
11,11,10.63452792439717,6.854391835413273,1
11,12,7.772476673861068,5.92399425975401,1
11,13,9.491943077470372,9.51558333755865,1
11,14,3.218013789447691,-2.159565555183895,2
11,15,-2.587755048014664,-3.2613956668203596,2
11,16,0.842579728276337,1.669299581839993,2
11,17,-2.0437360786376506,0.6080290026634048,2
11,18,1.7683762405367047,0.3965390271748068,2
11,19,-2.8034095417968086,-0.8969654804300596,2
12,0,-7.166719104837103,-1.1860929100082556,0
12,1,-5.522636684718704,0.5012320968949655,0
12,2,-6.108412819502232,-1.453951205681863,0
12,3,-6.143285494635168,0.5224351959197366,0
12,4,-4.8381592970165075,-1.2337473344349295,0
12,5,-6.339410447223336,-0.7215419760337951,0
12,6,-4.515566658171383,1.0612925064182892,0
12,7,-4.039053002758232,-1.9011921759527346,0
12,8,9.694867281786985,9.948520856356906,1
12,9,9.546515850583258,9.285539366500506,1
12,10,10.127627187735516,11.299456659878732,1
12,11,11.141394174803246,6.487325780988891,1
12,12,8.774882952965019,5.850557676845465,1
12,13,10.471877140614836,9.64326883431132,1
12,14,3.209119109106032,-2.4599070636287723,2
12,15,-2.4076537984391226,-2.7456891855782546,2
12,16,1.0486235326656241,1.933541888912175,2
12,17,-2.1184830542228728,0.5687844123259614,2
12,18,1.507891376513247,0.42908076784250687,2
12,19,-2.6326476160208028,-0.6025158267285345,2
13,0,-7.918837034123287,-1.5034937846010263,0
13,1,-6.605773214331974,0.5032962988912036,0
13,2,-6.608272003497951,-1.3664170521322383,0
13,3,-7.114058527911367,0.5752566752572796,0
13,4,-5.065431775403541,-1.2428881464062416,0
13,5,-7.2832808763503145,-0.9514436048739283,0
13,6,-5.259157998602152,1.017600638945525,0
13,7,-4.269672644161042,-1.504949533794748,0
13,8,10.310906460128237,9.912217059835145,1
13,9,10.267190854805817,9.433894056904478,1
13,10,10.560450309362329,11.247718312434248,1
13,11,12.274149708261172,6.137471107580772,1
13,12,9.601202820549107,5.902421029985117,1
13,13,11.009880199552418,9.31795771584145,1
13,14,3.3745355224006204,-2.541559108003355,2
13,15,-2.508494471863161,-2.859223217010328,2
13,16,0.8263798207128553,2.064019290988407,2
13,17,-1.9996481435558822,0.7933508675207366,2
13,18,1.7924868068690003,0.9293296568888396,2
13,19,-2.2303303361765887,-0.4518891136839739,2
14,0,-8.672374558303236,-1.2967861077465626,0
14,1,-7.337970759781658,0.7988640363855868,0
14,2,-7.059357651796776,-1.2340929048795783,0
14,3,-7.825554821311413,0.45599142995388986,0
14,4,-5.99302187581393,-0.9428526003741924,0
14,5,-8.320667498497041,-0.9578924564808503,0
14,6,-5.963266536749646,0.8839809550358464,0
14,7,-5.259259824106454,-1.783105978437498,0
14,8,11.31576073937053,10.12829648390339,1
14,9,11.417289616940886,9.480527031131613,1
14,10,11.378653195672431,11.25125236936676,1
14,11,13.17833440479864,6.383911816526358,1
14,12,10.22934189061794,5.797197928671205,1
14,13,11.366118725360687,9.231152787128758,1
14,14,3.625931618006729,-2.774460560802727,2
14,15,-2.7664685648102223,-2.8752466496068174,2
14,16,0.6303584075704032,2.2528866155316685,2
14,17,-1.487080835678825,0.7692956362828675,2
14,18,1.8016112078596223,1.3774341602865547,2
14,19,-1.9232237394246812,-0.28193776386985225,2
15,0,-9.452953312804288,-1.3824621880226755,0
15,1,-8.148873603493971,0.7597700497570113,0
15,2,-8.08519935274844,-1.1551714515486085,0
15,3,-8.192444873632299,0.29952156571085475,0
15,4,-6.641919745875796,-0.9298755364212168,0
15,5,-9.310961943829023,-0.9501994243110632,0
15,6,-6.857656999276404,0.8369207098692671,0
15,7,-5.901934040665554,-1.4661785730652312,0
15,8,12.18414547828204,10.238467755730374,1
15,9,12.496274095845237,9.33105325642233,1
15,10,12.177431010853587,11.2644574836509,1
15,11,14.291314718939887,6.447147600156669,1
15,12,11.205503600821038,5.7103927197784845,1
15,13,12.34655951403065,9.025969984727478,1
15,14,3.885788815607457,-2.6132843571276236,2
15,15,-2.8498075489923744,-3.041739142758722,2
15,16,0.9038830409332339,1.9674916257144783,2
15,17,-1.6629862136322946,0.8712982648977998,2
15,18,1.6578375532245955,1.480028810518028,2
15,19,-1.5732661410224187,-0.04067559564377418,2
16,0,-10.422025988494727,-1.2395064351048442,0
16,1,-9.089825375976268,0.6242600910199914,0
16,2,-8.901111804646176,-1.1759381366391268,0
16,3,-9.128601317404968,0.22517197665984195,0
16,4,-7.554487096761167,-0.8940167197791793,0
16,5,-10.25226136978983,-1.112134166715978,0
16,6,-7.879105846090728,0.9061464879014364,0
16,7,-6.541830724855103,-1.3223043719386498,0
16,8,13.403509800068015,10.098329307500688,1
16,9,13.119133297287412,9.077730550973948,1
16,10,13.483427779968254,11.527505905203782,1
16,11,15.002370825485622,6.7464146219518435,1
16,12,11.816631119923601,5.596253308085631,1
16,13,13.501791048460902,9.237863860399164,1
16,14,4.081845822271375,-2.506811390807501,2
16,15,-2.774357664388293,-2.9967953765311934,2
16,16,1.3713405933264937,2.871027787294791,2
16,17,-1.6365479288566154,1.468713892826305,2
16,18,1.945694810854171,1.7421796335404287,2
16,19,-1.6445333476083803,0.17896543549689425,2
17,0,-11.107082568536901,-1.17769892661104,0
17,1,-10.158461628756257,0.7531846266967019,0
17,2,-9.864666488431137,-1.220472935192355,0
17,3,-9.772674858151833,0.4342975599654306,0
17,4,-8.402346350718608,-0.6955848614380099,0
17,5,-11.655491114661844,-1.1819622008583557,0
17,6,-8.597320885629154,0.93905780707274,0
17,7,-7.454354512370203,-0.9978062698606778,0
17,8,14.428559655140226,10.01047450832859,1
17,9,13.88477812909598,9.077998005644494,1
17,10,13.925564230676777,11.29209785892696,1
17,11,15.508970160966637,6.616361666645091,1
17,12,12.68880648547034,5.482599767196409,1
17,13,14.07197981230006,9.299847437622471,1
17,14,4.09687008159277,-2.592010779585817,2
17,15,-2.5673884274016783,-2.7696111482075647,2
17,16,1.256149068619733,2.8801699623695227,2
17,17,-1.6192822061875183,1.492080773725856,2
17,18,2.0559984177438535,1.608097103465846,2
17,19,-1.579730816775509,0.3865209589498184,2
18,0,-12.162734996080728,-1.2937758487068756,0
18,1,-10.838715589846768,0.5615189117439863,0
18,2,-10.533728513339314,-1.2732040994401082,0
18,3,-10.46985424937351,0.49420959090875527,0
18,4,-9.081292962026929,-0.7234411909937962,0
18,5,-12.393440903268932,-1.5346669127017822,0
18,6,-9.193190833608202,0.643377451776348,0
18,7,-8.529808933041522,-0.8702653064529008,0
18,8,15.42754980251067,10.148245741450594,1
18,9,14.924945591501936,9.015153275840554,1
18,10,14.414490414183216,11.089821361148589,1
18,11,16.031245540066095,6.701282771597047,1
18,12,13.30864178460789,5.6729079980026915,1
18,13,15.027593149699019,9.542174533764765,1
18,14,4.049494074490364,-2.361015013174844,2
18,15,-2.7357860080871212,-2.433777401052079,2
18,16,1.231603490382783,3.2564394746009246,2
18,17,-1.6313590263178073,1.4475761111377143,2
18,18,2.7108415208887653,1.3490738516953331,2
18,19,-1.9711932429731434,0.23266948396011009,2
19,0,-12.972152916085157,-1.4146511098942003,0
19,1,-11.528111429525772,0.6892888510453296,0
19,2,-11.20447547832007,-1.0117526412584898,0
19,3,-10.982360321320597,0.4145812481174354,0
19,4,-9.578296805711878,-0.4053856689724402,0
19,5,-13.432884302269603,-1.3024500983860938,0
19,6,-10.45005421765823,0.6482187913402466,0
19,7,-9.252471732066862,-0.6004136562686009,0
19,8,16.05521349511922,10.311736346688932,1
19,9,15.546524349858638,9.04180809713473,1
19,10,15.230894206290465,11.678185434864305,1
19,11,16.597219951433075,6.425695584515717,1
19,12,13.8757652564359,5.5666127776494925,1
19,13,15.608135713533803,9.727773137372262,1
19,14,4.054900038616595,-2.359131179113678,2
19,15,-2.5550215189073633,-2.03007406112685,2
19,16,1.1643842481490443,3.402049599937645,2
19,17,-1.4932111683107054,1.6810533277972102,2
19,18,3.196580119920055,1.5309555499849876,2
19,19,-1.8123458500429015,0.4747897830277914,2
20,0,-13.940624482079027,-1.4745557693844142,0
20,1,-12.284406049913807,0.3521163681706203,0
20,2,-12.271837548807612,-1.1153902911907227,0
20,3,-11.538028177990867,0.54190968371258,0
20,4,-9.961686376847105,-0.5905614918016445,0
20,5,-14.041399017134985,-1.2001670852445256,0
20,6,-11.252211268860423,0.7438628726867915,0
20,7,-10.30341461228593,-0.5711581735503144,0
20,8,16.67944275027571,10.42724909844731,1
20,9,16.31940670753868,8.912467052696785,1
20,10,16.1478335525319,11.641928873195832,1
20,11,17.15650319536165,6.199476975757692,1
20,12,14.550226102539616,5.1926220441696955,1
20,13,16.571816084407534,9.861396054919576,1
20,14,4.172836354521767,-2.2918205214778005,2
20,15,-2.611144786150208,-1.6469639421850628,2
20,16,1.1036588507442926,3.319541720236121,2
20,17,-1.377756377790698,1.979237945187574,2
20,18,3.3798993965715507,1.734617410539282,2
20,19,-1.3439638833937655,0.6634262980036638,2
21,0,-14.822405980071975,-1.4295536885612057,0
21,1,-13.257545094701864,0.5521107918997085,0
21,2,-12.962625387513995,-0.6232452983163339,0
21,3,-12.51454112627343,0.2579279462186631,0
21,4,-10.659665745295205,-0.7571637610844606,0
21,5,-14.891349449888613,-0.9163093839835185,0
21,6,-12.151236812002008,1.0347520925831544,0
21,7,-11.364430394329583,-0.5866524552745002,0
21,8,17.87134023472571,10.671808958136657,1
21,9,16.910538823912646,8.810330331450807,1
21,10,17.074840328653757,11.833268398425792,1
21,11,17.96106864093638,5.976265911176862,1
21,12,15.096319873112856,5.161948503410333,1
21,13,17.687159665031427,9.748441783350778,1
21,14,4.0021394323994475,-1.7639407786930716,2
21,15,-2.508874070449134,-1.4516048765393785,2
21,16,1.0600812422173245,3.611749483828916,2
21,17,-1.60110560290243,1.4591317349431043,2
21,18,3.7175492767873535,1.7464662044477257,2
21,19,-1.402026586965046,1.0112821992731,2
22,0,-15.475552707739208,-1.210147405495404,0
22,1,-13.910961892870315,0.3526133313475907,0
22,2,-13.720621384563655,-0.7353958395464901,0
22,3,-13.352388336509637,0.07370969733977778,0
22,4,-11.389272406673939,-0.8835149585094562,0
22,5,-15.84902874195832,-1.3138716534021606,0
22,6,-12.98995893027096,1.1099114122020393,0
22,7,-12.32441372096533,-0.5914473705599838,0
22,8,18.629598051079096,10.563426167053096,1
22,9,17.798050657706014,8.653339299013718,1
22,10,18.14070479671926,11.989615057603936,1
22,11,18.869100004307718,5.977636081907477,1
22,12,15.93826350352742,4.969545212878252,1
22,13,18.629658395748816,9.557654660662337,1
22,14,4.192769359862467,-1.9923304407462628,2
22,15,-2.487521984817009,-1.3730543196385991,2
22,16,1.1704632661038403,3.64040806496771,2
22,17,-1.7671274885740265,1.740841426279025,2
22,18,3.8115648653426644,1.5931681112617808,2
22,19,-1.4222384415539182,1.0461305235660021,2
23,0,-16.07447534786413,-1.1712703104408027,0
23,1,-15.019054782906874,0.5796111584034094,0
23,2,-14.714188070638944,-0.9718782671361775,0
23,3,-14.170539713774332,-0.040279144689501126,0
23,4,-12.43561145283739,-1.2846599612507246,0
23,5,-16.78373484251851,-1.2423078656639661,0
23,6,-13.375977859672753,1.2703551804319742,0
23,7,-12.855848941102158,-1.0625586064346644,0
23,8,19.05758905409461,10.726280382337936,1
23,9,18.586749630087848,8.888821942632635,1
23,10,18.863720782127118,11.887172253077303,1
23,11,19.449936616737492,5.702760607979204,1
23,12,16.786493541911646,4.9747609291643835,1
23,13,19.676743932258024,9.416676583250398,1
23,14,4.398095171499954,-1.9954516602990773,2
23,15,-2.640637196263049,-1.3126870847677816,2
23,16,1.1318184999050498,3.792384122190344,2
23,17,-1.683654258649291,1.8652869283191253,2
23,18,3.7866266467492524,1.5313734410642907,2
23,19,-1.1018336700822713,1.0551815399742819,2
24,0,-17.279789481825865,-1.3055359783046283,0
24,1,-16.120227038276102,0.6890915271258592,0
24,2,-15.61552113803706,-0.8556700294709201,0
24,3,-15.033224007835754,0.09711774290098317,0
24,4,-13.355450813256683,-1.4863228787140899,0
24,5,-17.66613002425305,-1.4515053873717019,0
24,6,-14.178996309813,1.3629950335330079,0
24,7,-13.353475743948497,-0.7677635151873968,0
24,8,20.12857664930733,10.816236033136791,1
24,9,19.305915735091162,8.97254248015393,1
24,10,19.83456662593848,12.042259699239578,1
24,11,20.124538593867744,6.02244880007815,1
24,12,17.747653737712437,4.986651609305491,1
24,13,19.831134523957846,9.491397932542574,1
24,14,4.119769043104956,-2.2118085164119528,2
24,15,-2.6498983007762007,-1.4046616540050312,2
24,16,1.023363218625489,3.8281199003839195,2
24,17,-1.810403083136178,2.1168912463998106,2
24,18,3.688351151290982,1.4661726856691344,2
24,19,-1.0230486426209884,1.0259214657144018,2
25,0,-18.202710198516932,-0.9729634061530537,0
25,1,-16.970453285966002,0.8835130155890334,0
25,2,-16.501881559487305,-1.0424827560822154,0
25,3,-16.050228781607395,-0.051209732427626095,0
25,4,-14.486790173001214,-1.6821329626636867,0
25,5,-18.33453515395281,-1.5576451657079142,0
25,6,-14.86995264314886,1.5945078974307532,0
25,7,-14.11351403082671,-0.8925545632588487,0
25,8,21.0303442637153,10.889956185192657,1
25,9,19.963952531614733,8.565632075219877,1
25,10,20.458974127019378,12.130694957863202,1
25,11,20.817311995926964,6.080181204783255,1
25,12,18.793017180030898,5.141307872916107,1
25,13,20.13150644704518,9.291679221298086,1
25,14,4.087526376587461,-1.891290440063292,2
25,15,-2.458723867264715,-1.038201766613438,2
25,16,1.3372860901709445,4.038803877169237,2
25,17,-1.7801297358384123,2.086492864227714,2
25,18,3.7568362428230513,1.6289058549304363,2
25,19,-0.7344626370377607,1.0678710399783484,2
26,0,-18.687386930175453,-0.8059676367058379,0
26,1,-17.764590000500174,1.1429733642851971,0
26,2,-17.425628466050412,-1.2118895290418124,0
26,3,-16.52331526747908,-0.2669984187844745,0
26,4,-15.08003343353137,-2.0385464030560314,0
26,5,-18.76298540867228,-1.8750080011491215,0
26,6,-15.354642126673925,1.2459253928798533,0
26,7,-14.702354847322365,-0.8040854595770837,0
26,8,22.002784565034624,11.228333554177906,1
26,9,20.639514758918253,8.521983987124333,1
26,10,21.694097339758326,12.30330886146355,1
26,11,21.63849913597715,5.795251180139108,1
26,12,19.566680374080665,4.931297397911991,1
26,13,21.01191881994942,9.347821346044684,1
26,14,4.538464561590202,-1.9424309538307523,2
26,15,-1.9766513395485088,-0.974131378052691,2
26,16,1.533275485851651,4.030724000197544,2
26,17,-1.8876177027365124,1.9651015693331386,2
26,18,3.8727705414106035,1.634962174256835,2
26,19,-0.8516746923730318,1.0972877573733553,2
27,0,-19.759982555650765,-0.5382751521952457,0
27,1,-18.5465130686084,1.2035555190991025,0
27,2,-18.08876531578729,-1.313956832153815,0
27,3,-17.4471386700075,-0.4455345121650076,0
27,4,-15.778067335166803,-1.7413486412313766,0
27,5,-19.465106642726987,-1.912908024811101,0
27,6,-16.07938545964921,1.4030303519503144,0
27,7,-15.579731338841786,-0.7835097840321101,0
27,8,22.554452784279835,11.04854149914748,1
27,9,21.43871531164531,8.436673640413247,1
27,10,22.32755168156774,12.320993284382356,1
27,11,22.68714374885526,6.18784134287873,1
27,12,20.65807436284528,4.925049617412112,1
27,13,21.865119978639775,9.29379342882493,1
27,14,4.4472731336167275,-1.6407997655325468,2
27,15,-1.754020836205758,-0.9506191366787952,2
27,16,1.294768592899561,4.437477771142768,2
27,17,-1.9846742515035316,2.0495832401824146,2
27,18,3.99676180477019,1.6457016524087267,2
27,19,-1.054090990962125,1.1403912931895868,2
28,0,-20.964341677536833,-0.8618106758375037,0
28,1,-19.56399613614962,0.9903441257960197,0
28,2,-18.585518142453648,-1.6721106754106727,0
28,3,-18.520976865308715,-0.49159475958005494,0
28,4,-16.391922471051213,-1.6775118544994436,0
28,5,-20.457146660944897,-1.6185306140316726,0
28,6,-17.162326866084747,1.431798377870449,0
28,7,-16.35697513001908,-0.8224285655897631,0
28,8,23.431995918313408,11.146348046437762,1
28,9,22.094228833037455,8.488376235606825,1
28,10,23.134881936968068,12.259406818377489,1
28,11,23.29692736487457,6.519229012832714,1
28,12,21.529421869258712,4.547052496481895,1
28,13,22.68268224475633,9.504892350757915,1
28,14,4.044765459465799,-1.5768697677431953,2
28,15,-1.590149740700069,-0.8264691000207269,2
28,16,1.5306896144695925,4.27290576648575,2
28,17,-1.9760059549671316,1.6691919413737486,2
28,18,4.239370908706569,1.7042560888175404,2
28,19,-0.9831144343300505,0.8005053869597227,2
29,0,-21.929993968171782,-0.6497917361193332,0
29,1,-20.630138758287625,0.959010675605477,0
29,2,-19.126086905366762,-1.7568458376357934,0
29,3,-19.39978275378591,-0.27003075162072177,0
29,4,-17.041375319053518,-1.5415314424685864,0
29,5,-21.52311841499163,-1.7995590191371735,0
29,6,-17.92228105010937,1.2059817703248839,0
29,7,-17.089087804822075,-0.5262141775759028,0
29,8,24.434640935102472,11.212242937140099,1
29,9,22.809246475787507,8.549122903741017,1
29,10,23.978715304445203,12.114575554046404,1
29,11,24.010728729276497,6.768212326143505,1
29,12,22.339192115712862,4.597126005435637,1
29,13,23.34898310416667,9.343014263732478,1
29,14,4.0555308707557325,-1.95219920986988,2
29,15,-1.4239418594423916,-0.9277019724777932,2
29,16,1.6347222923377245,3.926029557508041,2
29,17,-1.817112118251325,1.6912572929777685,2
29,18,4.079240031831145,1.4791876455771198,2
29,19,-1.255488899396417,1.1551046279887736,2
30,0,-22.911447433976843,-0.3671611545466439,0
30,1,-21.26618558887942,0.8527922645531248,0
30,2,-19.77297244216549,-1.3819950973458277,0
30,3,-20.10077193452693,-0.33095293292525985,0
30,4,-17.808331445498165,-1.5693950580022444,0
30,5,-22.08614374247452,-1.8734465260113593,0
30,6,-18.61156637370196,1.0292027451837074,0
30,7,-18.082212445025466,-0.6785102749194664,0
30,8,24.921793598576638,11.204826871669592,1
30,9,23.855136855768738,8.634133689436608,1
30,10,24.711783729292208,12.217418702931472,1
30,11,24.9849470730587,6.8520163482375045,1
30,12,22.97631492541737,4.422204695980266,1
30,13,23.92395609324751,9.547512778432218,1
30,14,4.053319402483301,-1.8951343173668371,2
30,15,-1.4540182862969093,-0.9662051687455377,2
30,16,1.5929292252530256,3.767365811811592,2
30,17,-1.8892510508113152,1.970727878651926,2
30,18,4.4170718156922355,1.410389566801983,2
30,19,-1.5281057403777063,1.137864632425148,2
31,0,-23.618532155373927,-0.20889798118803768,0
31,1,-21.971001936757563,0.8609138228198391,0
31,2,-20.53227942749766,-1.1670637483096855,0
31,3,-20.677108482602325,-0.5722866457468401,0
31,4,-18.5283050459735,-1.4205353240477314,0
31,5,-22.78952184584857,-2.21137978703491,0
31,6,-19.52810921098331,1.0673890627833524,0
31,7,-18.808903408440393,-1.0825521114756416,0
31,8,25.91997924560028,11.295255206983592,1
31,9,24.279681493047747,8.52754169001036,1
31,10,25.738556213240802,12.018694170315854,1
31,11,25.421731779422075,7.226289860308515,1
31,12,23.757508009006937,4.512879278226188,1
31,13,24.486402185782204,9.58477608590953,1
31,14,4.075642303875994,-1.8151800346655511,2
31,15,-1.4280780797722017,-1.0517543675027783,2
31,16,1.4492735764799858,3.579276089255269,2
31,17,-2.037122579318423,1.6366760823800748,2
31,18,4.39797297543871,1.2371092013396305,2
31,19,-1.8428183999677163,0.989936583532427,2
32,0,-24.401955806718735,-0.331880659710859,0
32,1,-22.689103312631048,0.6557630334287322,0
32,2,-21.726468890609905,-1.4519585463738303,0
32,3,-21.562256990849445,-0.537373444170116,0
32,4,-19.373848680594648,-1.3385837990791873,0
32,5,-23.820364463499672,-1.9979345435679905,0
32,6,-20.531087023638186,1.2478616092306318,0
32,7,-19.510805302391113,-1.106669503466571,0
32,8,26.617239255480268,11.31427117972889,1
32,9,24.79048117993454,8.61837345003336,1
32,10,26.260242973640835,11.931251212841724,1
32,11,26.096247450738222,7.294468227904545,1
32,12,24.21799471253004,4.7418528439625085,1
32,13,25.406641936790216,9.77697818796374,1
32,14,4.238001744066829,-1.3876466995324372,2
32,15,-1.2344034700915194,-1.1960759406907253,2
32,16,1.3073239833025498,3.707735014535384,2
32,17,-1.6357864213863922,1.9401848891469013,2
32,18,4.482482673562986,1.159256527370389,2
32,19,-1.8798061647130828,1.0236773249851436,2
33,0,-25.23576143289545,-0.19117543063661815,0
33,1,-23.81116797802725,0.8330972114914661,0
33,2,-22.55063818496064,-1.5707707926716892,0
33,3,-22.619195086149936,-0.5635739007477965,0
33,4,-20.178630685592612,-1.265066100710025,0
33,5,-24.458654222001023,-2.0621917083355608,0
33,6,-21.375731971804477,1.0584777300155943,0
33,7,-20.30601269061233,-1.0570929620751282,0
33,8,27.400119926399075,11.74113462185847,1
33,9,25.49330000042144,8.519908195779697,1
33,10,27.067197751719224,11.78988412944169,1
33,11,26.56715943916402,7.311508731780616,1
33,12,24.929496493949664,4.326563672546925,1
33,13,25.94352723019401,9.690225293581399,1
33,14,4.222170781202142,-1.6061318575995729,2
33,15,-0.9686852356594697,-1.295501734783537,2
33,16,1.306756058048786,3.839906635738796,2
33,17,-1.3919158285748703,1.6623790823492803,2
33,18,4.406556272511385,1.3475795655837488,2
33,19,-1.7312960630469414,0.9838047833485059,2
34,0,-26.010714254600586,-0.052338251136820974,0
34,1,-24.73284214975856,0.8718050971450912,0
34,2,-23.419501977774047,-1.4519723848262314,0
34,3,-23.626435265287125,-0.6111361245226868,0
34,4,-20.956817279785813,-1.2506805135531383,0
34,5,-25.335264963113698,-2.379466587075822,0
34,6,-22.26483336546669,1.0273444951910011,0
34,7,-21.218799265910242,-0.8869498264612441,0
34,8,28.42051830584167,12.06472469134826,1
34,9,26.48845940700204,8.347860447524713,1
34,10,27.865361324679416,11.587012837715621,1
34,11,27.068678490979103,7.536916642422849,1
34,12,25.53971095077871,4.37789596812318,1
34,13,26.590212486830797,9.396729866156802,1
34,14,4.2164090526454165,-1.5663494550013408,2
34,15,-1.0627137447064086,-1.539582717174341,2
34,16,1.2543687758362603,3.7890920658896694,2
34,17,-1.4144265028253273,1.7095779373275688,2
34,18,3.8848247111998937,1.294940536776186,2
34,19,-1.576448761389019,1.0897286011244203,2
35,0,-26.784170058693935,-0.26799509840868874,0
35,1,-25.363495737045643,0.9449294195982322,0
35,2,-24.425569975496987,-1.153289309434898,0
35,3,-24.273649099431854,-0.7925396775971745,0
35,4,-21.6811130269193,-1.5768642313451802,0
35,5,-25.970494435055233,-2.2785903004572026,0
35,6,-22.808987816898757,1.1503338926417093,0
35,7,-22.151528775373684,-0.9878234878498415,0
35,8,28.928157627056507,12.086670138394956,1
35,9,27.61827553810977,8.07097559568091,1
35,10,28.591765939165974,11.514367743114452,1
35,11,27.84046361865646,7.747982960607939,1
35,12,25.964662366919676,4.305436344276735,1
35,13,27.614169477560836,9.457540700512668,1
35,14,3.947832481995175,-1.4291181896885687,2
35,15,-1.0336180096910192,-1.831936303029649,2
35,16,1.5257707877491875,3.501374464420763,2
35,17,-1.137557823014891,1.5110442360245722,2
35,18,4.074762060542519,0.9538547167064564,2
35,19,-1.191222724570625,0.9675667967309853,2
36,0,-27.504390114324867,-0.1779789537556796,0
36,1,-26.195437772500167,0.8033644915286758,0
36,2,-24.945600508104356,-1.4646000273168784,0
36,3,-25.246500315441804,-0.8884802914806077,0
36,4,-22.648387647231957,-1.401587747357349,0
36,5,-26.60458329686197,-2.3634565360420634,0
36,6,-23.68765497712043,1.3778901503021888,0
36,7,-23.105701506710705,-1.030249011832378,0
36,8,29.892302133040506,12.181354457242355,1
36,9,28.755889576785687,8.534866450902868,1
36,10,29.492199160246766,11.592462589881386,1
36,11,28.517045918611554,7.587110846669657,1
36,12,26.538294934928494,4.420828829467549,1
36,13,28.45986677907504,9.450776635995256,1
36,14,3.648712181086015,-1.4405284930486355,2
36,15,-0.6727063556361691,-1.7609865383561003,2
36,16,1.4980435223260622,2.993880915848354,2
36,17,-0.959046771839563,1.4262930137024485,2
36,18,4.007867060942776,1.3065110056802223,2
36,19,-1.337046746439865,1.0147879686296515,2
37,0,-28.01402051884811,-0.08246222482209609,0
37,1,-26.940756048420496,0.7566420951684354,0
37,2,-25.62480943636459,-1.3645140542640126,0
37,3,-25.989015916912106,-0.7442534908512664,0
37,4,-23.483240171469642,-1.355198659166788,0
37,5,-27.30365321385845,-2.3570562692284627,0
37,6,-24.528912016725396,1.4442330558610936,0
37,7,-23.924154074866916,-0.8840382733481494,0
37,8,30.759466878050464,12.273077890497067,1
37,9,29.245621939255127,8.63996553386516,1
37,10,30.258979211971102,11.554907178465912,1
37,11,29.355565158762577,8.074381318979544,1
37,12,27.605433174181336,4.345414837314291,1
37,13,29.050448300267455,9.343658547353757,1
37,14,3.539715860612158,-1.4707227489407557,2
37,15,-0.5733291639916264,-1.3983549970937865,2
37,16,1.6753859749684197,3.379971695783085,2
37,17,-1.335873179977285,1.590010279603764,2
37,18,3.8925845408674187,1.4747569734919916,2
37,19,-1.4793261041926005,0.9394965855242102,2
38,0,-28.745897221789868,-0.34145963346309144,0
38,1,-27.719205118433326,0.28288199165209094,0
38,2,-26.493289625604163,-0.921662789571629,0
38,3,-26.667496042384805,-0.5859928555743789,0
38,4,-24.391802637534493,-1.2180906946844956,0
38,5,-28.109497896098013,-2.5395549670632933,0
38,6,-25.271536228475973,1.519375995546987,0
38,7,-24.459446832018177,-0.9698477410250783,0
38,8,31.479917224583357,12.473634633458579,1
38,9,30.0268589282824,8.485426683530205,1
38,10,31.37912057944764,11.498276307125595,1
38,11,30.442925910218207,8.299720442678664,1
38,12,28.399299808891627,4.2559498171097685,1
38,13,30.019448754525282,9.227533985856118,1
38,14,3.512634455458455,-1.41691074191842,2
38,15,-0.3222495811899479,-1.5978740120428765,2
38,16,1.6867557000357871,3.341278275003843,2
38,17,-1.1834559797421345,1.4297717984948646,2
38,18,3.5434965312887527,1.4910675499085062,2
38,19,-1.636282447984856,0.6914854587165059,2
39,0,-29.46560076186145,-0.35463890383066443,0
39,1,-28.31680220324866,-0.10760419341280741,0
39,2,-27.377753255248752,-0.7901454913332938,0
39,3,-27.23786324193571,-0.6956256191346148,0
39,4,-25.24988715596882,-1.2209285917189137,0
39,5,-28.854922603167648,-2.3979010408384407,0
39,6,-25.754543970604193,1.4915082685006151,0
39,7,-25.381810550175544,-0.7017397772515398,0
39,8,32.17907431995121,12.54681001884894,1
39,9,30.697749225323342,8.65688430487118,1
39,10,32.13063794226388,11.756235594135658,1
39,11,31.535137200932603,8.598266100496724,1
39,12,28.971958330911036,4.491262410309491,1
39,13,30.531487581343924,9.150776808637069,1
39,14,3.555365282772374,-1.345559222670149,2
39,15,-0.06307127143997238,-2.08971554304474,2
39,16,1.3672736121345999,3.412826585931321,2
39,17,-1.677856158272496,1.5651013798609623,2
39,18,3.4821026099198455,1.6314276646382955,2
39,19,-1.6053774494996211,0.5581766888039844,2
40,0,-29.820236786479956,-0.37710324719100574,0
40,1,-29.331768889114098,0.28665968960812405,0
40,2,-28.35008039487133,-0.6880717977387861,0
40,3,-27.807305981852565,-0.8976532495928135,0
40,4,-25.97309467048268,-1.0279013585053733,0
40,5,-29.801109467282195,-2.362155748486477,0
40,6,-26.671077053104092,1.7975609533940835,0
40,7,-25.70371893606224,-0.6094653822902947,0
40,8,32.98018715779967,12.601713285770023,1
40,9,31.490230561121226,8.621423603475359,1
40,10,32.639136355510836,11.945075941599507,1
40,11,32.19663459814354,8.466085419148364,1
40,12,29.854414281572094,4.426158961719224,1
40,13,31.087238929452656,9.185155650345411,1
40,14,3.372281846103115,-1.1020687041367943,2
40,15,-0.16551071279205404,-1.951643220920397,2
40,16,1.4822985369079953,3.5150195838307616,2
40,17,-1.6868977527636086,1.5807216072201746,2
40,18,3.3502698112573106,1.2955948890393774,2
40,19,-1.367655222302989,0.4810802078184727,2
41,0,-30.705900309448335,-0.2122785011101973,0
41,1,-30.055719537652106,0.41483668700870235,0
41,2,-28.897115375472268,-0.9097761172211283,0
41,3,-28.66271742611681,-0.7474949839591231,0
41,4,-26.775151009472932,-1.0659415820784792,0
41,5,-30.353486658397863,-2.3118698066390073,0
41,6,-27.377677098090572,2.184624695937524,0
41,7,-26.758866449175486,-0.4057351604086391,0
41,8,33.887103116181535,12.563622705565386,1
41,9,32.08319199387384,8.718330615677306,1
41,10,33.58209352199905,12.153561699871453,1
41,11,33.228086920484806,8.68870207289363,1
41,12,30.81114159327952,4.457857956472232,1
41,13,32.083185637651475,9.400458109792483,1
41,14,3.5133892604167714,-1.1056188039118096,2
41,15,-0.33323666593062246,-2.0611772820001573,2
41,16,1.6918802020104675,3.4218233445998516,2
41,17,-1.8202222424329682,1.7074810061220904,2
41,18,2.9070451753266546,0.8249220208946902,2
41,19,-1.3647404863180286,0.5047699841922499,2
42,0,-31.70422084248135,-0.45963009532033283,0
42,1,-31.004507389729085,0.06858233185736862,0
42,2,-29.91374690418541,-0.7117598401371527,0
42,3,-29.505168138922507,-0.957948856501546,0
42,4,-27.861344631703236,-1.0529276487180566,0
42,5,-31.332881548935326,-2.4853263595100747,0
42,6,-28.60225317436939,2.7322764586404276,0
42,7,-27.527969055585647,-0.5562961280476891,0
42,8,34.44934123794473,12.516047617045022,1
42,9,32.61383466012319,8.295258766947885,1
42,10,34.20752657454105,12.421167963834547,1
42,11,34.03407529114429,8.824933086822698,1
42,12,31.33563669019501,4.406923519300756,1
42,13,33.07307752332797,9.656887050948452,1
42,14,3.2531220679450583,-1.2108988238257763,2
42,15,-0.1994033890156809,-2.091047206530971,2
42,16,1.3147536022886905,3.411720583440043,2
42,17,-1.9946899517900338,1.6285308686102085,2
42,18,2.903065008787276,0.730734326656064,2
42,19,-1.4096257963056396,0.37520600330493487,2
43,0,-32.50795285080594,-0.0176156486130572,0
43,1,-31.97691851114882,0.13252665129120295,0
43,2,-30.350792624324004,-0.7694089055501302,0
43,3,-30.001335890477318,-0.8117012833888415,0
43,4,-28.46525997955669,-1.1690059377298188,0
43,5,-31.798957171186963,-2.5603114868272683,0
43,6,-29.405509978513855,2.3379775247314307,0
43,7,-28.042683456546627,-0.6648470223063886,0
43,8,35.08853010768654,12.30685178457071,1
43,9,33.71497765173852,8.492444313252946,1
43,10,34.91600682578812,12.560824963264551,1
43,11,35.02950168058868,8.646515679846111,1
43,12,32.18422774091914,4.258992091647662,1
43,13,34.27832018291326,9.77333100627524,1
43,14,3.1441533261717023,-1.341156040659739,2
43,15,-0.44982784228945033,-1.7205879386160254,2
43,16,1.368718604307004,3.2264814717649646,2
43,17,-2.1064628312300626,1.7984038955136081,2
43,18,2.771820501357913,0.70017431209083,2
43,19,-1.4129840656296349,0.06074348508144101,2
44,0,-33.39462086902527,-0.2589287865296788,0
44,1,-32.69037978411738,0.3884908592126795,0
44,2,-30.785796878192023,-0.8537909113266575,0
44,3,-30.956292640906668,-0.6445079489578665,0
44,4,-29.181171370107453,-0.9299171500188441,0
44,5,-32.39533637395829,-2.549321904550447,0
44,6,-30.1865664354412,2.206659675336285,0
44,7,-28.86743047133332,-0.6236124437522927,0
44,8,35.62345428240054,12.199506368895895,1
44,9,34.468685625377745,8.332078667978402,1
44,10,35.78137507978366,12.711324134200943,1
44,11,35.5909138557822,8.530636737051033,1
44,12,32.90815359278577,4.187913234439449,1
44,13,35.493964326506266,10.045346066103445,1
44,14,3.3536155822834406,-1.4331376213054994,2
44,15,-0.2963529384571708,-1.452754363049754,2
44,16,1.7486373937497997,3.5659447994390523,2
44,17,-1.8839049089614752,1.1189747167574509,2
44,18,2.4186994186970296,0.6754221373974623,2
44,19,-1.687321654211309,-0.3900538102376299,2
45,0,-34.35663362915438,-0.42194854204781684,0
45,1,-33.708310389778475,0.3542874911308523,0
45,2,-31.667787772025324,-0.8654080019013439,0
45,3,-31.824691747298388,-0.7746532659977935,0
45,4,-29.89460194274062,-0.8526901399042781,0
45,5,-33.25414447260695,-2.5616983587979254,0
45,6,-30.613541022684252,2.190395100079004,0
45,7,-29.632983010427857,-0.716323300051283,0
45,8,36.40026947770056,12.198559147340326,1
45,9,35.66454202263814,8.367554247989657,1
45,10,36.86308230667888,12.573946939393748,1
45,11,36.46385884409468,8.62724517734832,1
45,12,33.53970391596455,4.134326212410505,1
45,13,36.388215371706906,10.275189009042595,1
45,14,3.181792802904336,-1.9245654232781577,2
45,15,-0.1220342231172902,-1.4285840152269194,2
45,16,1.8036451882408133,3.160383947461577,2
45,17,-2.1985493478041436,0.9794704751042101,2
45,18,2.2943233364140356,1.0172873563382407,2
45,19,-1.2594512540116019,-0.2843172877885768,2
46,0,-35.291103279477205,-0.6135718048077765,0
46,1,-34.83785062884041,0.059423513591231214,0
46,2,-32.58407878745334,-0.46653335304795784,0
46,3,-32.6877280227588,-1.0460891190780182,0
46,4,-30.743342114978322,-0.7472080518591464,0
46,5,-33.83700732663157,-2.5889637777416867,0
46,6,-31.14747263890959,2.309573555461879,0
46,7,-30.7125214792578,-0.7876343626067059,0
46,8,37.098058078411974,12.147732886333372,1
46,9,36.35661020352323,8.52870191133072,1
46,10,37.379924171994105,12.277844156990094,1
46,11,37.2244525135964,8.913047894859737,1
46,12,34.24284664135185,4.43157866306248,1
46,13,36.892058440234045,10.050699790891903,1
46,14,3.04387955955669,-2.130062068220319,2
46,15,0.014856914887571016,-1.2776153683452656,2
46,16,1.9249273815649097,2.945280172920211,2
46,17,-2.353113774208497,0.7689014046844168,2
46,18,2.0221787032445913,0.8821968019114548,2
46,19,-1.1609681418676714,-0.3156994692273262,2
47,0,-36.13701924367793,-0.3435420865092671,0
47,1,-35.497881444788824,0.16270101792243785,0
47,2,-33.03921574932658,-0.5279580903576703,0
47,3,-33.528048857575016,-0.6722014859943231,0
47,4,-31.665002725985264,-0.46835517936002563,0
47,5,-34.81593691647921,-2.258523885672854,0
47,6,-31.83107208546425,2.39442656022985,0
47,7,-31.464979864842874,-0.9860549639781032,0
47,8,38.155097688117166,12.679260601770252,1
47,9,36.9445145618304,8.48913665010055,1
47,10,38.39413670040917,12.209334114897084,1
47,11,38.108046342826654,9.30173532920704,1
47,12,35.003886507858056,4.342743218499726,1
47,13,37.767848439125096,10.282136288220517,1
47,14,2.963311430667675,-2.2887836617425696,2
47,15,-0.10146003289470874,-1.4987666747231976,2
47,16,1.9353711981183477,3.248573504776262,2
47,17,-2.435656335226449,0.64782996409887,2
47,18,1.8513687356734543,0.8526608772219544,2
47,19,-1.3687532714571238,-0.3276500791919309,2
48,0,-36.85902970272615,-0.2747202261386297,0
48,1,-35.922414284778434,-0.014781519118752473,0
48,2,-34.26042447075555,-0.5488412647478654,0
48,3,-34.44453137497915,-0.3627640662927034,0
48,4,-32.616833088423974,-0.7615145481505194,0
48,5,-35.607379905944335,-2.2145158043264477,0
48,6,-32.55598721210331,2.2762613093351973,0
48,7,-32.22618163569387,-0.6889581153665731,0
48,8,38.954181508679916,13.342548726514469,1
48,9,37.40684308178234,8.279649511719033,1
48,10,39.270573696631374,12.253064320443906,1
48,11,39.22071282059895,9.136993121558298,1
48,12,35.49068360160952,4.528579347405324,1
48,13,38.39782232801543,10.043216274973945,1
48,14,3.1740847511529537,-2.189753843386806,2
48,15,0.02552041671254511,-1.588998324863273,2
48,16,1.673893854554964,3.2811302794647994,2
48,17,-2.765059780097359,0.7093833166622449,2
48,18,1.892642358671286,0.6609280847510095,2
48,19,-1.3771122882815552,-0.13526431376094125,2
49,0,-37.78557715148283,-0.14381608767978635,0
49,1,-36.505579874255346,0.10002159898482328,0
49,2,-35.30533164323866,-0.39582933951826427,0
49,3,-35.23048559822183,-0.2734576584085154,0
49,4,-33.38806527374213,-0.5162537223898988,0
49,5,-36.32409823010273,-2.3307507862158583,0
49,6,-33.12917136715803,2.1994531668498043,0
49,7,-33.11049814746877,-0.862001006296781,0
49,8,39.64702272583922,13.123684078320363,1
49,9,38.54653019485051,8.108377732023095,1
49,10,39.9438282464465,12.149081362464415,1
49,11,40.20418625932109,9.142266783873954,1
49,12,36.46881543149247,4.952954480936804,1
49,13,39.44947530545467,9.821385502931953,1
49,14,3.2798412209304963,-2.1257517746857992,2
49,15,0.15973960424918743,-1.4964717894956552,2
49,16,1.4278359251751,3.1243181118232894,2
49,17,-2.887926613981895,0.7889915953139474,2
49,18,1.6747572242278976,0.33964146007596363,2
49,19,-1.7486670273344103,-0.4385906213100005,2
50,0,-38.2620518991135,-0.347650702510107,0
50,1,-37.31713392697768,0.11480738473876179,0
50,2,-35.987067702510295,-0.3734464565917383,0
50,3,-35.498997305356475,-0.10812879466071706,0
50,4,-34.43540712678303,-0.703330389262993,0
50,5,-37.14885371325626,-2.3667675017189262,0
50,6,-33.8095886800077,1.9329713793450374,0
50,7,-33.71360689508296,-0.8756188318347903,0
50,8,40.37248378797092,13.381822699304298,1
50,9,39.377379632798494,8.414454171396823,1
50,10,40.71042388675745,12.009663840016552,1
50,11,40.919204468336865,8.912788372913887,1
50,12,37.5099874329551,5.2637657624956145,1
50,13,40.52046993900058,9.790408260845298,1
50,14,3.436980816182089,-2.047359287780715,2
50,15,0.036130155408459944,-1.6333912680497875,2
50,16,1.2729489874726223,3.1936764944652243,2
50,17,-2.965935588332939,0.8991213754059927,2
50,18,1.5554732781489702,0.0621002369293599,2
50,19,-1.8665355430542063,-0.6100058143871823,2
51,0,-38.88920153567789,-0.23702643004289975,0
51,1,-37.92025362894574,0.19871852543029228,0
51,2,-36.7286899338885,-0.5829460224526757,0
51,3,-36.68178105837608,0.20004852270914436,0
51,4,-35.37502851981553,-0.8971512113408264,0
51,5,-38.02251414419407,-2.411517257403907,0
51,6,-34.671015227464956,1.8800167933902665,0
51,7,-35.034979735852005,-0.8156502866479304,0
51,8,41.00771751435199,13.347840520194115,1
51,9,40.13796793216198,8.433473299446945,1
51,10,41.4772614948467,12.247159105223513,1
51,11,41.655155063871796,8.532535768876095,1
51,12,38.03255000460355,5.321769066007009,1
51,13,41.314054985830836,9.716168481207575,1
51,14,3.368502529913078,-1.9735717567368827,2
51,15,0.023501793632694355,-1.6612141987386944,2
51,16,0.9750813789864219,3.4814441877073907,2
51,17,-3.084791659453732,0.848375888707595,2
51,18,1.315180251774992,-0.17369265917093787,2
51,19,-1.7674209872585327,-0.34419425935763537,2
52,0,-39.80425678824629,-0.1265319523874177,0
52,1,-38.67334561139184,0.2880221812832357,0
52,2,-37.63529671477109,-0.7454564679964623,0
52,3,-37.40750932779166,0.5140817656862251,0
52,4,-36.24847357921102,-1.2280256525672255,0
52,5,-38.800197985340326,-2.3945729149568082,0
52,6,-35.55125794932515,2.0350590168536087,0
52,7,-35.84844726259023,-0.9872882376175455,0
52,8,41.58103299161597,13.293968695577624,1
52,9,40.85167704504691,8.67412236641511,1
52,10,42.23456203233527,12.411297037268236,1
52,11,42.43889561607654,8.201123700218824,1
52,12,38.715770456936326,5.298951206142278,1
52,13,42.33302066956972,9.521250029232869,1
52,14,3.5187425232636818,-2.134165053253315,2
52,15,-0.34224790830630836,-1.7575891210252526,2
52,16,1.1743767618771694,3.348025638600255,2
52,17,-3.363320881729533,0.8494888267621382,2
52,18,1.1009709896477684,-0.27847828898405597,2
52,19,-1.542053886581061,-0.3329927187305446,2
53,0,-40.265582845642854,-0.1517256724164015,0
53,1,-39.37826164822557,0.39117603444035876,0
53,2,-38.2937056987601,-0.8159120646546876,0
53,3,-38.07839401702868,0.48222357023019663,0
53,4,-36.72546120641663,-1.4349693895262465,0
53,5,-39.65343927614456,-2.075275364289572,0
53,6,-36.234281108250244,2.1162798363934523,0
53,7,-36.42662452798838,-1.095900626660001,0
53,8,42.55671706217667,12.978519696318376,1
53,9,41.413873852323036,8.593681486658815,1
53,10,42.86514026205418,12.536176227497805,1
53,11,43.24029083849728,7.984722381938232,1
53,12,39.468463617999326,5.001066319686794,1
53,13,43.19218171830195,9.353612689651762,1
53,14,3.371396387711524,-2.233249807042778,2
53,15,-0.24313823405715443,-1.7386244582841066,2
53,16,1.3492144387945328,2.8319066206237364,2
53,17,-3.4722215333252358,0.9860929098870659,2
53,18,1.1765360848525177,-0.5015430400317266,2
53,19,-1.6468756494735657,-0.5096123963623781,2
54,0,-41.18208906129769,-0.1569336882966564,0
54,1,-40.37417612193631,-0.3495912150978606,0
54,2,-38.91254603615876,-1.1370126959514315,0
54,3,-38.98237588673811,0.8370146401531091,0
54,4,-37.5094197158347,-1.54400662701797,0
54,5,-40.442289725156364,-2.4826034927174496,0
54,6,-36.80671689995972,2.1876425768364838,0
54,7,-37.615653259776316,-0.8906027350068252,0
54,8,43.48981547932487,13.166218490685223,1
54,9,42.27960941505372,8.627802909451855,1
54,10,43.47258648100002,12.301157614502191,1
54,11,44.206159922297594,7.771810110551949,1
54,12,40.69560004177842,5.136218944304287,1
54,13,43.92971768860027,9.550742928687429,1
54,14,3.364130034432728,-1.9885291877164568,2
54,15,-0.3347887041778813,-1.8134151549998445,2
54,16,1.0496836842814994,2.7238968014283156,2
54,17,-3.7179703043561063,1.1611000382623748,2
54,18,1.2562808432352155,-0.6828588483932551,2
54,19,-1.5314943952055557,-0.671106959315077,2
55,0,-41.74737609157039,-0.04478772321411001,0
55,1,-41.3293347381318,-0.5054998425142079,0
55,2,-39.94288081452588,-1.0099569333809084,0
55,3,-40.192325664953586,0.8672834498280827,0
55,4,-38.49120770058662,-1.7956818150067024,0
55,5,-41.321939688376375,-2.4759914305672734,0
55,6,-37.416619067667035,1.9161265448766205,0
55,7,-38.3307651661947,-0.7597660530387055,0
55,8,44.50518794198093,13.092070284421649,1
55,9,42.88622684060528,8.663329105892945,1
55,10,44.1358908694332,12.40758220066974,1
55,11,45.13982941021058,7.927094968990058,1
55,12,41.722328575252504,5.01932033585087,1
55,13,44.53296558277103,9.446073357385899,1
55,14,3.606496134341318,-1.5913296853416838,2
55,15,-0.22286212994096555,-1.7725499149153792,2
55,16,0.9513296530812907,2.84675699097046,2
55,17,-3.694832417962862,1.112664995429176,2
55,18,1.1352602612123233,-0.7649275715867786,2
55,19,-1.5047188294759348,-0.7567300638775804,2
56,0,-42.47727847501303,0.25143411060577114,0
56,1,-42.179808422864376,-0.5030434229441829,0
56,2,-40.45815825291942,-1.1149781081434575,0
56,3,-41.11730093560841,0.9023580802217913,0
56,4,-39.29773974352482,-1.666287639001,0
56,5,-41.9371077413572,-2.8977665016931136,0
56,6,-38.47667317834882,1.8154677622158577,0
56,7,-38.87078291889903,-0.970690855626521,0
56,8,45.511477059514206,13.453900345181948,1
56,9,43.768797265055596,8.651312849861217,1
56,10,45.18732378411137,12.838098180795418,1
56,11,46.22824920016552,7.848852856374398,1
56,12,42.36251129119892,5.066133928188516,1
56,13,45.2517115675475,9.713800070710734,1
56,14,3.8033008875722256,-2.1013494940343334,2
56,15,-0.21304596374426346,-1.526217099318389,2
56,16,0.7970515873280136,2.529075840142287,2
56,17,-3.4817007207678445,0.9102271289934134,2
56,18,1.3348476466967996,-0.7905450158058787,2
56,19,-1.4243276381379941,-0.614086204808287,2
57,0,-43.187006573490365,-0.05004669268297307,0
57,1,-42.787641259455405,-0.5792988822280882,0
57,2,-41.3642607456928,-1.199403419900904,0
57,3,-41.72158471108372,0.9745976700029542,0
57,4,-40.019291180191715,-1.752087060589328,0
57,5,-42.72769362934203,-2.7379093673293364,0
57,6,-39.488062984787724,1.7518802739707589,0
57,7,-39.82089585570326,-0.7539092995115362,0
57,8,46.262780365678104,13.967957696005204,1
57,9,44.85394978816612,8.678224566964005,1
57,10,46.12067198908797,13.00023085982796,1
57,11,47.165448905020625,7.681131042455181,1
57,12,42.95576133477668,5.316010125104602,1
57,13,45.60596792046779,9.716478389369223,1
57,14,3.973414461267391,-2.2867142359597548,2
57,15,-0.2577343575728422,-1.6323647729407988,2
57,16,0.8277415318147805,2.2570325669351634,2
57,17,-3.5845543166334193,0.8501717241522598,2
57,18,1.2501077668294114,-0.972606590976073,2
57,19,-1.2856822202178266,-0.3838857998114102,2
58,0,-43.78902712953541,0.03303234656105834,0
58,1,-43.58218120696682,-0.5208408467415775,0
58,2,-42.12426583804799,-1.0527795020713029,0
58,3,-42.53292572754839,0.8109669054106311,0
58,4,-41.05953611535629,-1.6287141490970698,0
58,5,-43.194349221458324,-3.0423645295846304,0
58,6,-40.37873415431481,1.7691000396354466,0
58,7,-40.73471783901703,-1.1134331202706074,0
58,8,46.81998232518009,13.85587617281254,1
58,9,45.332862463802655,8.88110297039591,1
58,10,47.00500696633545,13.010730720794994,1
58,11,47.84827647825158,7.471989488409424,1
58,12,43.91163166729923,5.738636442669089,1
58,13,46.65325820441931,9.618942288736884,1
58,14,3.961730215874062,-2.211681150799718,2
58,15,-0.4236113648592912,-1.780462895475592,2
58,16,1.1131364308998317,2.4913773649887467,2
58,17,-3.8688711315448847,0.6361948661094787,2
58,18,1.160536137275774,-1.2968567518430487,2
58,19,-1.5161925126384406,-0.23934092479467375,2
59,0,-44.612747761319824,0.024138283113544396,0
59,1,-43.9399493119983,-0.3874115341400275,0
59,2,-42.75742868603803,-1.4425204342500497,0
59,3,-43.479071448167055,0.9320043577238599,0
59,4,-41.69814380079569,-1.6402941398302269,0
59,5,-44.00665994763122,-2.8010223714305558,0
59,6,-40.95212823491432,1.7486630163864842,0
59,7,-41.62654880172918,-0.784322920319129,0
59,8,47.86828090004689,13.804455940406037,1
59,9,45.95985936857412,8.755854350723606,1
59,10,47.72348350194701,13.05053001315413,1
59,11,48.73624163060722,7.365171170871674,1
59,12,44.74277208669979,5.61206403332371,1
59,13,47.39597364986671,9.277274006057915,1
59,14,3.4059910731779977,-2.716868001204098,2
59,15,-0.4412407321792779,-1.9809078471517696,2
59,16,1.1236599092541164,2.438650644713544,2
59,17,-3.880222564855019,0.8806501003233773,2
59,18,0.7081934045709499,-0.9971046535617429,2
59,19,-1.3447109980003011,-0.16769681230561084,2
60,0,-45.348331765038054,-0.05276522400342501,0
60,1,-44.87460374679587,-0.3385627787552327,0
60,2,-43.40081003783109,-1.159616094808245,0
60,3,-44.37186376759447,1.0175135654223646,0
60,4,-42.547907805623055,-1.7467965173302844,0
60,5,-44.70019289229565,-2.9168358693575342,0
60,6,-41.525616671475234,1.7108960307611933,0
60,7,-42.059374610821244,-0.5150333107828267,0
60,8,48.78484873686492,13.711946068356294,1
60,9,46.849901125455915,8.686478055921386,1
60,10,48.51433845670824,12.800229294866947,1
60,11,49.639297184809024,7.4687377961162715,1
60,12,45.61813545358232,5.6920480121731805,1
60,13,48.35500149475336,8.906131596166846,1
60,14,3.181435212469142,-2.581454253059904,2
60,15,-0.3559140218407706,-1.7263713302758952,2
60,16,1.0581472526553766,2.680297787611185,2
60,17,-3.7549794086370487,0.6876294642752181,2
60,18,0.9190750572973547,-0.906484667291225,2
60,19,-1.485143872030072,-0.12829408402188547,2
61,0,-46.13738367705629,-0.4645230022284176,0
61,1,-45.436612838998585,-0.3053806622027958,0
61,2,-44.47067050448657,-1.2690167712823088,0
61,3,-45.171721541944535,1.3254536577945766,0
61,4,-43.32245579931988,-1.7839314900965304,0
61,5,-45.61452024138838,-2.5537168649099646,0
61,6,-42.20447618694473,1.7334204303933707,0
61,7,-42.5464281313853,-0.36839409678839397,0
61,8,49.761171001037674,13.982613302888142,1
61,9,48.103216161398265,9.015796519054438,1
61,10,49.16344248489155,13.012196560867624,1
61,11,50.91250303473607,7.376319409459277,1
61,12,46.19405569325896,5.916113759718639,1
61,13,49.075894832072976,8.8100396158942,1
61,14,3.2764369964852387,-2.815999230313776,2
61,15,-0.25923158650840816,-1.879581919685887,2
61,16,1.2272778480912496,2.5203229355282244,2
61,17,-3.652463693986119,0.6821506272196937,2
61,18,0.7974436410191232,-0.7404012659387396,2
61,19,-1.7223965161087378,-0.5183649645699051,2
62,0,-47.189321942042056,-0.19431397099928227,0
62,1,-46.14181432605248,-0.6501057080817093,0
62,2,-45.21112528760401,-1.31201094467429,0
62,3,-45.746443020925724,1.2679481870698626,0
62,4,-44.06033875649448,-1.8715801649248338,0
62,5,-46.72370428695067,-2.7699224205793946,0
62,6,-43.03994799986455,1.351223850669003,0
62,7,-43.69809077707646,-0.6910152097401834,0
62,8,50.71500846414271,13.984665488996098,1
62,9,48.966428514964946,9.159241027224875,1
62,10,49.82757964246206,13.023043261142277,1
62,11,51.658376706481796,7.594122363670368,1
62,12,46.98660784161621,5.894564340796842,1
62,13,50.040294207027245,8.725149135253677,1
62,14,3.5989011680120626,-2.8040004332632336,2
62,15,-0.06782698865057799,-2.2091556221627346,2
62,16,1.408329795113583,2.693214425560303,2
62,17,-3.665045214313579,0.4622491248650091,2
62,18,0.7604622455733027,-0.5897255903989019,2
62,19,-1.467089257880306,-0.28354220048366663,2
63,0,-48.121806811459194,-0.08125973819659017,0
63,1,-47.07799858507462,-0.7286027244642949,0
63,2,-46.002432542581545,-1.1562580722718314,0
63,3,-46.519019687831175,1.4821833351730715,0
63,4,-44.882148641135444,-2.1200324694049706,0
63,5,-47.26387234764285,-2.4313285892477148,0
63,6,-43.83170548289943,1.4365531735771875,0
63,7,-44.70401405100246,-0.6573644764271923,0
63,8,51.71894596058616,14.046582529332163,1
63,9,49.846826026938025,9.122735076182643,1
63,10,50.45134729606027,13.188411452096396,1
63,11,52.31057068794034,7.3088720611713915,1
63,12,47.93806515963056,5.926628748975318,1
63,13,50.840582542431044,8.75516130049281,1
63,14,3.588416860494545,-3.172226951833782,2
63,15,0.037852041547481424,-2.3209545540835888,2
63,16,1.4187519508415152,2.9043233813622,2
63,17,-3.6255777848324304,0.1920983641564199,2
63,18,0.7520014759723704,-0.40001068189783673,2
63,19,-1.2223690992908287,0.0298415813702107,2
64,0,-48.86482060499634,-0.12362057056931798,0
64,1,-47.50305976773263,-0.7400464390681735,0
64,2,-46.93137947277557,-0.9530720787202356,0
64,3,-47.09062997818407,1.3984074985753183,0
64,4,-45.41017250743857,-2.4395986493909776,0
64,5,-48.10415274976356,-2.104501269418502,0
64,6,-44.59273069311941,1.6541435541557397,0
64,7,-45.491889572947905,-0.512673773504863,0
64,8,52.70611268671634,13.954443508620825,1
64,9,50.848177046317765,9.311791682843777,1
64,10,51.40612350400956,13.351623606508447,1
64,11,52.80842073458738,7.605097151432487,1
64,12,48.61248990004084,6.104901899825414,1
64,13,51.86355678783222,8.812773340218254,1
64,14,3.2477057241058964,-3.181330356760583,2
64,15,0.04015009414182027,-2.5385539235138617,2
64,16,1.513009957029512,3.023340766281351,2
64,17,-3.567028165071758,0.15783295047796075,2
64,18,0.5708986225506579,-0.4695318401990506,2
64,19,-1.3708488750952241,0.10997065700511766,2
65,0,-49.5321121478645,-0.25307985594418403,0
65,1,-48.18870228353123,-0.8404258334005027,0
65,2,-47.314092898432996,-1.1157211488135172,0
65,3,-48.07712114961058,1.5487405858847685,0
65,4,-46.15369894265198,-2.4806686422410067,0
65,5,-49.16884563819252,-2.150525338544207,0
65,6,-45.44206869768556,1.4814896576331271,0
65,7,-46.24736136567375,-0.7288498711317662,0
65,8,53.4591052642925,14.0043146332183,1
65,9,51.61016167407853,9.437015968272943,1
65,10,51.8182693339228,13.444317092054435,1
65,11,53.65657940068082,7.502422294384243,1
65,12,49.46652418546999,5.701456519263649,1
65,13,52.7310437744568,8.590136583347478,1
65,14,3.042532040034952,-3.326945158854844,2
65,15,-0.07751429450229302,-2.732588077435889,2
65,16,1.6635007439573717,3.2279423763993744,2
65,17,-3.4099683742164895,0.05889924286003173,2
65,18,0.4301315523764192,-0.5283328499754479,2
65,19,-1.34125113520577,0.07729757522504285,2
66,0,-50.12019502808214,-0.5473014801536561,0
66,1,-48.908870479346305,-1.1220319905310405,0
66,2,-48.31681251104386,-1.483721066486654,0
66,3,-48.73274381489518,1.363702481821604,0
66,4,-46.883239231598914,-2.416362985347961,0
66,5,-49.74350189624802,-1.711551050645147,0
66,6,-46.547486642912034,1.3916540597401748,0
66,7,-47.00076775542135,-1.1339106101658492,0
66,8,54.91513229805767,13.939645590220755,1
66,9,52.68065706962822,9.138839443374975,1
66,10,52.740588939227585,13.130845749283601,1
66,11,54.162832631343015,7.572548672657557,1
66,12,50.39173199582456,5.357450081774807,1
66,13,53.198663789148384,8.432501300490326,1
66,14,3.144739987386866,-3.0328878688216285,2
66,15,-0.13682519081155467,-2.75877844144476,2
66,16,1.3342108632369625,3.0998760491542474,2
66,17,-3.320923325912618,0.18520304452427572,2
66,18,0.623996204751543,-0.875268546273159,2
66,19,-1.756103325278585,0.2765270226266991,2
67,0,-51.2388367086328,-0.5110219520976061,0
67,1,-49.824259662934004,-1.111905812884396,0
67,2,-48.97382619658219,-1.5835854269921406,0
67,3,-49.44156077078279,1.3176366127201256,0
67,4,-47.555473080570984,-2.704613306953366,0
67,5,-50.59110069634119,-1.7439229771862168,0
67,6,-47.622674675116926,1.0242705701992303,0
67,7,-47.85247175276184,-1.183977347964612,0
67,8,55.69166962395051,13.811944895057104,1
67,9,53.81150705076778,9.581669219026047,1
67,10,53.300813734287466,13.218611730454581,1
67,11,54.99058462278277,7.227698216454865,1
67,12,51.515516472468825,5.582931491657875,1
67,13,54.1023952150913,8.086707429117235,1
67,14,3.3324955479958867,-3.0955420201171844,2
67,15,0.07845226815519293,-2.8337615359568353,2
67,16,1.3559083067314508,3.163300274810681,2
67,17,-3.776665476706526,0.4932005139445057,2
67,18,0.5206214470767203,-0.6857855502934579,2
67,19,-1.6338511713154673,-0.2981071266610011,2
68,0,-52.35023695759412,-0.7511713074376563,0
68,1,-50.583039305672415,-1.1948759597259895,0
68,2,-49.63011704465293,-1.5603268152945042,0
68,3,-49.952121870427874,1.459979522503111,0
68,4,-48.18937341511055,-2.5387500327246744,0
68,5,-51.56591772779888,-1.911879265292078,0
68,6,-48.91530665100787,1.0579209869510642,0
68,7,-48.500351772383645,-1.331366663979777,0
68,8,56.20150292222149,13.598861610657876,1
68,9,54.804862229075056,9.508079382995275,1
68,10,53.97790584094826,13.282403835147596,1
68,11,55.76269440624891,7.161994716890471,1
68,12,52.15130484046836,5.391838970075635,1
68,13,55.19468901591305,8.121243902309057,1
68,14,3.626063462843114,-2.9247405403013143,2
68,15,0.01171031706332136,-2.8259446996014623,2
68,16,1.4840453847882324,3.13727887315582,2
68,17,-4.02101651546903,0.3938279397645818,2
68,18,0.4376491405514104,-0.7889367828438247,2
68,19,-1.739968565133587,-0.4734640854898616,2
69,0,-53.05446068419643,-0.880137680356756,0
69,1,-51.43072177808531,-1.0659642463121495,0
69,2,-50.387529062885555,-1.313647247722182,0
69,3,-50.50769488056405,1.5443957841651295,0
69,4,-48.888506015078654,-2.8648038307829466,0
69,5,-52.42933267455285,-1.8841939416677633,0
69,6,-49.67835793586943,0.7565227507912989,0
69,7,-49.0632601270596,-1.535354085005337,0
69,8,56.990405207099656,13.433733558727265,1
69,9,55.56898635695306,9.330787077785748,1
69,10,54.81856751878983,13.15917657195977,1
69,11,56.2839499023609,7.0437503243406026,1
69,12,53.06908129550097,5.318094770117162,1
69,13,56.28544175997126,8.217550207284887,1
69,14,3.87620399102696,-3.1703512244541208,2
69,15,-0.2248960442630562,-3.196550591773636,2
69,16,1.5493632149504466,3.1294812680056343,2
69,17,-4.078412483931337,0.5931617303445847,2
69,18,0.14327670567493722,-0.9430064525298314,2
69,19,-1.4704614895451555,-0.41415065393208095,2
70,0,-53.80296775102518,-0.7193388974618793,0
70,1,-52.11043374298944,-0.9656628658787236,0
70,2,-51.24662922176553,-1.2779488127414302,0
70,3,-51.30044584004081,1.6116258381903459,0
70,4,-49.816437068928224,-2.9514323466084535,0
70,5,-53.31782398422604,-1.8295137234044263,0
70,6,-50.72450155067294,0.614975847513164,0
70,7,-49.82673859006312,-1.2038020228227155,0
70,8,57.66273530827292,13.356753043395917,1
70,9,56.495644269246945,9.04814970554416,1
70,10,55.39991729247968,13.152915708423174,1
70,11,57.23435469115334,7.070050455737583,1
70,12,54.255222730800966,5.467914320876884,1
70,13,57.07557795422289,8.308654214908747,1
70,14,3.7050374682676455,-3.247977371095938,2
70,15,-0.2655191287576795,-3.0460999521619536,2
70,16,1.276727850230138,3.3934025338802924,2
70,17,-4.106634385073987,0.6726377720120746,2
70,18,0.06819193844132515,-1.0139531120842746,2
70,19,-1.3679670103484118,-0.10217658707380034,2
71,0,-54.4777290151703,-0.410179389762015,0
71,1,-53.11264568837711,-1.2384559466567633,0
71,2,-52.305826557950354,-1.1231810317905235,0
71,3,-52.03114475402186,1.5620989143756583,0
71,4,-50.621799339378725,-3.1189135545727393,0
71,5,-54.11243138347602,-2.0340362928889926,0
71,6,-51.75983295540606,0.7617118429218108,0
71,7,-50.68958722132705,-1.5042832393739982,0
71,8,58.34648066145957,13.50876317007498,1
71,9,57.374982228862436,8.849803554862051,1
71,10,56.04537464491042,13.131228939044416,1
71,11,58.08047829173937,6.910358454216954,1
71,12,54.770281885260815,5.328825086936138,1
71,13,57.69891300807041,8.460437843099935,1
71,14,3.934258396011982,-2.944765612778045,2
71,15,0.12537357663697796,-3.020130382762564,2
71,16,1.5045998196074741,3.5571130240558624,2
71,17,-4.003409347653951,1.0586329941417834,2
71,18,-0.13522885292065048,-1.2225279462105938,2
71,19,-1.177628660970824,0.0855823773454712,2
72,0,-55.35656408822239,-0.328532737437291,0
72,1,-53.91169241819469,-1.0791464629780023,0
72,2,-53.456874768380004,-1.1012243705565765,0
72,3,-53.02882850049628,1.6553778353904072,0
72,4,-51.55619523479223,-3.1784628054793918,0
72,5,-54.81290202107292,-2.2191194079345844,0
72,6,-52.720029747362304,0.8298972775379354,0
72,7,-51.42339534624393,-1.7529643054527715,0
72,8,59.07862445761696,13.624320227795167,1
72,9,57.88971601846301,8.87173392682697,1
72,10,56.95930285768438,13.230902340238218,1
72,11,58.91183485751457,6.796282813553894,1
72,12,55.81848717016291,5.259052644863867,1
72,13,58.515864537659084,8.305829916975659,1
72,14,4.152985981283884,-2.8912941139964325,2
72,15,-0.00029352207811250697,-2.703717244385251,2
72,16,1.6302913692566743,3.7704995312802514,2
72,17,-4.175967431703693,0.9737259223320311,2
72,18,0.1037349366269105,-0.9076370627742442,2
72,19,-1.1997590211690217,0.4715672295128267,2
73,0,-56.04732366790263,-0.30828757193211853,0
73,1,-54.68495566106915,-0.8352437094104526,0
73,2,-54.26469547082606,-0.7702596074444951,0
73,3,-53.486338908418595,1.6591422443476729,0
73,4,-52.318677271634044,-3.165408328895287,0
73,5,-55.666877098481784,-2.282143707936275,0
73,6,-53.54806517983356,0.9125163245393864,0
73,7,-51.96961699942996,-1.7474681215482692,0
73,8,59.93181412886159,13.40606401047214,1
73,9,58.414044754879725,8.588888364003987,1
73,10,57.76012365889991,13.293124273904763,1
73,11,59.53125025852604,6.886677420681377,1
73,12,56.9779348082433,5.1685094198858685,1
73,13,59.38783243460276,8.51617111878835,1
73,14,4.274671565417136,-2.865795808298391,2
73,15,-0.1700406210947593,-2.6520307404314876,2
73,16,2.016363390483339,4.024629637890245,2
73,17,-4.033711166032233,1.177333398109202,2
73,18,0.03174967925305644,-0.7531078360214751,2
73,19,-1.1626996841387673,0.8145465469572976,2
74,0,-56.99240206885927,-0.4513370620161571,0
74,1,-55.1015248700967,-0.9052615777518838,0
74,2,-55.0092172999326,-0.28325829950283027,0
74,3,-54.41353207632219,1.7032795833865624,0
74,4,-53.29691694219138,-2.8481299382186336,0
74,5,-56.51754828435094,-2.17459228743549,0
74,6,-54.24011639998976,1.0672538391454216,0
74,7,-52.74424364204906,-1.684788235148919,0
74,8,60.84216373425588,13.34859176245639,1
74,9,58.93646287834366,8.74702104945993,1
74,10,58.456180862387455,13.425621306098906,1
74,11,60.22642926695411,7.047299325445603,1
74,12,57.907830813793204,5.080503261740857,1
74,13,60.2694303435185,8.568407122793127,1
74,14,4.242588389666736,-3.086667809212512,2
74,15,-0.49973742626286,-2.5261681814935373,2
74,16,2.2009252396783885,3.765344626782835,2
74,17,-3.8142125445810584,1.3907303505202964,2
74,18,0.6845543103123508,-0.7512446746357184,2
74,19,-1.093383708995543,1.1855440758791715,2
75,0,-57.52547720560428,-0.05441611075144598,0
75,1,-55.5028656056997,-0.9673907661819015,0
75,2,-55.97760807484075,-0.1664129871967645,0
75,3,-55.0447261315854,1.8036721549493344,0
75,4,-54.10811601565896,-2.7473283292751454,0
75,5,-57.206253182054255,-2.124453288800436,0
75,6,-54.62359514334963,1.2132763511216973,0
75,7,-53.32389103163515,-1.8231978179460857,0
75,8,61.84512700135283,13.234114369548355,1
75,9,59.76963331262585,8.537412122031864,1
75,10,59.37335779418357,13.605838276481443,1
75,11,61.46947013691339,7.185764180814093,1
75,12,58.80924723913709,5.03804799275799,1
75,13,60.85901514759881,8.807050196098235,1
75,14,4.665319885794525,-2.8707833337939967,2
75,15,-0.8451345806460688,-2.465218188873132,2
75,16,1.7823576837472852,3.8516388742506193,2
75,17,-3.631751707069952,1.3136183063649276,2
75,18,0.8691409868602399,-0.531596026929641,2
75,19,-1.012295302158043,1.2144845686708736,2
76,0,-57.908121678126506,-0.05640923754209744,0
76,1,-55.76736843525707,-1.2895063232294646,0
76,2,-57.23760854315598,-0.20411339440675097,0
76,3,-55.728146967120054,1.8204823773384549,0
76,4,-54.745368573710664,-2.797788016772242,0
76,5,-57.830553589955,-2.100981201690651,0
76,6,-55.289076091526454,1.4393055334600273,0
76,7,-53.562408974553065,-2.0030583949750937,0
76,8,62.31645344965715,13.031338274008816,1
76,9,60.041378177469596,8.19322266061178,1
76,10,59.823109804907276,13.566088015406597,1
76,11,62.53005356841173,7.298721885460202,1
76,12,59.73172098493008,5.089874157414021,1
76,13,61.64166368992031,8.95058870717742,1
76,14,4.683892580180986,-3.2569253325511873,2
76,15,-0.6899389178621511,-2.0044694519702477,2
76,16,2.0750322116071067,3.7194845636500555,2
76,17,-3.7455328839418263,1.1368025082488613,2
76,18,1.4920886493832337,-0.5168401460343864,2
76,19,-1.586438115574236,1.6787470419796884,2
77,0,-58.85383330426707,0.022251797680525473,0
77,1,-56.52022673561267,-1.3050572631564648,0
77,2,-58.24856423904869,0.2181839525715364,0
77,3,-56.41666437797175,1.9253077159755088,0
77,4,-55.53259464265705,-2.8545556073706537,0
77,5,-58.904043157506884,-1.918102519121308,0
77,6,-55.97183472195923,1.7923873269876363,0
77,7,-54.38523018575307,-1.5945427838072677,0
77,8,62.81631756390015,13.077526098504894,1
77,9,60.99391913165376,8.505005057653525,1
77,10,60.61891501513786,13.676107957082445,1
77,11,63.495109507600525,7.344734852704941,1
77,12,60.28434775696693,5.030066638845891,1
77,13,61.95541805899075,9.02253357367127,1
77,14,5.089174751149843,-2.692671088687132,2
77,15,-0.5452899811807972,-1.8880033254662356,2
77,16,2.574873448470374,3.6572795708762618,2
77,17,-3.788276519802385,1.46964027885012,2
77,18,1.6381380413829332,-0.4545109328235606,2
77,19,-1.391302018173427,1.9907643546425253,2
78,0,-59.552889566085526,-0.09236106904914994,0
78,1,-57.40389077674087,-1.3359808974056138,0
78,2,-59.224317261493916,0.10995430414056001,0
78,3,-56.94370480801922,1.8291370183826643,0
78,4,-56.22891925087556,-2.9322858413631043,0
78,5,-59.834277496485555,-2.1184563407406722,0
78,6,-56.778963055137936,2.142247314268901,0
78,7,-54.950833155228096,-1.8682563440998592,0
78,8,63.62382840728622,13.05852621390267,1
78,9,61.98444468436598,8.327586880466889,1
78,10,61.59715087435352,13.540011672946253,1
78,11,64.41257605247084,7.509620292206576,1
78,12,61.25021511659756,5.153296649073466,1
78,13,62.894933114749094,8.431534002804755,1
78,14,5.089742215800337,-2.762256931374385,2
78,15,-0.3256453626680885,-1.897890076177612,2
78,16,2.6177228062628966,3.8104651267817844,2
78,17,-3.643337374594233,1.562598867109601,2
78,18,1.8693217932289616,-0.531573581838414,2
78,19,-1.2725858158585766,1.904589748067438,2
79,0,-60.28573180041647,-0.26816248881807886,0
79,1,-58.13735471492783,-1.0601971554481484,0
79,2,-59.72421777926058,0.0366541886069815,0
79,3,-57.93851102778964,1.8223785124445533,0
79,4,-56.7698411880508,-2.5854694426705995,0
79,5,-60.63707669035665,-1.9120682529260549,0
79,6,-57.584131728329,2.112438198765092,0
79,7,-55.86465777159121,-2.170242553058017,0
79,8,64.20885406470232,13.097118715831575,1
79,9,62.64431651318162,8.246277228225189,1
79,10,62.440774666737326,13.722804187110777,1
79,11,65.08390418365705,7.271476435465208,1
79,12,61.84584665621263,4.881364479133339,1
79,13,63.57620624959965,8.289573074867695,1
79,14,5.0641692103813485,-2.871424762278486,2
79,15,-0.14723337909212356,-1.7627241781545073,2
79,16,2.4721261570119504,4.001619661405378,2
79,17,-3.861654883743771,1.771191820058317,2
79,18,1.879559352221033,-0.09963297545137523,2
79,19,-1.4664417428359047,1.9438128832141233,2
80,0,-60.95763635843613,-0.18786906460869146,0
80,1,-58.85761900484496,-0.7060008979950227,0
80,2,-60.85777688949748,-0.23368305278036416,0
80,3,-58.66951958198498,2.2088677256097164,0
80,4,-57.70294644452936,-2.2634341079110634,0
80,5,-61.66161020112098,-1.964836747578457,0
80,6,-58.26177066386147,2.0408957871539726,0
80,7,-56.29114888755092,-2.4059543949852635,0
80,8,65.2114040529004,12.949416048775788,1
80,9,63.27367033964327,8.268811081080859,1
80,10,63.26773140657822,13.583332408635242,1
80,11,65.84625318756892,7.706160582350316,1
80,12,62.70745282217934,4.971927263591069,1
80,13,64.38945971646741,8.245009443763234,1
80,14,4.789129456826748,-2.8729013273368835,2
80,15,-0.36323861500063737,-1.8043396163087901,2
80,16,2.1376691404814694,4.342352253743532,2
80,17,-3.9370728757920803,1.6523954190763874,2
80,18,1.7598410014864811,-0.09710552745132776,2
80,19,-1.4377674727055338,1.6584286336123244,2
81,0,-61.6866106480602,-0.45675428327607837,0
81,1,-59.92351110854889,-0.5604122750956282,0
81,2,-61.82370464571599,-0.6056256029482223,0
81,3,-59.56204429433894,1.874067143128664,0
81,4,-58.47774699521181,-2.137010863057977,0
81,5,-62.39683747931996,-1.9466232017028033,0
81,6,-58.84605729026407,1.657609866866774,0
81,7,-57.32794464999071,-2.486767366877594,0
81,8,66.20506933163871,12.6991574601348,1
81,9,64.17131504944662,8.466110541922,1
81,10,63.82547998682616,13.437491630418098,1
81,11,66.06930227326514,7.515997122570846,1
81,12,63.52271472204625,4.903441892867114,1
81,13,64.86469519343375,8.20928301584434,1
81,14,4.945892566340759,-2.9315386371986483,2
81,15,-0.3414476373059201,-1.9667222991986313,2
81,16,2.3678323014938067,3.9318608491372826,2
81,17,-4.106904726330237,1.7412369981625833,2
81,18,1.7079478893237632,-0.21940680398293877,2
81,19,-1.4062902841847749,1.7782715177711175,2
82,0,-62.762100464876966,-0.40913835041481916,0
82,1,-60.55783662692106,-0.5418910354110527,0
82,2,-62.63713113923411,-0.8092942539768015,0
82,3,-60.37521062198126,1.8615233486997278,0
82,4,-59.32260214129993,-2.400268779611805,0
82,5,-62.66550818216121,-1.9705320477490242,0
82,6,-59.8141023885229,1.8204939993359897,0
82,7,-58.083226663723096,-2.4596798666171944,0
82,8,66.8042230649231,12.848985150267216,1
82,9,64.96280382820247,8.347367942283402,1
82,10,64.19486509629009,13.753786759179293,1
82,11,66.98218271194014,7.331327713570961,1
82,12,64.38926084890545,4.7868988414530325,1
82,13,65.87840805621506,8.087257083646078,1
82,14,4.878017845602514,-2.6948458053789435,2
82,15,-0.29574111121252483,-1.7375499000629804,2
82,16,2.140493465458979,3.8187333909585766,2
82,17,-3.938523584944523,1.8605810074782714,2
82,18,2.0780427913671904,-0.2747262640149676,2
82,19,-1.1199851503542846,2.0466805216730037,2
83,0,-63.90660848216664,-0.5354961631306708,0
83,1,-61.235718422169256,-0.4799806489784727,0
83,2,-63.052645268868886,-0.7661589156550457,0
83,3,-60.942210625088784,2.0933855928442107,0
83,4,-59.73196328295963,-2.4754061955569195,0
83,5,-63.3809747121742,-1.8576915975207209,0
83,6,-60.33964778972411,1.8720679056723342,0
83,7,-58.74451059417482,-2.4751523565069786,0
83,8,67.20230640583209,12.800544883892004,1
83,9,65.73541981671114,8.38025875175666,1
83,10,65.0692009142296,13.736269879950708,1
83,11,67.81309756503934,7.485523746381927,1
83,12,65.33178445392808,4.724510200450088,1
83,13,66.62607493555572,8.244567422532029,1
83,14,5.101872277047227,-2.591487640094403,2
83,15,0.02734511129846856,-1.5820535963969404,2
83,16,2.403923421512499,4.074738677421614,2
83,17,-4.090280952397722,1.846932563112561,2
83,18,2.092338358789284,-0.3751269781390075,2
83,19,-0.9031976240346105,1.848522340874385,2
84,0,-64.8390030691541,-0.526758393338456,0
84,1,-62.39284203107124,-0.8106871793727934,0
84,2,-63.59863359245168,-0.6017902888593938,0
84,3,-61.5005971933631,2.030666888564875,0
84,4,-60.614638451026046,-2.501080913699743,0
84,5,-64.48798750985885,-1.7718487020098934,0
84,6,-61.1369435816028,1.9983444944968631,0
84,7,-59.31312464527554,-2.264225023219681,0
84,8,68.03817869575796,13.222732030225101,1
84,9,66.72352075465037,8.269318237148441,1
84,10,66.04274588278162,13.870347191786918,1
84,11,68.40694449331669,7.046782408649241,1
84,12,66.26173567816708,4.421411574348607,1
84,13,67.16980891682327,8.0820208603696,1
84,14,5.03063893126367,-2.7842416626227604,2
84,15,0.1398670603841532,-1.4523291286853284,2
84,16,2.150374423259798,4.225525902824728,2
84,17,-4.184916665735515,1.3513927621351414,2
84,18,1.9848049695293173,-0.558295994923975,2
84,19,-0.6337835670739337,2.1122647917003725,2
85,0,-65.89345569255417,-0.7475576843596624,0
85,1,-63.00516685713092,-1.4185861487153257,0
85,2,-64.53588628207288,-0.9018193543023216,0
85,3,-61.943859720094984,2.0432910231513937,0
85,4,-61.43141783215191,-2.255175402355799,0
85,5,-65.03635487374012,-1.7300115528680189,0
85,6,-62.057727527053835,1.9076892285161136,0
85,7,-60.442636113207755,-2.143511435605888,0
85,8,68.98464155173956,13.216966224713355,1
85,9,67.55736167460329,8.209803750901564,1
85,10,66.87816455325276,13.966519570602674,1
85,11,69.26491871899704,7.358046743017228,1
85,12,66.9088375287976,4.403742452879144,1
85,13,67.92086022153865,7.992112208065106,1
85,14,5.065630318855002,-2.758043552761234,2
85,15,0.12709702415235066,-1.116207242530135,2
85,16,1.902009138400451,3.9542523963591205,2
85,17,-4.261307826033026,1.4159310170003712,2
85,18,1.8708275718547989,-0.5881811162484765,2
85,19,-0.6257440228129064,2.24649345472956,2
86,0,-66.57092801903205,-0.6460981525206099,0
86,1,-63.961429803169096,-1.5067326213868217,0
86,2,-65.19760508712639,-1.1549655890355892,0
86,3,-62.7215269243564,1.894717524966972,0
86,4,-62.114247386940974,-1.982724337194399,0
86,5,-65.9510467768472,-1.4957668028972504,0
86,6,-62.98261135013391,1.6808336366673153,0
86,7,-61.28964128519724,-2.1920516513357584,0
86,8,69.82251267550859,13.293793990019644,1
86,9,68.2919748125319,8.429135057283771,1
86,10,67.92452548163156,14.167590682250335,1
86,11,70.2458574482164,6.948746460868768,1
86,12,67.75543445911623,4.195143274057359,1
86,13,68.60940662854688,7.732784734497564,1
86,14,5.154494575168377,-2.9947200192766,2
86,15,-0.1960227148282279,-1.0113757361165754,2
86,16,1.6958249343245306,4.292903533265495,2
86,17,-3.985246436670645,1.3251610966988736,2
86,18,1.7436061652169683,-0.8594021657787247,2
86,19,-0.6766099406544198,2.3109233662448205,2
87,0,-67.42069711667781,-0.862909983258737,0
87,1,-64.85878845911995,-1.8181629513953945,0
87,2,-66.08176532199069,-1.1449167991760745,0
87,3,-63.480197560531636,1.8731869883164938,0
87,4,-63.08783702962983,-1.8738533055164532,0
87,5,-66.79546173741079,-1.7664267635498816,0
87,6,-63.94199694760121,1.4129478952490744,0
87,7,-61.78384524472346,-1.9048442093396378,0
87,8,70.63846219993206,12.92265845114858,1
87,9,69.19644402980822,7.985418125828528,1
87,10,68.37353594374622,14.064798316669078,1
87,11,71.01199182073786,7.171409210102649,1
87,12,68.41056438627909,4.3750878385559355,1
87,13,69.57427170326557,7.743816147554928,1
87,14,5.557588388700167,-3.068101665579181,2
87,15,-0.26355367691298415,-0.7900762026148949,2
87,16,1.5824422213578948,4.5624465757417445,2
87,17,-3.8199667078307895,1.0986986630925508,2
87,18,2.0364001982286273,-0.8378565355209879,2
87,19,-0.6848704893978316,2.152459486499533,2
88,0,-68.32339341905738,-0.9075939885410411,0
88,1,-65.62276777530157,-1.749592577500639,0
88,2,-66.50977824301303,-1.2461161861922647,0
88,3,-64.24865487909705,1.632719805001517,0
88,4,-63.86008031067082,-1.7988443987865594,0
88,5,-67.337748555113,-1.664308372951768,0
88,6,-64.99843584513572,1.3150725553639249,0
88,7,-62.64249578225823,-1.8723592658152253,0
88,8,71.50208174985136,12.891252825491755,1
88,9,69.92074514177226,7.825263158610469,1
88,10,69.17029070256324,13.944760175086111,1
88,11,71.77789754191714,6.766748074035113,1
88,12,69.18009882203681,4.2979664564993545,1
88,13,70.59151262159423,7.812839222242183,1
88,14,5.719182026763806,-3.0803255912092826,2
88,15,-0.3529987680365317,-1.0991045978067477,2
88,16,1.0991767365637162,4.914179639318307,2
88,17,-3.751768954050232,1.1573722763891887,2
88,18,2.0561760656450696,-1.0361561712398382,2
88,19,-0.8791222473688487,2.3218291872602124,2
89,0,-69.29262465142013,-0.6168264197938529,0
89,1,-66.4442430416284,-1.6462040583845323,0
89,2,-67.19907924027568,-1.095641827008087,0
89,3,-65.02281717389857,1.837082032812801,0
89,4,-64.82118173786505,-1.769990327683053,0
89,5,-68.29845302219121,-2.0091496116544034,0
89,6,-65.83326470398627,1.4102105528782025,0
89,7,-63.763073553521004,-2.1346661694929523,0
89,8,72.07073438589472,13.15115801411301,1
89,9,70.71455825191376,7.618724781996613,1
89,10,70.26733314969177,13.720764250481036,1
89,11,72.02434059846405,6.9376918916377175,1
89,12,69.95741150937118,4.399436580659924,1
89,13,71.12310860949394,7.934613946072347,1
89,14,5.65432918468118,-3.174096852840938,2
89,15,-0.6104034047865599,-1.0902880685669276,2
89,16,1.06695829638671,4.606947442337268,2
89,17,-3.671214291017683,0.8980382743808737,2
89,18,2.1871687842442062,-0.8268208953460472,2
89,19,-0.6335354755156557,2.3774696210847104,2
90,0,-70.16365152561026,-0.2882104118308455,0
90,1,-67.39127213948946,-1.813486290316085,0
90,2,-67.96674177392752,-1.2314861095724978,0
90,3,-66.11898367213836,1.818742827218103,0
90,4,-65.73704795135619,-2.1105084327590213,0
90,5,-68.91313070069526,-1.8471874635051986,0
90,6,-66.67774813715268,1.3209964202284554,0
90,7,-64.56914651809161,-1.8394884543467624,0
90,8,72.98090134585797,13.252314351008817,1
90,9,71.51742650488627,7.335550494923108,1
90,10,71.29491459720931,13.711838177939098,1
90,11,72.96656572055298,7.02433528175323,1
90,12,70.61346052990758,4.0970748418323595,1
90,13,71.86755561533701,8.005720233185196,1
90,14,5.918785255344359,-3.0655651180071803,2
90,15,-0.3862321150833329,-1.0977369502379453,2
90,16,1.017670910312962,4.655277142269346,2
90,17,-3.513142776388808,0.6249407822232038,2
90,18,2.150295210168207,-0.9259486033648826,2
90,19,-0.876610892078417,2.3231599734985195,2
91,0,-70.9589067736051,-0.25642932358743276,0
91,1,-68.33845000573677,-1.5807302653779667,0
91,2,-68.78092535089026,-1.2615209368934561,0
91,3,-66.93342877507459,1.7076675659556482,0
91,4,-66.86108936033732,-1.8938719191086097,0
91,5,-69.80604178023222,-1.4599404618463945,0
91,6,-67.57992047395592,1.533842588325488,0
91,7,-65.22510769120107,-1.8579795580127587,0
91,8,73.96262222231961,13.205750983610901,1
91,9,72.3668032194842,7.410567212265378,1
91,10,72.31759766437483,13.497504556616532,1
91,11,73.9854078342823,6.9938786264695425,1
91,12,71.50846498620724,4.339711854275686,1
91,13,72.8242476798728,7.77850801537339,1
91,14,5.652719955738691,-3.098644160924079,2
91,15,-0.1868086786691994,-1.3869486037742047,2
91,16,1.338878105822577,4.512510532740967,2
91,17,-3.5651801678153374,0.7476793893095939,2
91,18,2.448661157918571,-0.7300195452828959,2
91,19,-1.008816663583139,2.500090735542958,2
92,0,-71.83561369371257,-0.4760503000868358,0
92,1,-69.19481880752559,-1.7428870280441802,0
92,2,-69.646500363398,-1.0777197380256789,0
92,3,-67.69144053090844,1.664026248597072,0
92,4,-67.76383826253632,-1.4928551279339366,0
92,5,-70.99173412252689,-1.3859910355282394,0
92,6,-68.81829378692471,1.4955287319775314,0
92,7,-65.89212686484252,-2.1545888933761876,0
92,8,74.8599697573452,13.110078576612723,1
92,9,73.08368830258853,7.083272711192818,1
92,10,72.85131503729131,13.333781263826863,1
92,11,74.99260537207695,6.7896712754961435,1
92,12,72.1057005290233,4.180566998733136,1
92,13,73.7629872945462,8.01987175533962,1
92,14,5.718276573672709,-2.956858840113396,2
92,15,-0.0823473470819264,-1.072370706106412,2
92,16,1.5103548030622103,4.735420291115727,2
92,17,-3.8550379196351816,0.6377771539924875,2
92,18,2.8094102406259664,-0.438207901948822,2
92,19,-0.9182260497974033,2.105568537057794,2
93,0,-72.64478854314798,-0.41551926113240034,0
93,1,-70.04160470376061,-1.6034056701250525,0
93,2,-70.5473620403626,-0.8627025563146203,0
93,3,-67.98814745991399,1.8139984512277942,0
93,4,-68.68208614210292,-1.5191629139084148,0
93,5,-71.67885519442179,-1.9650030973176231,0
93,6,-69.6638555115906,1.2146646761715845,0
93,7,-66.69059653108965,-2.0651479648606292,0
93,8,75.87546588278644,13.183099388721228,1
93,9,73.85415560672227,7.2475719080223975,1
93,10,73.18820579163197,13.305052638626899,1
93,11,75.51121682015024,6.7354476113663555,1
93,12,72.72844522143119,4.119305084187546,1
93,13,74.48388656256654,7.8131942794388625,1
93,14,5.473400531891564,-2.667213651238651,2
93,15,-0.2349373608313592,-1.1606844167359225,2
93,16,1.3670985572352534,4.768454853875096,2
93,17,-3.9106223665901574,0.40786967824905396,2
93,18,2.6864438527571965,-0.6839062512474404,2
93,19,-1.0659290020905203,2.1859147724431947,2
94,0,-72.89182254504449,-0.4730683254331325,0
94,1,-70.72815176791687,-1.670875199642114,0
94,2,-71.23365200243715,-1.0988536152272768,0
94,3,-68.67314050015204,1.7528800814413632,0
94,4,-69.04683166410372,-1.6347126044843874,0
94,5,-72.3829816858669,-2.236758387481281,0
94,6,-70.41473697361894,1.349005808309289,0
94,7,-67.39903060441124,-2.2586462884779555,0
94,8,76.48990615164296,13.199236342076496,1
94,9,74.73155731611712,7.256548666172023,1
94,10,74.10379339135422,13.638385303542426,1
94,11,76.14637132440893,6.651978494311553,1
94,12,73.3962822101413,3.9713659419386196,1
94,13,75.19526215396624,7.3662895118500185,1
94,14,5.302797361739084,-2.7244651829276667,2
94,15,-0.4062679116815092,-1.5987394869189266,2
94,16,1.3179404540555628,5.020068895893624,2
94,17,-3.921831641113789,0.36566266191873287,2
94,18,2.931513659001675,-0.5817279473507212,2
94,19,-0.9869873854770427,2.648626739750908,2
95,0,-73.55054474339144,-0.4789162683625383,0
95,1,-71.40178041007289,-1.8830517850053645,0
95,2,-71.8106289835156,-1.4478596729762931,0
95,3,-69.68182812007655,2.0053013410847256,0
95,4,-69.95576349091766,-1.6537420889299412,0
95,5,-73.16902520122328,-2.62046829551141,0
95,6,-71.30560160591347,0.9584738682735383,0
95,7,-68.19629561288394,-2.0263753921085295,0
95,8,77.37358356545774,12.738558300149254,1
95,9,75.46374446222461,7.027219055793063,1
95,10,74.83421441227718,13.605925569301762,1
95,11,76.91667112869753,6.808206879674196,1
95,12,74.01274440224962,3.873605819231836,1
95,13,75.86834475718966,7.543169114496819,1
95,14,4.912172535481556,-2.808584396281125,2
95,15,-0.4967570592510604,-1.3758593897215035,2
95,16,1.5414959017540655,4.906322680622732,2
95,17,-3.9173844481210036,0.33332610344672176,2
95,18,2.819897522774729,-0.85027671706537,2
95,19,-1.1182079485206955,2.6618954736891784,2
96,0,-74.47468599356093,-0.31132155804076234,0
96,1,-71.98083283845193,-1.938660307788518,0
96,2,-72.55337103363009,-1.5218152790376716,0
96,3,-70.61321730501622,2.2243104121305546,0
96,4,-70.75657164510639,-1.2659938563478823,0
96,5,-73.95518466646291,-2.749275430162519,0
96,6,-71.9740345893364,0.6981684083817234,0
96,7,-69.26964425700238,-1.9463497000225525,0
96,8,78.2861387117444,12.388434217172255,1
96,9,76.2209977379314,6.895969881298905,1
96,10,75.60940576894056,13.269437212393004,1
96,11,77.84103186818058,7.120329698948126,1
96,12,74.89097977660636,3.9650393345230404,1
96,13,76.89588735015987,7.837318201815754,1
96,14,4.924098794569714,-2.653150823316924,2
96,15,-0.7141816862532717,-1.1437697934775546,2
96,16,1.544511651707791,4.910514445429175,2
96,17,-3.5207295807694985,0.06766730019077705,2
96,18,2.7845604543315425,-0.8467523812934942,2
96,19,-1.3992499963623883,2.62793281973755,2
97,0,-75.47383695647258,-0.3509320821622036,0
97,1,-72.56280828997129,-1.6662586481117827,0
97,2,-72.94682217669317,-1.611136915299685,0
97,3,-71.57136453874878,2.5699723187034316,0
97,4,-71.1864885123005,-1.2074274435590888,0
97,5,-74.67780246794024,-2.8198453444986535,0
97,6,-72.96059588793082,0.5678308701910868,0
97,7,-70.22399409207512,-1.9493705747940047,0
97,8,79.51908005187798,12.252067266162364,1
97,9,76.90551604658837,7.150285834455006,1
97,10,76.04593706261264,12.93132323655417,1
97,11,78.61892504049484,7.067203029280313,1
97,12,75.93216333044761,3.785866492019279,1
97,13,77.56419787173236,7.866005045679828,1
97,14,5.036698812603624,-2.4528330533606786,2
97,15,-0.7649152144775911,-1.0042905327498919,2
97,16,1.511525520781317,5.062034598906223,2
97,17,-3.774086871596064,0.027394156733160147,2
97,18,2.946711029855318,-0.6360485732727912,2
97,19,-1.324907450511763,2.6547047677995517,2
98,0,-76.55815196488747,-0.24789991704484954,0
98,1,-73.40298187503612,-1.4198340391607909,0
98,2,-73.8444431292844,-1.9140757409780935,0
98,3,-72.6302449860845,2.7206620827452226,0
98,4,-71.96547667923207,-1.0967701775244845,0
98,5,-75.46127223925107,-2.8947979432404742,0
98,6,-73.39116102719196,0.4598193342312318,0
98,7,-70.73570377563998,-1.7504119071900823,0
98,8,80.2227086210207,12.197520667710958,1
98,9,77.73765967300137,7.427184684911588,1
98,10,77.0600024358651,13.047000456093011,1
98,11,79.09851533407895,6.88774718603885,1
98,12,77.00546880481025,3.8173550376456187,1
98,13,78.00633994861566,7.89188333740306,1
98,14,5.209423403216456,-2.4755884416707796,2
98,15,-0.7958681694345136,-1.2248227389970108,2
98,16,1.3831521712613146,5.0880664416380545,2
98,17,-3.6895839868842275,-0.04915939898384557,2
98,18,3.585419422655308,-0.5859628482324764,2
98,19,-1.1550402277959932,2.766581117684699,2
99,0,-77.34680982647997,-0.29087155097133105,0
99,1,-74.36197808025115,-1.3359008756743582,0
99,2,-74.6230485717014,-2.0944602228242957,0
99,3,-73.28516587654126,2.656842233362923,0
99,4,-72.97074234630888,-1.361369490027963,0
99,5,-76.54397117458235,-2.7635050134934467,0
99,6,-73.7495807463858,0.7268530307616972,0
99,7,-71.386158882494,-1.91362004465857,0
99,8,80.7751373739921,12.205574269424556,1
99,9,78.51253416253277,7.310767827454542,1
99,10,77.73081784594622,13.161923520807184,1
99,11,79.84958446737484,6.853427167743667,1
99,12,77.91891487873357,3.6932417555238146,1
99,13,78.50528801286434,7.877211421560361,1
99,14,4.935326527591485,-2.8125976258250724,2
99,15,-0.9496162739061481,-1.5899611665882571,2
99,16,1.6297040637603903,5.076768588522269,2
99,17,-4.020601140606096,-0.11578168563415354,2
99,18,3.684714313179893,-0.6035345984264685,2
99,19,-1.090503370037714,2.9114430765981845,2
100,0,-77.96462299493447,-0.2016831387017514,0
100,1,-75.2399576253249,-1.2100630264778531,0
100,2,-75.42303699535617,-2.2128149425711556,0
100,3,-73.7382564199257,2.9142600900644267,0
100,4,-73.61722822644887,-1.282194202273483,0
100,5,-76.92792678501942,-2.3977566640434094,0
100,6,-74.87722806002746,0.6338924063995057,0
100,7,-72.17877104145772,-1.8258013156990602,0
100,8,81.45645546072703,11.93878011059438,1
100,9,79.38789116048103,7.678236248043033,1
100,10,79.01947241467998,13.267783086138387,1
100,11,80.92262633706488,6.815362535686623,1
100,12,78.82282575177487,3.5422155246469664,1
100,13,79.27600558255008,7.767484636529803,1
100,14,5.277284246233761,-2.632512161251962,2
100,15,-0.9960545339674358,-1.4664516725805592,2
100,16,1.8848289231108577,4.902412920584359,2
100,17,-3.953026271504662,-0.34185745870688783,2
100,18,3.8008395166694795,-0.4945759333477398,2
100,19,-1.0223407729393073,2.538714844003283,2
101,0,-78.46835399158564,0.08672392998983172,0
101,1,-76.15738367278034,-1.0813662281323442,0
101,2,-76.00824136761358,-2.1118637914438074,0
101,3,-74.7921395888897,2.686800832077797,0
101,4,-74.43843425158747,-1.3947046131938032,0
101,5,-77.59936519567958,-2.1586125836159016,0
101,6,-75.2795530363688,0.7235480964165479,0
101,7,-73.19651768157618,-1.8858311148040299,0
101,8,82.26640659501506,11.663453955945178,1
101,9,79.8833751755345,7.587675548516597,1
101,10,79.90223297624343,13.345979684769329,1
101,11,81.31288053272303,6.693614011604098,1
101,12,79.38772520128809,3.408333803411702,1
101,13,79.89496651670672,7.507120632817535,1
101,14,4.715673981594246,-2.7535179428659307,2
101,15,-0.9222325226826033,-1.6481968266432743,2
101,16,1.8016085681827678,4.858019804382819,2
101,17,-4.0976739181396304,-0.328806586075816,2
101,18,3.245906415988058,-0.6410125299301748,2
101,19,-1.1368398120805416,2.653639757652555,2
102,0,-79.27781638882472,-0.09172048049602272,0
102,1,-77.10614258347113,-1.0552945346056657,0
102,2,-76.73163423075776,-2.0546272540328556,0
102,3,-75.7935858393057,2.5477171745331795,0
102,4,-75.05917856428883,-1.1020574253275177,0
102,5,-78.3911938881899,-2.0081371496806306,0
102,6,-76.37773736337456,0.9569591508202773,0
102,7,-74.24504186651774,-1.9553154742224732,0
102,8,83.38946796252377,11.655853222275715,1
102,9,80.7655506763101,7.219394694805302,1
102,10,80.75934795264527,13.319036962262514,1
102,11,82.20690404102797,6.546086470356033,1
102,12,80.05881371351695,3.4461066440226267,1
102,13,80.60001349623697,7.939586099737147,1
102,14,4.486802501787191,-2.519329807713145,2
102,15,-1.0291345604955873,-1.7288141102285484,2
102,16,1.9002911012869437,4.563266720076422,2
102,17,-4.092021222624235,-0.2885094374387745,2
102,18,3.3375352217078897,-0.6097905348202113,2
102,19,-1.0332660587935476,2.424172393493471,2
103,0,-80.23677232139569,-0.28627695628331234,0
103,1,-77.9191627304821,-1.190143450236764,0
103,2,-77.39718048739806,-2.0251649978154065,0
103,3,-76.44807532121526,2.480957204624499,0
103,4,-75.79612217036939,-1.1957230765380582,0
103,5,-79.10005137679453,-2.331450235188775,0
103,6,-77.54233084676395,0.8620514185595449,0
103,7,-74.83485305959235,-1.7815603542405691,0
103,8,84.02937377061684,11.811806589318227,1
103,9,81.36152066249883,6.952991050339749,1
103,10,81.71315359414838,13.153985133931558,1
103,11,83.07150210547815,6.585841635402547,1
103,12,80.79662090468054,3.1896454724725856,1
103,13,81.27249977539576,7.85374246057916,1
103,14,4.662595748382981,-2.3179490840782035,2
103,15,-1.1407178823220414,-1.894071839944285,2
103,16,1.9973253525616013,4.110187870880635,2
103,17,-3.962671240764945,-0.27390888137007996,2
103,18,3.2797558016613992,-0.8214478822413931,2
103,19,-1.1115091133042903,2.4757306011219535,2
104,0,-80.98360544794926,-0.08705829645575888,0
104,1,-78.75428692353677,-1.2133015985258182,0
104,2,-78.06345693538647,-2.1133182569491726,0
104,3,-77.02042941845181,2.5020006821130933,0
104,4,-76.60361666440609,-1.0602447008658824,0
104,5,-79.92380873214526,-2.494900338923928,0
104,6,-78.26119257599889,0.8134266722501868,0
104,7,-75.52063049276096,-1.8135632943435613,0
104,8,85.09101875184813,12.16336522509375,1
104,9,82.24158288871948,6.717600302257654,1
104,10,82.68540744563145,13.221834107090249,1
104,11,84.00856683800896,6.836275554050637,1
104,12,81.37436644266825,3.19571698599696,1
104,13,82.10221874864422,7.572264132400426,1
104,14,4.509807376145697,-2.615607711612316,2
104,15,-1.0766065239912637,-1.416203968831833,2
104,16,2.081376938140881,4.054283599287763,2
104,17,-3.961616757470286,-0.15301046581830774,2
104,18,3.0513642832177434,-0.5420431473185139,2
104,19,-0.9888827803993352,2.499719810288676,2
105,0,-82.01780372273849,-0.08823646177444512,0
105,1,-79.61185685084858,-1.5381469684673685,0
105,2,-78.73247498491872,-2.1416259677140648,0
105,3,-78.02392261637924,2.84492572331641,0
105,4,-77.70514498460612,-1.2533633128034816,0
105,5,-80.68253152504788,-2.431489258428108,0
105,6,-78.79163997096231,0.9986379996726812,0
105,7,-76.17489915199474,-2.020474300928665,0
105,8,85.87666615921034,12.247830625148023,1
105,9,83.25326669645725,6.496266269188816,1
105,10,83.59583045967389,12.978695756298052,1
105,11,84.42591312746951,6.5982696760112,1
105,12,82.19476854971673,3.251260613019366,1
105,13,82.93795394618199,7.650653123179829,1
105,14,4.407753679249669,-2.4986510825662944,2
105,15,-1.1526072006134223,-1.7854838380253881,2
105,16,1.7467548682336005,4.0120422774467075,2
105,17,-4.028806918467886,-0.10922676385674743,2
105,18,2.766518528002889,-0.743226131608858,2
105,19,-0.7324238518847102,2.797826516155586,2
106,0,-82.94797963765765,-0.34640849110977906,0
106,1,-80.35770380512425,-1.6446355061130107,0
106,2,-79.61868959313716,-2.23788451333291,0
106,3,-78.89748323629463,2.7698059253363043,0
106,4,-78.73558128538852,-0.9933792297318531,0
106,5,-81.50293564167917,-2.5017878778247744,0
106,6,-79.60664752277316,1.1864174647326449,0
106,7,-77.10723933070591,-1.9868650319012513,0
106,8,86.719026035965,12.22408935541052,1
106,9,83.72397431536494,6.576371464245167,1
106,10,84.37166235879735,13.40645571600321,1
106,11,85.05808844193196,6.903160939839387,1
106,12,83.10501188120709,3.1158008276875964,1
106,13,84.0759349709928,7.618971022653,1
106,14,4.3651149562880995,-2.777675251289746,2
106,15,-1.1555472751394718,-2.0886152165151186,2
106,16,1.7182816260039817,3.866589838295378,2
106,17,-3.6257027912519777,-0.4741067728855868,2
106,18,2.637502742102025,-0.7062029081291299,2
106,19,-0.7289671485819623,2.5769023672933624,2
107,0,-83.8959461645293,-0.1406251511062859,0
107,1,-80.89758547902998,-1.8270509065292835,0
107,2,-80.3480734652074,-2.100458291825496,0
107,3,-79.85805267501588,2.923419262676303,0
107,4,-79.59977877014197,-0.8372654236762282,0
107,5,-82.03608482670948,-2.5770360602975946,0
107,6,-80.25031898479475,1.115111999892961,0
107,7,-77.93635552533074,-1.9559763821457767,0
107,8,87.36346090049103,12.49041745188567,1
107,9,84.54688636776875,6.4222848578301885,1
107,10,85.00728374568489,13.40672515715961,1
107,11,86.04619184914934,6.65799644821841,1
107,12,83.71375192482564,3.1773125315371837,1
107,13,84.93682842344825,7.62220229885259,1
107,14,4.506358829975562,-2.746855337969762,2
107,15,-1.0940159183662947,-2.0591160472710603,2
107,16,1.4188981735794046,3.749329744819202,2
107,17,-3.6553493781753716,-0.7265927231067801,2
107,18,2.634344293073351,-0.6874070738989617,2
107,19,-0.8958467262000008,2.5522149775849763,2
108,0,-85.05031679497078,-0.3202020897217841,0
108,1,-81.76290938046851,-1.960409359659805,0
108,2,-80.98532451417292,-2.4467380175601154,0
108,3,-80.57267332607312,2.761710979792391,0
108,4,-80.55530844165169,-0.8271501233824319,0
108,5,-82.70351402161874,-2.469067179073146,0
108,6,-81.26786692601489,1.155148037326005,0
108,7,-79.07101326192941,-1.8921086662576065,0
108,8,88.346186410871,12.442994894566946,1
108,9,85.34538944479836,6.548328003288463,1
108,10,85.93304357128011,13.734398105450005,1
108,11,87.21002549385865,6.783138592886376,1
108,12,84.3799065876434,2.8654562055587167,1
108,13,85.71997603622609,7.78626641215863,1
108,14,4.679560580535603,-2.485974707076046,2
108,15,-1.2205951943589861,-2.276878217509029,2
108,16,0.9995542007567638,3.7022383710699076,2
108,17,-3.5111958893344783,-0.5379743620062362,2
108,18,2.7647459939653234,-0.7085077718935894,2
108,19,-0.8732892485344342,2.3607306291049412,2
109,0,-86.23248654690377,-0.3452195066324275,0
109,1,-82.74241050867641,-1.9864354668200555,0
109,2,-81.4324072538857,-2.7134853848883433,0
109,3,-81.20313698288228,2.5629034805549313,0
109,4,-81.6059223398769,-0.878452564808101,0
109,5,-83.34286466046228,-2.085611413673596,0
109,6,-82.06356293435844,1.3696944718854325,0
109,7,-80.46356724427365,-1.9726873108493115,0
109,8,89.39477437381848,12.475696888410265,1
109,9,85.81116331271454,6.626458011776068,1
109,10,87.01280219370611,13.751148215899498,1
109,11,88.11071733783552,6.583202687961655,1
109,12,85.18060866156024,2.6981488705117576,1
109,13,86.66323469922199,7.649841922858356,1
109,14,4.6780882641326835,-2.4428629434366287,2
109,15,-1.182679185378101,-2.421814431134585,2
109,16,0.9241258246977101,4.127658491316734,2
109,17,-3.633112151200339,-0.8513579051935606,2
109,18,2.4525339791738006,-0.9503755549691089,2
109,19,-0.8641193271128716,2.4720586167682823,2
110,0,-86.80281955432208,-0.48781378476834036,0
110,1,-83.57985616369308,-2.016156534708985,0
110,2,-82.10067341997542,-2.9503366976157905,0
110,3,-82.15366366258958,2.4898407673746665,0
110,4,-82.43615001124144,-0.9604093928361904,0
110,5,-84.41333541688745,-1.8592104725244871,0
110,6,-82.8573146554243,1.039887967528405,0
110,7,-81.00913970086131,-2.341338796928418,0
110,8,90.19662016917044,12.37284878458111,1
110,9,86.49429056715007,6.701855542955409,1
110,10,87.89531668308237,13.758836364268562,1
110,11,88.58555924064939,6.31794424360523,1
110,12,85.90135188516248,2.8639420124456967,1
110,13,87.48493731331125,7.6198639807359365,1
110,14,4.6078121464159,-2.3832708497873774,2
110,15,-1.4907120324232839,-2.7532429744808344,2
110,16,0.7684904324296946,4.2081594206753605,2
110,17,-3.7716325590799444,-1.1538569570448998,2
110,18,2.3736360793295317,-1.133842983098912,2
110,19,-0.65791768324147,2.2776063113713825,2
111,0,-87.74539191141993,-0.3547578018956829,0
111,1,-84.33411620648984,-2.219402223867767,0
111,2,-83.13892264387664,-2.9487866715149726,0
111,3,-83.07215872539177,2.5133281023527414,0
111,4,-82.97852217946868,-0.6042900932794046,0
111,5,-85.50156259088729,-1.6155463933426057,0
111,6,-83.52452461968387,0.9300013254972813,0
111,7,-81.72530097080636,-2.251105386791573,0
111,8,90.89599916721536,12.654902577768048,1
111,9,87.17462183846234,6.805799895916039,1
111,10,88.65135808119959,13.645501967854283,1
111,11,89.3847592514114,6.28436753012848,1
111,12,86.82175812374885,2.8310729688104153,1
111,13,87.85611217704323,7.541420433432306,1
111,14,4.412080268552388,-1.9647964339291302,2
111,15,-1.4230977075449731,-2.9087766997963573,2
111,16,0.06773857781488912,4.42511139208853,2
111,17,-3.4850264426807884,-1.2927065573658225,2
111,18,2.4064554280709505,-1.1389924417532638,2
111,19,-0.6363855219878891,2.6260806214673735,2
112,0,-88.75416063392122,0.06005186567467752,0
112,1,-85.30204552308899,-2.064667610069328,0
112,2,-84.14350194124546,-2.8619662386676077,0
112,3,-83.84758456388427,2.5420774596837794,0
112,4,-83.93145468745462,-0.5231572079729655,0
112,5,-86.21267194509035,-1.44887104988812,0
112,6,-84.23410768281782,1.2926519329302768,0
112,7,-82.56295225050431,-2.3820064297206436,0
112,8,91.77374093251665,12.781210228596018,1
112,9,88.07357550166925,6.7085400033463305,1
112,10,89.40100412177641,13.627525648875771,1
112,11,90.42487609145302,6.743392435948376,1
112,12,87.67590826086612,2.8084710023461867,1
112,13,88.65559993970481,7.456515907168726,1
112,14,4.382074570755279,-2.0435846961651136,2
112,15,-1.5499114349179202,-2.746968855872567,2
112,16,-0.01735108622522058,4.519305813201301,2
112,17,-3.7325029198329447,-1.4445496407361775,2
112,18,2.169966449945115,-1.07509580032441,2
112,19,-0.2893518835968202,2.6068603399826316,2
113,0,-89.11807791431764,-0.06581393862776261,0
113,1,-85.78826080985118,-2.041008325613986,0
113,2,-85.33636852258864,-2.5684986960114706,0
113,3,-84.40821397357008,2.3181803929933973,0
113,4,-84.99452012482028,-0.6260783360472528,0
113,5,-87.14629070459438,-1.4672871863702603,0
113,6,-84.52099142270343,1.3353675074587776,0
113,7,-83.63115117932671,-2.3370357265912576,0
113,8,92.70520426144218,12.869527462132263,1
113,9,88.69205541422443,6.8194785413956645,1
113,10,90.33151346990012,13.329333378598603,1
113,11,91.71443389135769,6.879214266506928,1
113,12,88.3190869315708,2.7745462303448702,1
113,13,89.01288305224337,7.737635788680761,1
113,14,4.427709663317955,-2.2615991701003004,2
113,15,-1.544052028612781,-2.823306136410921,2
113,16,-0.032427322718991104,4.671564204118036,2
113,17,-3.899612745157802,-1.3478435271450737,2
113,18,2.1942926436561576,-0.9755795289250925,2
113,19,-0.1507361418566869,2.2530446978056897,2
114,0,-89.9493683108662,0.0027545362536093715,0
114,1,-86.97189741914069,-2.0019687997487936,0
114,2,-85.6629725141401,-2.798936362509454,0
114,3,-85.14750491295916,2.50554209899825,0
114,4,-85.88885938333966,-0.816011117200837,0
114,5,-88.30416957985372,-1.45585956203038,0
114,6,-85.38211843240278,0.9680121474183105,0
114,7,-84.54355683364602,-2.4964572426731246,0
114,8,93.10071165571667,13.156957488191498,1
114,9,89.4354131271504,6.956495117626851,1
114,10,90.86983558618468,13.526079215464858,1
114,11,92.20156931488019,6.780796933252936,1
114,12,89.3435905834482,3.1265387725370606,1
114,13,89.95108723523818,7.674285313438116,1
114,14,4.3335553161258415,-2.368860065408011,2
114,15,-1.7556293868722013,-2.8151553599973136,2
114,16,-0.36877425596526325,4.571548820711724,2
114,17,-4.126095105999252,-1.70327367689921,2
114,18,2.03483874890934,-1.1529206491942952,2
114,19,-0.439660008903881,2.2894731178461987,2
115,0,-90.91859445406102,-0.08668569927951972,0
115,1,-88.08188705056304,-2.1154612175353105,0
115,2,-86.54307624663055,-2.865887020719772,0
115,3,-85.79801909367816,2.5353377497473812,0
115,4,-86.38834771653995,-0.9338071981763224,0
115,5,-89.0733560814238,-1.5579166998334963,0
115,6,-86.13609297833096,1.1316906091409924,0
115,7,-85.41105839158783,-2.5146342918143114,0
115,8,93.95890822198537,13.14819163620769,1
115,9,90.40428444208855,7.318938916666431,1
115,10,92.2914947251601,13.539329793349776,1
115,11,93.04460422433564,6.616897627346427,1
115,12,89.89632890986654,3.411591255176609,1
115,13,90.76638139444,7.566355765146468,1
115,14,4.069512474385261,-2.6560812212369935,2
115,15,-1.8580693807909587,-3.0100805335753567,2
115,16,-0.23338182881041364,4.6306229799205845,2
115,17,-4.171800790035557,-1.650757399103037,2
115,18,2.454841594167469,-1.614393850408817,2
115,19,-0.6079832173994757,2.2557796476297094,2
116,0,-91.51633187857762,0.22473280144652155,0
116,1,-88.54734257730827,-2.582425971349262,0
116,2,-87.21448028058447,-3.0931316526267505,0
116,3,-86.64299126815773,2.5736978581101497,0
116,4,-87.28402392219382,-0.7579645475235992,0
116,5,-89.92750764337505,-1.3198904583109288,0
116,6,-86.62678458264722,0.7412696597547358,0
116,7,-86.08579033029667,-2.3574171049540067,0
116,8,94.83793287319831,13.43060933268928,1
116,9,91.35989994908154,7.029506430192842,1
116,10,93.02251149618372,13.583334570077234,1
116,11,93.73921844132884,6.914570839229866,1
116,12,90.57587478589197,3.5288390133248018,1
116,13,91.69717523636663,7.453615876729844,1
116,14,4.387703606045894,-2.85273759985622,2
116,15,-1.9931786548782033,-2.808173914588287,2
116,16,0.035751439704282406,4.609036099880074,2
116,17,-3.9919576232968517,-1.644752499786798,2
116,18,2.660601719657077,-1.8985316513895754,2
116,19,-0.6141668211416519,2.0361733441361265,2
117,0,-92.43522916284856,0.4867244635345114,0
117,1,-89.05013421274174,-2.8131755369362685,0
117,2,-88.22037686308957,-2.8943379801405342,0
117,3,-87.44013786493106,2.6161467694691436,0
117,4,-88.214150367719,-0.5945250231902428,0
117,5,-90.6601017371098,-1.1271740112273705,0
117,6,-87.30705996391004,0.8147821586456817,0
117,7,-86.76085617886697,-2.474494991950057,0
117,8,95.34682017626686,13.560365897984504,1
117,9,92.28133718882707,7.007245001696726,1
117,10,94.00204396576545,13.630335083111527,1
117,11,94.21291636090415,6.706051224013903,1
117,12,91.23859587040674,3.6461291176204282,1
117,13,92.44262281574989,7.271274088425531,1
117,14,4.693921424982751,-2.9614092823557594,2
117,15,-1.848628306163973,-2.9652594409682775,2
117,16,0.07933886906760074,4.78193606749693,2
117,17,-4.1611759903160905,-1.660094609372654,2
117,18,2.5249436286357434,-2.1870009454684873,2
117,19,-0.6019839429067395,1.8632680467617047,2
118,0,-93.26351598149414,0.7590124874521467,0
118,1,-89.16932908839107,-2.6028897021730324,0
118,2,-89.01300647373336,-3.0214777864676696,0
118,3,-88.13261906791428,2.8324473332653737,0
118,4,-89.36534875658401,-0.5321971698834935,0
118,5,-91.60584605380248,-1.0302889090929572,0
118,6,-88.03146451982786,0.705320760386638,0
118,7,-87.82968950352559,-2.7345523696995993,0
118,8,96.05982109798904,13.331429711057664,1
118,9,93.16419891297896,7.027313357879915,1
118,10,94.80052973363311,13.575928727800497,1
118,11,95.1109109257009,6.614213159518464,1
118,12,91.79746377131285,3.5279626042745864,1
118,13,93.50015957606655,7.492087769614526,1
118,14,4.753028706443144,-2.7412145469178832,2
118,15,-1.7553084311712266,-2.41188349753869,2
118,16,-0.0006055384089492799,4.834971188962731,2
118,17,-4.199861697851727,-1.8095886190988821,2
118,18,2.4557615549418923,-2.3999281202205824,2
118,19,-0.5196645919274864,1.9566054032796774,2
119,0,-93.93819856835786,0.689598775361423,0
119,1,-89.73373768819353,-2.4312048685105627,0
119,2,-89.56625016408245,-3.1085604002289307,0
119,3,-89.04587835539327,2.9306340257639745,0
119,4,-90.7140060646629,-0.5672270448959426,0
119,5,-92.03047521010889,-1.1473949899876126,0
119,6,-88.64775287047668,0.620403271233135,0
119,7,-88.89449917333351,-2.5522362984325606,0
119,8,97.08954323795685,13.118027721363266,1
119,9,93.86153702800281,6.969818350664144,1
119,10,95.75559177426395,13.808315809607306,1
119,11,96.17933088361126,6.826901829811571,1
119,12,92.6702795359872,3.416216031534325,1
119,13,94.57899261577457,7.538219024375325,1
119,14,4.684637642463015,-3.144220166687002,2
119,15,-1.8616810141513944,-2.5360270204417077,2
119,16,0.02328623826012311,4.82964535739632,2
119,17,-4.236898799811206,-1.533039643884605,2
119,18,2.1165835096594163,-2.6676445776876236,2
119,19,-0.6075504902604494,1.8931279597260753,2
120,0,-95.05175631692215,0.4194701695158282,0
120,1,-90.5085579688772,-2.6262599447436634,0
120,2,-90.3094340879782,-2.9701537365951043,0
120,3,-89.95623694912034,3.2754960926052923,0
120,4,-91.66533712218812,-0.5796844980045095,0
120,5,-93.11549372990372,-0.9521132111974719,0
120,6,-89.5618053663991,0.7177774430438062,0
120,7,-89.27469250962537,-2.916026262659203,0
120,8,97.67000064163128,12.954072097348824,1
120,9,94.46800767204441,7.040544307744934,1
120,10,96.67561566166579,14.299851620076899,1
120,11,97.04199130204243,6.940321944607386,1
120,12,93.58275198654998,3.6684172516798483,1
120,13,95.67304529854347,7.2895233215855395,1
120,14,4.606910040354573,-3.123112616926703,2
120,15,-1.5716683775007516,-2.3694032935950284,2
120,16,0.07529904157083087,4.821096006750104,2
120,17,-4.421831323584763,-1.7816850743937347,2
120,18,2.1982844011106124,-2.750488075358178,2
120,19,-0.7645697031226496,2.097787310301066,2
121,0,-95.56292999193549,0.5615891912900988,0
121,1,-91.21545434348326,-2.6831224049730014,0
121,2,-91.58734053797706,-2.7996933262086103,0
121,3,-90.9342424881153,2.766625659154858,0
121,4,-92.85280350717215,-0.4975715307688027,0
121,5,-94.13865503302866,-0.7817437701648611,0
121,6,-90.20476917991357,0.8250124342371954,0
121,7,-89.93793729320163,-2.936369392919656,0
121,8,98.54253219683086,13.043530814905186,1
121,9,95.0330186904383,7.417301612702027,1
121,10,97.60884748698616,14.222133840199161,1
121,11,97.79299589072166,7.225374704021353,1
121,12,94.29661408857407,3.7975858727864082,1
121,13,96.46488725256945,7.454368036440754,1
121,14,4.3814011779554525,-3.0688151355784887,2
121,15,-1.4125098029140328,-2.1739547406358497,2
121,16,-0.2644745497091404,4.576192535146162,2
121,17,-4.1116005817950745,-1.6939070086867418,2
121,18,2.505981169195632,-2.547152542862033,2
121,19,-0.7415517681529751,2.0472050237922175,2
122,0,-96.53237859176888,0.44835193577029486,0
122,1,-92.02239939064778,-2.8479220697963057,0
122,2,-92.09340333673224,-2.4624427286589494,0
122,3,-91.7854006499895,2.7975481586368702,0
122,4,-93.5683470588951,-0.14821477292676888,0
122,5,-94.80674080893031,-0.9450367651204534,0
122,6,-91.27258375273387,0.5291968734876775,0
122,7,-90.80238745769125,-3.1197640400900397,0
122,8,99.33231782878205,13.117393595826233,1
122,9,95.9917848277641,7.323267549191916,1
122,10,98.6422406633817,14.451887485701523,1
122,11,98.636303966662,7.2878919835719245,1
122,12,94.80731136679346,4.242430736061363,1
122,13,97.24323380431767,7.242365046513729,1
122,14,4.425346782052641,-2.649856356513979,2
122,15,-1.1865519632669417,-2.340481410731173,2
122,16,-0.37422042569953884,4.322367184739509,2
122,17,-4.00466052342111,-1.7368137309511824,2
122,18,2.430356384394736,-2.9089140936192983,2
122,19,-0.829786884294829,2.0900956709849794,2
123,0,-97.47363420993035,0.08251320140542162,0
123,1,-92.9073990882172,-2.8784291533978874,0
123,2,-92.98852769383926,-2.55101339422957,0
123,3,-92.87086721021508,2.603241498813912,0
123,4,-94.44194451695509,-0.3535829252987706,0
123,5,-95.6047795699923,-1.0121024025958436,0
123,6,-91.90079971501035,0.6902090684102172,0
123,7,-91.83829927971956,-2.781820700299008,0
123,8,99.9416445988069,13.395120803707384,1
123,9,96.87259344286328,7.390266416614902,1
123,10,99.74870097797952,14.300188956702108,1
123,11,99.39718019239272,7.2653478142268995,1
123,12,95.34649811882602,3.7870907469094246,1
123,13,98.20957908027084,7.064641398963078,1
123,14,4.903445751614504,-2.919579101214114,2
123,15,-1.0082471382166704,-2.10133002561317,2
123,16,-0.42805508828509015,4.159949857688375,2
123,17,-3.8944719336064835,-1.7077149239980136,2
123,18,2.41908041470731,-3.0111576569643996,2
123,19,-0.6138084164602722,1.8447777689514053,2
124,0,-98.33105083623768,0.07956216061541739,0
124,1,-93.51659098804484,-2.950976739596808,0
124,2,-94.0893442225476,-2.9568085068713357,0
124,3,-93.39352260469951,2.6529923089762124,0
124,4,-95.12809337015423,-0.6753498966094078,0
124,5,-96.67256530020562,-1.11488155632625,0
124,6,-92.44079602685937,0.45501618924088777,0
124,7,-92.39403921824682,-2.730589317722653,0
124,8,100.92928950403241,13.532223694524975,1
124,9,97.51083071305864,7.5240304816893495,1
124,10,100.7462037372703,14.596233828982916,1
124,11,100.33289535261765,7.3956485936227345,1
124,12,95.99370833986539,3.7833076743588743,1
124,13,98.85251591493682,6.647682178600997,1
124,14,5.288932481307242,-3.0634493430872496,2
124,15,-1.2452904449537359,-1.8879261717922162,2
124,16,-0.42594726409712225,4.317182213373823,2
124,17,-3.8296861553638255,-1.646049285933142,2
124,18,2.395158038139249,-3.2192043866865925,2
124,19,-0.568471326171023,1.9255240036292274,2
125,0,-98.9803685040347,0.05145182782448941,0
125,1,-93.95570291729585,-3.250458769076769,0
125,2,-94.9288625386309,-3.1487343267399894,0
125,3,-94.36332652788612,2.627645728611049,0
125,4,-96.12175307438436,-0.7147432532120394,0
125,5,-97.68662949030954,-1.2457131272743946,0
125,6,-93.5125866552655,0.7203445378072753,0
125,7,-92.84393338489093,-2.652796606216087,0
125,8,101.71599263696024,13.569097323700113,1
125,9,98.33705256637916,7.401942049973915,1
125,10,101.39403066347484,14.497053006120966,1
125,11,101.18729056466594,7.544366709145072,1
125,12,97.33874309832079,3.9924070545116552,1
125,13,99.73359161939426,6.686645316038758,1
125,14,4.832664737491671,-3.1756005196560966,2
125,15,-1.6063616272542134,-1.9685945777627019,2
125,16,-0.6683327619233096,4.167758857078081,2
125,17,-3.3333175835384217,-1.6830949625721408,2
125,18,2.2633134746541668,-3.3754037025089385,2
125,19,-0.4440342687980412,2.1594880960553633,2
126,0,-99.81815911363479,0.25656607837854123,0
126,1,-94.69174422988223,-3.2211700065505204,0
126,2,-95.45541979301204,-2.9879452323554636,0
126,3,-95.08470546950798,2.775371439384208,0
126,4,-97.18633530635215,-0.9873002017178616,0
126,5,-98.3503743673257,-1.128883098644847,0
126,6,-94.23540437688574,0.8532352357289276,0
126,7,-93.87431632643016,-2.74564960748521,0
126,8,102.46034743669753,13.643585946220375,1
126,9,99.49200853662303,7.436434286945281,1
126,10,102.11661907469657,14.5278776025119,1
126,11,101.8841177781608,7.7554193685272095,1
126,12,98.05388965472339,3.860827839369768,1
126,13,100.67577991513258,6.449813456123529,1
126,14,4.61773234007293,-3.0051479013726237,2
126,15,-1.5038694638303662,-2.0220674494586057,2
126,16,-0.7212077866323093,4.2941171155089615,2
126,17,-3.0744409766001097,-1.3815859773884211,2
126,18,2.3851324114349226,-3.5772096361040933,2
126,19,-0.6244488037071086,2.340902107996269,2
127,0,-100.83837640844138,0.37901497625743413,0
127,1,-95.49879774109864,-3.4066375289875968,0
127,2,-96.08876074396105,-2.8773541343570246,0
127,3,-95.94402128944553,2.705508040652937,0
127,4,-98.3167107485243,-0.6106949346158794,0
127,5,-99.12760365857612,-0.7962468893656043,0
127,6,-94.6423506414893,0.8174268748545892,0
127,7,-94.5237630050699,-2.8464000821009554,0
127,8,103.47079983424626,13.355502952124283,1
127,9,100.32290113052142,7.2974326055473995,1
127,10,103.3256600373821,14.172017659434108,1
127,11,102.4343902772981,7.553067051660864,1
127,12,99.10470697232991,3.6958279244390417,1
127,13,101.64501513573731,6.564344868130993,1
127,14,4.431052612127038,-3.0459214233756207,2
127,15,-1.5409745073665442,-2.011295877264249,2
127,16,-0.9308008695639602,4.479169156617415,2
127,17,-3.0546954388638947,-0.9055301962356777,2
127,18,2.3404021630042626,-3.736174795065884,2
127,19,-0.5078638544565603,2.0927468564892724,2
128,0,-101.64363359823442,0.23386196637577847,0
128,1,-96.22110975273681,-3.1918184811569645,0
128,2,-96.59177276114143,-3.2905444695498343,0
128,3,-96.76718486338935,2.443786562807056,0
128,4,-99.19855377926731,-0.43890598749346255,0
128,5,-99.65889085918532,-0.6496597894574396,0
128,6,-95.53622931138717,0.4413675148196947,0
128,7,-95.01583588528493,-2.823456415686546,0
128,8,104.46041870675502,13.335336657676866,1
128,9,100.86930967078051,7.3145817643050615,1
128,10,104.57606609422996,14.211551205513743,1
128,11,103.50665647156518,7.60338572237543,1
128,12,99.71176368850377,3.855521644948063,1
128,13,102.07474419247039,6.8347369790773085,1
128,14,4.671164465337492,-3.056405317228881,2
128,15,-1.7057378742191802,-1.9623640363907562,2
128,16,-1.0464869848038827,4.554456173956328,2
128,17,-3.4193415750131186,-0.9346809715111638,2
128,18,2.189469683867067,-3.459772496418605,2
128,19,-0.5424116508766175,2.1614849007305863,2
129,0,-102.46349062222583,0.04694652275000541,0
129,1,-97.23401859994074,-2.9930789768653585,0
129,2,-96.96910566950442,-3.323985883802368,0
129,3,-97.30806932430035,2.527955252559977,0
129,4,-99.91822824144464,-0.5067543881606431,0
129,5,-100.31006724129811,-0.7375789480222927,0
129,6,-96.15793985931124,0.5407310022808446,0
129,7,-95.9075895423214,-2.6561072414988023,0
129,8,105.17996229103976,13.315048696484473,1
129,9,101.28615095572081,7.515471749573188,1
129,10,105.56897356465275,13.803428577643606,1
129,11,103.76136594474134,7.805527629785343,1
129,12,100.68084907568243,3.7147881720985296,1
129,13,102.97754610029062,6.824373567417923,1
129,14,4.788469751728755,-2.8652631524283416,2
129,15,-1.537230543175163,-1.9807893108459471,2
129,16,-1.2480449003976426,4.497481691571849,2
129,17,-3.4149561097149723,-1.0266025683768922,2
129,18,2.4504460387548224,-3.6060023356993516,2
129,19,-0.6080890949242826,2.393597069176312,2
130,0,-103.22631069959331,0.03886476131307918,0
130,1,-98.0312159807369,-2.5751860139495895,0
130,2,-97.70513715785825,-3.3897836161118593,0
130,3,-98.14036273666775,2.5540137020773215,0
130,4,-100.76148334315758,-0.1566652432090211,0
130,5,-101.34262151787118,-0.6355275247194676,0
130,6,-96.96200418171341,0.4852885226357782,0
130,7,-96.78098984583421,-2.618517248872839,0
130,8,105.9379532923484,13.347616926586966,1
130,9,101.9517491780398,7.657403821965185,1
130,10,106.44992495667822,13.771139468465973,1
130,11,104.55268690562532,7.973961885056741,1
130,12,101.63447609177638,3.654466203750307,1
130,13,104.34376425877521,7.061659048775309,1
130,14,4.931470944823273,-3.3418128351433314,2
130,15,-1.7100214169198404,-2.400758331847639,2
130,16,-1.381830677237793,4.742803717822323,2
130,17,-2.9303659912508455,-0.7006821153666143,2
130,18,2.3435902663714794,-3.7316371189797324,2
130,19,-0.6718910765973092,2.23406272030927,2
131,0,-104.14878029567315,-0.12453352395076092,0
131,1,-98.98413432787483,-2.7759960050893384,0
131,2,-98.37584941106681,-3.2361069373895446,0
131,3,-99.14612357447629,2.645761379553771,0
131,4,-101.7694475495492,-0.35400695075314437,0
131,5,-102.54620816920733,-0.6515911621455275,0
131,6,-97.77374033407696,0.14894513394503117,0
131,7,-97.39504162662288,-2.734790115363272,0
131,8,106.89523073506349,13.411132273659131,1
131,9,102.60726255998152,7.829567815658591,1
131,10,107.32618377823644,13.980643109719667,1
131,11,104.8872890654628,8.121861010260108,1
131,12,102.68570071504001,3.3943794876012814,1
131,13,104.8942408774434,7.152506082894997,1
131,14,4.740471060847379,-3.397752118952638,2
131,15,-1.8003649626804412,-2.368015148772853,2
131,16,-1.221651952454118,4.772851964901026,2
131,17,-2.846977796492141,-0.8198542471815393,2
131,18,2.30702713973489,-3.6598073829332485,2
131,19,-0.7770306030758938,2.353190735827047,2
132,0,-104.60619082724108,-0.27681474631767067,0
132,1,-99.87865150450457,-2.5445397416226463,0
132,2,-99.21868074216711,-3.45978343916141,0
132,3,-100.00344584583756,2.7899056179014354,0
132,4,-102.37612998945255,-0.26994772672947676,0
132,5,-103.46568755315958,-0.6243339686871217,0
132,6,-98.55766539469707,0.31251264670063283,0
132,7,-98.24453920300489,-2.524280062530697,0
132,8,107.74360473358799,13.265226829598127,1
132,9,103.22560636051857,7.802054678270096,1
132,10,108.13635948384234,14.177247380600699,1
132,11,105.87261180747845,8.080670978211343,1
132,12,104.02120132066186,3.43407658884953,1
132,13,105.68488279952992,7.272781551357812,1
132,14,4.964785283246783,-3.5835622107869383,2
132,15,-1.6867784715250533,-2.2105328667773567,2
132,16,-1.2657897512873877,4.950548818859177,2
132,17,-2.6323782434789864,-0.7879912513080665,2
132,18,2.151476820402952,-3.4074920388147962,2
132,19,-1.018138874759163,2.3422248124441585,2
133,0,-105.4937075393074,-0.29495136077128525,0
133,1,-100.84205332903684,-2.509989188434004,0
133,2,-100.05469262069936,-3.8080709424548402,0
133,3,-100.63256309725341,2.820774238302522,0
133,4,-103.3377761261774,-0.2453592712175913,0
133,5,-104.15151600178986,-0.5088556879977607,0
133,6,-99.54646335275346,0.2940856732197941,0
133,7,-99.2314692903837,-2.9019629639901368,0
133,8,109.05972993408754,13.175694275682329,1
133,9,104.14697065539944,7.833401456572009,1
133,10,109.04326096441106,14.382267098051685,1
133,11,106.66132728089613,8.231919668948926,1
133,12,104.57603711461108,3.1039956085265654,1
133,13,106.4107516069377,6.971989980115317,1
133,14,4.895996684960168,-3.34446866150564,2
133,15,-1.6060821650704977,-2.245813215779509,2
133,16,-1.0235674264407224,4.961680230977597,2
133,17,-2.807578941884161,-0.9213849747535889,2
133,18,2.277723946141009,-3.396242796569864,2
133,19,-1.0883366447104708,2.6509569278178247,2
134,0,-106.46277624566662,-0.14691215462567545,0
134,1,-101.7509569152062,-2.5470818662951604,0
134,2,-100.92549299634653,-3.788183515597377,0
134,3,-101.35738265259435,2.7107036105451763,0
134,4,-104.04190829910425,-0.35451581025686074,0
134,5,-105.2862156311067,-0.33750538739072156,0
134,6,-100.67896699519234,0.41645218761752956,0
134,7,-99.84157259566338,-2.6154322435704893,0
134,8,109.71496574590442,13.21922258526574,1
134,9,105.05216852361839,7.519610704126302,1
134,10,109.67843710715664,14.767093484849974,1
134,11,107.55891265120204,7.836117759958107,1
134,12,105.17690767680594,3.522513567739742,1
134,13,107.27107340033055,7.338503114649937,1
134,14,4.660600341609207,-3.032278338529423,2
134,15,-1.2971789702139231,-2.297056635558713,2
134,16,-0.6672584733493894,5.015013211384828,2
134,17,-2.7314002246646747,-0.9215658187358003,2
134,18,2.278601631594177,-3.4657490509919775,2
134,19,-1.099181676974939,2.619205992556921,2
135,0,-107.20010740185002,-0.20706832114428686,0
135,1,-102.81726329486183,-2.8266923694625627,0
135,2,-101.70314397965907,-3.66268956136198,0
135,3,-102.05535910232177,2.618775024971031,0
135,4,-104.39077731923211,-0.5710313976514487,0
135,5,-105.78430441015662,-0.34891812693139623,0
135,6,-101.82407499652446,0.5219704528785443,0
135,7,-101.03449225268044,-2.7408103477000556,0
135,8,110.66033016190762,13.288341640249369,1
135,9,105.8327780275146,7.505722976993908,1
135,10,110.54558508666351,14.620633392577638,1
135,11,108.3021747389476,7.868600036820087,1
135,12,105.80383382024065,3.5139808359240785,1
135,13,108.2794916332356,7.126147933727392,1
135,14,4.912449275845543,-3.014905543819163,2
135,15,-1.2995208474101483,-2.218445981978685,2
135,16,-0.611971745329111,4.847380145564596,2
135,17,-2.297296453351512,-0.7310956631231658,2
135,18,2.6155015717732493,-3.6232159142550233,2
135,19,-0.9639983674547906,2.934323910109556,2
136,0,-107.94302228158249,0.1401788125076242,0
136,1,-103.40488587681696,-3.203141719925122,0
136,2,-102.66592375444357,-3.5943376821662194,0
136,3,-103.14326417184878,2.744168318208028,0
136,4,-104.87343398726028,-0.13543799357810826,0
136,5,-106.59885725946695,-0.45068180427315496,0
136,6,-102.40823707844822,0.7788990087470886,0
136,7,-101.9719856210925,-2.7039282147407793,0
136,8,111.38628792545911,13.305149170737053,1
136,9,106.71463601729927,7.637114347705128,1
136,10,111.48696793184847,14.75192455598661,1
136,11,108.93417407423617,7.991469368006921,1
136,12,106.60949028651781,3.426175972948549,1
136,13,108.9887260821873,7.130952814158274,1
136,14,4.642697966089662,-3.334262614087727,2
136,15,-1.3534356207229419,-2.0743950674754803,2
136,16,-0.2718935138367246,4.890288964386008,2
136,17,-2.4443597252351212,-0.5225389493892839,2
136,18,2.5935752963453775,-3.6712057192074448,2
136,19,-0.7583381006843664,2.997844909874132,2
137,0,-108.77204119809416,0.19776173680947906,0
137,1,-104.01451711150777,-2.9205028943123246,0
137,2,-103.31473712594557,-3.7850890247168625,0
137,3,-104.08996353750798,2.694627297310366,0
137,4,-105.3400658965286,-0.22074254781051178,0
137,5,-107.38335189130984,-0.19628987681315269,0
137,6,-103.5524966486892,0.8062089385469526,0
137,7,-102.54873906356838,-2.7915688035248745,0
137,8,112.22895924492143,13.264411798778301,1
137,9,107.20022339501212,7.635317488932003,1
137,10,111.73668384373987,14.916251272027177,1
137,11,109.88771529517894,8.007084809944834,1
137,12,107.49619087815272,3.494603429253496,1
137,13,109.60696580333585,6.98339426676651,1
137,14,4.703228063635317,-3.1341154478927855,2
137,15,-1.4550958063476547,-2.2008444197513413,2
137,16,-0.27045850980935715,5.020486226382105,2
137,17,-2.230598492074981,-0.6070154611054488,2
137,18,2.8172228037875167,-3.357300083265801,2
137,19,-0.45375098755218235,3.1143719259177884,2
138,0,-109.53262873441294,0.19668349780221375,0
138,1,-104.74505753065206,-2.926182404765182,0
138,2,-104.19059172755802,-3.8684634963748317,0
138,3,-105.10028396636851,2.5478515657003986,0
138,4,-106.13572730245988,-0.2296067322571587,0
138,5,-107.77746339096751,-0.4591812776316748,0
138,6,-104.40971529894323,0.7912070061272823,0
138,7,-103.13591752644543,-2.928540227762127,0
138,8,113.04682574210366,13.1325224159383,1
138,9,108.0005169910457,7.760126087884286,1
138,10,112.55165510282873,15.049969113289936,1
138,11,111.00960297500409,8.24771613659732,1
138,12,108.24223468152742,3.3249629727677075,1
138,13,110.45757476768676,7.066931418340201,1
138,14,4.629111543202324,-2.9800680674486744,2
138,15,-1.3639497323185181,-2.312166462088284,2
138,16,-0.10272765037463405,5.068019006629215,2
138,17,-2.5181922312431766,-0.8473491356218281,2
138,18,2.7845330183037182,-3.3781886365075304,2
138,19,-0.17078494311780434,3.0950872925953368,2
139,0,-110.38265770539657,0.3129994089924555,0
139,1,-105.61235438979325,-2.784779546736038,0
139,2,-104.91934587794066,-4.015285885596621,0
139,3,-105.82113197802208,2.47547756959214,0
139,4,-106.98911044607651,0.03478580028615477,0
139,5,-108.57473621987351,-0.2830199270509841,0
139,6,-105.04204911446607,1.0037544313754783,0
139,7,-104.02572776743463,-3.2554198852700384,0
139,8,113.61201599299366,13.280338755022514,1
139,9,108.71747648634552,7.383089318574186,1
139,10,113.2327032036201,14.963323099649262,1
139,11,111.85816866335112,8.060779608247849,1
139,12,109.09459957454693,3.1868238839771057,1
139,13,110.90256908723192,7.080361654746118,1
139,14,4.560810109551222,-3.0124712032953145,2
139,15,-1.4687584971576917,-2.455252675105457,2
139,16,0.014834306001998643,5.572869465327202,2
139,17,-2.65862418538161,-1.0047948629290522,2
139,18,3.0299219287942454,-3.44138616664946,2
139,19,-0.5181678480075189,3.0359546212931248,2
140,0,-110.98115761284745,0.3085234932929111,0
140,1,-106.38234483401395,-2.852143501906023,0
140,2,-105.95696087820158,-3.9490239101915368,0
140,3,-106.58323958980847,2.3873659764532893,0
140,4,-107.70286190945339,-0.398056285594267,0
140,5,-109.27882178163742,-0.37979092550812177,0
140,6,-106.16981251584835,1.2958456896624422,0
140,7,-105.02636974279339,-2.8346814674074476,0
140,8,114.72973699755701,13.08147696633449,1
140,9,109.47440508711726,7.32190515870559,1
140,10,114.11886456376106,14.794912165024385,1
140,11,112.38826232056647,7.8657095434841775,1
140,12,110.17613352034813,2.8460504905918826,1
140,13,111.82225891492159,7.39765184901346,1
140,14,4.811743134725901,-2.8273486771483824,2
140,15,-1.5657743310761527,-2.5005285752188255,2
140,16,-0.13261073439001902,5.229687442896917,2
140,17,-2.428004118741003,-1.1130966697870852,2
140,18,3.027950543120851,-3.316259700137349,2
140,19,-0.4800182831379244,3.07379433303281,2
141,0,-111.56524749291592,0.020023323749205013,0
141,1,-106.92332939287442,-2.736341262294758,0
141,2,-106.83248448691677,-3.703984041855187,0
141,3,-107.15181906626808,2.2674983214688926,0
141,4,-108.76826473701776,-0.7423099128180111,0
141,5,-110.01166495749577,-0.24656287898190157,0
141,6,-107.15231192951795,1.2216395803390434,0
141,7,-105.83998914620325,-2.8384420067476426,0
141,8,115.67039496600509,12.927075264519896,1
141,9,110.377437144973,6.99721814530247,1
141,10,115.26407033757414,14.624439145456938,1
141,11,112.97811393840527,7.920438218735444,1
141,12,110.49754425515022,2.9506124508588387,1
141,13,112.66022279460671,7.217082624794159,1
141,14,5.223890768200057,-2.6739022825996765,2
141,15,-1.32102957024004,-2.631869882628114,2
141,16,-0.1462536690143761,5.310016424512451,2
141,17,-2.355047896753679,-1.094400411160025,2
141,18,3.4240249095958366,-3.5137519370654346,2
141,19,-0.4319338468328463,2.987803224422146,2
142,0,-112.25002523299048,-0.06396708623587606,0
142,1,-107.7344021208674,-2.875660328715016,0
142,2,-107.71692715767519,-3.96744829571935,0
142,3,-107.80133785081199,2.3370832539788378,0
142,4,-109.82874208686441,-0.9860896959703487,0
142,5,-110.72702543114252,-0.3623874292573517,0
142,6,-108.06828021267124,0.9727466244185208,0
142,7,-106.32803754060879,-3.30737338039038,0
142,8,116.32325975274746,12.905024184674131,1
142,9,110.98677775343349,6.849719149192458,1
142,10,116.17732851107128,14.524797369235953,1
142,11,113.49669595922742,7.757479604260767,1
142,12,111.44193189300634,2.7083063631425657,1
142,13,113.38278897277964,7.28712945850814,1
142,14,5.215343446410963,-2.646804643017676,2
142,15,-1.191911612929713,-2.905205370346645,2
142,16,-0.3245622690423594,5.3619224170627335,2
142,17,-2.1023598677951703,-1.039443458106465,2
142,18,3.5059367212024886,-3.542514553527011,2
142,19,-0.42931916373177065,3.0117012179561726,2
143,0,-112.87345739225046,-0.1476130009558872,0
143,1,-108.75725098412035,-2.5858603081009166,0
143,2,-108.69241819141972,-4.200818879028152,0
143,3,-108.39662033019616,2.082345328128688,0
143,4,-111.0204532553545,-0.7030626200564966,0
143,5,-111.65569091837656,-0.384702731101355,0
143,6,-108.92515681133324,1.1957881443785334,0
143,7,-107.19854956743704,-3.454609135139109,0
143,8,117.28829828065105,12.81214946566877,1
143,9,111.59832787574767,6.8533572510970915,1
143,10,116.87418367195852,14.69420017683102,1
143,11,114.22398891398194,7.59236139487158,1
143,12,112.57368276861011,2.8185503394599456,1
143,13,114.37156541412799,7.171282289933154,1
143,14,5.238613259606302,-2.7411737608818134,2
143,15,-1.0284321670939862,-2.8154255313084535,2
143,16,-0.1731821846933781,4.980454365598435,2
143,17,-2.2386955961056767,-1.091263569794214,2
143,18,3.134097075991364,-3.5967066789525397,2
143,19,-0.5876953295815492,2.9589912776143916,2
144,0,-113.57289442585837,-0.35008808495058363,0
144,1,-109.68119417140117,-2.6825308536299373,0
144,2,-109.50988184462327,-4.091734779318257,0
144,3,-109.30036434012023,1.870118969261849,0
144,4,-111.86272855079758,-0.3985354524182106,0
144,5,-112.49081179345492,-0.19399046571525724,0
144,6,-110.03246138465823,1.308951155720906,0
144,7,-108.00106288744257,-3.416876535798645,0
144,8,118.25435373939382,12.831852953787115,1
144,9,112.50575132710776,6.767210849318913,1
144,10,117.50774015750297,14.8968858392803,1
144,11,115.10269625467961,7.557179297865783,1
144,12,113.62574434432027,2.702877566782574,1
144,13,114.91722434741409,6.807775002477137,1
144,14,5.59074224732157,-2.538786506362533,2
144,15,-0.9060554786529832,-2.8284127090528832,2
144,16,-0.11762017017896897,5.051772307385158,2
144,17,-2.26678275305863,-0.8650576999715938,2
144,18,3.623359114853513,-3.7942302279211773,2
144,19,-0.572366909395828,3.283190146450021,2
145,0,-114.40268868298212,-0.32496340178898514,0
145,1,-110.54774357853101,-2.00053463315116,0
145,2,-110.42426832012508,-4.041045690657904,0
145,3,-110.22641657947274,2.014305776826668,0
145,4,-112.53078178790228,-0.41472067287498826,0
145,5,-112.86399774032219,-0.25777203173008145,0
145,6,-110.48452222039172,1.4477463935606374,0
145,7,-108.78601999515715,-3.432755167602094,0
145,8,119.24718149876956,12.834507504488025,1
145,9,113.38819046120527,6.7570045057568215,1
145,10,118.20530446669653,15.203251802654,1
145,11,115.8856966798987,7.765481651666091,1
145,12,114.65236935328308,2.455544862054629,1
145,13,115.58804356897295,6.880533107935262,1
145,14,5.861042818685274,-2.373502096959522,2
145,15,-0.8795795056596003,-2.5005912555195615,2
145,16,0.13579707478578146,5.3032980729735755,2
145,17,-2.2124792789451684,-1.0147546576422255,2
145,18,3.5261910637758027,-3.5968109018462076,2
145,19,-0.4238897716718135,3.153091513279181,2
146,0,-115.29249186964559,-0.42244710899880294,0
146,1,-111.5628591829733,-1.8910398168618496,0
146,2,-111.50408555391799,-4.214035523526514,0
146,3,-110.77891869654827,2.3655361754872004,0
146,4,-113.31631580823213,-0.43474016599569854,0
146,5,-113.51243338324787,-0.23224531046874367,0
146,6,-111.12369770804807,1.541965735211816,0
146,7,-109.63324807674547,-3.104960718288001,0
146,8,119.62620474240069,12.779959537165988,1
146,9,114.17297820697443,6.751941274997377,1
146,10,118.9810668435801,15.323482418131274,1
146,11,116.83590427613997,7.547215792770629,1
146,12,115.34195819994729,2.288168574190604,1
146,13,116.31747503490413,7.010084755894351,1
146,14,5.988575793639266,-2.6752586302116117,2
146,15,-1.0713409288868077,-2.5209698795992677,2
146,16,0.38653548644021113,4.941363280356127,2
146,17,-2.230666296506168,-1.1666631343315876,2
146,18,3.431946832732078,-3.583277899377338,2
146,19,-0.21289073713920767,3.32011781998539,2
147,0,-115.91924478549218,-0.3620232315979254,0
147,1,-112.51462298244788,-1.794822744773242,0
147,2,-112.41748733671112,-4.358834512373926,0
147,3,-111.48732761618024,2.732261430908958,0
147,4,-114.0722439725502,-0.8625254534037435,0
147,5,-114.35289790954295,0.0891509437209542,0
147,6,-111.9448503104861,1.5193590836361102,0
147,7,-110.55592189497357,-3.2396144320080675,0
147,8,120.46260689920379,12.523366514812217,1
147,9,114.98298292501904,6.715952241178797,1
147,10,119.69777283299352,15.744279875223164,1
147,11,117.46738008703481,7.057583290423496,1
147,12,115.93356026629229,2.0022203532979956,1
147,13,117.27638080447969,7.102533393607383,1
147,14,6.042446101449139,-2.573951649076343,2
147,15,-1.232716364334344,-2.145752661818093,2
147,16,0.25438218363257703,5.220597808798066,2
147,17,-1.897201370956669,-1.7385055469814183,2
147,18,3.85559761940267,-3.5287857114275893,2
147,19,0.14965498257112267,3.0618940805196964,2
148,0,-116.68127881816079,-0.5438643333639632,0
148,1,-113.78013425531418,-1.8272292891903996,0
148,2,-113.04502656589554,-4.576888330453873,0
148,3,-112.11186110812007,2.7527563629319807,0
148,4,-114.78152715282393,-0.8525811134945791,0
148,5,-115.26113386348948,-0.33943302486561766,0
148,6,-112.85401472975163,1.495359764561628,0
148,7,-111.29714468120095,-2.996447690856464,0
148,8,121.55126762409999,12.484670678799043,1
148,9,116.1010340472841,6.677131738878877,1
148,10,120.18271889817274,15.713742166005172,1
148,11,118.27524501719209,7.036995472616415,1
148,12,116.73888221154712,1.7227418551322506,1
148,13,117.85215273366413,7.317698625789327,1
148,14,6.131866667229054,-2.691514281338845,2
148,15,-1.3229697035999237,-1.7688195553161754,2
148,16,0.36070336232172073,5.164065550114176,2
148,17,-1.9522666613085988,-1.5505289549977193,2
148,18,3.8473694752505465,-3.4044344861123146,2
148,19,0.18950069655253343,3.0065633402861542,2
149,0,-117.46979474873218,-0.351644847326833,0
149,1,-114.48114868798402,-1.9095303792178673,0
149,2,-113.98731989497246,-4.435631016068743,0
149,3,-112.93011002993453,2.826369771856094,0
149,4,-115.29045858270453,-0.8985948299817497,0
149,5,-116.20014231443696,-0.7078695527458763,0
149,6,-113.53016506591432,1.6116412938347318,0
149,7,-111.63174889322809,-3.307456241196109,0
149,8,122.22877851242914,12.668563899467184,1
149,9,116.85106730436152,6.404874217745373,1
149,10,121.38830174778732,15.474240938249908,1
149,11,119.1689499893388,6.970750858236846,1
149,12,117.74447890304225,1.799620184404558,1
149,13,118.74646559666769,7.458215231601107,1
149,14,6.392681916843659,-2.637394911272806,2
149,15,-1.2575406973182857,-1.5990197192552413,2
149,16,0.36459165090312495,5.30957749875861,2
149,17,-1.8796639638135906,-1.292737353543595,2
149,18,4.1931141368022065,-3.113419691335575,2
149,19,0.2273662970124299,3.26113957431947,2
150,0,-118.26630212201442,-0.2960468525241778,0
150,1,-115.33158128774208,-2.0167797988280363,0
150,2,-114.69755225734232,-4.47168547240258,0
150,3,-113.88030148485504,2.591363594571023,0
150,4,-115.99064793794513,-1.0320220725378026,0
150,5,-117.3655897179193,-0.8983557404842564,0
150,6,-114.41338146882207,1.4821140968850934,0
150,7,-112.31572918560096,-2.968456426933158,0
150,8,123.13903868720163,12.752135885553292,1
150,9,117.60731917506494,6.229228087756716,1
150,10,122.72708475609888,15.810395674735222,1
150,11,119.86166171494686,6.989816170593644,1
150,12,118.43214308594303,1.4861761559425808,1
150,13,119.41055582891352,7.4823188319131875,1
150,14,6.4873063996102776,-2.6527500786666933,2
150,15,-1.4785852516548872,-1.5746022670628597,2
150,16,0.7554160515875876,5.5444821755104545,2
150,17,-1.8495757393726997,-1.254639855759206,2
150,18,4.299567177719853,-2.8511925150138366,2
150,19,0.4362000775034327,3.287987525867401,2
151,0,-119.060282949021,0.026761992742118934,0
151,1,-116.20001929290326,-2.420292335381935,0
151,2,-115.21326161764134,-4.464642656070086,0
151,3,-114.93410074576842,2.5723964699991795,0
151,4,-116.97558555697154,-1.244448549599502,0
151,5,-118.23477327674956,-0.789053152051638,0
151,6,-114.78620790524336,1.5057319265667406,0
151,7,-113.54213352574604,-3.0983329179726495,0
151,8,123.9131798472122,12.912910597939515,1
151,9,118.13517720892737,5.969263486229264,1
151,10,123.40933071512013,15.611062395758712,1
151,11,120.61009586335736,7.0670739661792625,1
151,12,119.46776052261559,1.3416421938096321,1
151,13,119.96614070820196,7.267991735451835,1
151,14,6.820838685576906,-2.653070841621279,2
151,15,-1.2224453379678002,-1.8309863133404365,2
151,16,0.9619774610470162,5.363424841462397,2
151,17,-2.012235264981814,-1.4374256513492056,2
151,18,4.44854408690973,-3.1472023631656056,2
151,19,0.7298454078001737,3.2460065076044646,2
152,0,-119.82615177334792,-0.11030347511102312,0
152,1,-117.04847263888094,-2.049627723042613,0
152,2,-115.83369070486853,-4.868012959058966,0
152,3,-115.81572246350918,2.632868633051293,0
152,4,-117.58340698395739,-1.0004694595615653,0
152,5,-119.1203277274016,-0.960881755315276,0
152,6,-115.59803092638343,1.4335992981067154,0
152,7,-114.23640452870201,-3.080499157411147,0
152,8,124.70788458711624,13.198006723015386,1
152,9,118.89949966552706,6.229588955563342,1
152,10,124.25830221834308,15.384408049406755,1
152,11,121.10829274861939,7.093137424477566,1
152,12,120.6064231576042,1.5365498004066396,1
152,13,120.89771086722452,7.386264342040596,1
152,14,6.835201176195841,-2.586442829382895,2
152,15,-1.0062282430736036,-1.634399774023435,2
152,16,0.8286234878705881,5.244001575452211,2
152,17,-1.8991104186369856,-1.487803617042571,2
152,18,4.016459442957939,-2.9946205859855843,2
152,19,0.6827914296550284,3.282934765558857,2
153,0,-120.79838184316216,0.26096757078002286,0
153,1,-117.575951284272,-1.9845160386183016,0
153,2,-116.31950202440902,-5.085894674777175,0
153,3,-116.63533406420161,3.0001057673329203,0
153,4,-118.62251948702092,-0.539459274578059,0
153,5,-119.89620220414743,-0.748310636147592,0
153,6,-116.49718629365647,1.6431073071049065,0
153,7,-115.30184275459132,-3.1061645606587915,0
153,8,125.44523180554889,12.931371810493083,1
153,9,119.65256085187468,6.166826310538013,1
153,10,125.19327390402121,15.387202071533766,1
153,11,122.00825924257465,7.042111201315998,1
153,12,121.29640689175777,1.7709273177469043,1
153,13,121.57232905221812,7.5147229654016465,1
153,14,6.9868401667804205,-2.1080323348489864,2
153,15,-0.87868278263059,-1.5516185845334043,2
153,16,0.5405035654966946,5.244007304686843,2
153,17,-1.794481997754786,-1.5022758843232018,2
153,18,4.299264583819194,-3.0889787281216505,2
153,19,0.5163306694327263,2.8311686268713276,2
154,0,-121.44757635314807,0.22494691466190428,0
154,1,-118.51273630823587,-2.2794942446770428,0
154,2,-117.20897746818873,-4.896480868637127,0
154,3,-117.24431154655456,2.867626117585878,0
154,4,-119.66495428406908,-0.9966015652698391,0
154,5,-121.07530343303681,-0.43975115304047663,0
154,6,-117.30148238522354,1.6353781117804633,0
154,7,-116.49887598820672,-3.063851670176654,0
154,8,126.03061322702831,13.087346084665588,1
154,9,120.40915965436375,6.35222998625899,1
154,10,125.9086132651298,15.427082535783915,1
154,11,122.98689906566992,6.967617102793468,1
154,12,122.30405285252692,1.5481162592018962,1
154,13,122.64912066746415,7.530779807104084,1
154,14,6.885822721459195,-2.2289708056322315,2
154,15,-0.8632619609359076,-1.152918364521287,2
154,16,0.41186123388939666,5.324314508113411,2
154,17,-1.532805032693159,-1.229776099134623,2
154,18,4.697124723466018,-3.0422597382942747,2
154,19,0.5363245677886549,2.9599116282930686,2
155,0,-122.32099201988568,0.20236570360550965,0
155,1,-119.09750416976392,-2.2836335968010566,0
155,2,-117.87464789026316,-5.072965321704192,0
155,3,-117.89744511093858,3.0329626651640456,0
155,4,-120.36167476974079,-1.2418066968100867,0
155,5,-122.01207745589186,-0.3032784698913078,0
155,6,-118.22392812283842,1.84146938418066,0
155,7,-117.61791694494997,-3.078394163014211,0
155,8,126.8720178452379,12.842725800322803,1
155,9,121.27642768858684,6.76920617589343,1
155,10,126.76586430877713,15.424401836624442,1
155,11,123.74846374648686,7.177156064980897,1
155,12,122.93838556347438,1.5211085093699692,1
155,13,123.33892231717753,7.691950604224115,1
155,14,6.800279349246957,-2.046363896034053,2
155,15,-0.7558805296223721,-0.9352079947327052,2
155,16,0.27974758728516735,5.491960099330579,2
155,17,-1.6245939011408213,-1.242831074473217,2
155,18,4.178846648656868,-2.948111310098803,2
155,19,0.4888423887895746,2.9797379261721253,2
156,0,-123.05040192830059,0.36504733716118565,0
156,1,-119.64455522595227,-2.32009183766432,0
156,2,-118.80454540128959,-5.1294710740754965,0
156,3,-118.55297483422041,2.660576602338852,0
156,4,-121.04216901271093,-1.5737359892822178,0
156,5,-122.64925677848385,-0.4781550284302404,0
156,6,-118.88074245676222,1.882666980358773,0
156,7,-118.32082466615222,-2.9287199838546694,0
156,8,127.5265612912132,13.193674436866774,1
156,9,121.84931681458421,6.953759350682305,1
156,10,127.8355086258163,15.425214475053512,1
156,11,124.65860367743282,7.001193283420976,1
156,12,123.35402017246969,1.8165885382492977,1
156,13,124.41711160158539,7.846873882436206,1
156,14,7.013094049980562,-2.494665810187843,2
156,15,-0.7991514613081284,-0.924156673534769,2
156,16,0.48228480190928874,5.559824197666108,2
156,17,-1.4736504036548754,-0.7792731336213925,2
156,18,3.953137965048638,-2.659734758451916,2
156,19,0.5163802160471469,2.942390302762917,2
157,0,-123.96189426349211,-0.07532070029727927,0
157,1,-120.1770762482832,-1.980025933627659,0
157,2,-119.41226180496824,-4.958012841058384,0
157,3,-119.36052551364898,3.010602952873005,0
157,4,-121.65347569281246,-1.3814795996099198,0
157,5,-123.74435276267435,-0.6108090518744318,0
157,6,-119.5403087042754,1.5717971006549207,0
157,7,-119.06762504347564,-3.0447685778051294,0
157,8,128.08938041454712,13.297966911054736,1
157,9,122.64797817661632,6.873335447257408,1
157,10,128.73313251516254,15.347936150591162,1
157,11,125.45130895065999,7.178155147438555,1
157,12,124.48172122754782,2.127185858715957,1
157,13,125.36574609290138,7.782693753783409,1
157,14,7.011145277511277,-2.7863399292441366,2
157,15,-0.7739058416911745,-0.5294179842444213,2
157,16,0.5341299291407219,5.638026094764859,2
157,17,-1.3910738888389083,-1.0590163004416853,2
157,18,3.7496058795750664,-2.7820961549640315,2
157,19,0.3719248116881798,2.9118773963412377,2
158,0,-125.23754062796247,0.022388648958439436,0
158,1,-121.15138736823903,-2.2628088504787502,0
158,2,-120.3783960116611,-4.980409085196832,0
158,3,-119.91796672730354,3.1023152231224813,0
158,4,-122.60702861519857,-1.4298829848467896,0
158,5,-124.58783793952371,-0.4594338697899998,0
158,6,-120.91605443699865,1.8449864921060533,0
158,7,-119.85618771079079,-3.0784482869484404,0
158,8,128.99870589941915,13.11915069383253,1
158,9,123.39985078185748,6.893691416923223,1
158,10,129.39039578268557,15.686984009729828,1
158,11,126.20866992708973,7.231983813194192,1
158,12,125.2190657728162,2.0669492945539867,1
158,13,126.0573972887299,7.756225423661653,1
158,14,6.907725065929202,-2.617214945471603,2
158,15,-0.9324641521618825,-0.6413532618103457,2
158,16,0.29793413935166385,5.50092714854201,2
158,17,-1.4674124849800423,-0.9628453963616775,2
158,18,3.83892484762958,-2.550047314909859,2
158,19,0.01755532453942915,2.5333020233595827,2
159,0,-125.96725369514519,-0.11954382769523957,0
159,1,-121.84724061306919,-2.270191230287209,0
159,2,-120.94250130224522,-4.814724541556206,0
159,3,-120.73221450582894,3.0559721147513983,0
159,4,-123.64649223111688,-1.4705145716046277,0
159,5,-125.5802159353919,-0.11615759441633866,0
159,6,-121.53017732393974,1.711843182343182,0
159,7,-120.67269847539224,-2.9801423735830816,0
159,8,129.86577758164577,13.194150578107415,1
159,9,124.20878499975464,6.657649107721445,1
159,10,130.14168632708123,15.775128941926608,1
159,11,127.0733795217057,7.235011504205372,1
159,12,126.3235305004338,1.9880430852289623,1
159,13,126.71076651570023,7.871140733381247,1
159,14,6.548537852212256,-2.569221412236688,2
159,15,-0.7844109852261385,-0.4765952984276921,2
159,16,0.42685543006704896,5.208183951270597,2
159,17,-1.0172191456254533,-1.122007361317641,2
159,18,3.6367474361457726,-2.6702372128610055,2
159,19,-0.14917327526599294,2.8627840224549104,2
160,0,-126.70580278060584,-0.2876188671648901,0
160,1,-122.6285881890627,-2.1461764930578653,0
160,2,-122.15392823378023,-5.023360049923921,0
160,3,-121.42255690106735,3.3800855820845603,0
160,4,-124.21690615872514,-1.26340465175167,0
160,5,-126.7169005620414,-0.034335008575900494,0
160,6,-122.34952043110547,1.5934095272263844,0
160,7,-121.12183820920953,-2.4400949214334693,0
160,8,130.42905499131678,12.947042435384452,1
160,9,124.90371415512195,6.462439901301624,1
160,10,130.65258535465043,15.822799219113238,1
160,11,128.2130789610891,7.3915296300339195,1
160,12,127.52044241289741,2.0501764161866,1
160,13,127.48119370754416,7.735931385497294,1
160,14,6.631437506647669,-2.5385645068047125,2
160,15,-0.7495537901174848,-0.2983640362416561,2
160,16,0.09027181653838223,5.414468703145142,2
160,17,-1.2923753548049222,-1.033843381924842,2
160,18,3.5957290900168806,-2.5308208408378983,2
160,19,-0.549232479528408,2.790665056200465,2
161,0,-127.28827544890518,-0.3009373198226446,0
161,1,-123.43649650741341,-2.326864549976887,0
161,2,-123.02923697549535,-5.095412932998939,0
161,3,-122.3467980961715,3.2914107288404746,0
161,4,-125.18819606110046,-1.3493194882212656,0
161,5,-127.39010587680825,-0.23628239895248623,0
161,6,-122.90225606978358,1.5573033172280233,0
161,7,-121.7688041179048,-2.474529103421403,0
161,8,130.70031867854848,12.61050877769433,1
161,9,125.69411145033646,6.502841707698122,1
161,10,131.3017809752225,16.05447317099822,1
161,11,129.24087355909063,7.512886021458112,1
161,12,127.88257805985211,1.8809990793567488,1
161,13,128.4150831893857,7.979060853323855,1
161,14,6.659740671637271,-2.205755225902163,2
161,15,-0.5718866601484779,-0.4817186208933063,2
161,16,0.33041603904551425,5.427639462719025,2
161,17,-1.1326243338769215,-0.8490282107915822,2
161,18,3.4195101940571906,-2.6957216963158914,2
161,19,-0.518939129272594,2.583402439367281,2
162,0,-128.1736649302105,-0.08401521004113083,0
162,1,-124.0141012224119,-2.306118554485735,0
162,2,-123.62226366058185,-4.984595403451222,0
162,3,-123.09807608769506,3.1978217292794473,0
162,4,-125.96236291336795,-1.2768641142296384,0
162,5,-127.89407046867775,-0.5079566487245836,0
162,6,-123.54626568847655,1.6840453565256415,0
162,7,-122.57280235533237,-2.8012748300578636,0
162,8,131.43960373372704,12.700005465937798,1
162,9,126.63472741664138,6.3316812264991,1
162,10,132.4508237772188,15.768380684716899,1
162,11,130.14019031051592,7.315228089594577,1
162,12,128.6275502290993,1.735197130478735,1
162,13,129.21365926347195,8.142741165670174,1
162,14,6.72555493192591,-1.7847397750213256,2
162,15,-0.709204403389618,-0.1586436765208038,2
162,16,0.2116530836525377,5.6029131750318655,2
162,17,-1.2428225850854857,-0.9931254460681014,2
162,18,3.137056700885608,-2.6853564999369257,2
162,19,-0.30943448683127395,2.773369951506774,2
163,0,-129.14234163112437,-0.1545799693977878,0
163,1,-124.50687617176635,-1.8438441102311753,0
163,2,-124.43380560978217,-4.742911135774426,0
163,3,-123.89834909880052,3.0602498452703837,0
163,4,-126.8152774601973,-1.1862150880931979,0
163,5,-128.42273422392,-0.25953555890518337,0
163,6,-124.26926256671497,1.6119470375621674,0
163,7,-123.53990678528424,-2.9611058403517085,0
163,8,132.2216627968816,12.628455444937318,1
163,9,127.47531062329827,6.335554961114816,1
163,10,133.04636154235322,15.631845987862617,1
163,11,130.99710401672164,7.549110927277426,1
163,12,129.541402025548,1.7095850978596683,1
163,13,130.35462543904998,8.26201957879186,1
163,14,6.727998663774891,-1.867725313029484,2
163,15,-0.718554102250734,-0.10236975493629077,2
163,16,0.041316482967827306,5.5015205287694,2
163,17,-1.0176941959879753,-1.2003139177147473,2
163,18,3.104779061278119,-2.8111372217073596,2
163,19,-0.3732634375459305,2.936919793600821,2
164,0,-129.79329131496806,-0.015221864025425275,0
164,1,-125.2463255969612,-1.5933135696041212,0
164,2,-124.96372351374984,-4.7235829076354,0
164,3,-124.76214495000418,3.1412697546890036,0
164,4,-128.02288633055358,-1.0668715460894942,0
164,5,-129.09820382213303,-0.12956143383407873,0
164,6,-125.07538707730205,1.7703810093886618,0
164,7,-124.90545903457193,-2.7455022279740895,0
164,8,133.2361141236678,12.603367581718816,1
164,9,128.21943849563343,6.143894818776919,1
164,10,133.70657195248882,15.682153001252622,1
164,11,131.86449396425184,7.112212629119345,1
164,12,130.49535020829882,1.5364612876814419,1
164,13,131.4614754538816,8.093990975823544,1
164,14,6.742463967683103,-1.7543315451810904,2
164,15,-0.765362367379917,0.19559076901327369,2
164,16,-0.16510134467959753,5.335380676194259,2
164,17,-0.914107694924302,-1.103147203295431,2
164,18,3.022888178743573,-2.908334709100751,2
164,19,-0.32071364123707835,2.7711956656984627,2
165,0,-130.36353604356202,0.36450873254886784,0
165,1,-126.1645543384924,-1.5937816754507095,0
165,2,-125.85452010445111,-4.643862982597721,0
165,3,-125.44579747453795,3.0031700735806233,0
165,4,-128.58231986935755,-0.8499496305335258,0
165,5,-130.1067491242661,-0.218054613250435,0
165,6,-125.68770929188953,1.8008814332779068,0
165,7,-125.46441408392465,-3.038510113705187,0
165,8,134.01489379342078,12.607847133595383,1
165,9,129.06865553131988,6.117944879066097,1
165,10,134.06738734443647,15.621521715454318,1
165,11,132.86592314640615,7.224869218570011,1
165,12,131.40223703623138,1.4626917678454472,1
165,13,132.07307895508566,7.8411602174166095,1
165,14,6.631050393597509,-2.0565655985759834,2
165,15,-0.9165708815193432,0.02240881052112867,2
165,16,-0.09524770800622755,5.611989389131036,2
165,17,-0.4037852454851085,-1.4255009871027984,2
165,18,3.0296165561883757,-3.044326821345723,2
165,19,-0.2848061999843777,2.6583141286510696,2
166,0,-131.0046643543707,0.41515882468179177,0
166,1,-126.8673957585627,-1.3931705150029023,0
166,2,-126.73782894986665,-4.923757973192902,0
166,3,-126.42875684989703,3.031774049261734,0
166,4,-129.2333036108246,-0.744900158414849,0
166,5,-130.82375668447253,-0.2803734873779751,0
166,6,-126.49842389621217,1.3853419654579617,0
166,7,-126.29477415295959,-3.4233883418811555,0
166,8,134.8290111573015,12.621330340824422,1
166,9,130.09314326117828,6.047794596752048,1
166,10,134.86691484079734,15.612234100941118,1
166,11,133.59202229317825,7.088212339821319,1
166,12,132.6380951673834,1.192526220450763,1
166,13,132.75286174943415,7.698884398624272,1
166,14,6.64722695229065,-2.115832392927591,2
166,15,-1.2397358694894811,-0.3418370954069394,2
166,16,0.15374289697205523,5.211596639823874,2
166,17,-0.7221760584652477,-1.0764458323363741,2
166,18,2.8511180572721875,-2.9814172257364273,2
166,19,-0.2968343975791683,2.421866212053085,2
167,0,-131.6780640936021,0.7501995984971552,0
167,1,-127.40271019056175,-1.1239173518419514,0
167,2,-127.88668609897964,-4.871090742887515,0
167,3,-127.34860001935402,3.499499840657469,0
167,4,-129.87404412256623,-0.5252550672624009,0
167,5,-131.81609346405756,-0.26508055640289907,0
167,6,-127.38677229766425,1.585107511514053,0
167,7,-127.00735795415315,-3.5880911275267025,0
167,8,135.41056529474625,12.55876329559144,1
167,9,130.6614399821357,6.010943946246335,1
167,10,135.66800709464107,15.51074427657198,1
167,11,134.30485680877948,6.943082619516742,1
167,12,132.97727038201762,0.8236602491665608,1
167,13,133.50130680752943,7.589623791295542,1
167,14,6.543461081091208,-1.8097918740753334,2
167,15,-1.2744160356627565,-0.14872799000487608,2
167,16,0.2697871554152342,5.129675978889105,2
167,17,-1.1442967997936557,-1.5117883577917364,2
167,18,2.6632677692473523,-2.7367064797934044,2
167,19,-0.22731619272839393,2.321776480840692,2
168,0,-132.71031184844884,0.6120548770365061,0
168,1,-128.47520893467706,-1.15964446790069,0
168,2,-128.7768264319297,-4.351779881481463,0
168,3,-127.84040650933133,3.8479305922341553,0
168,4,-130.3630813787673,-0.6706936551842226,0
168,5,-132.46855353596058,-0.07634437113421338,0
168,6,-128.27728030174757,1.4138579015667918,0
168,7,-127.99442792246404,-3.3059710487314415,0
168,8,136.1974252468252,12.431379633958766,1
168,9,131.591796749561,5.852121247957072,1
168,10,136.79623717637836,15.458852506374821,1
168,11,135.12889670383038,7.075579564290088,1
168,12,133.3127920800165,0.9400281348321542,1
168,13,134.4047405328543,7.524103990213533,1
168,14,6.594849991506502,-2.06397723319093,2
168,15,-1.1038016865462785,-0.12342526362310055,2
168,16,0.002279170893643878,4.968521276523061,2
168,17,-1.419500727594722,-1.3277053591428434,2
168,18,2.4384031385562506,-2.7470161324914875,2
168,19,-0.5029407774438079,2.2767453167956373,2
169,0,-133.69267559747706,0.6356688434324527,0
169,1,-129.23632964177253,-1.1644139666261109,0
169,2,-129.83123783045951,-4.204254527928563,0
169,3,-128.46110693608875,3.7735328515675297,0
169,4,-131.0456106798402,-0.6636605074480864,0
169,5,-133.0180155786043,-0.10455252096430448,0
169,6,-128.94217386924927,1.6183868756356539,0
169,7,-128.76746183274915,-3.1993437933519964,0
169,8,137.13210336352353,12.367512338321848,1
169,9,132.47254193685959,6.027821460536091,1
169,10,137.42415686621243,15.64639603735529,1
169,11,135.6682501412601,7.079620320785811,1
169,12,134.08564304672987,0.9873972832597729,1
169,13,135.6384990783899,7.524572016251538,1
169,14,6.310992140839902,-1.8264530286832041,2
169,15,-0.8152836347563879,0.018487970082162908,2
169,16,0.24198677462650534,5.089880563991667,2
169,17,-1.2569683696515668,-1.464721054278334,2
169,18,2.1142689973828874,-3.080218171976835,2
169,19,-0.44480730308484034,2.5877905007007613,2
170,0,-134.47273404849076,0.618987733117241,0
170,1,-130.26152597735768,-1.3282231518105865,0
170,2,-130.43148176441903,-4.057167603231307,0
170,3,-129.102250240689,3.846537619400343,0
170,4,-131.99926061726006,-0.3717478880066499,0
170,5,-133.83040148598747,-0.3609762058483642,0
170,6,-129.48607167875053,1.835925143740087,0
170,7,-129.37634246321227,-3.1760824049591645,0
170,8,137.94114539738283,12.44668147979278,1
170,9,132.89287699186113,5.919144306936113,1
170,10,138.47336049496042,15.759124062636634,1
170,11,136.36433557393138,6.78044821582707,1
170,12,134.5631115725635,1.2091726523939632,1
170,13,136.02168371899162,7.393578843321126,1
170,14,6.547914762488614,-2.0721014047979223,2
170,15,-1.0438436471856023,0.029024446646899606,2
170,16,0.05561988633758114,4.9557223956032646,2
170,17,-1.5054375062798255,-1.4745160679095939,2
170,18,1.8267048469097191,-2.815187940760215,2
170,19,-0.5075079491210842,2.7373829868395956,2
171,0,-135.26981982488235,0.5391236568497804,0
171,1,-130.78477171026697,-1.1985749256079077,0
171,2,-131.21654247574216,-4.262001781071063,0
171,3,-129.77530474481324,3.8113059522063413,0
171,4,-133.0396214514543,-0.4758273149586743,0
171,5,-134.94426973482325,-0.22879150331000425,0
171,6,-130.4569311236028,1.4915663455632608,0
171,7,-130.1002655281959,-3.428237252330603,0
171,8,138.76284099369872,12.280174553020032,1
171,9,133.83135689399873,5.888556898040903,1
171,10,139.3078618299333,15.739397425314696,1
171,11,137.13444920949829,6.284178001856072,1
171,12,135.5432108785528,1.0650271702187708,1
171,13,136.6048347568117,7.588409356510627,1
171,14,6.1751066887866894,-1.7530532725333448,2
171,15,-1.0239530781339652,0.09522259822179358,2
171,16,0.07384774935947112,4.668458129784563,2
171,17,-1.3081668386825047,-1.7374789915023099,2
171,18,1.9997732508259882,-2.712674107906706,2
171,19,-0.9337407352574804,2.951648488920802,2
172,0,-135.86100744622814,0.6176944946151235,0
172,1,-131.2821817004676,-1.2744607460880548,0
172,2,-132.00152997295874,-4.077731205920076,0
172,3,-130.64073343335136,3.830461401191999,0
172,4,-134.2055977506143,-0.5560518840490986,0
172,5,-135.72231292521525,-0.20257606985647825,0
172,6,-131.05960706429929,1.760040751693188,0
172,7,-130.81557391720165,-3.318151088588619,0
172,8,139.4456545579442,12.099310636103274,1
172,9,134.53633390152694,6.088979241085112,1
172,10,140.15765773147166,16.05959819503623,1
172,11,138.11845270645975,6.307226853084708,1
172,12,136.15230174410945,0.9431941406354171,1
172,13,137.4698878511713,7.398777198009561,1
172,14,6.068184889303278,-1.7830708987405959,2
172,15,-0.8836310789459186,0.14689720791866775,2
172,16,0.4458177194252729,4.529094915133092,2
172,17,-1.3630284046740344,-1.9339142834742125,2
172,18,1.8478378814814012,-3.012423278753781,2
172,19,-1.1675177112497306,2.8878983328914845,2
173,0,-136.83901699689414,0.7151727074015068,0
173,1,-132.2522704374011,-1.5249048513296477,0
173,2,-132.89991290576256,-4.334292088146781,0
173,3,-131.14399161040342,3.869287590419077,0
173,4,-134.99631482692845,-0.4732831867833254,0
173,5,-136.59287333516554,0.010350753452662315,0
173,6,-131.92865820711586,1.4221661675359878,0
173,7,-131.63569638928652,-3.4682864435924445,0
173,8,140.0395643728847,12.13544395682945,1
173,9,135.3235974303166,6.1793664990305475,1
173,10,141.2851455982487,15.974949196712986,1
173,11,138.7209822222515,6.133972575068786,1
173,12,136.87678706974665,0.9531753676029238,1
173,13,138.20097535293883,7.158171720001273,1
173,14,5.91749638756135,-1.8691527366748228,2
173,15,-0.6088851355572555,0.3279990031487481,2
173,16,0.36469388540763914,4.830499190942183,2
173,17,-1.6787073025563928,-2.2228011089599815,2
173,18,1.6966393824612056,-2.7441830567831564,2
173,19,-1.31839112489354,2.490252294858689,2
174,0,-137.51932515208824,0.4062076571908931,0
174,1,-132.8769691118429,-1.7176870202997128,0
174,2,-133.7357335608881,-4.1749310235111095,0
174,3,-131.98595519515442,3.9293538598796127,0
174,4,-135.55404230593783,-0.768326320989047,0
174,5,-137.52688302324566,-0.2856440155393747,0
174,6,-132.53129295326178,1.5543930024808539,0
174,7,-132.31470149268304,-3.4939491011694894,0
174,8,141.06316714513906,12.193182981214207,1
174,9,136.1894501469327,6.276892671211848,1
174,10,142.22336877956005,15.88592593187896,1
174,11,139.60226340792482,5.713026145597993,1
174,12,137.69137213568894,1.1719854117454234,1
174,13,139.07520512706807,7.093134193870164,1
174,14,5.899139110120069,-2.0348563613854647,2
174,15,-0.6412835649116693,0.300199992659218,2
174,16,0.45805459060279524,4.503337905586637,2
174,17,-1.592520271412515,-2.5674732701394265,2
174,18,2.11001040327903,-2.913555235178362,2
174,19,-1.2324065022532886,2.341884725739577,2
175,0,-138.43314906516062,0.7499754690135456,0
175,1,-133.8994783987704,-1.8533842006193568,0
175,2,-134.44141161208802,-3.900507078398897,0
175,3,-132.72783470921283,3.73551157702199,0
175,4,-136.4575204682722,-0.5220976855065508,0
175,5,-138.53269019682816,-0.1918816333253343,0
175,6,-133.2136785279888,1.373905226287787,0
175,7,-133.07247132782484,-3.631516435762331,0
175,8,141.95265279563003,12.391122160802835,1
175,9,137.0312698495153,6.475719664164013,1
175,10,142.91776645628727,16.087060929750848,1
175,11,140.65116139397875,5.640496072505287,1
175,12,138.55835246357753,1.6173808408885249,1
175,13,139.54122946149286,7.040815966389318,1
175,14,5.832114904475479,-2.2810742727814386,2
175,15,-0.6327193786346206,0.4973183215796716,2
175,16,0.470602365068393,4.2646316027246245,2
175,17,-1.4915527027203137,-2.3158522583439654,2
175,18,2.1729803933182623,-2.825537567339311,2
175,19,-1.3523363838883276,2.4238311425292327,2
176,0,-139.45400290853806,0.5167092544064349,0
176,1,-134.73676732296522,-1.851898887098628,0
176,2,-135.07565349563117,-3.574112797708572,0
176,3,-133.56034590888652,3.6471678075202862,0
176,4,-137.16618409554601,-0.5250738864976872,0
176,5,-139.74964850357668,-0.10935617393944087,0
176,6,-133.87986696037072,1.5440750754712416,0
176,7,-133.68165284992304,-3.527290448443315,0
176,8,143.077548920186,12.281153933677057,1
176,9,137.9940626628187,6.012320502988294,1
176,10,143.7340465562621,16.25005498282549,1
176,11,141.51584004687325,5.78890056720032,1
176,12,139.52138855670145,1.195143308011554,1
176,13,140.08250923722582,7.180641060797457,1
176,14,5.614841462532932,-2.226032212539135,2
176,15,-0.6586994247487761,0.19027036069742254,2
176,16,0.47776072602808994,4.2296264636343714,2
176,17,-1.2628114295163098,-2.565433121733849,2
176,18,2.1842681621407145,-2.5818411131869077,2
176,19,-1.2752922548140946,2.2190167489409,2
177,0,-140.1742793139119,0.42362152229137306,0
177,1,-135.3656353019767,-1.8492885249186737,0
177,2,-135.96855926696384,-3.3983526423145847,0
177,3,-134.3064255645554,3.703579014785232,0
177,4,-138.15314827037278,-0.46770997294559846,0
177,5,-140.28233960808646,-0.06244673535113457,0
177,6,-134.87198658858046,1.708493302489509,0
177,7,-134.19680628164514,-3.505667652687838,0
177,8,144.08541665926415,12.438968018563324,1
177,9,138.7151148623437,5.991307235336515,1
177,10,144.60882383322485,16.144956742218902,1
177,11,142.48909646755828,5.8841004787392,1
177,12,140.44723210580057,0.8434798125840308,1
177,13,140.80646442768847,7.260078827279238,1
177,14,5.250910732058674,-2.2514263298452626,2
177,15,-0.7857599453761109,0.19744592677352893,2
177,16,0.20332025936782427,4.104243594228128,2
177,17,-1.5170810218459099,-2.9706188152975006,2
177,18,1.972728569963317,-2.6046556457294003,2
177,19,-1.475889157370594,2.3495397896289107,2
178,0,-140.9319990666811,0.08094944398988618,0
178,1,-135.92553675328634,-1.9239831749770047,0
178,2,-136.6651443428874,-3.21574041456381,0
178,3,-135.05756547668227,4.348353028270591,0
178,4,-138.8719452985924,-0.6529568552222834,0
178,5,-140.8727705432146,-0.19361776312710155,0
178,6,-135.72996852697554,1.755457478747925,0
178,7,-135.1464044053451,-3.4252522552574036,0
178,8,145.01251764186748,12.823072034504145,1
178,9,139.14313930667214,5.720406664977399,1
178,10,145.3337422544918,15.950302473623909,1
178,11,143.79878438086737,6.010875564411254,1
178,12,140.9968722653705,0.8768453319515004,1
178,13,141.73694482606973,7.414979561840634,1
178,14,5.335077230008796,-2.084254695105074,2
178,15,-0.5489933446671016,-0.05020265059105114,2
178,16,-0.17209114150478594,4.307988498820116,2
178,17,-1.5507637384350703,-2.710898174997406,2
178,18,2.0462297201568393,-2.3389742083496574,2
178,19,-1.590458135749893,2.46661845157276,2
179,0,-141.79168721681575,-0.38866519921112325,0
179,1,-136.86675675384396,-2.110840099243799,0
179,2,-137.4739449882481,-3.017830416290068,0
179,3,-136.32060932360673,4.378474582978666,0
179,4,-140.03834409701534,-0.6033555372534646,0
179,5,-141.6981395901706,-0.2718439232459406,0
179,6,-136.4334177320784,1.8972809841870522,0
179,7,-136.0485411747765,-3.50087400209409,0
179,8,146.15804296768758,12.643099422460322,1
179,9,140.00294359626056,5.4646868357533105,1
179,10,146.4402352580608,15.889253790122224,1
179,11,144.3922082034804,5.885145881497478,1
179,12,141.55566605207724,0.8089816777942322,1
179,13,142.62644346199414,7.400609320292237,1
179,14,5.305365716959536,-1.8363532127046915,2
179,15,-0.24437285170301115,-0.3212134093981279,2
179,16,-0.09987231603509136,4.1494728879075495,2
179,17,-1.7426103188089368,-2.5578684672322054,2
179,18,2.1491475463261005,-2.5613567266992554,2
179,19,-1.9429195605588467,2.671073838049022,2
180,0,-142.57086351542424,-0.5376198769182767,0
180,1,-137.48994232358265,-2.4938028343215914,0
180,2,-138.33386000972553,-3.3931508400408243,0
180,3,-137.03834117716025,4.254844358411176,0
180,4,-140.99419357269372,-0.631528566568443,0
180,5,-142.14837731122853,-0.5560470832336676,0
180,6,-136.78249787808934,1.5479550472258534,0
180,7,-137.40457317403752,-3.3163350420145075,0
180,8,146.61809839461048,12.59708588391293,1
180,9,140.54885034970016,5.64695676868364,1
180,10,147.1530286606745,15.980747241615859,1
180,11,145.3246071410734,6.145390154964165,1
180,12,142.21673729521297,0.9552471254242364,1
180,13,143.21427147850096,7.479272430947378,1
180,14,5.416161646039212,-2.26955030114717,2
180,15,-0.04087439382717589,-0.4250507526227154,2
180,16,-0.011900732483029308,3.7844352245170794,2
180,17,-1.7646497919589517,-2.6494503456046896,2
180,18,2.010284853611067,-2.5392620136554487,2
180,19,-1.8857328874186474,2.21960677055951,2
181,0,-143.19217629412842,-0.3398421422451342,0
181,1,-138.24651739360687,-2.6467067626428236,0
181,2,-138.9649508949552,-3.490385087937588,0
181,3,-137.87373476927397,4.494820424457843,0
181,4,-141.71383056012826,-0.8633969496443583,0
181,5,-142.91369749333677,-0.38864667165339806,0
181,6,-137.99624584249295,1.5227981948711782,0
181,7,-138.13703987167054,-3.385106018871489,0
181,8,147.70679083920112,12.338713696767762,1
181,9,141.2309459567774,5.604847321026759,1
181,10,147.982285415307,16.12457140080433,1
181,11,146.16341075062664,6.036040600380335,1
181,12,142.87594472363344,0.9270289989485808,1
181,13,144.58387336220036,7.417889361351696,1
181,14,5.207924141853043,-2.0549556936629116,2
181,15,0.12016171467973508,-0.6542640914752018,2
181,16,0.1648676482393387,3.9526361288247567,2
181,17,-1.6748523241390953,-2.823028279270945,2
181,18,2.1813316464683803,-2.693254427497394,2
181,19,-1.8658536160470278,2.4033803267249056,2
182,0,-144.17064112002646,-0.2726503426750517,0
182,1,-138.93218356190837,-2.4656299077932915,0
182,2,-139.68842927283532,-3.8795613305265944,0
182,3,-138.3461741775855,4.347640198518027,0
182,4,-142.31772688626535,-0.6567988705407343,0
182,5,-143.89799613751222,-0.4222525463629623,0
182,6,-138.85384034217986,1.548227946121587,0
182,7,-139.0662829752485,-3.5008106273339092,0
182,8,148.42717202985074,12.262589526244838,1
182,9,141.9872708876167,5.602023604276894,1
182,10,148.83753528228618,15.952456359130569,1
182,11,146.81632147495304,6.279608577878984,1
182,12,143.3363146751946,1.1510748442316932,1
182,13,145.14880048207522,7.32213110746889,1
182,14,4.974217606794615,-2.4129722469611865,2
182,15,0.2490473558900013,-0.6510060556367657,2
182,16,0.11051489798366361,3.916982264576383,2
182,17,-1.172748591134794,-2.6774220412274405,2
182,18,2.1911898512930397,-2.741588913446164,2
182,19,-1.3194614142467365,2.434873776755046,2
183,0,-144.8290797950567,-0.6323273531703111,0
183,1,-140.12737883915696,-2.2528072412260682,0
183,2,-140.25279232934375,-4.179713035938569,0
183,3,-139.0303899592092,4.399183154582281,0
183,4,-143.22639158448243,-0.7887697326391786,0
183,5,-144.61815636344903,0.0016017728246509044,0
183,6,-139.56928271865013,1.8101576127241914,0
183,7,-140.03139119437813,-3.1835845906788123,0
183,8,149.69347816388466,11.982191112104116,1
183,9,142.94378531796545,5.51327865977385,1
183,10,149.50587500694402,15.991187533314319,1
183,11,147.5679929060016,6.527286033219324,1
183,12,143.9746249805601,1.1187846833425505,1
183,13,145.65890076776893,7.062680439372657,1
183,14,4.88722008220365,-2.3059327760125803,2
183,15,0.14568407368858938,-0.890643047913401,2
183,16,-0.029498889311622686,3.6990529369576315,2
183,17,-1.0987087295474407,-2.407544297623604,2
183,18,2.514721177151919,-2.5867577943582516,2
183,19,-1.2800179906679237,2.192084817408475,2
184,0,-145.39801361166442,-0.4292569575423433,0
184,1,-140.9440354350474,-2.2978666109904844,0
184,2,-141.0882129770994,-4.452753018343374,0
184,3,-139.57123310234513,4.222901911569829,0
184,4,-144.14215563076684,-0.6653660127855874,0
184,5,-145.54568590945613,-0.19811673067175967,0
184,6,-140.3943101105045,1.9764123341685584,0
184,7,-141.0404499933204,-3.2878459239649818,0
184,8,150.39858280664996,12.031373678054235,1
184,9,144.01261906100837,5.660379055068414,1
184,10,150.49234600128958,15.864776790420667,1
184,11,148.52569812244917,7.062744110423636,1
184,12,144.6912893570458,0.7495517443433544,1
184,13,146.33697410559137,7.21038059744349,1
184,14,4.796961417695889,-1.886505352674752,2
184,15,0.03565035598533772,-1.1122761364227318,2
184,16,-0.2849407211222737,3.869144754476027,2
184,17,-1.3242900014196946,-2.274629838613995,2
184,18,2.588072366087176,-2.293365024333247,2
184,19,-1.3920355468105081,2.3702383032276444,2
185,0,-146.57552657058847,-0.4949324235689476,0
185,1,-141.80546714773618,-2.3464275338442304,0
185,2,-142.04272799782058,-4.1256460437825355,0
185,3,-140.18329194979032,4.4059334154242515,0
185,4,-144.6934032370515,-0.5651779532023173,0
185,5,-146.17481751785792,-0.029164807931269354,0
185,6,-141.29277303020973,2.0494120394345927,0
185,7,-141.7606954146484,-3.313358349721205,0
185,8,151.08934182959598,11.510053785143985,1
185,9,144.63010221314602,5.502885730280288,1
185,10,151.22538433470288,16.32976350782692,1
185,11,149.49182914863235,7.504744563323606,1
185,12,145.6428086297637,0.6787855128219039,1
185,13,146.86380739970116,7.086216625502422,1
185,14,4.957067823158956,-1.6124243952011141,2
185,15,0.14167684492012794,-0.8068512362220996,2
185,16,0.07630267352396636,3.936878206351799,2
185,17,-1.423160898376643,-2.2327702279529102,2
185,18,2.4134148713695507,-2.329588032738241,2
185,19,-1.662845594170018,2.5930048434609683,2
186,0,-147.56074091338363,-0.6075231410093535,0
186,1,-142.53803226370758,-2.3105338746642228,0
186,2,-142.93216236433275,-3.9206375601456207,0
186,3,-140.86546241776952,4.19589553620835,0
186,4,-145.29346208612105,-0.5761545121495462,0
186,5,-146.6898372204088,0.13080291047610865,0
186,6,-142.0198261258426,1.682961530321431,0
186,7,-142.64068340443166,-3.2232561229798273,0
186,8,151.79516039199987,11.553597465638738,1
186,9,145.1450421559153,5.544038490619667,1
186,10,152.22834688677204,16.145750533798612,1
186,11,150.12016538371407,7.4979373058210035,1
186,12,146.28497036733805,0.5771166659207992,1
186,13,147.57687652950796,6.822885662762789,1
186,14,4.685949433396634,-1.3797202768593109,2
186,15,0.19560561381549357,-0.8878342876569297,2
186,16,-0.0028302121444144374,4.24136530802189,2
186,17,-1.1526131594144085,-2.154732281350076,2
186,18,2.587382132635965,-2.3421734699196928,2
186,19,-1.7477733460719744,2.5953080373446142,2
187,0,-148.69017063048895,-0.8997291570239649,0
187,1,-143.32230434909243,-2.3940360060582404,0
187,2,-143.5752016951023,-3.5384394172034894,0
187,3,-141.74214301610698,4.411131520979367,0
187,4,-146.09843323135232,-0.6461518538153871,0
187,5,-147.46230453881975,0.06499823683980437,0
187,6,-142.67833014525922,1.821902773017165,0
187,7,-143.25615435317746,-3.4943334180838517,0
187,8,152.72832998997697,11.419960923206729,1
187,9,145.9864799220765,5.623705068932818,1
187,10,153.48243422546042,16.06777526181878,1
187,11,150.94098701270727,7.518059729170584,1
187,12,147.19088882449634,0.26909724352368924,1
187,13,148.39660871245022,7.215217770000558,1
187,14,4.33178147345431,-1.2644422621138283,2
187,15,0.5484889538521125,-1.1085973735982972,2
187,16,-0.23086209860355206,4.379102262969188,2
187,17,-1.1961673274470055,-2.0258689503984746,2
187,18,2.7165299532850624,-2.5509429788043807,2
187,19,-1.7706142720531555,2.394451144782644,2
188,0,-149.82294591701253,-1.3214612170009903,0
188,1,-144.11890982723165,-2.1446619755157226,0
188,2,-144.20245680820713,-3.3699451011474255,0
188,3,-142.38157935148777,4.55777115253508,0
188,4,-146.85750785356876,-0.5560205209821409,0
188,5,-148.03737886221052,-0.2917857917175972,0
188,6,-143.60481122279526,1.824597912138521,0
188,7,-144.2199208906116,-3.588514137406536,0
188,8,153.52149388511785,11.284797819281245,1
188,9,146.91710511679278,5.5596382422474155,1
188,10,154.6860974689253,16.063350021686144,1
188,11,151.80499730891654,7.654873509835928,1
188,12,147.62573693376106,0.3923774367947897,1
188,13,149.3965722711469,7.353445821989651,1
188,14,4.438370807686739,-1.6066241094635438,2
188,15,0.43945677112903725,-1.1397085564292808,2
188,16,-0.12960862373069487,4.319216119823303,2
188,17,-1.4371512692775035,-1.8221243210125642,2
188,18,2.7593381998407107,-2.5116735482110077,2
188,19,-2.0660076948997115,2.566493087370716,2
189,0,-150.677531654879,-1.6979471306143719,0
189,1,-144.75684982368747,-2.1768976616191114,0
189,2,-144.7902532626127,-3.448335375224217,0
189,3,-142.92090338651767,4.756283432080089,0
189,4,-147.32571808621017,-0.5012953122448008,0
189,5,-148.76149038792698,-0.6787932733764153,0
189,6,-144.1253117455456,1.7880191209282161,0
189,7,-144.87041656852492,-4.107616554827765,0
189,8,154.1846291741556,11.168770646916139,1
189,9,147.4474217809922,5.851265570017489,1
189,10,155.80246704284212,16.17047529686349,1
189,11,152.81804842746322,7.753189926211953,1
189,12,148.5419831395308,0.8750860021924922,1
189,13,149.97523246907298,7.549108174260378,1
189,14,4.693788623036362,-1.4837708990189438,2
189,15,0.3199944540572946,-1.0902552417503266,2
189,16,-0.2943237698251753,3.9530262442082957,2
189,17,-1.5841874960843472,-1.733224050738807,2
189,18,2.8267462477722325,-2.6916183957513415,2
189,19,-2.000335472808471,3.095601184017363,2
190,0,-151.38276426855418,-1.4207291164408424,0
190,1,-145.47308458217174,-2.381175416675654,0
190,2,-145.4404733775696,-3.1488172527434317,0
190,3,-143.78488209795375,4.6507699955137,0
190,4,-148.38787144836084,-0.39750335253400787,0
190,5,-149.57449103933334,-1.0100888678390163,0
190,6,-145.1137522750529,1.428702417996943,0
190,7,-145.60045890429453,-3.623156321299773,0
190,8,155.19905071666273,11.221751111423169,1
190,9,148.13667132494854,6.29586634029126,1
190,10,156.62333213454914,16.25037519774236,1
190,11,154.01992618285306,7.442073681651729,1
190,12,149.2572371576821,1.2596741257300932,1
190,13,150.9542549186965,7.824715097418378,1
190,14,4.478382087830401,-1.3601124481110047,2
190,15,0.16720902881482738,-0.9850495767363161,2
190,16,0.0385576085743069,3.7340668556985332,2
190,17,-1.719715564879472,-1.983633015346435,2
190,18,2.5702909163039145,-2.7874291894194174,2
190,19,-1.8622458095855494,3.133105574304243,2
191,0,-152.10786774274794,-1.350700081117436,0
191,1,-146.38334135130822,-2.2845326620764035,0
191,2,-146.23621076117112,-2.954378602888892,0
191,3,-144.50783256531858,4.236450202351301,0
191,4,-149.18747661800026,-0.7550898753366502,0
191,5,-150.41608279884724,-0.9062320809864849,0
191,6,-146.06051322829245,1.3707760110795941,0
191,7,-146.66162274132597,-3.7426357902896914,0
191,8,155.99206512328755,11.470981757430247,1
191,9,148.81579759265244,6.306227948854905,1
191,10,157.57120613392544,16.14524511913651,1
191,11,154.6528382418503,7.571785318339997,1
191,12,150.11036727325117,1.1734944595206054,1
191,13,151.7562324458228,7.715019156740986,1
191,14,4.64106192292255,-1.2831104696208846,2
191,15,0.12820405766827575,-0.7670515469816201,2
191,16,0.15105873363997957,4.035169719393955,2
191,17,-1.3930875613643656,-2.0931204267203083,2
191,18,2.5415924189831185,-2.5572951168844607,2
191,19,-1.838912975528693,3.082170189921268,2
192,0,-152.8050997650763,-1.6806453276087492,0
192,1,-147.05032831744398,-2.3209650297268616,0
192,2,-147.0052394732099,-2.7722981015315686,0
192,3,-145.6098928353919,4.232869173586548,0
192,4,-149.906314596531,-0.8386947283303768,0
192,5,-151.15272313021654,-1.050531631460554,0
192,6,-146.64575675479182,1.4674906487700974,0
192,7,-147.53873577400944,-3.657773020272586,0
192,8,156.9581221554598,11.590488726777862,1
192,9,149.55985300681493,6.189860175057591,1
192,10,158.30191381838844,16.152474234406853,1
192,11,155.57597008018402,7.6683293203275325,1
192,12,150.9700840760414,1.1011781752104746,1
192,13,152.18074213856815,7.5593531268621055,1
192,14,4.252595995004555,-0.8946353310340708,2
192,15,0.10272125715678067,-1.1328021355592366,2
192,16,0.011962970961273661,3.8275291684057517,2
192,17,-1.614500859830218,-2.1923070327034297,2
192,18,2.7999010699163147,-2.55741913304701,2
192,19,-1.9778083897644394,3.129995489139965,2
193,0,-153.68232111642018,-1.929738675670627,0
193,1,-147.74297884913855,-2.749291991198242,0
193,2,-148.0492623514896,-3.0795822371367585,0
193,3,-146.56412171166062,4.414907211920109,0
193,4,-150.54173638620455,-0.5523205280410983,0
193,5,-152.07975426150992,-0.8664238722997274,0
193,6,-147.86700462507625,1.2103729001180654,0
193,7,-148.23018065088053,-4.007891435504073,0
193,8,158.35150772268398,11.717868757413937,1
193,9,150.62672534870262,6.391538510401719,1
193,10,159.2791778587076,16.18833123215743,1
193,11,156.48270327246564,7.945396639514718,1
193,12,151.52081686302552,1.093633275995366,1
193,13,152.78639949948914,7.410145377205713,1
193,14,4.5284954010092315,-0.7314986084578954,2
193,15,-0.1301082535695004,-0.8609554780116089,2
193,16,0.3629255640322012,4.065315674353965,2
193,17,-1.4217950896216558,-2.378393641304738,2
193,18,2.9308619618414906,-2.3109920474761094,2
193,19,-2.339519049923789,3.254571240252044,2
194,0,-154.94335738827834,-2.0728878142936615,0
194,1,-148.7036674967384,-2.7299376254690406,0
194,2,-148.7874458195351,-3.0962441136324506,0
194,3,-147.2773407743018,4.390077583251418,0
194,4,-151.57945502873926,-0.8028891455520848,0
194,5,-152.89766414603375,-0.6820335132854435,0
194,6,-148.54717524962174,0.8786508826369455,0
194,7,-148.83758340279178,-4.060557909820266,0
194,8,159.58762940129907,11.966672340982685,1
194,9,151.43153172347624,6.648731467486925,1
194,10,160.1971050328072,16.039430532572677,1
194,11,157.39915281272795,7.705519865362088,1
194,12,152.44976376691318,0.7699207306034297,1
194,13,153.32875224899993,7.194563506436479,1
194,14,4.438682413154488,-1.140026372826836,2
194,15,-0.5941397157658985,-0.748520834812091,2
194,16,0.2579989939205076,4.009300292112247,2
194,17,-1.037764732322772,-2.1135553044338105,2
194,18,3.1893513749663676,-2.3556677918705575,2
194,19,-2.327532284009448,3.4518643910727427,2
195,0,-155.7625542721953,-1.9516032129878043,0
195,1,-149.26637318329102,-2.7901573014647023,0
195,2,-149.60858933577796,-3.105786633454891,0
195,3,-148.10989027160065,4.431966721191658,0
195,4,-152.7542977411227,-0.7462288620794983,0
195,5,-153.33329959306334,-0.6191860085213269,0
195,6,-149.15387456372125,1.2270316566168025,0
195,7,-149.3582629951348,-4.141066102786436,0
195,8,160.4590475948756,12.048820532802758,1
195,9,152.2832869945811,6.499077610114492,1
195,10,161.16250509761,15.832500966714363,1
195,11,158.45710469880012,7.74673255814896,1
195,12,153.44584682970347,0.5467565811075653,1
195,13,154.08275257041228,7.104658304761165,1
195,14,4.475752072747241,-0.803556176342175,2
195,15,-0.7374788855866465,-0.7520857458975574,2
195,16,-0.07832561605748606,3.9806031124815946,2
195,17,-0.9874475349289895,-2.215432314345524,2
195,18,3.1619994064948993,-2.6029922466098303,2
195,19,-2.589991464995845,3.6119212266776595,2
196,0,-156.56147476431667,-2.3272735184601716,0
196,1,-149.99110627146243,-3.116338037349929,0
196,2,-150.589330825647,-3.257101947454018,0
196,3,-148.9095481908548,4.380720267759663,0
196,4,-153.5703906411925,-0.7457407549419071,0
196,5,-154.27670236429407,-0.8364971851585666,0
196,6,-150.27344613811604,1.2369743580395247,0
196,7,-150.39538365079164,-4.206491902193524,0
196,8,161.40213805056536,12.009520047317059,1
196,9,153.07487947593725,6.640860063610205,1
196,10,161.77412592632123,15.896724577853304,1
196,11,159.30100335864412,7.289876676244607,1
196,12,154.55964730551148,0.6295731196644255,1
196,13,154.79972206687083,7.248892539995185,1
196,14,4.492457845599555,-0.9020335610026813,2
196,15,-0.6747031680171521,-0.9236162110275897,2
196,16,0.11959928177885698,4.0587865996566,2
196,17,-1.1641578514210895,-2.525314086419256,2
196,18,3.1845710073765097,-2.6096828546068638,2
196,19,-2.663337156822946,3.5084359313745077,2
197,0,-157.19936258732838,-2.233686913650111,0
197,1,-150.62426119110032,-3.0604303835598143,0
197,2,-151.34909999429502,-3.342605464150575,0
197,3,-149.88669897145573,4.007102300664656,0
197,4,-154.24892365097818,-0.736701375247991,0
197,5,-155.12374894034113,-0.8286564377316256,0
197,6,-151.22472287546242,1.2936736363916166,0
197,7,-150.96910314856504,-4.043350298515954,0
197,8,162.52140795695087,11.758146273434848,1
197,9,153.7408419441224,6.433197457454841,1
197,10,162.3011296308704,15.624716151731842,1
197,11,159.95053429911513,7.1389120880173955,1
197,12,155.18402297484923,1.04600534663541,1
197,13,155.5405718801624,7.169642853637055,1
197,14,4.801123664472938,-0.8345780922890426,2
197,15,-0.3744253325338932,-1.227482765892625,2
197,16,0.24183059621331576,4.017127778819451,2
197,17,-1.46942654600405,-2.559899668871204,2
197,18,3.543777263840904,-2.5032122218644837,2
197,19,-2.980075833053131,3.3155595757105374,2
198,0,-157.85516817156076,-2.691628294574261,0
198,1,-151.41340303595877,-2.821092377314106,0
198,2,-152.090250282678,-3.381241107243344,0
198,3,-150.80351923892633,3.9678808596166046,0
198,4,-154.9603408719803,-0.8341505155473101,0
198,5,-155.82434952712126,-0.9164669991689806,0
198,6,-151.81779846599002,0.7736358603710565,0
198,7,-151.82031825410462,-4.149270788425885,0
198,8,163.39480809519617,11.459713144438364,1
198,9,154.510588243888,6.5462300316122555,1
198,10,162.92130430124163,15.675983552385665,1
198,11,160.7884157550862,7.092407451693558,1
198,12,156.58068338065615,1.0202086509837436,1
198,13,156.3555298960054,7.621503894010952,1
198,14,4.81218079618484,-0.7374211457967423,2
198,15,-0.044135520638871106,-1.0585074892087787,2
198,16,-0.13528053345677776,3.6607969302201298,2
198,17,-1.5245807772898108,-2.2602807510666216,2
198,18,3.796716057219845,-2.522741132117679,2
198,19,-2.752414281489122,3.404450822481716,2
199,0,-158.69357003127953,-2.401964592500138,0
199,1,-152.14703054942487,-2.783961917098764,0
199,2,-152.53028936542253,-3.6396557118285546,0
199,3,-151.55952159553098,4.064797068142953,0
199,4,-155.53395483494972,-0.7201552482679491,0
199,5,-156.99655337658933,-0.7682900808644193,0
199,6,-152.6386133987218,0.7772840858581859,0
199,7,-152.82075349596224,-4.0908516384947395,0
199,8,164.07500356728525,11.56726589905798,1
199,9,155.20824155127127,6.822722706851693,1
199,10,163.46519443349644,15.58571995682475,1
199,11,161.82116280353986,7.162014261502663,1
199,12,157.74847799847583,0.5614812300242324,1
199,13,157.2551284564738,7.392169334527082,1
199,14,4.849494868186684,-0.7895983424839711,2
199,15,0.06606332450835299,-1.0122297771849016,2
199,16,-0.17519545838308537,4.044650985086798,2
199,17,-1.084560020731925,-2.343971826202777,2
199,18,4.047388012607693,-2.2455239362626855,2
199,19,-2.6171780931870985,3.4904342143054965,2
200,0,-159.3610475733459,-2.6200264067832912,0
200,1,-153.03835176829236,-2.8577493996933545,0
200,2,-153.53331643589115,-3.46426024222021,0
200,3,-152.3049890349674,4.083565285638676,0
200,4,-156.52221123974547,-0.8043424965643416,0
200,5,-157.70424320925596,-0.964829668758537,0
200,6,-153.1948489420473,0.827454744583984,0
200,7,-153.6205997446806,-4.006919352427105,0
200,8,164.72604372239667,11.847969069183488,1
200,9,156.07214455505863,6.863447977112771,1
200,10,164.50312619815256,15.381894698877366,1
200,11,162.5696261198121,7.313216443558806,1
200,12,158.68344379640627,0.6550964880359069,1
200,13,158.39461880310324,7.565610876927679,1
200,14,4.537553095376156,-0.8506920682724077,2
200,15,-0.25116912570029537,-0.8686686833460926,2
200,16,-0.22592950894424704,3.9894614391042063,2
200,17,-1.0073090145622348,-1.721923468457029,2
200,18,3.6996633887446517,-2.2063953883459946,2
200,19,-2.617185386404906,3.249774639744536,2
201,0,-160.24770216553577,-2.903330129049817,0
201,1,-153.91512131991155,-2.8709619626800356,0
201,2,-154.2297433309226,-3.337181422584339,0
201,3,-152.86610932979016,4.144359452333482,0
201,4,-157.28187410847067,-0.6715692666314952,0
201,5,-158.55326378188536,-1.0459710962791742,0
201,6,-154.36020723355696,0.6973087052807223,0
201,7,-154.45255346037865,-3.7768307099027405,0
201,8,165.33000494655005,11.8952347511758,1
201,9,156.89911813586258,6.619782364780309,1
201,10,165.46334183257937,15.284737186410835,1
201,11,163.4306500019866,7.648665109498184,1
201,12,159.63614722944465,0.7265562648277784,1
201,13,159.64067179135424,7.39076827939855,1
201,14,4.518447515600583,-1.076245691835466,2
201,15,0.09053986345151943,-0.9243883814050446,2
201,16,-0.05531097259240897,4.209811391505151,2
201,17,-1.147976135258043,-1.8508898951513393,2
201,18,3.6635086082685056,-2.1008384518257404,2
201,19,-2.497255620750721,3.207119309973712,2
202,0,-161.0540853354991,-3.1943648733150183,0
202,1,-154.40141704411874,-3.1236344205931106,0
202,2,-154.83324729033012,-3.095298079914216,0
202,3,-153.91528822578334,4.236208012333776,0
202,4,-158.2169217134928,-0.6358672699009953,0
202,5,-159.46193718776266,-1.0348445116695684,0
202,6,-155.47416028721415,0.37192298594034434,0
202,7,-155.27293952304342,-3.986674236543255,0
202,8,166.22156823651306,12.080976238132951,1
202,9,157.5436903772622,7.04914105347349,1
202,10,166.44139257968058,15.590826206559036,1
202,11,164.3432025060534,7.9519196210155,1
202,12,160.2745922997355,0.5378736261206871,1
202,13,160.5762033540543,7.903532055403666,1
202,14,4.348676624897341,-1.0237902880609449,2
202,15,0.5303502253607976,-0.9957051078704852,2
202,16,-0.14630445320198546,4.346371405157711,2
202,17,-1.0620329023896549,-1.4942865489757748,2
202,18,3.792704671545229,-2.0941815223166844,2
202,19,-2.613934050130156,3.367768449957994,2
203,0,-161.8394794717649,-2.893761194923088,0
203,1,-155.27634405622953,-3.052858938129938,0
203,2,-155.48950227552945,-2.8191378796257816,0
203,3,-154.87610536295202,4.652600424307085,0
203,4,-158.91085884980575,-0.7209461347328407,0
203,5,-160.49248590576303,-1.3170417338899663,0
203,6,-156.29588418928873,0.6401551319443615,0
203,7,-156.04126143872753,-3.8098925901897647,0
203,8,166.9009431445972,12.325478525940749,1
203,9,158.5144777834603,7.281098966631753,1
203,10,167.53136040484313,16.054601034813754,1
203,11,165.17075459418507,7.926848965366166,1
203,12,161.2225088426887,0.564461895651043,1
203,13,161.25827854013448,7.976878164325867,1
203,14,4.443723009198593,-1.0307112098668967,2
203,15,0.8584771043817503,-1.0377893150689403,2
203,16,-0.5426715125149787,4.1465937656815655,2
203,17,-0.9267330986393424,-1.833213301027665,2
203,18,3.928174372918925,-2.6518334610190855,2
203,19,-2.892108813893979,3.505750129733821,2
204,0,-163.07176910938165,-2.815410044837614,0
204,1,-155.89222419525916,-3.2415120589960513,0
204,2,-156.265480806472,-2.8066655183232188,0
204,3,-155.62280541542887,4.661631632582694,0
204,4,-159.63611438398544,-0.7492042789495117,0
204,5,-161.0844677118457,-1.5486438900142803,0
204,6,-156.92590778266998,0.39568526714645624,0
204,7,-156.97861950773054,-3.8739528884940446,0
204,8,167.75509563288887,12.347993735796534,1
204,9,159.25482424944508,7.3598819004011755,1
204,10,168.32974642865892,16.200043349390533,1
204,11,165.89400352635752,7.712065512045464,1
204,12,161.74315524244855,0.3745187174265551,1
204,13,161.86857906883347,8.209901884870684,1
204,14,4.299095377913326,-0.936553826326339,2
204,15,0.8638861209101799,-0.6103731550236741,2
204,16,-0.5361016092791622,4.108554666181869,2
204,17,-0.721730528342192,-1.5862804764986673,2
204,18,4.213655052168266,-2.9043789583773556,2
204,19,-2.9094241417898545,3.5149971137929623,2
205,0,-163.9750664096108,-2.6462245088411884,0
205,1,-156.90535003555294,-2.6377385017017785,0
205,2,-157.26848782216362,-2.778921817519629,0
205,3,-156.76124414682135,4.719415061304068,0
205,4,-160.3307207008391,-0.5193700085319628,0
205,5,-161.76209124634755,-1.6278696224762588,0
205,6,-157.67016356741365,0.26920396097034627,0
205,7,-157.55373845577645,-3.888701796970084,0
205,8,168.49339211006082,12.36118999647255,1
205,9,159.6946181642837,7.73147943134389,1
205,10,168.59926658834527,16.21404550459544,1
205,11,166.45000179500445,7.601050344665772,1
205,12,162.31009397849078,0.17743999065138977,1
205,13,162.58808594484853,8.220393373016927,1
205,14,4.237266892421307,-1.0490614968953496,2
205,15,0.8976434205746161,-0.7243884589806626,2
205,16,-0.6392094294329097,4.375380509154346,2
205,17,-0.2534869270526259,-1.3956541641853597,2
205,18,4.107869263338669,-2.644532439693595,2
205,19,-2.377896940269314,3.5837968414609698,2
206,0,-165.11026549724946,-2.44352005266753,0
206,1,-157.57548118650118,-2.2093785349941077,0
206,2,-157.94522975223555,-2.624395687011098,0
206,3,-157.60448680704357,5.05465731523156,0
206,4,-160.97646431916053,-0.6161172050492824,0
206,5,-162.1366007451618,-1.839333352461439,0
206,6,-158.70340273269994,0.47221673108207574,0
206,7,-158.3526376171895,-3.7899965494270353,0
206,8,169.1654222986789,12.315066171898557,1
206,9,160.32030523276737,7.692970501556739,1
206,10,169.28546652989823,15.939742024265641,1
206,11,167.12192573993707,7.613633963193176,1
206,12,162.87945142905335,0.0655772135443446,1
206,13,163.76888263965043,8.031653673586122,1
206,14,4.249292149764315,-0.8956051933851921,2
206,15,1.0721917224311104,-0.6308607320807517,2
206,16,-0.8011241610124763,4.440527403534361,2
206,17,-0.2602034676878968,-1.1394375522631703,2
206,18,4.231161051756681,-2.6511503336583386,2
206,19,-2.178144509259729,3.5972232363900276,2
207,0,-165.93166420745482,-2.5222975596803643,0
207,1,-158.50525774815375,-2.6143060175331576,0
207,2,-158.78208531246506,-2.4151810730864502,0
207,3,-158.8634156694314,5.515438507628149,0
207,4,-161.59344042136735,-0.4892056896646933,0
207,5,-162.92942038811708,-1.877176187023636,0
207,6,-159.52439192362317,0.7363853152169295,0
207,7,-159.1065612521275,-3.625683455882279,0
207,8,170.13381103723754,11.91243433073457,1
207,9,160.9181528986279,7.6809954143914485,1
207,10,169.94613223713054,15.754509126606944,1
207,11,167.87181298986,7.760070847768132,1
207,12,163.70473283942653,-0.35294500176326765,1
207,13,164.7144313926554,8.084196971966794,1
207,14,4.430861379198178,-0.913494178133511,2
207,15,1.1580950008518054,-0.7405867763633552,2
207,16,-0.8264703066604737,4.943809698971459,2
207,17,-0.18076545043013983,-1.130738735989922,2
207,18,4.1571194644189795,-2.6759997102424493,2
207,19,-2.1333131158265037,3.6610483971726797,2
208,0,-166.75413440313537,-2.5724705358343876,0
208,1,-159.4405529134169,-2.475706143179907,0
208,2,-159.49508280139955,-2.184064576022462,0
208,3,-159.38079323759453,5.15873972197621,0
208,4,-162.18998909484785,-0.11912549007010259,0
208,5,-163.52714633485095,-1.9186474906387403,0
208,6,-160.30442811286352,0.7323521223902055,0
208,7,-160.12370478822493,-3.665319068070537,0
208,8,170.67794260481276,11.869296649886575,1
208,9,161.84016738492627,7.750931373757682,1
208,10,170.73130421703627,15.635362380767473,1
208,11,168.4003102462873,7.6925965831463365,1
208,12,164.44515842347317,-0.40377187356146904,1
208,13,165.62928594118358,7.7766290387332795,1
208,14,4.208216777041306,-0.7971437444858336,2
208,15,1.2271203578824468,-0.3341278133509876,2
208,16,-0.6083966304367473,5.23772054047145,2
208,17,0.22027741702468248,-1.2175620537917238,2
208,18,4.225852063928646,-2.7874149215624744,2
208,19,-1.7313962657941429,3.5033767555427104,2
209,0,-167.9033544815519,-2.2749665970131367,0
209,1,-160.30436033494647,-2.7271150977730176,0
209,2,-160.63293336255657,-2.2960315503419286,0
209,3,-160.23431730323867,5.096015335472128,0
209,4,-163.01697749731454,-0.16748403862367495,0
209,5,-164.51774808723394,-1.9666133682602676,0
209,6,-161.11633887339912,0.6726294543391478,0
209,7,-160.9325395596569,-3.8191703355467768,0
209,8,171.4793314159933,12.27354286461002,1
209,9,162.53329374221133,7.661371107303637,1
209,10,171.69134507080886,15.625672927271639,1
209,11,169.03838314516986,7.7509101064360975,1
209,12,165.3176786430673,-0.6049922769087848,1
209,13,166.322242201649,7.578642591593831,1
209,14,3.8601891540928674,-0.5080349308716383,2
209,15,1.2389883512929145,-0.16312913892877046,2
209,16,-0.694559374638275,5.538353518311633,2
209,17,0.3001956370597171,-1.5564330515896343,2
209,18,3.9374265924103433,-2.8031763479572747,2
209,19,-1.76092541190662,3.5023784648513163,2
210,0,-168.91172294217483,-2.280525914918024,0
210,1,-160.9251134136121,-2.7311377524592912,0
210,2,-161.3278554045935,-2.053526626931242,0
210,3,-160.92157163223308,4.898072191875334,0
210,4,-164.00933923588136,-0.3186278905711945,0
210,5,-165.2315337506437,-2.163548743228211,0
210,6,-161.9400476765607,0.6344614496859893,0
210,7,-161.81542741997993,-3.8490130626759815,0
210,8,172.4624795026801,11.961703119868291,1
210,9,163.32532726509933,7.895590866711848,1
210,10,172.5542451618865,15.517556698644666,1
210,11,169.57168456816436,7.827455719130169,1
210,12,166.26895723403445,-0.4342716226556578,1
210,13,167.17633181784197,7.823850008394221,1
210,14,3.9134800001736094,-0.7311273292336107,2
210,15,1.1188210575590911,-0.2373703002482468,2
210,16,-0.8305850009543501,5.439166493000168,2
210,17,0.061572097847365614,-1.1325244235363676,2
210,18,3.756624424101374,-2.9685275303501277,2
210,19,-1.8028263282852846,3.749943777617299,2
211,0,-169.9379929953739,-2.7112588415945904,0
211,1,-161.5692566359133,-2.76215054925545,0
211,2,-162.24289104375373,-1.9921577535370325,0
211,3,-161.8319756522989,5.1528959061848045,0
211,4,-164.74616494945317,-0.44452753825271485,0
211,5,-165.81528093963868,-2.27738587150412,0
211,6,-162.60321411352973,0.4353482301144457,0
211,7,-162.81836913244746,-3.7205413886804366,0
211,8,173.20925273293014,11.85399287729375,1
211,9,164.1689711017149,8.191534125396275,1
211,10,173.28168875477405,15.489503376353952,1
211,11,170.5914435797619,7.822792769945459,1
211,12,166.82967746312497,-0.5075827410271938,1
211,13,167.84860527738567,8.20075419782233,1
211,14,3.699384029916863,-0.628085499511478,2
211,15,1.3295303430936534,-0.3933288046212698,2
211,16,-0.9784552446840643,5.260228164594376,2
211,17,0.07576417438985947,-1.5505489649393769,2
211,18,3.778672306914809,-3.1437794849514256,2
211,19,-1.782862698568114,4.24997559521755,2
212,0,-170.89060345765412,-2.66943595939161,0
212,1,-162.16077468452596,-2.6982727797002157,0
212,2,-162.90967395856373,-1.8134649948993882,0
212,3,-162.9569682516491,5.011815258252849,0
212,4,-165.30350490984554,-0.2671872722610076,0
212,5,-166.44110851376402,-2.5881721998320577,0
212,6,-163.38098754415114,0.48975448602708216,0
212,7,-163.08839460766663,-4.100472548085537,0
212,8,174.32499774344126,12.072197754919175,1
212,9,165.15013458137338,8.055405427748246,1
212,10,174.26592850726365,15.402423933197182,1
212,11,171.1548700324798,7.7908472750293285,1
212,12,167.94481497175917,-0.5871031043514555,1
212,13,168.72344638523953,8.05280432103976,1
212,14,3.666193604913427,-0.6568651966448448,2
212,15,1.2594752635497206,-0.3751088357481796,2
212,16,-1.2726501948308988,5.413244906529092,2
212,17,-0.3283641139299066,-1.265600817221437,2
212,18,3.5997786079106415,-2.8543075710524306,2
212,19,-1.4419410433707234,4.242040671037185,2
213,0,-171.7531903600678,-2.732985814116839,0
213,1,-162.97285276920132,-2.5015418324800565,0
213,2,-163.6175736223218,-2.1075847867075304,0
213,3,-163.72861288056325,5.070264467477769,0
213,4,-166.60812951220367,-0.3877208777372881,0
213,5,-167.15370722679637,-2.4566131941771494,0
213,6,-164.2191275244646,0.38496484385625773,0
213,7,-163.85828903138977,-4.105379116024602,0
213,8,175.06486607746066,12.321270163430857,1
213,9,165.97670120489758,8.245452628416272,1
213,10,174.81672759164442,15.536297421298604,1
213,11,172.05728758740793,7.726197829221453,1
213,12,168.71345504444488,-0.5653954750644541,1
213,13,169.4678877744724,8.277983732058862,1
213,14,4.093777439067521,-0.6197947651375304,2
213,15,1.143958557974775,-0.4421897003631669,2
213,16,-1.0692779264881076,5.790069325503192,2
213,17,-0.26898111965304206,-1.0994057388154295,2
213,18,3.6813057716731232,-2.786296153931672,2
213,19,-1.3315503879479578,4.015295271805807,2
214,0,-172.3788706121138,-2.7341225568835417,0
214,1,-163.71292373317553,-2.4106771367195656,0
214,2,-164.3790715309213,-2.3441869969593725,0
214,3,-164.4532228258327,5.13516817206932,0
214,4,-167.53242744006565,-0.3815372480728821,0
214,5,-168.2024612201095,-2.1594888096581406,0
214,6,-165.26525267529215,0.30117429049627775,0
214,7,-164.2093335044681,-4.213798123631694,0
214,8,175.65615945456022,12.475953986881281,1
214,9,167.01419946262587,8.16727934963263,1
214,10,175.8070827044402,15.207654082329402,1
214,11,172.70173335578548,7.327776002310719,1
214,12,169.32299070816168,-0.465178294648578,1
214,13,169.90757588206347,8.243050064660926,1
214,14,4.121710509261187,-0.5663109484243606,2
214,15,1.2320164835670602,0.004636123295426731,2
214,16,-1.4259192335601003,5.958264759492003,2
214,17,-0.15080941207000897,-1.1135862498231446,2
214,18,3.8086328651236214,-2.9111423603813247,2
214,19,-1.262640653448495,3.718936877261069,2
215,0,-173.01725579964813,-2.446292628948255,0
215,1,-164.5151505049854,-2.2317665134723854,0
215,2,-164.9337497577273,-2.038886251800819,0
215,3,-165.07482919818167,5.098725294369109,0
215,4,-168.24525141370853,-0.5210827900444869,0
215,5,-169.1584123267739,-2.199720158596742,0
215,6,-166.47983976836042,0.06774454270415847,0
215,7,-164.883605700469,-4.090683452325609,0
215,8,176.3646187356047,12.83114030298428,1
215,9,167.6606110318996,8.071827865964114,1
215,10,176.59558083058764,15.18626397122014,1
215,11,173.57755858903218,7.4067987112443365,1
215,12,170.10811380510785,-0.10112970750221545,1
215,13,170.6284785698629,8.047248651870675,1
215,14,4.307791710321672,-0.27824956188918026,2
215,15,1.2783493962986476,0.003259801566557991,2
215,16,-1.2399346732912293,5.931594931766752,2
215,17,-0.1435040348792016,-1.2160473793075786,2
215,18,3.794383180056451,-3.3282507602334865,2
215,19,-1.2565965928537606,3.818557827208422,2
216,0,-173.9378941576965,-2.4585811367134465,0
216,1,-165.45992030839685,-2.2744697587995963,0
216,2,-165.52197651596293,-1.6447045464124472,0
216,3,-165.84726857995122,5.162919283938162,0
216,4,-168.85250494007488,-0.7292852120054356,0
216,5,-169.73254354218656,-2.5168094271475305,0
216,6,-166.84641593968362,0.07211498123512756,0
216,7,-165.56061982849172,-4.0795495450647525,0
216,8,177.0986080681577,13.091505781994579,1
216,9,168.66075872343828,8.213217310243856,1
216,10,177.31163766441864,15.381149778354574,1
216,11,174.18493622320545,7.196267526031989,1
216,12,171.07998385317967,0.28852166636768245,1
216,13,171.32419236213272,8.380108390398076,1
216,14,4.010670013133419,-0.15207439525658317,2
216,15,1.1314958343909836,-0.04702572901663865,2
216,16,-1.040913052235474,5.680798238970917,2
216,17,-0.16291360895551285,-1.3842033775594556,2
216,18,3.811742943579237,-3.3355596696925414,2
216,19,-1.5373119327700113,4.21288403005588,2
217,0,-174.7964810069102,-2.372034884287717,0
217,1,-166.11417153437577,-2.7011926033651106,0
217,2,-166.65881926629106,-1.8231256469305845,0
217,3,-166.9316350536721,4.943381139329213,0
217,4,-169.4940032431638,-0.8721499237272674,0
217,5,-170.65061104671722,-2.2968758604807,0
217,6,-167.56318467995214,0.076937646518083,0
217,7,-166.40602262285435,-4.108811492518278,0
217,8,178.0128151816937,13.05717881973954,1
217,9,169.3260994457414,7.793176128223269,1
217,10,178.455606211962,15.59328949188276,1
217,11,174.91451200074945,7.4332366244392745,1
217,12,171.49631051030346,0.44797800756936634,1
217,13,172.26081519747171,8.578682943446351,1
217,14,3.9529688305831323,-0.1710708733295047,2
217,15,1.082216189464868,-0.38108866371885025,2
217,16,-0.9728589876450786,6.017969406210876,2
217,17,-0.07301066486819861,-1.4400187714215333,2
217,18,3.7084397258097863,-3.2010507895414007,2
217,19,-1.8140577403016214,4.374330077981001,2
218,0,-175.47785366090966,-2.298521914415833,0
218,1,-166.81600580667393,-2.4780774571660413,0
218,2,-167.2018643089048,-1.6805208869193182,0
218,3,-167.84710879517306,5.1585744769397825,0
218,4,-170.04359098954794,-0.8567115129279469,0
218,5,-171.3027730360953,-2.5105844628774845,0
218,6,-168.1147549654757,-0.01388877497339748,0
218,7,-167.27982880740876,-3.98305735583773,0
218,8,178.89215565444962,13.034177792318523,1
218,9,170.43346330352995,7.930754364234096,1
218,10,179.18901745422235,15.49636441156779,1
218,11,175.82025804133704,7.591951523764773,1
218,12,172.29150043499124,0.7522610488712893,1
218,13,172.7760323079389,9.082352812317437,1
218,14,4.03161016605595,-0.0758607879558193,2
218,15,1.1503771823692364,-0.23154384627088256,2
218,16,-0.7485476544139944,5.957552358955316,2
218,17,-0.38470520509796086,-1.334222677862783,2
218,18,4.058983641650016,-3.249699186411318,2
218,19,-1.9297139196136077,4.7527015749205495,2
219,0,-176.57125163903964,-2.3005667405748906,0
219,1,-167.52945078780843,-2.6447587835482307,0
219,2,-167.87312872239295,-1.8365281833872817,0
219,3,-168.35917769961569,4.752466734766866,0
219,4,-170.68732090362258,-0.9796028793401569,0
219,5,-171.97726610076097,-2.303831346399339,0
219,6,-168.96557114836784,-0.22796598574854943,0
219,7,-168.07535171599895,-3.9153104817521416,0
219,8,179.92173670750236,13.033021642593349,1
219,9,170.8924414359602,7.841900969125286,1
219,10,179.88476260610528,15.380288245348149,1
219,11,176.26280668665794,7.443375470504978,1
219,12,172.7405204049254,0.959878747306036,1
219,13,173.28663310951606,9.241091454738575,1
219,14,3.9897451094764635,-0.15864821324437728,2
219,15,1.3646142252805604,0.11567384909656672,2
219,16,-0.8264996380646273,5.90177097339234,2
219,17,-0.1814840089626268,-1.5793573559790375,2
219,18,4.04003182260272,-3.1534496727496366,2
219,19,-1.999661350145816,4.339905104086417,2
220,0,-177.01376733849364,-2.1895834975981985,0
220,1,-168.48735128641613,-2.622475979872126,0
220,2,-168.66059948824807,-1.928722381902073,0
220,3,-169.63182997964893,5.124326807527379,0
220,4,-171.31424628688475,-1.2903007364837575,0
220,5,-172.61001889859315,-2.2355639659281565,0
220,6,-169.8353014707196,-0.09626864564032883,0
220,7,-168.91602357563875,-4.32702185828529,0
220,8,180.5449031422636,13.030106753612637,1
220,9,171.35052675613153,7.988570674831222,1
220,10,180.71126459658475,15.694999636263997,1
220,11,177.04544415617437,7.458295593494874,1
220,12,173.5055758507554,1.1488235927996129,1
220,13,174.01514731934756,9.270144457991929,1
220,14,3.9032558832154836,-0.1258467085267707,2
220,15,1.5246294668186082,-0.029475688428552027,2
220,16,-0.9921419545477793,6.286567393138321,2
220,17,-0.3123128954705049,-1.5811702605896294,2
220,18,3.854048951602895,-3.412098142965502,2
220,19,-1.9857932285954158,3.9046516828757256,2
221,0,-177.76146862898682,-2.1376006200497377,0
221,1,-169.46820281855778,-2.3666457860897263,0
221,2,-169.37514716413682,-1.973587868437836,0
221,3,-170.4922046077712,5.164796755908412,0
221,4,-172.1394549002682,-1.3003172847605593,0
221,5,-173.61918923973985,-1.8890177524785856,0
221,6,-170.86947634638926,-0.2306144310204334,0
221,7,-169.63629322886223,-4.345541303752819,0
221,8,181.31145280641172,13.212659128843633,1
221,9,172.02360521058844,7.978950105637353,1
221,10,181.34838227102264,15.658643327726788,1
221,11,177.87580851360326,7.433428248474123,1
221,12,174.27886961180695,1.4313093515718542,1
221,13,174.6737400238466,9.232064249013376,1
221,14,3.9336304816078775,0.17784290189652457,2
221,15,1.2047207488892024,0.18651506638729712,2
221,16,-0.9988312589174989,6.189504070912228,2
221,17,-0.2927268610052383,-1.803838776530669,2
221,18,3.5415221317025507,-3.2991819434907113,2
221,19,-1.85063737497241,4.012146056807743,2
222,0,-178.48264584775305,-2.330786708811892,0
222,1,-170.24086523329072,-2.4891491021243484,0
222,2,-170.0667578092623,-1.9480766137500036,0
222,3,-171.40260764975838,5.108912468695415,0
222,4,-173.06102780078882,-1.1713863318223974,0
222,5,-174.5918877280172,-2.1714998335613815,0
222,6,-171.47767910999028,-0.048032879486278685,0
222,7,-169.99025738235952,-4.381884524520761,0
222,8,182.15058598456824,13.224913531505573,1
222,9,172.8251115950011,7.9680799223868775,1
222,10,182.16341256337614,15.577072441253371,1
222,11,178.92458565218746,7.1526864442364815,1
222,12,175.0560758846156,1.0946917081262808,1
222,13,175.4785286453567,9.357632241427954,1
222,14,3.869882803474368,0.019374072904371376,2
222,15,1.3565432212268502,0.2194153147518158,2
222,16,-1.2005970773235037,6.189448757188721,2
222,17,-0.39042042165723445,-1.8439709319959983,2
222,18,3.6441440769002478,-3.7398982998371415,2
222,19,-1.7495144827203626,4.148845220836686,2
223,0,-179.25845410214706,-2.1725156570225446,0
223,1,-170.85345214839572,-2.7510034800712564,0
223,2,-171.06475772932316,-1.903013720690278,0
223,3,-172.0645505042133,5.2114095032282,0
223,4,-174.04599602555209,-0.9754077743360977,0
223,5,-175.62227173935167,-2.5759382898830836,0
223,6,-172.2378859847788,0.19624036700833242,0
223,7,-171.05702260644952,-4.25850481955784,0
223,8,182.84975644519713,13.164935941737347,1
223,9,173.85432477075105,7.87154716904406,1
223,10,182.79734406702784,16.096079859081634,1
223,11,179.7485688843269,7.202789960514844,1
223,12,175.92330358975408,1.2071608522881307,1
223,13,176.26601430001085,9.62559092200982,1
223,14,3.716986364489469,0.1314287174425901,2
223,15,1.5230144035112925,0.19337642715209277,2
223,16,-1.0477390495000205,5.765255035215502,2
223,17,-0.41684067836553707,-1.7015190304427934,2
223,18,3.8183569083911637,-3.7317132007784264,2
223,19,-1.8015503934875947,3.918574580336089,2
224,0,-180.3634383548891,-2.51082841440314,0
224,1,-171.419609363589,-2.7522304803966713,0
224,2,-171.66604986846534,-1.650834089463645,0
224,3,-172.51928284943824,5.357421041989211,0
224,4,-174.82415126780742,-0.9108761221063657,0
224,5,-176.10468454041498,-2.771705458913438,0
224,6,-172.8151712521917,-0.06677755096799276,0
224,7,-171.82775667362066,-4.179823892699216,0
224,8,183.85553270189004,13.330276898342959,1
224,9,174.70265897986286,8.052582125358194,1
224,10,183.7350793451843,16.056883268773777,1
224,11,180.48607854909983,7.451912168970921,1
224,12,176.80473873674686,0.9918081002421641,1
224,13,176.82821404822045,9.404198962031705,1
224,14,3.5931566420110435,-0.4040057654306046,2
224,15,1.3744271952302907,0.2610921582665785,2
224,16,-1.4469436245885872,5.882203725426021,2
224,17,-0.38303089533647205,-1.5659158259950254,2
224,18,3.7982439200016027,-3.9142712134643816,2
224,19,-1.8904755221849332,3.963874622709999,2
225,0,-180.76111438696842,-2.685363817340253,0
225,1,-172.3622805004017,-2.7485043988296542,0
225,2,-172.52188992479935,-1.4813725641250066,0
225,3,-173.5738875184134,4.839649522101333,0
225,4,-175.59727605609658,-1.1124570138746883,0
225,5,-177.18474908519653,-2.450040752103715,0
225,6,-173.30436369038287,0.13804287097349757,0
225,7,-172.73317508476072,-4.421415199177755,0
225,8,184.8032979107145,13.508290936165103,1
225,9,175.5984643700637,8.27000821840628,1
225,10,184.6227191218407,16.234350825189075,1
225,11,181.34245371628336,7.54930215720343,1
225,12,177.3013283342325,0.8323330544233233,1
225,13,177.71112405098575,9.513446010536228,1
225,14,3.3672095173225722,-0.43512447184766034,2
225,15,1.7906358111306477,0.47259027040098034,2
225,16,-1.4564329660313462,6.071568201840734,2
225,17,-0.4512576567543761,-1.599910334881485,2
225,18,3.6390332061640613,-3.9655500706569935,2
225,19,-1.7150247129071534,4.111067018668409,2
226,0,-181.416058655074,-2.879937360336782,0
226,1,-173.74332107484656,-2.462831002603258,0
226,2,-173.02099344418664,-1.3932056286083883,0
226,3,-174.34153165607938,5.015688454816866,0
226,4,-176.17878554574318,-0.9895134708267733,0
226,5,-177.9489516061947,-2.0682754146516613,0
226,6,-174.212412118483,0.26669348268604753,0
226,7,-173.6592103512338,-4.533811321299171,0
226,8,185.5222837921103,13.40955630220042,1
226,9,176.58952895308735,7.9667346371547465,1
226,10,184.97514350259922,16.295257758664466,1
226,11,182.38981533124598,7.460471377356916,1
226,12,178.03261806669775,0.6051434158888385,1
226,13,178.69529294510306,9.492593419916531,1
226,14,3.408966641421818,-0.3473538647869142,2
226,15,1.7505773964419313,0.361515489987911,2
226,16,-1.6383658851158946,6.362498026242155,2
226,17,-0.45022470259595554,-1.9177721395048208,2
226,18,3.6257692892997904,-4.164537555339427,2
226,19,-1.425482567035267,4.362354092234519,2
227,0,-182.50995638972728,-3.0830190124062082,0
227,1,-174.59678222880234,-2.602207331394054,0
227,2,-174.04105415644867,-1.3233307358438513,0
227,3,-174.92307615405701,4.981210744865412,0
227,4,-177.16640226357404,-1.0943143694070183,0
227,5,-179.0650652029017,-2.556964489564114,0
227,6,-174.8914906169767,-0.11594382258462138,0
227,7,-174.53882407935214,-4.7658333947435105,0
227,8,186.19297890301334,13.456865690440658,1
227,9,177.39378868415278,7.861003651301959,1
227,10,186.09304877438072,15.968704869947132,1
227,11,183.20606087876368,7.489389191247387,1
227,12,178.9669038899746,0.5079242531420278,1
227,13,179.27231390754082,9.464490321749382,1
227,14,3.6152265870819686,-0.35255512859138916,2
227,15,1.4296386542268238,0.3130011299462946,2
227,16,-1.6312521448714752,6.681805379346549,2
227,17,-0.5134952325684489,-1.864083866826109,2
227,18,3.422984032281947,-4.620661497345706,2
227,19,-1.3897057276990057,4.126687163518717,2
228,0,-183.33452931757446,-3.1395261625864133,0
228,1,-175.5048015683014,-2.7748954311532366,0
228,2,-174.85580886134187,-1.2389644350296503,0
228,3,-175.71232931613383,5.014846499087263,0
228,4,-178.02281084836642,-0.5749555067562011,0
228,5,-179.86816867144145,-2.5597428009617826,0
228,6,-175.54149915061058,-0.07138371196446729,0
228,7,-175.15913006046364,-4.6385701724145045,0
228,8,187.17876193191512,13.306315360682625,1
228,9,178.21928257359295,7.58580043541469,1
228,10,187.0343688732408,15.78161601469466,1
228,11,184.16973902822397,7.475348335491908,1
228,12,179.7933186263461,0.2693416829377796,1
228,13,179.78485027025812,9.390140744560126,1
228,14,3.637631854842099,-0.37047463332293273,2
228,15,1.2701415762153723,0.308534239814868,2
228,16,-1.5450440033243382,6.571327911285124,2
228,17,-0.5839103068755567,-1.8744101667086241,2
228,18,3.311629307977373,-4.622718752442826,2
228,19,-1.2911415219805717,4.246735947280705,2
229,0,-183.96890368814954,-3.318299351608371,0
229,1,-176.30316275683023,-2.7635895318465216,0
229,2,-175.58523962129996,-1.1550798170544396,0
229,3,-176.67645483367562,5.298242774218234,0
229,4,-179.20146876791776,0.02066001163901887,0
229,5,-180.59434783749205,-2.5105180834584218,0
229,6,-176.07337077328546,-0.013352359731884908,0
229,7,-175.96010873171986,-4.744152080364509,0
229,8,188.0169031928753,13.32107919538233,1
229,9,178.7421306667979,7.659617290818585,1
229,10,187.57931074317847,16.42533111242541,1
229,11,185.01666527668687,7.753830644923787,1
229,12,180.56888830666085,0.28273097504107025,1
229,13,180.4875136270309,9.338870960158603,1
229,14,3.518527362286631,-0.20924350635190994,2
229,15,1.2744807573180497,0.0036144703160775338,2
229,16,-1.690842328855303,6.721549961194605,2
229,17,-0.6585982935770606,-2.000809804428895,2
229,18,3.1199114995934885,-4.890458465861174,2
229,19,-1.4806492789861865,4.196923291081136,2
230,0,-185.01770334734385,-3.180688914434889,0
230,1,-176.71584921916366,-2.8169427125639053,0
230,2,-176.15664764206147,-1.4146458806173148,0
230,3,-176.9958992772125,5.134352748775683,0
230,4,-179.96072354720366,0.00399771863985339,0
230,5,-181.2973714435931,-2.698081928936485,0
230,6,-176.68097616009922,-0.04406899804652803,0
230,7,-176.82014982666402,-4.402164777224358,0
230,8,188.7468867476243,13.22468787820415,1
230,9,179.9001194249159,7.588775434445445,1
230,10,188.14328248510478,16.455795268323243,1
230,11,185.99616118655297,8.121088295180188,1
230,12,181.65703229021437,0.3071012949950867,1
230,13,181.34875432205368,9.377617922887744,1
230,14,3.5734841842988025,0.0979976010582558,2
230,15,1.0749516783984039,-0.008760343206371604,2
230,16,-1.8385916185176807,6.949534720978529,2
230,17,-0.6561120554236619,-1.9518204463228537,2
230,18,3.0184332584765134,-4.968366615255594,2
230,19,-1.4987195945038518,4.09267548234304,2
231,0,-186.1365361055754,-2.758227119031312,0
231,1,-177.82947617883235,-2.8386021357061493,0
231,2,-176.582499692025,-0.9591168237148352,0
231,3,-177.6609744489317,5.411280659804495,0
231,4,-181.1444711075824,-0.04750832273003029,0
231,5,-181.83378794726366,-2.4010934879930854,0
231,6,-177.6611051771368,-0.12241136683765283,0
231,7,-177.96709158401293,-4.481823875281133,0
231,8,189.21179995649757,13.239698675668782,1
231,9,180.7788676735448,7.597058487994597,1
231,10,188.8715235563317,16.416463279490326,1
231,11,186.57744879818188,8.153654168079239,1
231,12,182.2501669608569,0.4918375327891024,1
231,13,181.87909640521653,9.243361292717546,1
231,14,3.451859707464172,0.1795563815422867,2
231,15,0.6030600541432573,0.2055337765216993,2
231,16,-1.6968946621711323,6.810746993173141,2
231,17,-0.7985958169954686,-1.8160500672994453,2
231,18,2.9631874371665363,-5.048074321448899,2
231,19,-1.5546791629007504,4.016998855679634,2
232,0,-186.615798301325,-2.452316525316138,0
232,1,-178.63435267640043,-2.7494493797448345,0
232,2,-177.48110013436792,-1.0303180223822375,0
232,3,-178.8930813373486,5.529632458070823,0
232,4,-182.28969794573308,0.3361745013725189,0
232,5,-182.59806943181508,-2.3283173266545454,0
232,6,-178.36165463189295,-0.24154882626704388,0
232,7,-178.426864876952,-4.054097024263185,0
232,8,190.19935701336578,13.25679630852603,1
232,9,181.44880127900194,7.827654938035176,1
232,10,189.67327832038424,16.67397402430646,1
232,11,187.3525250072693,8.267935810285039,1
232,12,182.98867443632233,0.30767005657415764,1
232,13,182.39288331468606,9.165295012223474,1
232,14,3.3310921725520877,0.21140255995700896,2
232,15,0.7585637570860138,0.005676765222873581,2
232,16,-1.8287248910528313,6.767502862491584,2
232,17,-0.9627211237138931,-2.15544838806125,2
232,18,3.060264898352293,-5.191421539194032,2
232,19,-1.3380041527681674,3.8790278392632493,2
233,0,-187.46569815770806,-2.681841590530661,0
233,1,-179.41606879121318,-3.0704508244848223,0
233,2,-178.38240847443282,-0.767949600281316,0
233,3,-179.8780451033194,5.420181679746535,0
233,4,-182.80929690354307,0.7255522193031155,0
233,5,-183.32636035880196,-2.287468474428488,0
233,6,-178.88294466676493,0.03596352961567223,0
233,7,-179.30171644425775,-4.119760358506733,0
233,8,191.0543349525345,13.183284135965895,1
233,9,182.06572979051873,7.883761154162152,1
233,10,190.53121038703188,16.568540066175228,1
233,11,188.0049520384495,7.94717274554138,1
233,12,183.5320816960316,0.1444364154805335,1
233,13,183.4875727844342,9.099321684276328,1
233,14,2.8734663968550143,0.23538373817269848,2
233,15,0.7534726545680553,-0.3557891411395354,2
233,16,-1.5585474664458248,6.960331539386139,2
233,17,-1.1647630022214737,-2.093835387129746,2
233,18,2.9521231368950986,-5.104621923681126,2
233,19,-1.6333628862367282,3.732385868972089,2
234,0,-187.95558986710355,-2.8393759129319447,0
234,1,-180.1085275966645,-3.1805448400111196,0
234,2,-179.11181930758207,-0.49329539138466233,0
234,3,-180.52886712628842,5.192712587548921,0
234,4,-183.64353681948796,0.7614628835107993,0
234,5,-184.12477029096718,-2.325316885972834,0
234,6,-180.10568293195618,-0.017884313275912812,0
234,7,-179.94798644926965,-4.143186220019542,0
234,8,191.88411085746628,13.330706777347652,1
234,9,183.05694494050718,7.965541755706542,1
234,10,191.3221916232023,16.80582168618967,1
234,11,188.69764002384042,7.868749359917484,1
234,12,184.26344476970118,-0.059296189728193144,1
234,13,184.48998527932852,9.739812133948309,1
234,14,2.8061156400480667,0.7001748835967594,2
234,15,0.9492351612059376,-0.5634592057500142,2
234,16,-1.8034019568869974,6.6645792292028325,2
234,17,-1.16219943034772,-2.1664033166343164,2
234,18,3.0001051902243434,-4.902793055962936,2
234,19,-1.657371750353217,3.668953369677009,2
235,0,-188.39570380080931,-2.8419998526550976,0
235,1,-180.4566971333767,-3.181009153011598,0
235,2,-179.61736637890834,-0.5094228882695953,0
235,3,-181.61997806786363,5.101958795342557,0
235,4,-184.54015464543625,0.9468742657849606,0
235,5,-184.8278730307385,-2.624538561235908,0
235,6,-180.71715177226685,0.2232259986780852,0
235,7,-180.65446811547017,-4.062527989100376,0
235,8,192.7726097613304,13.298040829497037,1
235,9,183.74092181447764,8.189776830974122,1
235,10,192.123541188918,16.85014189901714,1
235,11,189.3600084357647,7.8317739195592235,1
235,12,185.19256725734786,0.06782110791988924,1
235,13,184.83434069218842,9.880114123840603,1
235,14,2.989278360787687,0.3541627258372802,2
235,15,0.9372026464501972,-0.5968314053219846,2
235,16,-1.6152215106606496,6.826724839022285,2
235,17,-1.4142456305284867,-2.1691077930075173,2
235,18,2.8918130069355388,-4.815135890456191,2
235,19,-2.0164619157000665,3.6236620367872465,2
236,0,-189.22017981139663,-3.119175054309232,0
236,1,-181.14543748545546,-3.19160970952469,0
236,2,-180.541996112575,-0.4146640948475637,0
236,3,-182.38752691442187,4.973019044101147,0
236,4,-185.15434106286574,1.313037712361026,0
236,5,-185.42465908853563,-2.875232632110096,0
236,6,-181.69212082155565,0.08004840145310929,0
236,7,-181.30496251776347,-4.290269437831937,0
236,8,193.35472133930392,13.356730265389007,1
236,9,184.4899089951577,8.036409857436682,1
236,10,193.25665037396928,17.179346309332967,1
236,11,190.26060547096358,7.658977051870162,1
236,12,185.77163971206173,-0.23682512732298908,1
236,13,185.44449777218193,9.953522775191898,1
236,14,2.7891949147867883,0.35628452145041184,2
236,15,1.0016582603411304,-1.0062262014477639,2
236,16,-1.4921235681539229,6.8110056112297634,2
236,17,-1.2479631628800814,-2.6309996500664985,2
236,18,3.0165090091435043,-5.312759625677248,2
236,19,-2.188550726972529,3.596148196398009,2
237,0,-190.1823530382163,-3.1433595309261513,0
237,1,-181.66470481475653,-3.1829274491745814,0
237,2,-181.59160054756336,-0.3882720723218116,0
237,3,-183.12430168112343,4.917538727833623,0
237,4,-185.7224255665592,1.1304307832393985,0
237,5,-186.2241519252338,-2.9137487556536588,0
237,6,-182.48301952292528,0.08144851470515942,0
237,7,-182.0380789543664,-4.263350401282455,0
237,8,194.01613063499582,13.095544516342038,1
237,9,185.31934348041003,7.8491106587715604,1
237,10,194.4048582660823,17.1211337323372,1
237,11,190.94441922868984,7.448996866624916,1
237,12,186.56151324589263,0.2640178709309201,1
237,13,186.1320931305341,10.393329778554056,1
237,14,2.630084127543434,0.024703430872377086,2
237,15,0.4730331913208612,-0.9933695623868536,2
237,16,-1.2587387690765457,6.556570050604651,2
237,17,-1.1384818547996787,-2.253209247908939,2
237,18,3.2588853098143153,-5.3092847086575645,2
237,19,-2.057451476789587,3.7752671429328033,2
238,0,-190.97686293571346,-2.8504343155920564,0
238,1,-183.16771292201358,-3.2617206900120572,0
238,2,-181.9908964537787,-0.43992607463716055,0
238,3,-183.9645363525908,5.196835628671341,0
238,4,-186.89742484441058,0.8773511588945235,0
238,5,-186.82367205406723,-2.9432784061438566,0
238,6,-183.33938116796583,0.0831740805729005,0
238,7,-182.83975689367466,-4.07285681096467,0
238,8,194.8002778894212,13.215023063091767,1
238,9,186.42151298723556,7.7491724662804256,1
238,10,195.08155347318453,16.878846435747246,1
238,11,191.7189929971189,7.322080781370212,1
238,12,187.7950052112899,0.07557390077089121,1
238,13,186.92134094443855,10.690278220390722,1
238,14,2.493538377076784,0.18436388366802134,2
238,15,0.3361918808494873,-1.0417846100121804,2
238,16,-1.0797990283512309,6.394736817337947,2
238,17,-1.4501992161203483,-2.3493656955426157,2
238,18,3.2516738715839484,-5.440711135396443,2
238,19,-1.9571950237745037,3.6261381002825486,2
239,0,-191.59416241472866,-3.076999980889937,0
239,1,-183.97039624935314,-3.430757060552785,0
239,2,-182.79133723445716,-0.3842141581363282,0
239,3,-184.66694653893867,5.155519523025299,0
239,4,-187.75461072651552,1.120519015282328,0
239,5,-187.41771139712617,-2.798808815352614,0
239,6,-184.3299539473255,0.3732799264790906,0
239,7,-183.50913537393623,-4.357923728141546,0
239,8,195.6254959410733,13.217405883135344,1
239,9,187.48501841054215,7.333864794894998,1
239,10,195.91419179014096,16.861389002348886,1
239,11,192.5471431906488,7.421735042262066,1
239,12,188.78046823047544,0.17307531097560055,1
239,13,187.76464285612604,10.724652299899478,1
239,14,2.347814343203115,0.27650426114181914,2
239,15,0.37813533884335876,-0.8032963228031385,2
239,16,-1.440791138582395,6.667772946816994,2
239,17,-1.5892460952917156,-2.377537003537779,2
239,18,3.1155673145782528,-5.543114349401716,2
239,19,-2.17989751656231,3.608701194871685,2
240,0,-192.18014913554399,-3.2816771756699517,0
240,1,-184.46080312186496,-3.5055567736378612,0
240,2,-183.7150076875792,-0.5431470014276873,0
240,3,-185.29154566490848,5.147513123876401,0
240,4,-188.66190412424078,1.45359278732396,0
240,5,-187.93264799628932,-2.521918238490582,0
240,6,-185.2497301244626,0.33409383164355116,0
240,7,-184.41509569291716,-4.220764070946046,0
240,8,196.2957587554367,13.345450472218415,1
240,9,188.33329018828212,7.309806106454022,1
240,10,196.7319194133694,16.540765024696622,1
240,11,193.3144426581942,7.419498842589831,1
240,12,189.65100340075037,0.3602437118477362,1
240,13,188.82748893578832,10.876234049638107,1
240,14,2.1109096120683337,0.7861667572221734,2
240,15,0.1928746333131631,-1.0246614246582282,2
240,16,-1.6016230732087007,6.680598744766792,2
240,17,-1.5563591475464627,-2.053029618686359,2
240,18,3.1237791715459533,-5.351679513461158,2
240,19,-2.287060244278983,3.679577266420076,2
241,0,-192.72083706631466,-3.378179844281184,0
241,1,-185.30580416935294,-3.185577592339775,0
241,2,-184.40534818819924,-0.46187598774364447,0
241,3,-186.08541030645398,5.187627629458821,0
241,4,-189.50937206160842,1.5057837959026206,0
241,5,-188.3939431294804,-2.438999098417469,0
241,6,-185.86978363041504,0.01945355783755992,0
241,7,-185.26542974995235,-4.2769612585106245,0
241,8,197.13911109606622,13.389509325892007,1
241,9,189.37799643209388,7.496089057847222,1
241,10,197.8242620649312,16.219199299806473,1
241,11,194.1177190451891,7.477359437957322,1
241,12,190.2672299361444,0.6613057498862432,1
241,13,189.89303730736418,11.298055410333953,1
241,14,2.082417817994159,0.8815397497317212,2
241,15,0.010530822977639798,-1.1406360170960304,2
241,16,-1.7935886122249114,6.598860943440556,2
241,17,-1.6602088643287332,-1.8150692772503363,2
241,18,3.08550712642069,-5.43207060761183,2
241,19,-2.216936793649089,3.6809956043189627,2
242,0,-193.05087386367552,-3.4859269182268187,0
242,1,-186.3066116479435,-3.0857289027585932,0
242,2,-184.88938923562256,-0.4455845008762653,0
242,3,-186.91613088622697,5.673399632935684,0
242,4,-189.93331838849323,1.3133602902248638,0
242,5,-188.99363138588456,-2.088071308983365,0
242,6,-186.36122304543258,0.13158774303216547,0
242,7,-185.8746213489488,-4.390311050572745,0
242,8,198.41499768890327,13.800413260421616,1
242,9,189.66622918535055,7.371669896386336,1
242,10,198.56178184333316,16.21533854749183,1
242,11,194.47835955928585,7.20015545940659,1
242,12,190.7167579170952,0.557479102134817,1
242,13,190.66461380693409,11.441403380987817,1
242,14,2.0624498454871127,0.9609580474227317,2
242,15,0.2560798452425226,-1.5568979872341178,2
242,16,-1.789887615373904,6.323950746742204,2
242,17,-1.5027347703717324,-1.7332742872765918,2
242,18,2.720653891596101,-5.476859702802221,2
242,19,-2.2141622162131904,3.5888915629158125,2
243,0,-193.8791206032657,-3.755232293498614,0
243,1,-187.20608748440344,-3.1888242585757007,0
243,2,-185.46733691095662,-0.6625688593116413,0
243,3,-187.31910094834805,5.711091976347302,0
243,4,-190.59979039931866,1.1766964065611731,0
243,5,-189.53198575932342,-1.891569917606184,0
243,6,-187.11516487795876,0.34474206622139314,0
243,7,-186.78945783269742,-4.703345183551507,0
243,8,198.9968970572922,13.515423197333538,1
243,9,190.29077514259808,7.657465851701803,1
243,10,199.43347807690446,16.164005529613195,1
243,11,195.19363358813476,7.0803738094192665,1
243,12,191.8101557807547,0.6275282959075508,1
243,13,191.3628495047258,11.120490122747494,1
243,14,2.1477906451325848,1.3452154010670063,2
243,15,0.4279297472229798,-1.8679056937816774,2
243,16,-1.6518022051525467,6.104901613586483,2
243,17,-1.7968246334946567,-1.999378319858284,2
243,18,2.403821774690176,-5.503120911425883,2
243,19,-2.097675061803942,3.899873592339713,2
244,0,-194.33097029679314,-3.8157640172286444,0
244,1,-187.5782042656057,-3.276832351153215,0
244,2,-186.23337480616857,-0.43961044653468706,0
244,3,-188.1972423667263,5.985076924377164,0
244,4,-191.4908900537752,1.383489378708763,0
244,5,-190.37720101710835,-2.013082652595993,0
244,6,-188.32207936174385,0.4438157191466984,0
244,7,-187.47111456419375,-4.744748128054028,0
244,8,200.34900378613636,13.195629997089373,1
244,9,190.78790584234443,7.286890971144538,1
244,10,199.78622032683498,15.807673125902186,1
244,11,195.80511609890294,6.74222369578153,1
244,12,192.44409496249912,0.8133826104625865,1
244,13,192.16168807035,11.316906272405795,1
244,14,1.9699302777695666,1.233726870401477,2
244,15,0.2845840833743243,-1.8651285495263203,2
244,16,-1.3978620324265452,6.019298028979309,2
244,17,-1.50026742083237,-1.9918962181975208,2
244,18,2.5394821012442033,-5.696720860499768,2
244,19,-2.262998818396513,3.913510141251602,2
245,0,-195.2874558484429,-3.4700616814919703,0
245,1,-188.4048360267487,-3.1427913020243476,0
245,2,-186.94315581799202,-0.4023552746002119,0
245,3,-189.14832337861782,6.0201769475089515,0
245,4,-192.237037448342,1.4903621441604415,0
245,5,-191.175490066816,-2.008537279788374,0
245,6,-189.25730126503953,0.6847229190877936,0
245,7,-188.31532976237193,-4.913642351080747,0
245,8,200.95559321768437,13.160025157815909,1
245,9,191.647268756679,7.368376753789673,1
245,10,200.821948257403,15.746659846609619,1
245,11,196.3981103001942,6.953438965280724,1
245,12,193.26323756660724,0.8394583723901504,1
245,13,193.17770926496004,11.2829195508817,1
245,14,1.5595601716260394,1.1044258828966904,2
245,15,0.27013519616225745,-1.4363676854902003,2
245,16,-1.458409391015516,5.822135866543256,2
245,17,-1.2213092469340538,-2.0847038051217646,2
245,18,2.0734759566889545,-5.212201957142078,2
245,19,-2.3083428139773408,3.7229591727550053,2
246,0,-195.80501549013965,-3.6204949137506435,0
246,1,-189.01748840420493,-3.37971160308966,0
246,2,-187.69642917764307,-0.753671175518148,0
246,3,-190.04947585437097,5.464247798673426,0
246,4,-193.03874710572904,1.4196185660725789,0
246,5,-191.9234962831865,-1.8925640644307933,0
246,6,-189.88500605824328,0.21762255983489898,0
246,7,-188.9661954328903,-5.15371355015358,0
246,8,202.11389114718665,13.13685940783952,1
246,9,192.46301158385413,7.555461685073726,1
246,10,201.81954677242965,15.489548950205469,1
246,11,197.23765189977757,6.954210644964681,1
246,12,193.72488965317157,0.7933412994954061,1
246,13,193.7590581550536,10.980897742777163,1
246,14,1.4417499501100743,1.2304762329379477,2
246,15,0.23439150489143992,-1.62525089551105,2
246,16,-1.2448887382964717,5.395642076182012,2
246,17,-0.9979736771639904,-2.311616782297243,2
246,18,2.27774799204068,-5.487702558180735,2
246,19,-2.360500553355865,3.3712904979758735,2
247,0,-196.85372551119895,-3.2682797115496496,0
247,1,-189.75517911685986,-3.217432391033961,0
247,2,-188.33620183856772,-0.5903560078059669,0
247,3,-190.624945295076,5.335668016079741,0
247,4,-193.54240523600464,1.4489448649890744,0
247,5,-192.74547805996713,-1.6366601780752748,0
247,6,-190.46941273838132,0.326852260731589,0
247,7,-189.5156454276537,-4.822336404661476,0
247,8,202.96406575898484,13.132429794997835,1
247,9,193.44898374639854,7.544773565184679,1
247,10,202.5414461835817,15.61205319029792,1
247,11,197.79373669197764,7.129695831876762,1
247,12,194.43935093383809,0.9155982030058655,1
247,13,194.62546421095314,11.266581298966956,1
247,14,1.3303386483195532,1.167194079989069,2
247,15,0.07436487306529166,-1.490667587282449,2
247,16,-1.0978894126971117,5.438663149696697,2
247,17,-0.9634450318208359,-2.083658677189563,2
247,18,1.9576301776659433,-5.630231684556069,2
247,19,-2.477547363021802,3.5104391802676296,2
248,0,-197.8608852978388,-3.520465072291983,0
248,1,-190.49794742058683,-3.3939330772114276,0
248,2,-189.11364359468837,-0.6638201775229332,0
248,3,-191.21914302052915,5.655655741126423,0
248,4,-194.29643625673185,1.3654599918073813,0
248,5,-193.8368278813121,-1.2158589348994164,0
248,6,-191.22078108576736,0.40874407992797424,0
248,7,-190.55892299791722,-5.034835857766029,0
248,8,203.99094836963926,13.028622446828958,1
248,9,194.31869189388928,7.3278351736469896,1
248,10,203.33098953016673,15.829048938834836,1
248,11,198.27389581686373,7.0833148284990495,1
248,12,195.05288968197917,1.188061859217439,1
248,13,195.4659233105217,11.156214132314933,1
248,14,1.3200194796483335,1.1206797951703216,2
248,15,-0.11876000128884909,-1.4346485773783184,2
248,16,-1.1239142252487861,5.4281283347864395,2
248,17,-0.7903593187889145,-2.3275665692019234,2
248,18,2.016657440002153,-5.589270009935508,2
248,19,-2.6139501473826634,3.4877737288617308,2
249,0,-198.68437914471417,-3.3912338939931805,0
249,1,-191.47885391634594,-3.6042483568548818,0
249,2,-189.4829617095809,-0.6543667237344107,0
249,3,-191.93586416522464,5.310082932038424,0
249,4,-195.0170886735135,1.4476067927916778,0
249,5,-194.8913760130903,-1.2147843668801834,0
249,6,-192.19771725865635,0.30634868234217105,0
249,7,-191.0520387135379,-5.315930084727933,0
249,8,204.84396217742068,13.075856621488109,1
249,9,195.05604130621865,7.752352509342094,1
249,10,203.96017393184786,15.797341719644786,1
249,11,199.00365785392574,6.87609084153969,1
249,12,195.90803856199827,1.3563564376269823,1
249,13,196.4287296865096,11.307120788555862,1
249,14,1.356746227262142,1.0291234598200871,2
249,15,-0.3567910701948248,-1.542350951017603,2
249,16,-1.0991955926264594,5.182288496384168,2
249,17,-0.9843038964159887,-2.3225665740333956,2
249,18,2.490407322221439,-5.309705961315857,2
249,19,-2.7709116451798863,3.5038762773574135,2
250,0,-199.41830378690582,-3.571489650662358,0
250,1,-192.21258674022002,-3.7318305186991902,0
250,2,-190.30960808745397,-0.8392872625713304,0
250,3,-192.5506993232532,5.576691697830155,0
250,4,-195.73626618421198,1.3730296472664099,0
250,5,-196.12123684173974,-0.9685044335874476,0
250,6,-193.40349110140755,0.35571135075766236,0
250,7,-192.19481252738967,-5.218134925140102,0
250,8,205.54615678248194,12.91332328410762,1
250,9,195.93969123939047,7.500956380446652,1
250,10,205.1200783746258,15.809744344847365,1
250,11,199.5826556228909,7.141359086985065,1
250,12,196.59354312216684,1.49299233554407,1
250,13,197.0533666871482,11.205048547396217,1
250,14,1.4398350171495462,1.2502499787656467,2
250,15,-0.3044450485502903,-1.4101964639637454,2
250,16,-0.9288058597296116,5.50533707797928,2
250,17,-0.9905988922081105,-2.333894418818596,2
250,18,2.362917672640429,-5.222274671835991,2
250,19,-2.794239106889805,3.713589397954571,2
251,0,-200.1523214730523,-3.6150481072770226,0
251,1,-193.03960944549206,-3.825698110579798,0
251,2,-191.533472240562,-0.6489717171778773,0
251,3,-193.38739183177566,5.671120914792577,0
251,4,-196.7841101339068,1.5935367762112782,0
251,5,-196.7905552360371,-1.0226995364689337,0
251,6,-194.50084114297727,0.5393006720683522,0
251,7,-192.98915374975363,-5.309790727902312,0
251,8,206.40291847276293,12.771649710253351,1
251,9,196.6950551025889,7.43098329616675,1
251,10,206.18898867529282,15.72250204190515,1
251,11,200.60008421912846,7.378290886330931,1
251,12,197.1413830984275,1.5463361786846275,1
251,13,197.82526068308005,10.814792301746841,1
251,14,1.4976791221719494,1.4396977590564979,2
251,15,-0.13485448168921718,-1.2534580534656639,2
251,16,-0.8869320569204279,5.3048708268347236,2
251,17,-1.4936570814748409,-2.457682731934712,2
251,18,2.396122350739709,-4.69622610252978,2
251,19,-2.731860770846823,3.4365722895343005,2
252,0,-200.67391478758466,-3.724811665956613,0
252,1,-193.8226994245317,-3.9401176398736455,0
252,2,-192.62053584964679,-0.6294750295301066,0
252,3,-194.2914751590749,5.659643934388178,0
252,4,-197.5646030583903,1.7130585777606329,0
252,5,-197.54001338587253,-1.3788154318708064,0
252,6,-195.28351769736304,0.5713192537651368,0
252,7,-194.10774460942312,-5.475535715011291,0
252,8,207.19178570861104,12.740010542355954,1
252,9,197.5024572168364,7.423055648250119,1
252,10,207.13128835077262,15.502435170688798,1
252,11,201.3521253719766,7.379778548232048,1
252,12,197.46699887469498,1.7271644998521773,1
252,13,198.71620741851225,10.670053807361905,1
252,14,1.3906875380738952,1.617133493895186,2
252,15,-0.011963738999395401,-1.5548671757967152,2
252,16,-0.9236355665884528,5.372578607998291,2
252,17,-1.8698753173026916,-2.540980417806321,2
252,18,2.237382028552444,-4.715173595891206,2
252,19,-3.1766433912333865,3.4166002366900075,2
253,0,-201.30282557956258,-3.649292938719368,0
253,1,-194.74358979559932,-3.62088669654956,0
253,2,-193.44405658262124,-0.5805280059747121,0
253,3,-194.9137730765222,5.747595475849136,0
253,4,-198.44361545590786,1.7334312164110235,0
253,5,-198.30475416100458,-1.3734784770664326,0
253,6,-196.01675318857784,0.6037534843237584,0
253,7,-195.11726803206352,-5.579548247665704,0
253,8,207.85618106002195,13.072049701920935,1
253,9,198.25996397792562,7.481492613335721,1
253,10,207.99946772847338,15.424876639140829,1
253,11,202.04381700320698,7.1453585605942695,1
253,12,198.33915301603935,1.6275052987259684,1
253,13,199.27016972924181,10.814511457729502,1
253,14,1.3632394183878047,1.6499191134129514,2
253,15,-0.1308047717441223,-1.364145536107784,2
253,16,-1.0526721933563188,5.449598876037521,2
253,17,-1.8536951021199881,-2.6409792676774297,2
253,18,2.186704847107065,-4.459311460849697,2
253,19,-3.117302764366312,3.6382222435970504,2
254,0,-202.42645897795686,-3.639311898516281,0
254,1,-195.52216166676317,-3.275920632549333,0
254,2,-193.7214303406777,-0.28396365738337054,0
254,3,-195.76644120345702,6.179495167840751,0
254,4,-198.87232498041098,1.5618942845789743,0
254,5,-198.99074501044768,-1.7044830078290214,0
254,6,-196.6399163453126,0.516888223567789,0
254,7,-196.17665195990023,-5.743727067753131,0
254,8,208.0731957839139,13.217576083225936,1
254,9,198.8157616492039,7.442668953979258,1
254,10,208.5281557789766,15.651168496308514,1
254,11,203.02511220763495,7.038480072702266,1
254,12,198.87236678100118,1.8795204714512228,1
254,13,200.12399132856604,10.865507499288205,1
254,14,1.7799221063399573,1.7154071287031996,2
254,15,-0.1333804274737939,-1.1870528056748193,2
254,16,-0.7792475494937687,5.310654970994711,2
254,17,-1.7394414319483462,-2.3613844358399136,2
254,18,2.275526033402176,-4.469906881022101,2
254,19,-2.996360444891416,3.575320609140685,2
255,0,-203.04551495458819,-3.840006758972267,0
255,1,-196.35084173779737,-3.0625660871670495,0
255,2,-194.44110928055605,-0.48688674790451486,0
255,3,-196.4015967297325,6.113806704295846,0
255,4,-199.69276576044297,1.2250324554229746,0
255,5,-200.04677847924503,-1.4522867558685641,0
255,6,-197.31379530910436,0.44011054633959035,0
255,7,-197.0328088996675,-5.468555683073427,0
255,8,209.0055119893621,13.421707266108186,1
255,9,199.482284720228,7.476326132992946,1
255,10,209.04756166613228,16.026401802812703,1
255,11,203.8043802448301,7.286845687641236,1
255,12,200.32268792571827,1.6882917475893815,1
255,13,200.83085977699685,10.84932666218208,1
255,14,1.6169284529990846,1.8259707031669132,2
255,15,-0.24253604801833534,-1.0836644340578747,2
255,16,-0.7555446717381502,5.334780539891611,2
255,17,-1.6524917119495919,-2.114848744807077,2
255,18,2.2868030816828333,-4.540924275453612,2
255,19,-3.117967468473138,3.5448690006104266,2
256,0,-203.82091382518163,-4.046264988723115,0
256,1,-197.16204553038372,-2.8434985945949385,0
256,2,-195.27377852296783,-0.4197614136676086,0
256,3,-197.2914718341533,6.384868086249913,0
256,4,-200.34550093293083,1.3278524685222073,0
256,5,-200.62863563943006,-1.4172503046451486,0
256,6,-197.82963845153284,0.40781890635357165,0
256,7,-197.6981240570334,-5.407522167642424,0
256,8,209.6445367806516,13.759474565322648,1
256,9,200.3437915559126,7.401775849723763,1
256,10,209.7649741513886,16.048220009455747,1
256,11,204.71346501513509,7.579130594882553,1
256,12,201.16367008638588,1.6485194465978872,1
256,13,201.67484672653393,10.799754619149075,1
256,14,1.575530219402354,2.048221585425637,2
256,15,-0.3430440126228683,-1.05926612099123,2
256,16,-0.4260461584209482,5.5225772541361655,2
256,17,-1.6786806517412765,-2.1351968979566758,2
256,18,2.3352954396335366,-4.290930964185217,2
256,19,-3.2445131821999937,3.3696776235889487,2
257,0,-204.77653125175237,-4.006102318514988,0
257,1,-198.2503994062964,-3.1634045408146525,0
257,2,-195.9903989352635,-0.3618081796901619,0
257,3,-198.18227151037536,6.162765522757683,0
257,4,-201.05430807759896,1.142475374528798,0
257,5,-201.6955771260613,-1.3980747477619777,0
257,6,-198.63961683026878,0.04759478234603526,0
257,7,-198.42822288627798,-5.323950634355648,0
257,8,210.6183046188919,13.522777490107796,1
257,9,201.0076683124765,7.506392196029419,1
257,10,210.65240131707347,16.05417999051952,1
257,11,205.42317696396793,7.658002163154631,1
257,12,201.74239665212326,1.4055931923844562,1
257,13,202.52684089398892,11.022824808363895,1
257,14,1.398818998791471,2.2931097209981743,2
257,15,-0.9371853703718064,-0.7038222090423827,2
257,16,0.08930727363661572,5.856528768252427,2
257,17,-1.735788866181584,-2.0365312651871665,2
257,18,2.5082654515580773,-4.061307388546919,2
257,19,-3.288194384579642,3.1991713422536963,2
258,0,-205.88548374672595,-3.94563380202714,0
258,1,-199.0875363223504,-3.345688685527721,0
258,2,-196.9655644093392,-0.316484314897408,0
258,3,-198.97139030283626,6.213243757176045,0
258,4,-202.02483365209767,1.1790333197232743,0
258,5,-202.47460550682902,-1.1206147243231266,0
258,6,-199.49687158236935,0.21136924692324804,0
258,7,-199.23816928953502,-5.278477332260434,0
258,8,211.57556393942312,13.71269082682756,1
258,9,201.5686417848986,7.651136177037124,1
258,10,211.20101536092503,16.057313131922882,1
258,11,206.36779024271166,7.397900867557779,1
258,12,202.607367043909,1.7103943666611023,1
258,13,202.9104720155905,10.94480181593397,1
258,14,1.2010461417340315,2.2497492539833015,2
258,15,-0.708852801124964,-0.7585848384734016,2
258,16,-0.05168646109116967,5.692114543908991,2
258,17,-1.877436308217272,-2.163681375559182,2
258,18,2.54950340279069,-3.836956715866569,2
258,19,-3.209773020928842,3.181828822276439,2
259,0,-206.6015942618401,-3.8595769070541124,0
259,1,-199.95104713320762,-3.450390337745178,0
259,2,-197.963944470712,-0.47458968689586156,0
259,3,-199.9806968082492,6.024297634969581,0
259,4,-202.82782492737985,0.996514616471369,0
259,5,-203.56016438506532,-1.1234539807813742,0
259,6,-200.34813300593007,0.42697226899534857,0
259,7,-199.96444917469447,-5.880896317406104,0
259,8,212.56684503966548,13.714762547328153,1
259,9,202.3899003713547,7.6970073441056615,1
259,10,212.36229151267926,16.1340691713103,1
259,11,207.21060006853975,7.2041739235006705,1
259,12,203.66182337375548,1.726596631742888,1
259,13,203.82959867130947,10.989577874484302,1
259,14,1.2546252297834815,2.353543318225427,2
259,15,-0.6900599063576227,-0.7881280732681302,2
259,16,-0.21668022433139886,5.508504368387741,2
259,17,-1.9137374621756362,-1.8285331896490864,2
259,18,2.370263941896413,-3.8164014160552044,2
259,19,-3.3216852642869594,3.2345150916266667,2
260,0,-207.48402051108022,-4.009324977617338,0
260,1,-200.936785428504,-3.5097937599915467,0
260,2,-198.579116585734,-0.18024406737826631,0
260,3,-200.8356688153467,6.1972147031697125,0
260,4,-203.21358735071524,0.8853165947957012,0
260,5,-204.04115437510495,-1.3922591762268206,0
260,6,-201.08661759295998,0.08889492593984727,0
260,7,-200.6905892260622,-6.002543163244291,0
260,8,213.1735944361123,13.532325573981694,1
260,9,203.1054002287608,7.31855615171349,1
260,10,213.01995900744097,16.353579643229423,1
260,11,207.74196952109637,7.264259680110056,1
260,12,204.8992891349765,1.7549257727862408,1
260,13,204.3759237013516,10.908676553192254,1
260,14,1.3480086732934782,2.4982878628173553,2
260,15,-0.8552652558911777,-0.5370951878070915,2
260,16,-0.09128074041729556,5.558864298172621,2
260,17,-1.7834585876792082,-2.0320092045737406,2
260,18,2.4735233664850536,-3.523409519324976,2
260,19,-3.2528585879685283,3.0684517660524313,2
261,0,-208.14009782049527,-3.950753932703768,0
261,1,-201.45363362786767,-3.7149615536626013,0
261,2,-199.38739073631555,-0.06387080569125694,0
261,3,-201.59892746754633,6.415719023049681,0
261,4,-204.0491664887652,1.1692030507806093,0
261,5,-204.68252746668645,-1.3999723020599035,0
261,6,-202.00766203384697,0.11321840333717703,0
261,7,-201.3353696023093,-6.001606829292193,0
261,8,213.73365268857273,13.647842024374167,1
261,9,203.9862811400046,7.378313887257038,1
261,10,213.76552008487454,16.408267988252916,1
261,11,208.25635463300503,7.497736283177786,1
261,12,205.5841880541405,1.761830708555915,1
261,13,205.17818029392532,10.80052051134513,1
261,14,1.3484453946006654,2.5340540299854526,2
261,15,-0.7222470093022448,-0.5149507445406241,2
261,16,0.1737201948726178,6.112229244465407,2
261,17,-1.7499417670944748,-2.0254760041981466,2
261,18,2.4895620338642868,-3.55547253754295,2
261,19,-3.551530162586994,2.9854163464723427,2
262,0,-208.76286458581671,-4.07265242586089,0
262,1,-202.46401010783643,-3.4164070928323578,0
262,2,-200.4607146474963,-0.4677756096073147,0
262,3,-202.15871825799383,6.2038969319606725,0
262,4,-204.87952420117452,1.4561232388797267,0
262,5,-205.39611454899114,-1.6356510360194534,0
262,6,-202.68763721781906,-0.005781181052962769,0
262,7,-202.2134572635367,-6.155605873423148,0
262,8,214.3269257942321,13.726957074805883,1
262,9,204.92162629745076,7.614340722271142,1
262,10,214.7942691829299,16.13682569941315,1
262,11,208.7517735972366,7.205607471042973,1
262,12,206.52824773303155,1.71315822961189,1
262,13,205.96917091769427,10.636713465060996,1
262,14,1.5531303728336627,2.6207332484955645,2
262,15,-0.8155609375486264,-0.3833197795484164,2
262,16,0.22943135701215953,5.8577201449735945,2
262,17,-1.5796803276838884,-1.8377265507150993,2
262,18,2.7683260684058624,-3.130207791151812,2
262,19,-3.4454885756540556,3.1329101819240397,2
263,0,-209.1919415570815,-3.808417954889901,0
263,1,-202.8493964527685,-3.298500480626094,0
263,2,-201.22019772869365,-0.7160747412331584,0
263,3,-202.8972844734587,6.256359505818811,0
263,4,-205.24614576433075,1.4855407888746452,0
263,5,-206.35055352587585,-1.7508616089934608,0
263,6,-203.34800056367135,0.04069768654073602,0
263,7,-203.06574938690153,-6.2866928127154384,0
263,8,215.20481549609835,13.837861941646102,1
263,9,205.52974063167466,7.940375951033572,1
263,10,215.14895576139517,16.168621806639223,1
263,11,209.7002901297962,7.485167080667952,1
263,12,207.46176121664496,1.6390527304187796,1
263,13,206.9088041671072,10.53973822561413,1
263,14,1.5865592964589057,2.665759180026785,2
263,15,-0.6901714289649716,-0.5245203024659162,2
263,16,0.46824375914135297,5.749965955781383,2
263,17,-1.483404082671534,-1.877014458589891,2
263,18,2.835304868096892,-2.9486215319070994,2
263,19,-3.3606228872085837,3.1280845648858184,2
264,0,-209.86705126462869,-3.8593935039103937,0
264,1,-203.5484608508537,-3.163618295902708,0
264,2,-201.89563372859078,-0.5747855435772904,0
264,3,-203.663579747993,6.4113819944330235,0
264,4,-205.87431376744496,1.2148320781093638,0
264,5,-207.25632079859975,-1.715810730344572,0
264,6,-204.6613511502354,-0.22733345954865197,0
264,7,-203.76104007669528,-6.179608338622248,0
264,8,215.89121883558994,14.099284856638318,1
264,9,206.49600551673413,7.611989938995095,1
264,10,216.0462060607538,16.480558612778168,1
264,11,210.34443492069906,7.279449486683964,1
264,12,208.27634317719526,1.7509638649388943,1
264,13,207.57072073983423,10.356666696184314,1
264,14,1.8688460850151352,2.4475096212997967,2
264,15,-0.540441233479386,-0.4070734185514259,2
264,16,0.47161809329087506,5.969774378538695,2
264,17,-1.3898670641937627,-1.7280769250190433,2
264,18,2.999929466070476,-3.4581466939367855,2
264,19,-3.159331175458884,3.536306936492895,2
265,0,-210.3407139151952,-4.1840850276998145,0
265,1,-204.7016014075626,-3.105468544965653,0
265,2,-202.5373306584905,-0.6084661479457968,0
265,3,-204.54755552854226,6.606351803025717,0
265,4,-206.50378984512645,1.2725218324781402,0
265,5,-208.0600966197108,-2.0595786740027715,0
265,6,-205.35522262871177,-0.42899708371913214,0
265,7,-204.43493559846905,-6.170806392555438,0
265,8,216.71369999172126,14.20680648602322,1
265,9,206.86751115013456,7.67547821019163,1
265,10,216.85375983468552,16.809471233955744,1
265,11,211.20886903129383,7.381353782972495,1
265,12,208.84924672590466,1.7206705524963595,1
265,13,208.1755759661637,10.51872749944298,1
265,14,1.6001334871708235,2.6529386704928846,2
265,15,-0.9185421968432138,-1.027834988641521,2
265,16,0.6370795017176502,6.061849381187847,2
265,17,-1.163189711158882,-2.1430684737641683,2
265,18,3.271681515683289,-3.4235820156878516,2
265,19,-3.0617600528835713,3.6586261114728544,2
266,0,-211.16125597488048,-4.2751930463513785,0
266,1,-205.8249915333422,-3.135909780228422,0
266,2,-203.25810390754935,-0.5845270161912484,0
266,3,-205.42395719856398,6.345684967529896,0
266,4,-207.47402695599172,1.1378915127046618,0
266,5,-208.8632937210618,-2.2330144655568525,0
266,6,-206.35491902533906,-0.3809587553501011,0
266,7,-205.02046441108754,-6.343375960771777,0
266,8,217.57595968246474,14.24961405284799,1
266,9,207.57399609410328,7.863357065373875,1
266,10,217.74795830170999,17.05248304103474,1
266,11,212.24259862755576,7.282448661487975,1
266,12,209.55268717114555,1.5306498380533224,1
266,13,208.9160450552341,10.751239812676737,1
266,14,1.8415275344971973,2.308641873879452,2
266,15,-0.7488947038179873,-0.9639065489836616,2
266,16,0.7700231473087753,6.468020052969336,2
266,17,-0.920187263797858,-1.9992245098856145,2
266,18,3.443637652713758,-3.3276607072551108,2
266,19,-3.0412188563548908,3.295250630333077,2
267,0,-212.10394670968805,-4.548668808094255,0
267,1,-206.6041655554256,-3.1423783433201793,0
267,2,-203.9708000354345,-0.5529366437959464,0
267,3,-206.37671974749446,6.115786084353879,0
267,4,-208.42595875471667,1.1068298860065862,0
267,5,-209.63119460536632,-2.0964772036754957,0
267,6,-207.1631408855366,-0.5526965237742212,0
267,7,-205.95773659317692,-6.660048928862907,0
267,8,218.44305784475645,14.108573087650429,1
267,9,208.37828920965595,8.152368022178445,1
267,10,218.60606615005872,17.041432175228447,1
267,11,213.1842803491926,7.078917914366024,1
267,12,210.49579499777187,1.7780748504623674,1
267,13,209.54331959621743,10.891030061273813,1
267,14,1.754158043780788,2.217765604257635,2
267,15,-0.7233067249505313,-0.7920319918954082,2
267,16,0.9086195544098297,6.361287175200678,2
267,17,-0.661747842369347,-1.8795615255257647,2
267,18,3.656430593393808,-3.6398419305587146,2
267,19,-3.4865841095760217,3.545999724067008,2
268,0,-213.12306091026764,-4.574236660417613,0
268,1,-207.46828630368717,-3.0776127570085468,0
268,2,-205.257743652777,-0.39336427862254353,0
268,3,-207.10598483665487,6.078651304799382,0
268,4,-209.5910741282305,0.751768615537268,0
268,5,-210.37820281280966,-2.246041058254884,0
268,6,-208.20697204297153,-0.8650399113209473,0
268,7,-206.81694664090284,-6.853802852738519,0
268,8,219.39633858919973,14.031391088307908,1
268,9,209.59404668699952,8.418622083154654,1
268,10,219.5381678357259,16.930538579021167,1
268,11,213.9325473224302,6.723052199265407,1
268,12,211.0618250349431,1.9775061727308505,1
268,13,210.4488409074972,11.124381425890242,1
268,14,1.4761954079421,2.3452906232587254,2
268,15,-0.7615003524709483,-0.6348326761230185,2
268,16,0.9421738142646723,6.6479730773400725,2
268,17,-0.6172935558874391,-1.8022876595840016,2
268,18,3.9340802346714168,-3.1352278761720695,2
268,19,-3.719214522892349,3.451594798982719,2
269,0,-213.8822901954917,-4.750638657088281,0
269,1,-208.24574517356191,-3.128229046184239,0
269,2,-206.2573777584613,-0.42837253521589586,0
269,3,-207.87784257532604,6.036634803177735,0
269,4,-210.91237842905994,0.3335035967623627,0
269,5,-210.58925982012627,-1.9939014225464358,0
269,6,-208.90228726344017,-0.8116802843680897,0
269,7,-207.14294141806764,-6.816080314539453,0
269,8,220.1096622840025,13.806631355509483,1
269,9,210.31200387943474,8.33452870639253,1
269,10,220.2591847910155,17.14672272114798,1
269,11,214.72859086472923,6.753510632831263,1
269,12,212.06433777321774,2.124472277013836,1
269,13,211.45059001269615,10.936451572972384,1
269,14,1.7387486517667736,2.6673669975113796,2
269,15,-0.7402782650703679,-0.7920086582534269,2
269,16,0.7641696174297616,6.853122775010706,2
269,17,-0.8680005326902135,-1.8333449435976772,2
269,18,3.9941466601026057,-2.9580702155032017,2
269,19,-3.497600764524252,3.498571125529281,2
270,0,-214.75089712202896,-4.804482343412623,0
270,1,-209.0102184138809,-3.1653910081572265,0
270,2,-206.7547427985932,-0.4619543987902707,0
270,3,-208.521930438669,6.0977137800918335,0
270,4,-212.05195324791842,0.559237526736413,0
270,5,-211.3761710955061,-1.9382847382465063,0
270,6,-209.68772837321487,-0.6838432675090274,0
270,7,-207.82463076742528,-6.987316215422067,0
270,8,220.85715783730652,13.71737876679278,1
270,9,210.81782889496606,8.371957452734906,1
270,10,221.46714837014437,17.262327713151176,1
270,11,216.11069401697551,6.647777820097581,1
270,12,212.7072475846495,1.9347774787328456,1
270,13,212.52833007696447,11.098145570991278,1
270,14,1.821308752733483,2.2691874910957344,2
270,15,-0.8269875403198624,-0.8128986999155144,2
270,16,0.7777187955589057,6.825566808023803,2
270,17,-1.2219352042126275,-1.4181151249157102,2
270,18,4.1858824157013705,-2.8653809003088315,2
270,19,-3.647307400779592,3.7745881901194878,2
271,0,-215.5757035208401,-4.815909891479782,0
271,1,-209.64364590862726,-3.097857773277245,0
271,2,-207.69120980288784,-0.4369384683885965,0
271,3,-208.97393309587255,5.8820155680739115,0
271,4,-212.8297778273099,0.5978698000307153,0
271,5,-211.72877079814327,-1.8755237355096637,0
271,6,-210.34845696602954,-0.3445367718541994,0
271,7,-208.7365611388858,-6.661111174462753,0
271,8,221.67742617723886,13.709055194674535,1
271,9,211.78693579958357,8.825252139837717,1
271,10,222.32927243954487,17.046773570817994,1
271,11,216.81814615099583,6.420833046814334,1
271,12,213.22387502160143,1.7952993402259798,1
271,13,213.4693474310645,10.999472623218105,1
271,14,2.1278666258550953,2.218667325911464,2
271,15,-0.780663892266909,-0.9808089906498749,2
271,16,1.0227200433978099,6.8972515857554075,2
271,17,-1.0008571346610933,-1.1813634834393205,2
271,18,4.428879226451155,-3.2795854281833954,2
271,19,-3.522747009455119,3.6166641776974893,2
272,0,-216.12225010251154,-4.923762419324256,0
272,1,-210.1227635289704,-3.097160484892834,0
272,2,-207.9450675018803,-0.6538908963944502,0
272,3,-210.0458657005745,5.551638540944638,0
272,4,-213.81037477471426,0.6770067105593687,0
272,5,-212.58551348235514,-1.7119048453815864,0
272,6,-211.4316504999212,-0.6477859860254973,0
272,7,-209.43627812647782,-6.721820844242446,0
272,8,222.93560823654704,13.39604859352557,1
272,9,212.54338008886515,8.955893802188347,1
272,10,223.263270668351,17.046914488713885,1
272,11,217.72282985104886,5.975817384025282,1
272,12,213.51880946923467,2.45090173915011,1
272,13,214.19505926850783,10.879307032719877,1
272,14,2.2139046210111,2.1957705399442693,2
272,15,-0.9216290500333233,-0.9725990048779057,2
272,16,1.1913094225325318,6.932768944817691,2
272,17,-0.9097762864654201,-1.430768033102283,2
272,18,4.397051219464227,-3.398074662122523,2
272,19,-3.416676579751037,3.6901922681968693,2
273,0,-216.48443158465778,-4.800639426989339,0
273,1,-210.66358908864842,-3.3023341461725972,0
273,2,-208.6291142551877,-0.49644251844870246,0
273,3,-211.1104787607302,5.846346991361773,0
273,4,-214.74653057418175,0.8146619648419746,0
273,5,-213.29542523616212,-1.6767807810903925,0
273,6,-212.0582015118499,-0.620309736789298,0
273,7,-210.21285028031974,-6.754610620063244,0
273,8,223.8137383235391,13.631616793277392,1
273,9,213.29243506995132,8.813255974023381,1
273,10,224.00485802856386,16.822980945617854,1
273,11,218.4193197244501,6.1993182427403335,1
273,12,214.4412568377543,2.620407207618463,1
273,13,214.79803565576955,10.762774007392736,1
273,14,2.171802021594562,1.8742906396345078,2
273,15,-0.6587533998622697,-1.0189892089797097,2
273,16,0.9047060177181439,6.819028704381483,2
273,17,-1.275916144502609,-1.5499728876767882,2
273,18,4.412317974990165,-3.522651565697014,2
273,19,-3.3003705606617597,3.677162230224543,2
274,0,-217.37688195593097,-5.106730650865424,0
274,1,-211.2667423657379,-3.11474365540457,0
274,2,-209.28172482249724,-0.588479558140625,0
274,3,-211.79585779782897,5.8959947482654105,0
274,4,-215.63548704461834,0.8909487096699737,0
274,5,-214.46175759829848,-1.8164776097945294,0
274,6,-213.1725684561075,-0.8379934331551261,0
274,7,-211.07634172199445,-6.51644609494145,0
274,8,224.97433025983818,13.464390270332197,1
274,9,214.23177142646912,8.792907032338835,1
274,10,224.79994710281287,17.16210007094302,1
274,11,219.45903205038698,6.294690942202477,1
274,12,215.2650169522278,2.330289955318278,1
274,13,215.47721132560432,10.661569179713101,1
274,14,2.1030505108559465,1.9419417777612131,2
274,15,-0.6435758206898343,-0.7340292758756113,2
274,16,0.8578469597569023,7.203448107193217,2
274,17,-1.682827237080653,-1.7974139306610315,2
274,18,4.383662071456826,-3.564599009925249,2
274,19,-3.1858607364707816,3.9254072767546186,2
275,0,-218.2210394810102,-5.058186079545898,0
275,1,-211.9719922922175,-2.6619418028021298,0
275,2,-209.75425098600638,-0.7839868928388045,0
275,3,-212.79888652867086,6.056523203591122,0
275,4,-216.43995536955074,1.052574524177688,0
275,5,-215.3224202258389,-2.088401188633707,0
275,6,-213.9331331636755,-0.7630811806365322,0
275,7,-212.00003197896578,-6.163682087957293,0
275,8,225.42690413860427,13.158913975245516,1
275,9,214.86311339200697,8.859467736471128,1
275,10,225.42260672180853,17.172651690579283,1
275,11,220.1383336086331,6.348937972534894,1
275,12,216.43954473627355,2.697758819213734,1
275,13,216.41172808037285,10.651626465606828,1
275,14,2.2378728697317327,2.163428940217785,2
275,15,-0.262780850920285,-0.5168199445406705,2
275,16,0.8510286812101766,7.042438020735363,2
275,17,-1.5817668603476183,-1.7958041675827714,2
275,18,4.515337928297049,-3.454199727276937,2
275,19,-3.3224263068008826,3.6825360780699405,2
276,0,-218.8352394490822,-5.377630542740484,0
276,1,-212.8540833242098,-2.765310562641727,0
276,2,-210.63324347246223,-0.5886938899570948,0
276,3,-213.72212634402166,6.052274796010863,0
276,4,-217.14803460094012,0.9503867948383767,0
276,5,-216.09559010030824,-1.9618228465874485,0
276,6,-214.95238601428093,-0.8698266661410952,0
276,7,-212.54616672214428,-6.444872889004891,0
276,8,226.31503820978133,12.970858078533002,1
276,9,215.47252878206177,8.758377883723142,1
276,10,226.1836593705998,17.31984382617349,1
276,11,220.9927654173403,6.305695134981675,1
276,12,217.21584049917155,2.957520254423179,1
276,13,217.21072391445793,10.831573921598249,1
276,14,1.993231334385917,2.263147108004203,2
276,15,0.060278757147327555,-0.18472857137117155,2
276,16,0.49922362593034625,7.143281835009862,2
276,17,-1.588748041593592,-1.750242857705797,2
276,18,4.450010140967194,-3.477679065669293,2
276,19,-3.3871196096306635,3.7773950820744564,2
277,0,-219.81222475655335,-5.338285907605099,0
277,1,-213.34393398996116,-2.875160168695406,0
277,2,-211.30117934821362,-0.294317897219423,0
277,3,-214.4957249920966,6.196981152680051,0
277,4,-217.71288353585473,1.1884002199249104,0
277,5,-216.7179175469944,-2.4057240895247856,0
277,6,-215.60734099877735,-0.9821828567975803,0
277,7,-213.22253466630406,-6.437290623143711,0
277,8,227.23139739504697,12.978131543775909,1
277,9,216.39478407948752,8.491713796043692,1
277,10,226.96427111923816,17.720315758243874,1
277,11,221.7069830176287,6.172766610813425,1
277,12,217.71385851882965,2.820540168929258,1
277,13,218.02025314592515,11.068821141377473,1
277,14,2.2287187788667464,2.215046958869375,2
277,15,0.29474417939991,-0.1301012552081236,2
277,16,0.6370768969351119,7.427439948122715,2
277,17,-1.578323947390719,-1.8690710265174435,2
277,18,4.348446676027233,-3.1951321385980487,2
277,19,-3.53903821508077,3.8760262507228442,2
278,0,-220.50283569588734,-5.2218733616214426,0
278,1,-213.90071659710736,-2.9065972677830225,0
278,2,-211.94476790021648,-0.3732067853011036,0
278,3,-215.36028986573487,5.83288262037696,0
278,4,-218.4133791916793,1.1980779682857465,0
278,5,-217.2495420627108,-2.606210108570484,0
278,6,-216.44557534474086,-0.8721739631784431,0
278,7,-214.29434428469813,-6.590963626110667,0
278,8,228.00904991398733,12.912336441906138,1
278,9,217.25385399302436,8.1469145253143,1
278,10,228.10754797728646,17.622966836610647,1
278,11,222.8030186129632,5.977777520384266,1
278,12,218.79260344902363,2.7954511683562013,1
278,13,218.8374184612114,10.958234163120412,1
278,14,2.6140827722849265,2.198054223162886,2
278,15,-0.048590322439016786,-0.17306764856692608,2
278,16,0.8136000925078442,7.349159401945688,2
278,17,-1.5749848178131587,-1.957351251465471,2
278,18,4.712514450168753,-3.3995944901620967,2
278,19,-3.1998890531079223,4.03910505447095,2
279,0,-221.01705543926866,-5.314076293503186,0
279,1,-214.58002828550846,-2.918081768417843,0
279,2,-212.5651360013402,-0.5141753303048541,0
279,3,-216.40438954354823,5.881865400844339,0
279,4,-219.1041622786319,1.2247989667953827,0
279,5,-218.07037208037946,-2.9841615930280954,0
279,6,-217.4391414195698,-0.7261912427344533,0
279,7,-214.92733941367638,-6.663604010756771,0
279,8,228.89463462084257,13.128692568249166,1
279,9,217.96370406777572,8.266117779893403,1
279,10,229.1116643720109,17.437095276963092,1
279,11,223.3657489221128,5.612144819788941,1
279,12,219.19655266755814,2.6682325420267654,1
279,13,219.4768748940621,10.800586743324962,1
279,14,2.8408122108417713,2.408119659382676,2
279,15,-0.11136539010954385,0.13659230551995866,2
279,16,0.594122106886995,7.493586255508719,2
279,17,-1.6552409215731498,-1.627313013222189,2
279,18,4.7192609206255565,-3.337284168306961,2
279,19,-3.3722797646081477,3.838618684921645,2
280,0,-221.85640692998382,-5.385276884159418,0
280,1,-215.5588118405205,-2.7893438706708875,0
280,2,-213.49927632305688,-0.4693075505310454,0
280,3,-217.16625554516213,5.718771658216983,0
280,4,-219.82595428086978,1.1393276181781808,0
280,5,-219.27756242460728,-3.010478698413952,0
280,6,-218.12203406649874,-0.7354732216987278,0
280,7,-215.28094912903128,-6.704782527877209,0
280,8,229.65087811712206,13.246659746879816,1
280,9,218.9100335063692,8.106565546884902,1
280,10,230.12397585288025,17.382536024866063,1
280,11,224.63961093224685,5.867783465692564,1
280,12,220.25440044387858,2.636717102795364,1
280,13,220.06398302933502,11.147592869902176,1
280,14,3.016291982264516,2.0107824545959097,2
280,15,-0.16065550843880588,0.6004228707760942,2
280,16,0.3722599591511293,7.716788810265036,2
280,17,-2.0384346036806984,-1.487007937376473,2
280,18,4.508292069668215,-3.3757012401678264,2
280,19,-3.3785716021438743,3.628056095458742,2
281,0,-222.86981968724976,-5.394338306595533,0
281,1,-216.39217769100264,-2.9045137805269023,0
281,2,-214.3809208614511,-0.638358764889839,0
281,3,-218.30547444165555,5.345460361322284,0
281,4,-220.79201195719205,1.4031196970108284,0
281,5,-219.99987729217878,-2.7857833885306573,0
281,6,-218.91534983899254,-0.7627554391755254,0
281,7,-216.09008246459484,-7.000214090482116,0
281,8,230.0359753405576,13.337043144896409,1
281,9,219.58958657904918,8.089328916110164,1
281,10,231.0024846039681,17.003604932336263,1
281,11,225.58093666068976,5.928945508255593,1
281,12,221.08101434254104,2.3511154480249945,1
281,13,220.44270684838548,11.11315752718996,1
281,14,3.0838787957001252,1.9946528121380274,2
281,15,-0.10448212683074172,0.3934330806665757,2
281,16,0.5421813443000227,7.985579499955144,2
281,17,-1.7779059269479718,-1.536285710545482,2
281,18,4.652187314953111,-3.4327508507842115,2
281,19,-3.306757577644907,3.714543589755003,2
282,0,-223.79738966439106,-5.64008751076653,0
282,1,-217.40847029774415,-2.876427424453871,0
282,2,-215.30890151695434,-0.8000854394045935,0
282,3,-219.50075893993395,5.398598656553863,0
282,4,-221.8502756030217,1.5066080772506951,0
282,5,-220.56053324383348,-2.522576204417365,0
282,6,-219.47537713460605,-0.6143128716097075,0
282,7,-216.55990627507137,-7.191283958019758,0
282,8,230.75072422080336,13.369959179804267,1
282,9,220.66289042055098,7.9545659701297815,1
282,10,232.06571114702604,16.767713650131988,1
282,11,226.43077176904882,6.010958930791919,1
282,12,221.87473661445517,2.3239971226369813,1
282,13,221.71517611382717,11.249331412850173,1
282,14,3.0775505693132095,1.592476644232739,2
282,15,0.13246385948941564,0.43035140708527897,2
282,16,0.5675068469697846,7.604683890982853,2
282,17,-1.7616351666242935,-1.553321206302361,2
282,18,4.598477604678109,-3.576522101952052,2
282,19,-3.0342272044716188,3.967192578981208,2
283,0,-224.52605690309036,-5.725346713391791,0
283,1,-218.05376364449913,-2.8214991557065376,0
283,2,-216.03845464546112,-0.8556801662753496,0
283,3,-220.22262349717997,5.086615817597337,0
283,4,-222.6608580248182,1.5387644093440673,0
283,5,-221.00843170418284,-2.494591776833373,0
283,6,-220.4334234738079,-0.8483016757789903,0
283,7,-217.2730312654194,-6.951562270777965,0
283,8,231.55100444622082,13.828527002302792,1
283,9,221.45169661602495,8.004061612271512,1
283,10,233.06013972568329,16.338800310829924,1
283,11,227.0326736968526,6.0977671547218355,1
283,12,222.51448720103247,2.310022748979086,1
283,13,222.80123195524945,11.62558576867442,1
283,14,3.049547085560694,1.9363547018453595,2
283,15,0.21912033445813586,0.6006622406812389,2
283,16,0.2055693303889144,7.504730933877002,2
283,17,-1.9003117199694264,-1.16751286510019,2
283,18,4.653400358827296,-3.3510427958050375,2
283,19,-3.0907465139196066,4.541573133911731,2
284,0,-225.2990821731884,-5.803825594241541,0
284,1,-219.25020632021608,-2.760252384019883,0
284,2,-216.98625657680958,-0.8559914197000468,0
284,3,-221.0891752367813,5.023719083395034,0
284,4,-223.70695125062608,1.564361820631896,0
284,5,-221.83900145590894,-2.6266827750424495,0
284,6,-220.75392110989588,-0.9713484637112881,0
284,7,-218.03765753678636,-6.784044299851422,0
284,8,232.27502313186963,13.826239810177553,1
284,9,222.61773811617664,8.027583560678762,1
284,10,233.47839540536134,16.163100040723208,1
284,11,227.79566978047424,6.030004547132438,1
284,12,223.5157829609987,2.258105790921102,1
284,13,223.8584117087151,11.343636261211264,1
284,14,2.699153099766317,1.840711999724216,2
284,15,0.11877586448212167,0.43423914137971376,2
284,16,0.3089345671126589,7.1456954113543025,2
284,17,-1.7770167201486806,-1.6254759384923156,2
284,18,4.59286988552526,-3.347532682326338,2
284,19,-2.811794214939339,4.626679787230749,2
285,0,-226.0361933245495,-5.695175453050086,0
285,1,-220.17547588642276,-2.731732151040587,0
285,2,-217.61065637552952,-0.5854084005320351,0
285,3,-221.86233167497664,4.967627557446775,0
285,4,-224.46013987119773,1.4057372626828688,0
285,5,-222.62257511143534,-2.5862789460372735,0
285,6,-221.60478016404804,-1.0794412627797758,0
285,7,-218.59894952708964,-7.226798951430509,0
285,8,232.96481871576856,13.577204589389153,1
285,9,223.18760430943308,8.197665656485938,1
285,10,234.24844261230677,16.05645260797592,1
285,11,228.64614374280524,6.55519007253282,1
285,12,223.81037617053875,1.9919969123525574,1
285,13,224.7713468551886,11.47028716353417,1
285,14,2.83930094101657,1.8973577312668541,2
285,15,0.21297028852150018,0.6776602257477092,2
285,16,0.15917299027873152,7.205331588219326,2
285,17,-1.3971518131825862,-1.5423868386511903,2
285,18,5.003309776792656,-3.2660906865100703,2
285,19,-2.5477441948566666,4.727971615963414,2
286,0,-227.2468795493444,-5.560048324619733,0
286,1,-220.90914735657526,-2.782165469340635,0
286,2,-218.44328945543225,-0.5218995971821561,0
286,3,-222.4261682109909,4.96179614623495,0
286,4,-225.19245204221053,1.6830614362902165,0
286,5,-223.4789809233929,-2.6360184382465133,0
286,6,-222.24082368174632,-1.1445489995081912,0
286,7,-219.45201393807983,-7.191484790875044,0
286,8,233.9521248108487,13.825790040011828,1
286,9,223.99762248268112,8.432428866342851,1
286,10,234.9125798517934,15.880127304126306,1
286,11,229.4941701026238,6.569295902280392,1
286,12,224.73179878727544,2.3663965663793434,1
286,13,225.38840129415422,11.75401892155938,1
286,14,2.8649313137622405,2.00496739624881,2
286,15,0.09711153447869292,0.10212173062110197,2
286,16,-0.5943452096132624,7.110534263519278,2
286,17,-1.8176684886985193,-1.5487712664251794,2
286,18,4.920081329219928,-3.309805488855917,2
286,19,-2.6073413161970733,4.940176979948763,2
287,0,-228.08659577124752,-5.375640757490608,0
287,1,-221.5866993890787,-2.8083234788995473,0
287,2,-219.34389404453273,-0.4905028305480661,0
287,3,-223.7004577914739,4.878446121581397,0
287,4,-225.9117769829653,1.5665238793383567,0
287,5,-224.25825463385718,-2.938301217153373,0
287,6,-222.93223013062504,-0.9628042190398942,0
287,7,-220.17951221517083,-7.202517805217164,0
287,8,234.71329708387586,13.693526996520536,1
287,9,224.93329302324085,8.47088581709698,1
287,10,235.73513827403713,15.862259414353245,1
287,11,230.376526909249,6.270370144372271,1
287,12,225.66563195466713,2.348087385502249,1
287,13,226.07351824940392,11.674417004663825,1
287,14,2.9430733901714214,2.10182878851347,2
287,15,-0.006182824242654025,0.1974209373958486,2
287,16,-0.3751026189657125,7.084692311792443,2
287,17,-1.7532932387576858,-1.537508574087858,2
287,18,5.061666511092686,-3.3412731507354194,2
287,19,-2.7336142127282286,5.018958677786435,2
288,0,-228.93751047991552,-5.371541956695978,0
288,1,-222.24950421039176,-2.6852022130681417,0
288,2,-219.8464558676947,-0.40996441050937654,0
288,3,-224.50950083380815,4.446095483000703,0
288,4,-227.09110121186967,1.3704504936432433,0
288,5,-225.6908625527971,-2.6829381060433715,0
288,6,-223.73421582627716,-0.8021286320373326,0
288,7,-220.98618296074173,-6.949447281913552,0
288,8,235.51867734552928,13.832535061049189,1
288,9,225.76795577755726,8.63961375297629,1
288,10,236.2483071919677,15.734674611741731,1
288,11,231.43986913220894,6.630902346712204,1
288,12,226.62893523544938,2.4543829707960256,1
288,13,226.75108515931495,11.43871302110254,1
288,14,3.0031609617123562,2.030763436699796,2
288,15,0.18854402764219413,0.1922480436664558,2
288,16,-0.30122916390345994,7.239843289131155,2
288,17,-1.4651824863409906,-1.3095562286368547,2
288,18,5.213535758434038,-3.7450482704584447,2
288,19,-2.7037398783275703,4.904187626491492,2
289,0,-229.48861391138797,-5.4896746281305875,0
289,1,-222.79632144153078,-2.664986396515665,0
289,2,-221.00965207218835,-0.5685645957323022,0
289,3,-224.99666056194206,4.084369237471445,0
289,4,-227.8834863014723,1.4575342282794737,0
289,5,-226.71480384228906,-2.811494776267674,0
289,6,-224.31294400170995,-0.9172405610831458,0
289,7,-221.94838437872357,-7.097743652409754,0
289,8,236.24018044976486,13.793222127777776,1
289,9,226.35126801848858,8.624608962727242,1
289,10,236.80323102090912,15.967236542000206,1
289,11,232.22737362921063,6.887991982354302,1
289,12,227.4779978835277,2.3480596324685967,1
289,13,227.7970996940477,11.107751273205087,1
289,14,2.8394326871987428,2.116677610046675,2
289,15,0.13042187699237118,0.19264573590136388,2
289,16,0.03173551831792182,7.266306827623544,2
289,17,-1.4181632195930995,-1.6017502424017618,2
289,18,5.3521414456189484,-3.5265463035702114,2
289,19,-2.699445318570303,4.821643310598728,2
290,0,-230.38352061035866,-5.847473251419982,0
290,1,-223.6360788617299,-2.776292216134814,0
290,2,-222.22584224509575,-0.5341703687585121,0
290,3,-226.03443843476148,4.077860500035635,0
290,4,-228.60866544177034,1.3368013695512633,0
290,5,-227.35172377813626,-3.0752477829032396,0
290,6,-225.20001109229085,-0.5486763533233654,0
290,7,-222.6071941052136,-7.139458096171777,0
290,8,236.92910422347003,13.81230063488302,1
290,9,227.10900726940596,8.170007577662279,1
290,10,237.99181269683092,16.007213638402227,1
290,11,233.06375599612275,6.842288950152114,1
290,12,228.53172205290898,2.194534298933805,1
290,13,228.7925271270028,11.548683014007441,1
290,14,2.69943056588416,2.2813969009476223,2
290,15,0.2928219883804891,0.18632576755284483,2
290,16,-0.2317295611962596,6.948829716669354,2
290,17,-1.3861100211648116,-1.830247251039173,2
290,18,5.240126804137513,-3.6835604008124174,2
290,19,-2.7615745561813574,4.7828444689103,2
291,0,-230.9930983800536,-5.879309790476748,0
291,1,-224.46087079184193,-2.832415176316653,0
291,2,-222.84877792594725,-0.6129172985415726,0
291,3,-226.57218953921094,4.056404331131587,0
291,4,-229.32334106286527,1.1790166892164347,0
291,5,-228.12091450452476,-3.2768494785081823,0
291,6,-225.7673917203604,-0.3789827528666091,0
291,7,-223.68331300817235,-7.325066296018758,0
291,8,237.69058381481278,14.047267009077974,1
291,9,227.57233427029212,8.121723002808075,1
291,10,238.73591722633628,16.104097182707516,1
291,11,233.8789905088489,6.773851165885431,1
291,12,229.42983572029112,2.054085398717695,1
291,13,229.58344837170588,11.74567829541461,1
291,14,2.8690150665045513,2.0481997975864017,2
291,15,0.061024664839724185,0.356324083101862,2
291,16,-0.2845945078846805,7.003193418679553,2
291,17,-1.389987360627677,-2.0040859257679164,2
291,18,5.350266498861562,-3.7887103218997953,2
291,19,-2.9341598950704095,4.741035877316006,2
292,0,-232.23399362654004,-5.62358037123712,0
292,1,-225.50537904289817,-2.606087877258922,0
292,2,-223.63950603197185,-0.7065905841855346,0
292,3,-227.4214255677648,4.504686269027884,0
292,4,-230.2766044009036,1.4315430830871558,0
292,5,-229.1028849049056,-3.8378178386642965,0
292,6,-226.72384399695565,-0.4351923575476741,0
292,7,-224.4074463514142,-7.243518923305557,0
292,8,238.4954782220264,14.17902749033694,1
292,9,228.33014968941663,8.221244000065493,1
292,10,239.6348200185114,16.181714146354388,1
292,11,234.71425329332357,6.890537010246775,1
292,12,230.01917877260925,2.1176337789307103,1
292,13,230.0989138985261,12.129089180544078,1
292,14,2.927641112945963,1.8728401480921608,2
292,15,-0.25862395336209565,-0.07931271723389277,2
292,16,-0.27264095312031145,7.042203064487184,2
292,17,-1.2413681036095738,-1.7353264950483853,2
292,18,5.4989714614748495,-3.979747450210389,2
292,19,-2.98306536288234,4.677928862902257,2
293,0,-233.02844668414284,-5.521691614505679,0
293,1,-226.3740257226955,-2.5407032837099988,0
293,2,-224.32962296779812,-0.4278431160724008,0
293,3,-228.0942038413652,4.66579027218959,0
293,4,-231.47469087327752,1.6278482258787619,0
293,5,-229.61647538928818,-3.8764348778855053,0
293,6,-227.74893789073886,-0.30587433246542495,0
293,7,-225.08655384380677,-7.271746495412106,0
293,8,239.14964362674237,14.14971262073228,1
293,9,228.90558366228268,7.850292176217038,1
293,10,240.13389801085432,16.249314348820597,1
293,11,235.56165335184724,6.842432433868808,1
293,12,230.52596231271036,1.9998962960430116,1
293,13,230.58450156549415,11.906632623609724,1
293,14,3.0087568669166185,1.7265155599407493,2
293,15,-0.3864672998996398,-0.08094074214950085,2
293,16,-0.3061535866975953,7.3928413614726205,2
293,17,-1.5979545667342097,-1.891608280597135,2
293,18,5.523926540094768,-4.049788626303238,2
293,19,-2.748063237387995,4.3038151593974705,2
294,0,-233.71822040718772,-5.469198361541365,0
294,1,-227.16950939080678,-2.723820845456129,0
294,2,-225.2616474305919,-0.3708069142884999,0
294,3,-229.20803782995281,4.783983406512218,0
294,4,-232.00320733747765,1.717886731186628,0
294,5,-230.38063821586323,-3.783686340664575,0
294,6,-228.8099175485206,-0.01613038368043257,0
294,7,-225.81986683053452,-7.1697437838738995,0
294,8,239.66928934064742,13.945264622767645,1
294,9,229.56496092231265,8.09205090813313,1
294,10,240.98773857653143,16.1734277162108,1
294,11,236.62012103665174,6.68542235956797,1
294,12,231.2198020024968,1.8234588229836421,1
294,13,231.30519908936918,11.785231628564354,1
294,14,3.1146084982653894,1.610788699100923,2
294,15,-0.6353612068006758,-0.00048528566774418136,2
294,16,-0.21730696348881184,7.3618591973444945,2
294,17,-1.531879898814433,-2.1619519612617752,2
294,18,5.500007083799375,-4.143601912337243,2
294,19,-2.764030171923749,4.208573845321679,2
295,0,-234.4394058515023,-5.509722422507249,0
295,1,-227.6405945329094,-2.6432917580114443,0
295,2,-225.98129325473693,-0.3697376820085214,0
295,3,-230.07889630197332,5.072132210561413,0
295,4,-233.06536727137456,1.5809942667183419,0
295,5,-231.1035395438001,-3.435766271151035,0
295,6,-229.4984822478532,0.123901124542724,0
295,7,-226.98260055819,-7.160682075785187,0
295,8,240.64793811672033,14.010174267799023,1
295,9,230.32463456868012,8.002766444698953,1
295,10,242.2368759149195,16.472132073985588,1
295,11,237.49333238678503,6.532749096613974,1
295,12,232.00578711197983,1.7454382324480486,1
295,13,232.0302827348143,11.77898464448099,1
295,14,2.80398717798616,1.5272104297649784,2
295,15,-0.6136012599245123,-0.21517036614085538,2
295,16,-0.44656974521069714,7.049452826052802,2
295,17,-1.811432400675259,-2.412927878294885,2
295,18,5.63138857797677,-3.905587764065698,2
295,19,-2.6800895450786766,4.10261168755628,2
296,0,-235.18197177913842,-5.300604351580021,0
296,1,-228.60861662991655,-2.4875903522011047,0
296,2,-227.08728352159628,-0.5795256189899763,0
296,3,-231.00468770598604,4.854329093310703,0
296,4,-233.97525462725997,1.9121274423559051,0
296,5,-232.1003615089532,-3.349078712247097,0
296,6,-230.04253517891289,0.09667360403745234,0
296,7,-227.76745606472443,-7.246653760115372,0
296,8,241.35362326109427,14.079865998716018,1
296,9,231.1776664224612,7.692828140794332,1
296,10,242.9560926223463,16.313751682249855,1
296,11,238.28622161959538,6.550483083232567,1
296,12,232.72181608636055,1.618986177966543,1
296,13,232.7232968777024,11.455953409242557,1
296,14,2.817522965002531,1.2001107184038244,2
296,15,-0.4203927281719485,-0.23638312709542858,2
296,16,-0.5672840937162407,6.776759304051196,2
296,17,-1.9064265558679123,-2.732599759393347,2
296,18,5.242685256646044,-3.639638102426064,2
296,19,-2.71971370952687,3.9989292373202927,2
297,0,-235.9881672057264,-5.43967102887243,0
297,1,-229.59085941149004,-2.489000160283562,0
297,2,-228.01457996589772,-0.46910977736915394,0
297,3,-231.68700179640632,4.666068779368318,0
297,4,-235.15456489411548,1.8356779259542284,0
297,5,-233.4270879091169,-3.5840866433120318,0
297,6,-230.4956993623712,-0.37882137525131077,0
297,7,-228.42730224243772,-7.104644556407679,0
297,8,242.31137343862642,14.122079917511954,1
297,9,231.6487616993958,7.62950243570055,1
297,10,243.88799854098764,16.076229747298875,1
297,11,239.2499539036255,6.364837845115781,1
297,12,233.5992898431794,1.5431127104097613,1
297,13,233.68793028565662,11.563284016008785,1
297,14,2.516969731905173,0.8341723893690096,2
297,15,-0.15030639592602157,-0.5533745549482848,2
297,16,-0.6717887394715876,6.688610405370075,2
297,17,-1.72284110715388,-2.9205451385118835,2
297,18,4.932628173216666,-4.024832644934699,2
297,19,-3.075178990174261,4.038491632347198,2
298,0,-236.60986545640998,-5.704652165907822,0
298,1,-230.92847018546726,-2.645568199288286,0
298,2,-228.78145654050044,-0.7121569846254365,0
298,3,-232.25242240373805,4.623617029345026,0
298,4,-236.1041171425611,1.848654731128161,0
298,5,-234.4015724233342,-3.6163046918824264,0
298,6,-231.33703626591407,-0.3149680349535282,0
298,7,-229.2461082737491,-7.569453017658495,0
298,8,243.14549040793088,13.858637840547738,1
298,9,232.92758393423097,7.311642546390756,1
298,10,244.8717873615665,15.850962226000043,1
298,11,239.88245787485687,6.547196660656861,1
298,12,234.49483992793108,1.3472666345196922,1
298,13,234.64128924871005,11.879828863989797,1
298,14,2.3677813254864075,0.7302983888713246,2
298,15,-0.0610989127883938,-0.07151352477552719,2
298,16,-0.6216279131517752,6.704862972649655,2
298,17,-1.9832870240031393,-3.145195790706459,2
298,18,5.1329534311841645,-3.560153563965839,2
298,19,-3.2780524725961846,4.033580035555249,2
299,0,-237.53412076432554,-5.65817847136952,0
299,1,-231.36151036051248,-2.573887977905173,0
299,2,-229.53491008048204,-0.7771803991826556,0
299,3,-232.98598655673774,4.521130674219009,0
299,4,-236.8057715403881,1.611353147188394,0
299,5,-235.13305569696197,-3.623181274860338,0
299,6,-232.01671578131658,-0.24599797627651432,0
299,7,-230.25577038619392,-7.4379170892225455,0
299,8,244.0412588841087,13.652139033994123,1
299,9,233.4336219305599,7.08048248901262,1
299,10,245.75191867013152,15.667181044176742,1
299,11,240.63898818365817,6.650035554530509,1
299,12,235.46329411313337,1.2250849198437708,1
299,13,235.32302744617263,11.529342316314803,1
299,14,2.825863176754712,0.7845761351164146,2
299,15,-0.093653196596468,0.05602662978143119,2
299,16,-0.6695096614088415,6.5469116017234175,2
299,17,-1.919478535975867,-3.258055050210338,2
299,18,5.387837003953142,-3.555650348640468,2
299,19,-3.35662183361201,4.070054013061426,2
300,0,-238.42732637568736,-5.67648507892146,0
300,1,-232.16950819619566,-2.4567124876391326,0
300,2,-230.30817783840072,-0.964357332457817,0
300,3,-233.61826705082282,4.681798006007142,0
300,4,-237.37674217177016,1.5375842123943855,0
300,5,-236.05768110240678,-3.4475160009046544,0
300,6,-232.6006383340068,-0.16314497755713037,0
300,7,-230.7766238812315,-7.694226882534842,0
300,8,244.7709761238871,13.457331762155453,1
300,9,233.928914271297,7.103603235012823,1
300,10,246.48958547836185,15.307067566778727,1
300,11,241.1257390907684,6.321972753354046,1
300,12,236.41956089275598,1.3560312927621196,1
300,13,236.16587361679123,11.552834090354215,1
300,14,2.5346448876349377,0.8304123255516631,2
300,15,-0.18194927159111837,0.38739920486531726,2
300,16,-1.1735364247151425,6.353747606188276,2
300,17,-1.6558066923025956,-3.3965521451152183,2
300,18,5.182418492113731,-3.3059595197146883,2
300,19,-3.323749297292997,4.156352880027803,2
301,0,-239.18725414752956,-5.45750384899686,0
301,1,-232.89554716375716,-2.319877762681905,0
301,2,-230.8232748231225,-1.0204514442549317,0
301,3,-234.7303854489456,4.694836297418604,0
301,4,-238.18076865975263,1.4446543077541154,0
301,5,-236.8153907135777,-3.4302072977395732,0
301,6,-233.5668863287351,-0.06863649343949435,0
301,7,-231.8074277741871,-7.576280617795925,0
301,8,245.39710593425104,13.62094093172539,1
301,9,234.6129330217902,7.031841776865405,1
301,10,247.4966123081908,15.070703505592181,1
301,11,242.18277697371846,6.643663513687245,1
301,12,237.04517837160913,1.1684661427830743,1
301,13,237.00117344015118,11.275554394895405,1
301,14,2.687240986254479,1.0260426960759448,2
301,15,-0.4948061394751534,0.5022824331375073,2
301,16,-1.110167819678936,6.549486399970494,2
301,17,-1.8584612990600595,-3.350286298748508,2
301,18,5.307328908476725,-3.41311628112746,2
301,19,-3.452036924203955,4.137166872017577,2
302,0,-239.62091444353308,-5.44697609355789,0
302,1,-233.53027057780824,-2.582438625964467,0
302,2,-231.82033927252786,-0.8586732742901414,0
302,3,-235.47579176642648,4.415295867475275,0
302,4,-238.9510494701979,1.3480612441322066,0
302,5,-237.55936749153932,-3.7177977355047607,0
302,6,-234.39715021271948,-0.12665295433107188,0
302,7,-232.56286617245166,-7.3251221731850755,0
302,8,245.90399360593872,13.651450187527335,1
302,9,235.44619503030705,6.8510511026089,1
302,10,248.2664582620803,14.731664827389203,1
302,11,242.96134918235504,6.901776855005661,1
302,12,237.69290493516198,1.3500539162412086,1
302,13,237.83620433915618,10.964625453236952,1
302,14,2.7664114957636348,0.8539186575188469,2
302,15,-0.37186390857278495,0.6021434198171747,2
302,16,-1.5066756176298333,6.395213570335166,2
302,17,-2.121465475910879,-3.5295818442558495,2
302,18,5.275511571724518,-3.4195735095478352,2
302,19,-3.430359689246278,4.2757306285110435,2
303,0,-240.31710015904568,-5.351581713841041,0
303,1,-234.0631346018985,-2.5324802777949778,0
303,2,-232.54694763811816,-0.9206887173535236,0
303,3,-236.329116699831,4.579179582455225,0
303,4,-239.9154381857331,1.458787312384127,0
303,5,-238.59014844474385,-3.6251259451027824,0
303,6,-235.216820315029,-0.06728771683157736,0
303,7,-233.1876148372344,-7.216926081328858,0
303,8,246.50989503392844,13.72516863782696,1
303,9,236.4532734608739,6.905218494664375,1
303,10,249.26192238826076,14.774399560543033,1
303,11,243.4665006313557,7.239365548165182,1
303,12,238.36788219364624,1.5038192291059769,1
303,13,238.67672831729868,11.181477475865854,1
303,14,2.5292564993529885,1.0115988461431744,2
303,15,-0.0957422144765876,0.4108632630258494,2
303,16,-1.496397268693791,6.191936867134079,2
303,17,-2.046524548841955,-3.350787707702789,2
303,18,5.137064995810783,-3.342720328476058,2
303,19,-3.4370571311551785,4.578241322444954,2
304,0,-241.00831647998675,-5.214210597868992,0
304,1,-234.55468128761606,-2.664641036894526,0
304,2,-233.46365026749118,-1.0085452928218155,0
304,3,-237.51047252492847,4.0559340482687345,0
304,4,-240.85955726868485,1.406453990548467,0
304,5,-239.34107552235022,-3.5917346757694824,0
304,6,-236.06553876138332,0.21735136804852218,0
304,7,-234.16779985665065,-7.344171550657908,0
304,8,247.04557218986807,13.708727548540246,1
304,9,237.25906987873395,7.089254299662956,1
304,10,249.80915125337762,14.939981790179909,1
304,11,244.2547227735802,7.448210759534246,1
304,12,239.14078463920822,1.3173408793060113,1
304,13,239.49927773936201,11.090207994274957,1
304,14,2.541897178491208,1.3054062469561751,2
304,15,-0.2634632966844545,0.402072783222642,2
304,16,-1.4379655527551725,6.168471720735225,2
304,17,-2.1679911044384683,-3.345138081535883,2
304,18,5.008577589902003,-3.599618816242123,2
304,19,-3.760575772667072,4.638472314847013,2
305,0,-241.8833684798157,-5.112819540346489,0
305,1,-235.47654975844614,-2.7986797895149267,0
305,2,-234.44204330396178,-1.0058350048471854,0
305,3,-238.47747182412934,4.2159382692240035,0
305,4,-241.76270017566162,1.4360000517782843,0
305,5,-240.4044663856144,-3.6295542138582086,0
305,6,-236.99370666878482,-0.24961415821862876,0
305,7,-235.0379049862322,-7.120716688419629,0
305,8,248.24888382341854,13.935172436730834,1
305,9,238.06316759357628,6.7821432676690145,1
305,10,250.79093733602775,14.929068965290982,1
305,11,244.8356073162766,7.520922958637755,1
305,12,240.1623292977012,1.1360600022751983,1
305,13,240.0647648057238,10.746047809042544,1
305,14,2.6264422050460254,1.1555742757802285,2
305,15,-0.3885678061599272,0.24424456378203185,2
305,16,-1.4748974837014832,6.2975630239287925,2
305,17,-2.4304806579140767,-3.5359790940449822,2
305,18,5.192773399211288,-3.9364120007671355,2
305,19,-3.550047184627029,4.923938450076065,2
306,0,-242.9512121897079,-5.2909296332950815,0
306,1,-236.13132049673993,-3.0991770771430933,0
306,2,-235.06266673222325,-0.883037153724339,0
306,3,-239.53146093204003,4.392679247044132,0
306,4,-242.8395787056965,1.240235841028977,0
306,5,-241.07969203909013,-3.507253312395308,0
306,6,-237.82509505128638,-0.1458331218827362,0
306,7,-235.89025427380065,-7.169282768385233,0
306,8,249.05014655206483,14.015981905216337,1
306,9,239.16468072765508,6.661066781556403,1
306,10,252.02537177926718,14.754790087130736,1
306,11,245.52383573308535,7.623243061318401,1
306,12,240.81843367620073,0.8929536404649523,1
306,13,240.71803789798543,10.711606759046289,1
306,14,2.4545639599376763,1.5727876185040848,2
306,15,-0.48858317342644064,0.23883391056801706,2
306,16,-2.107901675143797,6.480931083870364,2
306,17,-2.437218393177356,-3.54710084300019,2
306,18,5.144016690232368,-4.098067353199245,2
306,19,-3.589000434520549,4.554100779851989,2
307,0,-243.78870464532437,-5.46914141351964,0
307,1,-236.76966090415917,-2.95975042495587,0
307,2,-235.97809810961354,-0.9811019414183549,0
307,3,-240.38637467241406,4.253672797821257,0
307,4,-243.3668670603234,1.0401415473638218,0
307,5,-242.03399297483045,-3.6236300904498453,0
307,6,-238.57751082652214,-0.15513749842140898,0
307,7,-236.57803627329315,-7.032095413849473,0
307,8,249.9254403256808,13.623042795057312,1
307,9,239.89506965167516,7.189658081800259,1
307,10,252.7658372550641,14.742417293097867,1
307,11,246.32967012007555,7.658790320133517,1
307,12,241.19736312782592,1.1675611462721334,1
307,13,241.8039253574588,10.673331344925776,1
307,14,2.2059768302879563,1.395233704426974,2
307,15,-0.49562707109825693,0.30669908777707156,2
307,16,-2.307526774668617,6.372521307902594,2
307,17,-2.6752494780987224,-3.84005074978085,2
307,18,5.475518307460848,-4.177393390456556,2
307,19,-3.3231803874943466,4.693777693099426,2
308,0,-244.79413412422412,-5.359251340626606,0
308,1,-237.4589358608063,-3.06965122558231,0
308,2,-236.76767874754384,-1.0145574807185722,0
308,3,-241.20080059329658,4.107416098972362,0
308,4,-244.210205046048,1.205836013259273,0
308,5,-242.5522773253213,-3.346336137602047,0
308,6,-239.44922551634218,-0.5080061746043483,0
308,7,-237.32106199476036,-6.852694549692466,0
308,8,250.68624938581607,13.64014227588125,1
308,9,240.3486966424418,7.625596014403152,1
308,10,253.38019777458075,14.918255394817592,1
308,11,247.06077820306427,7.702188155173104,1
308,12,241.98407865174227,1.163254227497051,1
308,13,242.55365392754192,10.580186818239502,1
308,14,2.426457656621218,1.2308897154721716,2
308,15,-0.5301409672425628,-0.35214145923562257,2
308,16,-2.5076504866161615,6.7119245732266855,2
308,17,-2.4441700763938603,-3.7515836536786233,2
308,18,5.768952767471239,-4.4762175868590415,2
308,19,-3.2725791861769062,4.896928158548986,2
309,0,-245.94307498015593,-5.372823764645197,0
309,1,-238.28400094537164,-3.0736122951146827,0
309,2,-237.33009651021695,-0.9428118041674765,0
309,3,-241.74025679560862,4.044435693908591,0
309,4,-244.73373152121246,1.2728182997054813,0
309,5,-243.46084088639438,-3.3841687592504814,0
309,6,-240.84290296598328,-0.4407513165863478,0
309,7,-238.08393171409747,-6.970580858917648,0
309,8,251.4169527572002,13.515451753330145,1
309,9,240.90340107729347,7.50539267868039,1
309,10,254.09041490570246,14.851188300578338,1
309,11,247.9107115099426,7.823301845851974,1
309,12,242.82311044575874,0.8910191676394508,1
309,13,243.4176818280253,10.669620173549868,1
309,14,2.4177540154394714,1.264018856068562,2
309,15,-0.4754313439991367,-0.2385611203044417,2
309,16,-2.6065523642812094,6.843127782063483,2
309,17,-2.0904420646536273,-3.762037744385799,2
309,18,5.8148351526770705,-4.433753667350475,2
309,19,-3.7640889225986007,5.097434330908134,2
310,0,-246.72877427011863,-5.548252039623275,0
310,1,-239.01133016049172,-3.5188313333682215,0
310,2,-238.63780435102103,-1.136671271191465,0
310,3,-242.5732891198902,4.017038765436948,0
310,4,-245.84550923806512,1.3596483344562962,0
310,5,-244.49180605052396,-3.671940725580853,0
310,6,-241.7150107400368,-0.4999554864725999,0
310,7,-238.66087349872384,-7.049887592260081,0
310,8,252.5507901013296,13.70462590553577,1
310,9,241.95824468391388,7.497501426970918,1
310,10,254.98211808470109,15.270534948288537,1
310,11,248.95471234998848,7.754381576155658,1
310,12,244.04378325645786,0.7547104305575031,1
310,13,243.69728743172033,10.840717391209086,1
310,14,2.492382610524853,1.388425697165702,2
310,15,-0.6646054958993592,-0.5050821265039847,2
310,16,-2.5566757292647755,7.077640564512708,2
310,17,-2.124402411519201,-3.632244951400664,2
310,18,5.507432711312607,-4.553509995113954,2
310,19,-4.010256375466549,4.988414753040941,2
311,0,-247.53545630015458,-5.756586394811771,0
311,1,-239.68822260529228,-2.8865504022119146,0
311,2,-239.04923324172,-1.175627749712453,0
311,3,-243.33128419752646,4.337959999093185,0
311,4,-246.37044625822057,1.2255725591274576,0
311,5,-245.0612235989807,-3.765721937901682,0
311,6,-242.87334225673604,-0.5263557781069176,0
311,7,-239.43711988063336,-6.775667466014442,0
311,8,253.3979183231416,13.637226672958183,1
311,9,242.53908000537007,7.091497211253055,1
311,10,255.94488545513457,15.422414936249066,1
311,11,249.5869160904701,7.585130496262106,1
311,12,245.057454686185,0.6846699297121012,1
311,13,244.40585462691845,11.098029938130669,1
311,14,2.782523842855027,1.3374979350142073,2
311,15,-0.49762636734986043,-0.4303263144906243,2
311,16,-2.4467000312995233,7.1956798262254225,2
311,17,-2.223377226326856,-3.592569996547053,2
311,18,5.364767242995648,-4.753249512232204,2
311,19,-4.065172042756256,5.076725143636695,2
312,0,-248.5818421041275,-5.4149711571544765,0
312,1,-240.67674667644013,-3.0141250818609944,0
312,2,-239.99208969758857,-1.299139161987493,0
312,3,-244.2481343598399,4.731597770725377,0
312,4,-247.3512187015405,1.3940263600966256,0
312,5,-245.6774939341049,-3.466464010310225,0
312,6,-244.0328544853265,-0.5744929327069763,0
312,7,-239.9601522986074,-6.799273892377127,0
312,8,254.10157434511208,13.10071758579676,1
312,9,243.4720067437418,6.998717075216724,1
312,10,256.87922093847396,15.501639657721036,1
312,11,250.5492405645523,7.4575802596754786,1
312,12,245.87488012983545,0.30286659675458794,1
312,13,245.32801256325695,11.013947301342865,1
312,14,2.757123644661821,1.0968635542638672,2
312,15,-0.3718872847639043,-0.5611724476768329,2
312,16,-2.3478509591765753,7.17505504504253,2
312,17,-2.1291002008417643,-3.62116111064919,2
312,18,5.461421174377362,-4.459093286212088,2
312,19,-4.325451547015423,5.187209812144428,2
313,0,-249.51044817229896,-5.364120611474438,0
313,1,-241.34397829712347,-3.1479654998835667,0
313,2,-240.77277012714023,-1.5108279075495359,0
313,3,-245.1101497970351,4.770124683874748,0
313,4,-248.31508747056628,1.349629853003285,0
313,5,-246.44292037215786,-3.3157222071631276,0
313,6,-245.1024887478299,-0.6630528249330794,0
313,7,-241.01788407974212,-7.114138235324108,0
313,8,254.97408961912956,13.025383186268066,1
313,9,244.3439246684967,7.051348923536799,1
313,10,257.65773134782785,15.608609984642742,1
313,11,251.17999311368257,7.8610632953062325,1
313,12,246.5512097095943,0.394477619098381,1
313,13,246.274324301854,11.014747282384345,1
313,14,2.751006691015052,0.8595007908868497,2
313,15,0.01754618388091167,-0.7438953860044236,2
313,16,-2.2850666164319278,7.351479263276763,2
313,17,-1.8979737733071695,-3.726364290858667,2
313,18,5.533102615322406,-4.59424452218189,2
313,19,-4.178511255700781,5.049455770936295,2
314,0,-250.10310706192786,-5.6627102056653,0
314,1,-242.4401577618983,-3.373077353692412,0
314,2,-241.25921029588326,-1.4944104060705785,0
314,3,-246.14605447637155,4.533844891511048,0
314,4,-249.36934866998803,1.3718461880888926,0
314,5,-247.10118794916696,-3.4918726577923267,0
314,6,-245.85503608559267,-0.6961958558671414,0
314,7,-241.602211842687,-7.208744435169993,0
314,8,255.8139010813031,13.002241969135321,1
314,9,245.27733066621676,7.556519632300076,1
314,10,258.55274535619645,15.535328407615198,1
314,11,251.9410207861671,8.052969595101041,1
314,12,247.60673721033757,0.3508231070529353,1
314,13,247.08768474184538,11.349023823290251,1
314,14,2.6232784033887278,1.1724134415265888,2
314,15,-0.1074082123815828,-0.7664927248539631,2
314,16,-2.462073040528937,7.195403783135828,2
314,17,-1.6167686508797128,-3.7934110194128463,2
314,18,6.094006332348866,-4.482523082021553,2
314,19,-4.083307861116513,5.316014327797009,2
315,0,-251.01402497072354,-5.642225858566206,0
315,1,-243.41538189292456,-3.4409479758682,0
315,2,-242.21646616743195,-1.4341976565126058,0
315,3,-246.90035666189746,4.539356815223836,0
315,4,-250.27328312556637,1.47751808126669,0
315,5,-248.02055918667835,-3.391882845970889,0
315,6,-246.85338699007866,-0.7108629124719325,0
315,7,-242.56775674379458,-7.124976058718781,0
315,8,256.310636030509,13.1074690547714,1
315,9,246.05372774980677,7.491726274208866,1
315,10,259.68408426301954,15.381778524090409,1
315,11,252.75539077964203,7.761824954970666,1
315,12,248.74001976912763,0.5226140080122356,1
315,13,248.03222659186162,11.250451382326267,1
315,14,2.8348950413892267,1.109260419048963,2
315,15,-0.23854675378238524,-0.7543992688318579,2
315,16,-2.386844924578779,7.294661428288739,2
315,17,-1.5780633544655533,-3.8191540476938157,2
315,18,6.352669015718816,-4.612418150146268,2
315,19,-3.8746277559508755,5.3001202678427415,2
316,0,-251.90765427186506,-5.388189486005161,0
316,1,-243.93399699773232,-3.455781483640012,0
316,2,-242.82152629159782,-1.4943832419171288,0
316,3,-247.65144063470467,4.241296228290041,0
316,4,-250.987743904368,1.29211673306171,0
316,5,-249.1835870214743,-3.1805756934819724,0
316,6,-247.67765267758452,-0.7887161116212649,0
316,7,-243.248525907192,-7.2465577820689315,0
316,8,257.5201145593348,13.125514389272276,1
316,9,246.74997599799062,7.358568750364097,1
316,10,260.55103012225356,15.679579232997423,1
316,11,253.61944677431617,7.897035791757714,1
316,12,249.9385026603466,0.5941135273845168,1
316,13,248.88545561877874,11.074022058567662,1
316,14,2.8100159212107503,1.2945153286773157,2
316,15,-0.36891136287113435,-0.635409007433253,2
316,16,-2.153735790159551,7.207093951028763,2
316,17,-1.331522849800223,-4.079760166423267,2
316,18,6.293138200940183,-4.513284034564267,2
316,19,-3.801451770899253,4.895137878623167,2
317,0,-252.99588010527282,-5.227040427144829,0
317,1,-245.01473804058736,-3.505485175911367,0
317,2,-243.2979433818939,-1.4551725373970672,0
317,3,-247.93505014803623,4.371477983634725,0
317,4,-251.3603791224745,1.3226139783593431,0
317,5,-250.070244809132,-2.9813886687266935,0
317,6,-248.33073682578552,-0.6033906138124278,0
317,7,-244.0950724023419,-7.460310189467082,0
317,8,258.5345859596116,12.799341501004102,1
317,9,247.5446120910574,7.562600364890625,1
317,10,261.04651986474113,15.670123993771837,1
317,11,254.66083870943217,7.929970113517128,1
317,12,250.8279664635904,0.5412965186701905,1
317,13,249.7110986716795,10.915451899819445,1
317,14,2.571620025091781,1.3521120840478922,2
317,15,-0.6426807553575076,-0.6996905522993384,2
317,16,-2.2757626115524854,7.059621689279364,2
317,17,-1.1642360781887204,-3.66252576878582,2
317,18,6.714139745459036,-4.689509960512052,2
317,19,-3.2992909272908837,4.827260000516764,2
318,0,-254.1428252293301,-5.662761177038045,0
318,1,-245.5080208980658,-3.7790372867090634,0
318,2,-244.23059077011467,-1.5641621155403604,0
318,3,-248.63449099119137,4.527885280980637,0
318,4,-251.98595658185965,1.1701123880984623,0
318,5,-250.62733915466075,-3.1301057581726752,0
318,6,-249.15252768254365,-0.7152515197143295,0
318,7,-245.28804845288923,-7.28065665469499,0
318,8,259.4975166928557,12.830228001690159,1
318,9,248.26939867973974,7.371643753004047,1
318,10,261.9334968205666,15.568127403698547,1
318,11,255.4649828739335,7.500094553307778,1
318,12,251.63338043346147,0.28607003964341216,1
318,13,250.57967621748395,11.264989681559012,1
318,14,2.5980518163923914,1.6235601970789684,2
318,15,-0.5151736479428912,-0.5323825632918359,2
318,16,-2.2958389982101077,7.517711759532269,2
318,17,-1.2555612943707137,-3.4420676114010744,2
318,18,6.927096807161822,-4.42161881324125,2
318,19,-3.0303073058896053,5.000485887181245,2
319,0,-254.82165498989733,-5.610783836503652,0
319,1,-246.29820814232872,-3.875633504878808,0
319,2,-244.84188788297183,-1.158222798281112,0
319,3,-249.67855465846563,4.359804843472531,0
319,4,-253.00345985634007,1.1157550631893383,0
319,5,-251.01972649581154,-3.106582252566002,0
319,6,-250.2430527347459,-0.7637674544670678,0
319,7,-245.74449732445024,-7.105141461360329,0
319,8,260.5157804156197,12.803196306842846,1
319,9,249.1481321756904,7.561529852903238,1
319,10,263.0290255801221,15.372990282216133,1
319,11,256.24035979413947,7.799434647326757,1
319,12,252.25073388437144,0.19510357047240928,1
319,13,251.40430211786108,11.286679048292067,1
319,14,2.9309015553383837,1.4763624368456219,2
319,15,-0.46524667335335335,-0.08115514365267751,2
319,16,-2.2613530391232644,7.576465513934974,2
319,17,-1.3682218693710346,-3.172132943710458,2
319,18,6.975163582302937,-3.979181501308573,2
319,19,-3.1621944810516225,5.325267154893706,2
320,0,-255.67901130564985,-5.506642949216236,0
320,1,-247.30722311354089,-3.7199854840091184,0
320,2,-245.4903153513531,-1.2540645131207597,0
320,3,-250.36215312272225,4.557138332932353,0
320,4,-253.68997553171798,1.2002350227922163,0
320,5,-251.67862521974635,-2.8718324844705236,0
320,6,-251.21601615621185,-0.9499621343829159,0
320,7,-246.64403056844148,-7.057164933615451,0
320,8,261.5652685675473,13.030628877410473,1
320,9,249.7764167996274,7.53489707316365,1
320,10,263.7900008363833,15.245687437178848,1
320,11,257.47411716974005,7.645180600623307,1
320,12,253.18481262327666,0.12712454991977828,1
320,13,252.04044757961526,11.432535661767716,1
320,14,3.2839835008403218,1.6745867641906553,2
320,15,-0.7312480887846426,-0.20301562443523072,2
320,16,-2.098438991560574,7.6571553175362155,2
320,17,-1.2905044484002168,-3.2339161678851203,2
320,18,6.819056211387261,-4.038553835628252,2
320,19,-2.841373536082623,5.379547453649507,2
321,0,-256.2682515543917,-5.299137451008422,0
321,1,-248.04093604675427,-4.186314873316578,0
321,2,-246.67849897683277,-1.159350779159082,0
321,3,-251.1614095293458,4.023535513663841,0
321,4,-254.5370201390041,1.0393151778256366,0
321,5,-252.66616358644745,-2.8011084873523466,0
321,6,-252.01505947216927,-1.022270052095123,0
321,7,-247.26460072861403,-7.0616689675428965,0
321,8,262.4160659641541,13.486693586836484,1
321,9,250.4736295970768,7.274174372115652,1
321,10,264.44536874999346,15.279519571382046,1
321,11,258.44215062439076,7.574285307061041,1
321,12,254.10032226675855,0.2660666532969074,1
321,13,252.44205947887582,11.42923957328423,1
321,14,3.451621236673094,1.5021094207210748,2
321,15,-0.5300805548508616,-0.3867352805046419,2
321,16,-1.9205338623365533,7.6937087619787015,2
321,17,-1.1364873490683853,-3.1640304066426572,2
321,18,6.480819477102032,-3.7943575494774855,2
321,19,-2.6291341420089007,5.499671243039593,2
322,0,-256.93026879556214,-5.272650463379722,0
322,1,-248.94174971203662,-4.143911709839646,0
322,2,-247.20440895249473,-1.2222159157915018,0
322,3,-251.95791115086178,4.177836852817979,0
322,4,-255.08839336399438,1.1427413541306204,0
322,5,-253.32413118703818,-2.812830064697359,0
322,6,-252.851896946604,-1.151432515463951,0
322,7,-248.02754743276586,-7.220009246939561,0
322,8,263.12896371728135,13.350202394066502,1
322,9,251.25985065645926,7.143290876098478,1
322,10,265.11750551284945,15.378722207551707,1
322,11,259.297282099651,7.420273447857416,1
322,12,254.92379046978058,0.18442622342806148,1
322,13,253.25342148169747,11.302523641183415,1
322,14,3.6656545723377962,1.3182596455434912,2
322,15,-0.6735594804031926,-0.2807591285397615,2
322,16,-2.183462286960113,7.575738924564582,2
322,17,-1.42452859776412,-3.1398803561804085,2
322,18,6.802606628453778,-3.913497132719458,2
322,19,-2.5524785177741722,5.4497901791707015,2
323,0,-257.81997752022187,-4.775795515201924,0
323,1,-249.88256496427917,-4.285936730245363,0
323,2,-247.86602781103045,-1.2347788523791663,0
323,3,-252.73392874166169,3.905459224179736,0
323,4,-255.88051191569227,1.1050213972588798,0
323,5,-253.94441756016892,-3.06710493568157,0
323,6,-253.9036117671283,-1.4526132543146981,0
323,7,-248.79467022814845,-7.29252399955749,0
323,8,263.8302469349778,13.453541944476152,1
323,9,251.89180343255964,7.201725979310155,1
323,10,266.2106531558237,15.704886855236767,1
323,11,259.9243278146569,7.091247928488346,1
323,12,255.54412332609502,0.5573185786225522,1
323,13,254.00377700737408,10.811409542830553,1
323,14,3.7380862823835592,1.1381043647255578,2
323,15,-0.3515610399166051,-0.6845455817651693,2
323,16,-2.145814360704389,7.563489431565794,2
323,17,-1.2128196481170779,-3.1194746677881877,2
323,18,6.831115093952618,-3.8427189414169125,2
323,19,-2.403844361203701,5.759182392456706,2
324,0,-258.8821320604484,-4.546688989591877,0
324,1,-250.31747366896334,-3.9377282324826544,0
324,2,-248.58385682849067,-1.3642378935785597,0
324,3,-253.57623922389962,3.6667940746034975,0
324,4,-256.60315898400506,1.1288758340994427,0
324,5,-254.69309297255006,-2.5636848105721692,0
324,6,-254.6028270959725,-1.3508486077783963,0
324,7,-249.56920889262207,-7.3540124434475755,0
324,8,264.5784885176916,13.331409284781579,1
324,9,253.12752364840804,7.161421727659669,1
324,10,266.7448039137472,15.702364793148073,1
324,11,260.4638372512166,6.9991995658643456,1
324,12,256.4094771527292,0.28963683757599595,1
324,13,255.11906172741433,10.637808135867047,1
324,14,3.7900047873844094,1.193780128157075,2
324,15,-0.2015576799603259,-0.8799174253640388,2
324,16,-1.8577861496112589,7.697212450285194,2
324,17,-1.1632313275585073,-2.789354797291723,2
324,18,6.885829705077198,-3.8492481776295464,2
324,19,-2.464361983300161,5.790592873506,2
325,0,-259.7454428383612,-4.612222857233765,0
325,1,-251.15142603756811,-3.7633958134693954,0
325,2,-249.58253396798506,-1.3870416989309562,0
325,3,-254.6233591862453,4.149484107263259,0
325,4,-257.05607284943153,1.2398690576886588,0
325,5,-255.45278791841577,-2.3992906537128187,0
325,6,-255.03209684040112,-1.6336227552583944,0
325,7,-249.92935085144998,-7.212623231858805,0
325,8,265.09120208503765,13.754238364360882,1
325,9,253.76097743612954,7.208403134352101,1
325,10,267.62349948644686,15.46928608441833,1
325,11,261.31237500095347,6.846142848207938,1
325,12,257.0426042882428,0.11877158795022744,1
325,13,255.6743273831342,10.345577615291946,1
325,14,3.7261416534323364,1.0107929536394522,2
325,15,0.2489087539153623,-0.7529382337959498,2
325,16,-1.1081723345975565,7.4493238342182675,2
325,17,-1.070184737759953,-2.985731099946285,2
325,18,6.7458874382769665,-3.953746412842096,2
325,19,-2.822062674014867,5.744784385866557,2
326,0,-260.65474097704094,-4.870025201145859,0
326,1,-251.99389095124334,-3.6865656384703076,0
326,2,-250.09526028595087,-1.3642894269333918,0
326,3,-255.60969665939373,4.079319433175242,0
326,4,-257.9407719332825,1.3766090282841434,0
326,5,-256.36590648029744,-2.40576776170755,0
326,6,-255.93042335144537,-1.3102698342588934,0
326,7,-251.0131897755514,-7.093748125812096,0
326,8,265.86873628235486,14.38272093473993,1
326,9,254.90810533925364,7.411612380471521,1
326,10,268.05900676144347,15.406612609009544,1
326,11,261.9510500526631,6.882802881980415,1
326,12,257.63872909162893,0.2680240321721839,1
326,13,256.49472147218705,10.516651089666002,1
326,14,4.055485457181145,1.0016877679950544,2
326,15,0.6149693210335189,-0.7116440851724973,2
326,16,-1.2637608630609576,7.327423190970966,2
326,17,-1.2535743864705564,-2.4260705660322817,2
326,18,6.859159034123524,-3.9280942171261684,2
326,19,-2.960634064405542,5.890258970027671,2
327,0,-261.29973770761444,-4.8202422448842395,0
327,1,-252.70784892608373,-3.511831434605042,0
327,2,-250.977712305926,-1.426461381602212,0
327,3,-256.20584670013943,3.892310543637899,0
327,4,-258.70086194970355,1.1919871527786445,0
327,5,-257.34157278478784,-2.466905125710331,0
327,6,-256.6188520666828,-1.274728858968027,0
327,7,-251.53300360595193,-6.867791175479451,0
327,8,266.37525074931904,14.443986492116442,1
327,9,255.67198478935026,7.304017000996929,1
327,10,268.9411255769554,15.503933079941175,1
327,11,262.4775414155766,6.826930764019298,1
327,12,258.5166466644284,-0.003834144371512749,1
327,13,256.941094498699,10.285235639942988,1
327,14,3.7250042165364308,1.3972381344701865,2
327,15,0.5833582881576046,-0.9988887095764873,2
327,16,-1.1813676226458032,7.448695292903394,2
327,17,-1.0084828798197574,-2.672808561804255,2
327,18,6.907552790282558,-3.99402617228473,2
327,19,-2.9820671525564375,5.994354609742496,2
328,0,-262.25071188905594,-5.0456921133389425,0
328,1,-253.23123593829172,-3.627827086654074,0
328,2,-251.63950305822047,-1.7498387061572824,0
328,3,-257.0388732544876,4.261643459959053,0
328,4,-259.60767535543465,1.0885174280414902,0
328,5,-257.9580334785246,-2.549290295110202,0
328,6,-257.6189168062368,-1.0015828071915849,0
328,7,-252.3420273314245,-7.0265069252427415,0
328,8,267.2347501986899,14.46773009097027,1
328,9,256.3916486969749,7.258833108230926,1
328,10,269.6727744603492,15.595931552301712,1
328,11,263.28007109315286,7.045055968943183,1
328,12,259.1093083156961,0.018786490968931483,1
328,13,258.00350371535853,10.430921085926323,1
328,14,4.161069772532228,1.2393357327257601,2
328,15,0.5705956999137148,-0.8141738184939258,2
328,16,-1.209503494216204,7.6850993993979015,2
328,17,-0.8423213520192362,-2.450536741822834,2
328,18,6.849366921049602,-4.0942428939482705,2
328,19,-2.8178916674038272,6.177368717958076,2
329,0,-262.67272468669705,-4.767599535253487,0
329,1,-254.04143519526815,-3.572126581258023,0
329,2,-252.67328225913792,-1.8624177793363084,0
329,3,-257.63804241644897,4.091951798907455,0
329,4,-260.49900424997816,1.3154104982690158,0
329,5,-259.2206797779209,-2.8323236978341324,0
329,6,-258.75735754066545,-0.8281987616337364,0
329,7,-253.16679647830722,-7.163695526672236,0
329,8,268.06452476243606,14.169996730521989,1
329,9,256.98978535904115,7.533083831807194,1
329,10,270.1270836748583,15.725449130055518,1
329,11,264.04103818783165,7.289798071337743,1
329,12,259.99720743837634,-0.34830137455251114,1
329,13,259.1002061083064,10.376950473166264,1
329,14,4.187834184654459,1.5151325812322445,2
329,15,0.9466968308891455,-0.42300066238026207,2
329,16,-0.8792563563064508,7.833868542600382,2
329,17,-0.9946061916882172,-2.176568536445442,2
329,18,6.908305968011447,-3.8637052375844,2
329,19,-2.5222054948170536,6.0216758496962735,2
330,0,-263.4671913693405,-4.854023647026026,0
330,1,-254.76547839224992,-3.4718814628614347,0
330,2,-253.4287092623252,-2.058474172225588,0
330,3,-258.7770054821787,4.166127037457463,0
330,4,-261.2798545957675,1.2742758689706968,0
330,5,-260.13403009031714,-2.63817538479822,0
330,6,-259.422727971434,-0.7890879997101863,0
330,7,-253.8049873717818,-7.082071465177696,0
330,8,269.0402223756056,13.946980267648302,1
330,9,257.46015186348905,7.283611934972825,1
330,10,270.94175868782605,15.428102364418274,1
330,11,264.808640628842,7.400696672290957,1
330,12,261.01762963323745,-0.20313145479993786,1
330,13,259.85199666510556,10.289431542936633,1
330,14,3.951216328517696,1.4558789147648246,2
330,15,0.8568456151029002,-0.4162927744687593,2
330,16,-1.00138071677521,8.054596586368515,2
330,17,-1.483247480582273,-2.0426915796272365,2
330,18,7.138751824316117,-3.4378237060088583,2
330,19,-2.4244679221599266,5.8817628965600806,2
331,0,-264.06904226887707,-4.602365778099676,0
331,1,-255.57893650887715,-3.495325735234375,0
331,2,-253.7799305494834,-1.8995442043682984,0
331,3,-260.10181163804464,4.278260477525555,0
331,4,-261.8933433112346,0.8944823156162249,0
331,5,-261.04207247029973,-2.9387094004956036,0
331,6,-260.5041440781628,-0.8744229576261343,0
331,7,-254.61581936098636,-6.729290179340535,0
331,8,269.97728299762457,13.914547193183767,1
331,9,258.5152357257922,7.118531488017842,1
331,10,272.1319592152726,15.516631129620883,1
331,11,265.83801621542233,7.0709691324882336,1
331,12,261.5583885049335,0.04320658236016928,1
331,13,260.686092281756,10.428309149914952,1
331,14,4.062560143452209,1.2781693123052973,2
331,15,0.9401931431870755,-0.5902447310078452,2
331,16,-1.0038385491431365,8.038086231685275,2
331,17,-1.331830410810825,-2.066325025877425,2
331,18,7.608374477449358,-3.778553689859631,2
331,19,-2.4563323889587276,6.023009687482,2
332,0,-264.9392272815794,-4.5787126539787435,0
332,1,-256.64837300525915,-3.7395411439872683,0
332,2,-254.75222199734054,-2.093892692345073,0
332,3,-260.8966058751852,4.120768443990168,0
332,4,-262.52714766421644,1.051860932532514,0
332,5,-261.90279905965366,-2.868624421980525,0
332,6,-261.43984980361364,-0.9155309653961671,0
332,7,-255.35201133294206,-6.596202325742187,0
332,8,270.9517452076383,13.61080356836851,1
332,9,258.9683128761867,7.088017132389556,1
332,10,272.92215284010257,15.058473027225732,1
332,11,266.33399910506836,7.287631212555939,1
332,12,262.27866689087085,-0.04225546340219334,1
332,13,261.2937416886103,10.660665125021023,1
332,14,3.993975575071654,1.0822545164139958,2
332,15,0.7251847218421681,-0.5919202680364537,2
332,16,-1.1302685474552365,8.15819959360678,2
332,17,-1.285678244096912,-1.7684530689542277,2
332,18,7.542153026420317,-3.5815014626314525,2
332,19,-2.6410835200811875,6.284539772688481,2
333,0,-265.73809733004776,-4.5082944597162475,0
333,1,-257.31914558591666,-3.763663108513021,0
333,2,-255.8266425137509,-2.141010761817594,0
333,3,-261.71999738694007,4.2489261373047,0
333,4,-263.32512633097554,1.026968648167369,0
333,5,-262.6968664241592,-2.925112603521163,0
333,6,-262.0770891744692,-0.7955215356663872,0
333,7,-256.43648997753337,-6.682278433433122,0
333,8,271.921608674748,13.614883708319898,1
333,9,259.3123443711424,7.499276444317699,1
333,10,273.93022486396654,15.080506831631126,1
333,11,267.2264636385519,7.233496117619705,1
333,12,262.6430997140948,0.08842577267118563,1
333,13,262.0104602467734,10.723605450233672,1
333,14,4.361949661714628,1.2544800343415041,2
333,15,0.7159409088033555,-0.7656278010930244,2
333,16,-1.1365402164052785,8.48118819039759,2
333,17,-1.3139436463850545,-1.924022298862555,2
333,18,7.632962878846067,-3.79897045963585,2
333,19,-2.738338961240773,6.775695626690854,2
334,0,-266.55829553817654,-4.587203610232859,0
334,1,-257.93671604725847,-4.440533496969353,0
334,2,-256.19767223316023,-2.3324056220190243,0
334,3,-262.61155273237677,4.152846634742611,0
334,4,-263.98682865235565,1.2129425270445044,0
334,5,-263.53045830546665,-3.099912815518132,0
334,6,-262.62485667036447,-0.6232091672352249,0
334,7,-257.0317427651357,-6.807223999980583,0
334,8,272.85829035901173,13.758352999718305,1
334,9,260.419403994416,7.532996883574289,1
334,10,274.3627684457288,15.109739162735831,1
334,11,267.83293878681144,7.050529512049428,1
334,12,263.7212271070796,-0.0022650473083122152,1
334,13,262.64928863559044,11.001903567148183,1
334,14,4.242842573475338,1.2155796203454994,2
334,15,0.9180927966265531,-0.7341139683241342,2
334,16,-0.9574326999103094,8.58156388001596,2
334,17,-0.9012836949424412,-1.826617663180389,2
334,18,7.521303863840404,-4.022442709938584,2
334,19,-2.534413614332575,6.835826229156291,2
335,0,-267.54003807074787,-4.448052304517409,0
335,1,-258.85328488235893,-4.295991377302781,0
335,2,-257.0100002551618,-2.1199380600963407,0
335,3,-263.699804777799,3.9781170376729005,0
335,4,-264.9667896220012,1.2214191454104142,0
335,5,-264.32663389964574,-3.2264167888963446,0
335,6,-263.3760231110458,-0.6285747772049406,0
335,7,-257.62120202438575,-6.871130675204334,0
335,8,273.85506765460303,14.045527925342997,1
335,9,261.3974236209248,7.418304132652715,1
335,10,275.3881894161776,15.099002148898483,1
335,11,268.65797243536076,7.261416190734758,1
335,12,264.08637524930583,-0.04878569044877043,1
335,13,263.2760133011623,10.978435034101583,1
335,14,4.08142214456662,1.0955023681754656,2
335,15,0.7169467984836309,-0.6113962107481374,2
335,16,-0.9541976540356322,8.859827069519289,2
335,17,-0.9995454074576977,-1.9531702591264535,2
335,18,7.536610741601359,-3.9134673137543516,2
335,19,-2.4053149062680133,6.64246375364025,2
336,0,-268.17247180339234,-4.379423087015637,0
336,1,-259.6379202087415,-3.985767608575438,0
336,2,-257.89748845669055,-1.828867376763898,0
336,3,-264.80194757283624,4.102451656845587,0
336,4,-266.0987782324325,1.1638977294070867,0
336,5,-265.3200264354435,-3.2142489363740236,0
336,6,-264.08095069944096,-0.5918143511576005,0
336,7,-258.24271600938096,-6.767667140479764,0
336,8,274.42121074178357,14.070112474995684,1
336,9,262.0568281401277,7.524650191485399,1
336,10,276.0760226383509,15.191598368024408,1
336,11,269.4013545794494,7.3250519188948555,1
336,12,265.01539206213937,-0.08722990070441257,1
336,13,263.9897344039388,11.329762287626176,1
336,14,4.294349550015859,1.1615536351174713,2
336,15,0.6611523571786511,-0.5809197249554545,2
336,16,-1.5341132485598807,9.010072718881963,2
336,17,-0.8800909371291247,-1.7631634283969584,2
336,18,7.516131571754843,-4.020926421145619,2
336,19,-2.2850850271726895,6.679223844651852,2
337,0,-269.16704234220043,-4.328968930528888,0
337,1,-260.3052710270753,-4.275054880232589,0
337,2,-258.5313600003519,-1.9106434992697052,0
337,3,-265.7419738492454,4.224619930644184,0
337,4,-267.1453923742251,1.3570626757668651,0
337,5,-266.1075036591218,-3.3361995365070083,0
337,6,-265.0130902846222,-0.9834771652995711,0
337,7,-258.9378398574826,-6.826598659846067,0
337,8,275.28743331782425,14.054211470608506,1
337,9,262.80296392541663,7.593363572988292,1
337,10,277.44277224048653,15.356995430849866,1
337,11,270.3094583765162,7.3339614266983055,1
337,12,265.8213160041088,-0.4096919761875673,1
337,13,264.67734481623444,11.517173651859158,1
337,14,4.141538009131983,1.4423826319457422,2
337,15,0.9123950802047647,-0.596005420080018,2
337,16,-1.7615029788357137,9.07781510552962,2
337,17,-0.8139135451883316,-1.6154070173963182,2
337,18,7.520890819969612,-3.9876383843925383,2
337,19,-1.9540675705732167,6.782782004908249,2
338,0,-269.8822307797644,-4.1898086219679564,0
338,1,-260.8272212194463,-4.137788055817011,0
338,2,-259.18920238446344,-1.9012507986601526,0
338,3,-266.7214393290688,4.273085742348655,0
338,4,-268.0287753001013,1.3400556157580885,0
338,5,-266.63944018755575,-2.8913951537467217,0
338,6,-265.7750084509197,-0.770824004719334,0
338,7,-259.6589718660654,-6.718565569656671,0
338,8,275.9548530396909,14.241121172078422,1
338,9,263.4895154261498,7.401473173918248,1
338,10,278.60280007033367,15.17827307293013,1
338,11,271.45512544761885,7.375411610283239,1
338,12,266.48928208444664,-0.3628987165803435,1
338,13,265.33503331967063,11.296771073645397,1
338,14,4.176500477774251,1.6989005039520135,2
338,15,0.7909695870859517,-0.941724120648078,2
338,16,-1.9712946572795649,8.974897020625864,2
338,17,-0.9894894021201337,-1.5746840275306002,2
338,18,7.751315483570233,-3.8703757157384135,2
338,19,-1.8340300250970947,6.885478201204532,2
339,0,-270.43841048687494,-4.16291512802171,0
339,1,-261.8420246028477,-4.459590212965624,0
339,2,-259.9788061713614,-1.5305547660480325,0
339,3,-267.19378627477164,4.34242491688441,0
339,4,-269.10949501123906,1.5244515340168692,0
339,5,-267.5887853196486,-2.582291407653956,0
339,6,-266.6162850223755,-0.4746616011109087,0
339,7,-260.5413518250104,-6.217818760430183,0
339,8,276.55864074993013,14.162430452915313,1
339,9,263.90723171977396,7.492164756832672,1
339,10,279.3764874085033,15.418243483247906,1
339,11,272.07523531627004,7.068686212965382,1
339,12,267.63240608466657,-0.4620767757235419,1
339,13,265.92037547023466,11.234983905643663,1
339,14,4.2351715494561075,1.5173498004224915,2
339,15,0.7954584900522773,-1.0692407220875046,2
339,16,-1.9720688955268193,8.757624597260351,2
339,17,-1.2463160556049564,-1.606631375252444,2
339,18,7.478643784873955,-4.189953516857514,2
339,19,-1.5504425760098535,6.957198889455689,2
340,0,-271.0174254148367,-4.218655321164213,0
340,1,-262.5767608931061,-4.628351569108417,0
340,2,-260.70621194895153,-1.3154562165622525,0
340,3,-267.9521183602238,4.42976576245979,0
340,4,-270.04158896459415,1.5619395461937073,0
340,5,-268.12575512280284,-2.794489258572565,0
340,6,-267.5806199732149,-0.5866382134788761,0
340,7,-261.5986963366582,-5.95966738497713,0
340,8,277.1960907564812,14.254486368760286,1
340,9,264.6688517393184,7.7192677151746025,1
340,10,279.92188311758275,16.00295996113199,1
340,11,273.2720481015276,6.86243899954376,1
340,12,268.65710112838116,-0.2926065605189845,1
340,13,266.9069334135247,11.308493352526042,1
340,14,3.916198302269836,1.4565581856049805,2
340,15,0.8852702686894469,-0.9541666134492683,2
340,16,-1.8298325536020053,9.107209312122903,2
340,17,-1.1942675209571052,-1.7047211631769918,2
340,18,7.394685873537477,-4.0530267977795384,2
340,19,-1.9592717246759195,7.08458181760029,2
341,0,-272.1578857163338,-4.35271572941351,0
341,1,-263.4671715163456,-4.6928991472245905,0
341,2,-261.22432685120026,-1.2005293230664553,0
341,3,-268.7764561776674,4.575192181125174,0
341,4,-270.7814986169829,1.6631701137059038,0
341,5,-269.0674342525943,-2.6566791205006925,0
341,6,-268.34470200875796,-0.7627004032367632,0
341,7,-262.17948317929915,-5.903617920822628,0
341,8,278.3533528762524,14.231080921951477,1
341,9,265.6312963346101,7.609501883520016,1
341,10,280.9085787226729,16.012573703545268,1
341,11,274.0586829710364,7.178430704623191,1
341,12,269.43565615285837,-0.5973860828625048,1
341,13,267.46392435679377,11.199105362027382,1
341,14,3.8863474756804024,1.1756356454254187,2
341,15,0.5608449928803976,-1.0655426125607848,2
341,16,-1.5944618267074548,8.902105591052155,2
341,17,-1.1917722794967835,-1.449406279555879,2
341,18,7.416836399430223,-4.016300243152268,2
341,19,-2.067854492843015,6.9368138390728475,2
342,0,-273.1203225455963,-4.098446301177484,0
342,1,-264.21864780752594,-4.408162595193535,0
342,2,-261.8279943075195,-1.4061242066167992,0
342,3,-269.49447461843675,4.857932450190723,0
342,4,-271.6600113660127,1.6190193609798862,0
342,5,-269.5915471364508,-2.6669909070258804,0
342,6,-268.9699458469384,-0.7248608534314634,0
342,7,-263.16702613993334,-5.684432780204465,0
342,8,279.35990329024247,14.276022870529907,1
342,9,266.47462547897885,7.4987679488510635,1
342,10,281.60808151131147,16.203819271488403,1
342,11,274.8900465808187,6.951673736102261,1
342,12,270.46694049303863,-0.18111044561650846,1
342,13,268.13383804742386,11.174267507492804,1
342,14,3.730337438085802,1.4888332456758175,2
342,15,0.44305771348144973,-0.9748150663385238,2
342,16,-1.5886695673665074,8.821238321132702,2
342,17,-1.0612141385822056,-1.4990977435662907,2
342,18,7.22579360872609,-4.010889968154149,2
342,19,-2.1306381137772887,7.209772788536947,2
343,0,-273.98056876229026,-3.9273246487068234,0
343,1,-265.26218201833694,-4.4041039746888675,0
343,2,-262.84902845643484,-1.0928699094143295,0
343,3,-270.02635100429245,4.98044924982087,0
343,4,-271.96362013958844,1.4517695243985695,0
343,5,-270.748523429177,-2.6750134367625344,0
343,6,-270.2569664803428,-0.8537674655648269,0
343,7,-264.09049212167497,-5.440462927038029,0
343,8,280.2899981944264,14.635187827215013,1
343,9,267.3475825820218,7.808614326243524,1
343,10,282.5610975896026,16.144242159028757,1
343,11,275.8414912170959,7.064171129046712,1
343,12,271.2707702659424,-0.04313675834063979,1
343,13,268.8193401755571,11.025206042680194,1
343,14,3.70176657465311,1.5872391115585265,2
343,15,0.02452834769859552,-0.9773583463156387,2
343,16,-1.6111557407870047,8.870053699396852,2
343,17,-1.1495343788031138,-1.3634866407353758,2
343,18,7.015906893954149,-3.919236387005703,2
343,19,-2.281021923566971,7.523362209729987,2
344,0,-274.8980742977039,-3.501727033908267,0
344,1,-266.11043827700536,-4.620914468051571,0
344,2,-263.84320447090766,-0.9166147321497137,0
344,3,-270.75687768612283,5.03830235222036,0
344,4,-272.8909172212367,1.414404668561322,0
344,5,-271.7096647726771,-2.882280152148139,0
344,6,-270.9283795139909,-1.0913660593560306,0
344,7,-264.8535244301107,-5.703659571260074,0
344,8,281.0053979896951,14.662159722610232,1
344,9,268.11371369485994,7.9434965701183575,1
344,10,283.22922850676855,16.13075611179656,1
344,11,276.22432996221596,7.060071812052017,1
344,12,272.0511313849097,0.2462962445039596,1
344,13,269.7349107075029,10.993829257751791,1
344,14,3.659960865162267,1.706444611174293,2
344,15,0.27743039094437033,-0.907346575717275,2
344,16,-1.7774859648675487,8.704429585988802,2
344,17,-0.7479141011902478,-1.10501965429387,2
344,18,6.834231547977456,-4.081542390360272,2
344,19,-2.2952022497347424,7.57171246071271,2
345,0,-275.8093878649211,-3.603418406840374,0
345,1,-266.5938766357658,-4.553552483571409,0
345,2,-264.67383230094913,-0.6866661822078911,0
345,3,-271.62594273153394,4.764347319088151,0
345,4,-273.95316208586456,1.3046841509737874,0
345,5,-272.56746174434943,-3.116515777894032,0
345,6,-271.52401293587064,-1.337713263976762,0
345,7,-265.32222045453005,-5.842854178370449,0
345,8,282.1410945443456,14.508544971279663,1
345,9,268.7275705058195,8.21032760751979,1
345,10,283.87223965122183,16.09216188170785,1
345,11,277.05817099117166,7.401998663821619,1
345,12,273.026036014166,0.1019018063285059,1
345,13,270.57019027201574,10.934710295550017,1
345,14,3.741436271388085,1.6749022146396297,2
345,15,0.09834733712000479,-0.6446298852627856,2
345,16,-1.7770979808674248,9.107719311073154,2
345,17,-0.9276562049739356,-0.8811963443872707,2
345,18,6.827471050596971,-4.192406464896256,2
345,19,-2.149673678306181,7.615801482734063,2
346,0,-276.4530829384246,-3.9201468717935155,0
346,1,-267.3147641397834,-4.378856185265635,0
346,2,-265.5314837522977,-0.6278584046327734,0
346,3,-272.2789637312028,5.025299134035237,0
346,4,-274.80124474900236,1.3128929068551236,0
346,5,-273.3577548010927,-2.893051294366934,0
346,6,-272.22331354570235,-1.0954873625286738,0
346,7,-266.3813772724263,-5.842539771972047,0
346,8,283.3653287698926,14.38908391488306,1
346,9,269.38075232249014,8.142711585927167,1
346,10,284.4636194153484,16.447776781722396,1
346,11,278.09599575947055,7.123794279503728,1
346,12,273.85286044695715,-0.08419804586341204,1
346,13,271.203461670475,10.85192570505133,1
346,14,3.4027327424357745,1.7550260048872626,2
346,15,0.22055229231295642,-0.9776469390740065,2
346,16,-1.8043514324200807,9.376858062255442,2
346,17,-0.5905009118783252,-0.898207894876015,2
346,18,7.037699335655496,-4.144623195109096,2
346,19,-2.0866898016585136,7.886348653084319,2
347,0,-277.0999818447664,-3.9546679068250516,0
347,1,-268.0922604853608,-4.275724809491395,0
347,2,-266.5155967939153,-0.728273735289022,0
347,3,-272.9113852408705,4.794017523070133,0
347,4,-275.4268244640083,1.4139101157047937,0
347,5,-274.365168931293,-2.8314350329416302,0
347,6,-272.8794756584923,-1.3366580228364775,0
347,7,-267.1331345137878,-5.766637306119879,0
347,8,283.92867498242765,14.335446738932216,1
347,9,269.85992467660367,8.19289778142153,1
347,10,285.16702614974844,16.321611722912316,1
347,11,278.8294498274244,7.173199408744309,1
347,12,274.61574194060523,-0.06398276722976491,1
347,13,271.6747618037985,10.480452321569857,1
347,14,3.799780093431724,1.4850227403442062,2
347,15,0.6964069698014846,-1.1692454080687522,2
347,16,-1.7029603603716656,9.137453984280066,2
347,17,-0.603013765149546,-0.8326705151845545,2
347,18,7.204171272001131,-4.1887004565550034,2
347,19,-2.1223006208322253,7.702652474100292,2
348,0,-277.80780877323417,-3.772513097680154,0
348,1,-269.21786855667045,-4.338812018777798,0
348,2,-267.4315136990465,-0.5841884010683794,0
348,3,-273.431627470974,4.9554888541481095,0
348,4,-276.3830135592806,1.550173335017774,0
348,5,-275.2598092185495,-2.928798261341615,0
348,6,-273.7344271182694,-1.4525850787734231,0
348,7,-267.6303180807657,-5.936906164536009,0
348,8,284.8185324464403,14.557235077982279,1
348,9,270.5772963306861,8.466884527489958,1
348,10,285.83678062310395,16.584308033206366,1
348,11,279.6691386077585,7.115868594683836,1
348,12,275.4280924693845,0.16129225558159133,1
348,13,272.70978712015847,10.626472089246475,1
348,14,3.692177745642612,1.045529547333863,2
348,15,0.8562199876716978,-1.0787849634701778,2
348,16,-1.618661422894602,9.164320359470778,2
348,17,-0.7822457353036006,-0.7878620673901946,2
348,18,7.194992750174813,-3.993444475174367,2
348,19,-2.1067345515719262,8.282597442389246,2
349,0,-278.6616437938622,-3.823472159637875,0
349,1,-269.891818492745,-4.26427655165264,0
349,2,-268.37570493555074,-0.7238288610668134,0
349,3,-274.0391610406025,4.917191170970028,0
349,4,-276.96414175666916,1.8463243915856868,0
349,5,-275.8373046315432,-3.1762539612562244,0
349,6,-274.47215507461516,-1.6033280518317965,0
349,7,-268.52576401769636,-5.915756165321329,0
349,8,285.91983655488417,14.714214098959161,1
349,9,271.6084634146325,8.479424830847504,1
349,10,286.3103265346225,16.62278600498721,1
349,11,280.41652426709345,7.142920071093229,1
349,12,276.15503081971383,0.2643912554916007,1
349,13,273.38099718453253,10.575634355549168,1
349,14,3.8384863456592364,0.9085030919169625,2
349,15,1.063291318700221,-1.3141323224472723,2
349,16,-1.9284793221890753,9.09614215534484,2
349,17,-0.7581034994948059,-1.087292996381711,2
349,18,7.340478078241263,-4.064457076177112,2
349,19,-1.9492318934184836,8.40182833408825,2
350,0,-279.17098145501126,-4.136410703262847,0
350,1,-270.6973745537,-4.1965899535428415,0
350,2,-269.10329571490354,-0.22121516134213604,0
350,3,-275.11599422639387,4.886151630679204,0
350,4,-277.52029961541865,1.5372007690252474,0
350,5,-276.4819733354618,-3.1670912032031007,0
350,6,-275.4989755750784,-1.6992125248742442,0
350,7,-269.47312566501427,-6.080468542418744,0
350,8,286.872012189924,14.798198434939126,1
350,9,272.665702521498,8.835030275681438,1
350,10,287.2475284635994,16.405223727813816,1
350,11,281.3664405761068,7.071776274565496,1
350,12,276.7200971674426,0.31937401675650434,1
350,13,274.0458888741525,10.708510833069395,1
350,14,3.974240137337675,0.8385833080919014,2
350,15,0.7171765622885657,-1.2495483858626755,2
350,16,-1.7915364113965684,9.042700708576461,2
350,17,-0.9023620878474471,-1.3938672263815866,2
350,18,7.335479162590626,-4.702272395403951,2
350,19,-2.045255839220231,8.607962971757335,2
351,0,-279.8402506485306,-3.9811911495317105,0
351,1,-271.74125971824634,-4.26894154117471,0
351,2,-270.0826962057697,-0.4172949500117335,0
351,3,-275.9288517261469,4.8245388324393375,0
351,4,-278.3561950441095,1.647164073664743,0
351,5,-277.22618121750975,-3.0270593065700973,0
351,6,-276.2819030200535,-1.8682805615619262,0
351,7,-270.49303696795346,-6.26306341032467,0
351,8,287.86463557949367,14.723960396848797,1
351,9,273.62471803662146,8.796270900635186,1
351,10,288.2325234127275,16.645436846429764,1
351,11,282.19874963000854,7.09319552307039,1
351,12,277.4463347469225,0.5340602096912213,1
351,13,275.23667496343995,10.56124532877679,1
351,14,4.059945189893253,0.35646439798140933,2
351,15,0.713819989368237,-1.1480548795948815,2
351,16,-1.9141470278126043,8.782953377372758,2
351,17,-0.7944543882033654,-1.6966262575643705,2
351,18,7.629392721217382,-4.791296123729758,2
351,19,-1.83325368784328,8.485162756213388,2
352,0,-280.63293640741125,-3.94987087171341,0
352,1,-272.5517290593872,-4.136769006290199,0
352,2,-270.82259479866843,0.08549796664449333,0
352,3,-276.6310453738371,4.775916092864191,0
352,4,-279.26607885456383,1.5963131824070134,0
352,5,-278.11444522294477,-3.086030410017149,0
352,6,-276.83717569838797,-2.151884989923882,0
352,7,-270.95721101589885,-6.0456364966507445,0
352,8,288.5962212545679,14.72559206806945,1
352,9,274.4114071038505,8.852207108987379,1
352,10,289.01613147531174,16.80345194812154,1
352,11,283.0426419496286,7.173607342760224,1
352,12,278.37346220100784,0.7450303577093684,1
352,13,275.9052647449326,10.52817468706486,1
352,14,3.6455410920812334,0.20196713351330947,2
352,15,0.965227098492397,-1.4852879150100955,2
352,16,-2.0463884544713458,8.792394472940805,2
352,17,-0.9903902119651026,-1.6473332850757083,2
352,18,7.870199397247492,-4.963399263167332,2
352,19,-1.5986771922991592,8.297101777023254,2
353,0,-281.60031977229346,-3.9699638332641602,0
353,1,-273.0987482722324,-3.9681930408079436,0
353,2,-271.83958995332955,0.03567225303455282,0
353,3,-277.21163871404866,4.560063259475503,0
353,4,-279.9505834082575,1.5845044598664804,0
353,5,-279.0883574926181,-2.8324013674182993,0
353,6,-277.5655685202463,-2.0598481574994594,0
353,7,-272.1470689870544,-5.864364864885923,0
353,8,289.47046961597965,14.702112809362792,1
353,9,275.5907504058384,8.991119788719562,1
353,10,289.90454883921996,16.99587643359189,1
353,11,283.5542788750881,7.119993105049045,1
353,12,279.2736470782669,0.864521288223277,1
353,13,276.7032177245178,10.319349488505296,1
353,14,3.4139370094410117,0.04525398333547606,2
353,15,1.0139570407980667,-1.2846338995203168,2
353,16,-1.9741414511927278,8.871803147591997,2
353,17,-1.1207434420492568,-1.3603287041924537,2
353,18,7.764038566241419,-5.098694553462479,2
353,19,-1.8846414660793502,8.392125323963695,2
354,0,-282.6043302299951,-3.9836068661554567,0
354,1,-274.1931364623036,-3.6690762914574013,0
354,2,-272.4737993040291,-0.0932467163357002,0
354,3,-277.9928924018523,5.086032982188579,0
354,4,-280.6402318215273,1.0077263255920101,0
354,5,-279.8265410283028,-2.616915284307513,0
354,6,-278.2124753961864,-1.9664160148039582,0
354,7,-272.9403359856437,-5.528448662274979,0
354,8,289.94595269516736,14.826162089454067,1
354,9,276.54893403968003,9.384129055611043,1
354,10,290.6385120110205,16.810553556814085,1
354,11,284.3022371216228,7.271445965425201,1
354,12,280.10797058429716,0.785888530410037,1
354,13,277.31735722768474,10.14575276990492,1
354,14,3.492918719730371,-0.0020417618223394426,2
354,15,1.2113937974793572,-1.4854839948714984,2
354,16,-2.104699508818754,8.705833163564122,2
354,17,-1.098960238812975,-1.6306750388621734,2
354,18,8.021137950674243,-4.693453561288143,2
354,19,-2.2219542518001454,8.295628948277653,2
355,0,-283.594617506948,-4.155262620213438,0
355,1,-274.88521058643005,-3.730038275017156,0
355,2,-273.3181961584074,-0.2485549612506634,0
355,3,-279.20323651576143,4.926199022740595,0
355,4,-281.43475908841884,1.4272621979913227,0
355,5,-280.41146545509537,-2.6926446431146256,0
355,6,-279.0309537829852,-1.9455697083652517,0
355,7,-273.696927176016,-5.410965900603608,0
355,8,290.8885557312193,15.274337149168929,1
355,9,277.1740658725026,9.41014070875881,1
355,10,291.53013099850267,16.83894842148846,1
355,11,285.4872133223015,7.225311252600922,1
355,12,280.66188194724515,0.9000110639569148,1
355,13,278.23208740984717,10.124507629592818,1
355,14,3.4857682805250576,-0.38209162351267406,2
355,15,1.1649779444030046,-1.6051276246367978,2
355,16,-2.1059335293168164,8.719783857346446,2
355,17,-1.149937484605237,-1.800575512074837,2
355,18,8.23172776235628,-4.578913849858345,2
355,19,-2.347361180671875,8.446485481501815,2
356,0,-284.44883822436145,-3.92272014487254,0
356,1,-275.673584675523,-3.8512117035002813,0
356,2,-274.1134029025302,-0.10516906905318543,0
356,3,-280.2286634992654,4.861718566985284,0
356,4,-281.8402018443171,1.2593461868237188,0
356,5,-281.17064807736864,-2.6446565366965173,0
356,6,-279.60070261804015,-1.801996568251049,0
356,7,-274.29545077588824,-5.400355124158222,0
356,8,291.7387012192524,15.608156934093918,1
356,9,277.8810394059151,9.278711082896018,1
356,10,292.41463352227646,16.93314283186065,1
356,11,286.14097087863496,7.359242472251682,1
356,12,280.8293964011276,0.7831906487099272,1
356,13,279.30998604187903,9.833817080905892,1
356,14,3.664987756604898,-0.722500038078985,2
356,15,0.7624736125875029,-1.6056718470065559,2
356,16,-2.289590216611457,8.81192799506747,2
356,17,-1.2415711885283462,-1.620669612465841,2
356,18,8.180933743604822,-4.269236928616982,2
356,19,-2.34516300830244,8.043714564432435,2
357,0,-284.93583514475165,-3.5857240495492455,0
357,1,-276.5659817979582,-3.743039716219674,0
357,2,-274.9146762860471,0.13698160191967526,0
357,3,-281.0504782129248,4.761233826117776,0
357,4,-282.8755889606194,1.4004356289843765,0
357,5,-281.86553244662184,-2.6373733391193994,0
357,6,-280.2640357022947,-1.9139542124127658,0
357,7,-274.91658177716755,-5.18392925405848,0
357,8,292.2612939924764,15.387491995838129,1
357,9,278.6238949213229,9.050396190663259,1
357,10,292.9645566152451,16.86973670503644,1
357,11,286.8809053024337,7.396315272832057,1
357,12,281.57527158868555,0.5672398178615762,1
357,13,279.97822330453965,9.30889048692214,1
357,14,3.50905921917687,-0.6115734507693737,2
357,15,0.7496487692845519,-1.529607329534062,2
357,16,-1.834673351841015,8.886588567906074,2
357,17,-1.3179866116840018,-1.6438725760292832,2
357,18,8.072466592495038,-4.449152740823551,2
357,19,-2.513539202548939,8.051357408728853,2
358,0,-285.8331111399011,-3.7671520073386726,0
358,1,-277.4770683611802,-3.9520444090173927,0
358,2,-275.45780941087014,0.44640496859218415,0
358,3,-281.86673285097345,4.5487336816063255,0
358,4,-283.7349487576175,1.3525672350836602,0
358,5,-282.7937691108368,-2.398759360133819,0
358,6,-281.1487319764285,-1.8541022699952088,0
358,7,-275.77384898766894,-5.3522252569841555,0
358,8,292.79629135147735,15.694158929686187,1
358,9,279.7183064455158,8.892621685771163,1
358,10,293.95986109323553,17.357965872335487,1
358,11,287.64290027898227,7.610576607881386,1
358,12,282.31652181173547,0.47048210033973603,1
358,13,280.7801338716995,9.58537696333869,1
358,14,3.2075497155138515,-0.6810390762648683,2
358,15,0.8682169745900279,-1.4072800187854686,2
358,16,-2.08681297217988,8.819527702148626,2
358,17,-1.7838985730341423,-1.8824758539750932,2
358,18,8.014932483519654,-4.668327929333056,2
358,19,-2.318960829832487,7.93555710293577,2
359,0,-286.61950260871134,-4.040509400083172,0
359,1,-277.96080747058943,-4.109625632854405,0
359,2,-276.0565493091506,0.2705604547164113,0
359,3,-282.84477229829827,4.488050378473996,0
359,4,-284.62068773354014,1.5753239778085022,0
359,5,-283.61471518350453,-2.2140253711580624,0
359,6,-281.7676905931891,-2.2196898998214234,0
359,7,-276.18588090738535,-5.472953428822241,0
359,8,293.2937425683944,15.491802090079569,1
359,9,280.2818666074946,8.718356815918957,1
359,10,295.14496934229555,17.63581560733905,1
359,11,288.3672086350647,7.527441210852261,1
359,12,283.21504824868686,0.4124980832823413,1
359,13,281.6900452623105,9.86716551988597,1
359,14,3.1695994531747083,-0.8119228087214125,2
359,15,1.07556923756214,-1.1154053270281066,2
359,16,-2.3542946660034394,8.732776903347421,2
359,17,-1.7347828543351602,-1.9807361857630967,2
359,18,7.884821000050449,-4.74256354813451,2
359,19,-2.3219861444174583,7.773619903452455,2
360,0,-287.47420522700577,-4.197898576720133,0
360,1,-278.9606067186447,-4.167702394384841,0
360,2,-277.10355855563546,0.4974797788429455,0
360,3,-283.573130380548,4.361378709649195,0
360,4,-285.6513555482179,1.1880569732097397,0
360,5,-284.71732742527144,-2.1967351260346355,0
360,6,-282.58785222693245,-1.8596699713162657,0
360,7,-276.97071342471446,-5.5314936198993845,0
360,8,293.908663692374,15.513376916865774,1
360,9,281.5702874343624,8.761962501305444,1
360,10,295.75868575514755,17.48788429250077,1
360,11,288.8238184144165,7.637182053227005,1
360,12,283.78965935213256,0.4443122735192996,1
360,13,282.1621876012403,9.65357821850543,1
360,14,3.1508000838356565,-0.9492227937520104,2
360,15,1.108029412664895,-1.2565176938792573,2
360,16,-2.120315017522574,8.75711631474645,2
360,17,-1.6939607112801407,-1.8998121624171818,2
360,18,7.665336810613306,-4.904635358167552,2
360,19,-2.289779624050892,7.616912163639607,2
361,0,-288.1698717044881,-4.155811315340074,0
361,1,-279.5400145080346,-4.256772518672133,0
361,2,-278.04180802374435,0.38313565276526546,0
361,3,-284.25572484073615,4.787365693366399,0
361,4,-286.55937003028095,1.4430514827729612,0
361,5,-285.16479625840645,-2.3345314023758528,0
361,6,-283.11295405635394,-1.7422302887824954,0
361,7,-277.8974227490586,-5.825912018275368,0
361,8,294.62668963329554,15.156751460381537,1
361,9,282.4011768165735,8.174872510065265,1
361,10,296.51391851343743,17.580760400946865,1
361,11,289.6760588002592,7.877365142248049,1
361,12,284.3336328879542,0.583251865402769,1
361,13,282.75738758482026,9.958644262673314,1
361,14,3.383188256983213,-1.201534031225497,2
361,15,1.2303839576736835,-1.0325176421274587,2
361,16,-1.923757965866976,8.463888432717429,2
361,17,-1.6677101263510985,-1.7879098693895847,2
361,18,7.913010548100507,-5.0692457431882065,2
361,19,-2.561638172956595,7.754919538160729,2
362,0,-289.44612777811636,-3.7223882403320303,0
362,1,-280.3992660446873,-4.669792888524284,0
362,2,-278.6399117105616,0.6906980460857566,0
362,3,-285.25740156433676,4.512929740787946,0
362,4,-287.41555032236806,1.4793925690860312,0
362,5,-285.5659946978633,-2.553975798584341,0
362,6,-283.8371459434152,-1.7277321500080725,0
362,7,-278.7110805426529,-5.634779217886463,0
362,8,295.11312695756794,15.514933555188401,1
362,9,283.4034216692001,8.225415155603212,1
362,10,297.4718292675935,17.64146107464727,1
362,11,290.4250059975306,7.651581233124596,1
362,12,284.9019017231466,0.8124272190655041,1
362,13,283.9457313741335,9.985982999309288,1
362,14,3.4098936456167723,-1.057687075984795,2
362,15,1.0392200641750122,-0.9768281517506532,2
362,16,-2.0660532017066764,8.141260561962532,2
362,17,-1.6003085211043377,-1.8961866917444041,2
362,18,8.152268348416145,-5.182237708135812,2
362,19,-2.66249314327114,7.985705426210793,2
363,0,-290.04765245403144,-3.463680918228661,0
363,1,-281.15640869192333,-4.80469593804382,0
363,2,-279.20686823617353,0.782708247261487,0
363,3,-285.8690809897207,4.28265888067448,0
363,4,-288.3745401908419,1.8209611551490528,0
363,5,-286.14200563643607,-2.1834656712997607,0
363,6,-284.5172127958454,-1.9763179194962057,0
363,7,-279.55977059180503,-5.827984738428578,0
363,8,296.18493883822435,15.345275324979312,1
363,9,284.5265630480306,8.35726425588376,1
363,10,298.5530772066168,17.6326140639954,1
363,11,291.1743769880531,7.468836169609086,1
363,12,285.513846501391,0.889518671402569,1
363,13,284.63516582125817,9.629275336620738,1
363,14,3.4934241052827013,-0.8586146106659462,2
363,15,0.9995146338269573,-0.6997475228435487,2
363,16,-2.130426020061044,7.75860284229271,2
363,17,-1.7285944541548992,-1.8782395912720415,2
363,18,8.114509791293061,-4.9574295383399845,2
363,19,-2.919755109543939,8.194186779713041,2
364,0,-290.84654946531975,-3.003035389614317,0
364,1,-281.9572361403535,-4.34944705870417,0
364,2,-280.0314455976611,0.5780844979899987,0
364,3,-286.4848930768062,4.907438684245596,0
364,4,-289.07778206886445,2.135785198806402,0
364,5,-287.1878989936791,-1.7185133169297606,0
364,6,-285.4082302333326,-2.28023516058856,0
364,7,-280.5330668202086,-5.846435474534008,0
364,8,296.4908708148502,15.44443927827871,1
364,9,285.51763705637325,8.365228806187448,1
364,10,299.54534302925435,17.93494308515983,1
364,11,292.21484294111235,7.274211043507415,1
364,12,286.01140625754243,1.351960371296847,1
364,13,285.34687630698687,9.835194067518435,1
364,14,3.4047239029179495,-0.9988951481903894,2
364,15,0.877883940428095,-0.9754305261510363,2
364,16,-1.9971560635605772,7.671964548405003,2
364,17,-1.7354114762667592,-1.9414259789730977,2
364,18,7.983887438131364,-4.98350974271276,2
364,19,-3.036113433540329,7.990784244531226,2
365,0,-291.37986817714307,-3.077189208147296,0
365,1,-282.80052411493307,-4.776237652227287,0
365,2,-280.76527541508307,0.6103369975397989,0
365,3,-287.53368080195077,4.732466148528537,0
365,4,-290.00300831596184,2.1288624360227706,0
365,5,-287.978589353613,-1.6792570480683429,0
365,6,-286.20614394876463,-2.13336730566673,0
365,7,-281.69657318438664,-6.01442702230983,0
365,8,297.4771698260839,15.543038526713723,1
365,9,286.32666081111864,8.262120143273393,1
365,10,300.1533975357339,18.110575961667983,1
365,11,292.98255565979173,7.174852124337571,1
365,12,286.5209589502694,1.2969675012560258,1
365,13,286.04962237790716,9.923168253728655,1
365,14,3.5664671317936447,-1.000920528806165,2
365,15,0.7407396233196829,-1.1605583179594756,2
365,16,-2.0277486833682867,7.773392008562714,2
365,17,-1.6159301848057344,-2.0774687141978507,2
365,18,7.780915399682364,-4.751231109121228,2
365,19,-2.9826435301086174,7.882948064546799,2
366,0,-292.69233118189794,-3.1542710027449172,0
366,1,-283.53120278572806,-4.942826226050591,0
366,2,-281.18845986785135,0.7907006411259636,0
366,3,-288.40396721031993,4.828029911178561,0
366,4,-290.9715629758364,1.8880734263826278,0
366,5,-288.60653038112144,-2.084626465548583,0
366,6,-286.99946586967326,-2.3480453908103067,0
366,7,-282.1718357544053,-5.920458553744794,0
366,8,298.5031118326842,15.533535596441217,1
366,9,287.3086430840876,8.183188783587674,1
366,10,300.7556311115521,18.134962129781325,1
366,11,293.7295319287953,7.025384385127447,1
366,12,287.43111124468544,1.277230189858528,1
366,13,286.9380082496364,10.21255041646759,1
366,14,3.5569691636226457,-0.7281844425937534,2
366,15,0.5242218170803367,-1.4189785506395327,2
366,16,-2.149053585930546,8.257989156358349,2
366,17,-1.6311317848566718,-2.040352887143159,2
366,18,7.783398894555333,-4.577475502792996,2
366,19,-2.8969910052487187,7.695028153699382,2
367,0,-293.66519265847273,-3.3643736904060413,0
367,1,-284.37763993502745,-5.1832713975324705,0
367,2,-281.82790090984685,0.6749850084678364,0
367,3,-289.16271587412365,4.671581832265624,0
367,4,-291.8580960516297,1.952673632679815,0
367,5,-289.41770534936614,-2.1944947114451425,0
367,6,-287.5136712248648,-2.2338670380988956,0
367,7,-282.83988489366885,-5.8109932691905675,0
367,8,299.3925049833444,15.609740468764247,1
367,9,288.457852954462,8.289455760082332,1
367,10,301.58659984905995,18.124409200967705,1
367,11,294.5007039691332,7.148426329335039,1
367,12,288.4332858094901,1.0978597797359213,1
367,13,287.9102709668136,10.35897894360036,1
367,14,3.306491714758311,-0.8936609837418508,2
367,15,0.7183010140774256,-1.4950567481502675,2
367,16,-2.3547141293812675,8.019963198469656,2
367,17,-1.4778893092085426,-1.9469439186991404,2
367,18,7.89038808218417,-4.158682230205741,2
367,19,-3.593719999706296,7.592937782607942,2
368,0,-294.3042514551825,-3.4599081892474075,0
368,1,-285.0073279340049,-5.422273023193777,0
368,2,-282.95388196034446,0.4486129865632347,0
368,3,-290.2655019613057,4.275469560240066,0
368,4,-292.47978137865573,2.286758642095186,0
368,5,-289.8460235505669,-1.9881162670080759,0
368,6,-288.4549864019642,-2.40580149119873,0
368,7,-283.98194071572584,-5.729949497485468,0
368,8,299.9326684960923,15.357487357958181,1
368,9,289.17518966607145,8.392126121144754,1
368,10,302.4187791682817,18.23371514089155,1
368,11,295.27126859565897,6.916226674721029,1
368,12,289.1015757786883,1.0554024371467654,1
368,13,288.55014472515774,10.731328184428097,1
368,14,3.309757798103297,-0.9735038787488253,2
368,15,0.6710710987658223,-1.4792577817226327,2
368,16,-2.561329974186084,7.617606776107519,2
368,17,-1.5548427881702591,-2.2858642778924443,2
368,18,7.883107908624987,-4.339168724960287,2
368,19,-3.749202193677254,7.236544137553795,2
369,0,-295.02195867226,-3.45273323171952,0
369,1,-285.60527491862393,-5.528759924061791,0
369,2,-284.0638645076194,0.15135728331548887,0
369,3,-290.90335295993407,4.033188764601156,0
369,4,-293.4840922201856,2.3181815293104626,0
369,5,-290.7504048151233,-2.1961238376537975,0
369,6,-289.56806085317,-2.4604991288671254,0
369,7,-284.79004859379995,-5.516396382812396,0
369,8,300.9310707511455,15.537470023444094,1
369,9,289.89183544141645,8.353264405055768,1
369,10,302.81887996583987,18.294960955501466,1
369,11,296.3193506641531,7.179584542682867,1
369,12,289.84771365955646,1.2230823971176235,1
369,13,289.10143566583264,11.094378950280849,1
369,14,3.123257918683448,-1.0341994143475366,2
369,15,0.8133173007919032,-1.3617308890221098,2
369,16,-2.7438093057581208,7.49107148519205,2
369,17,-1.1309803842101482,-2.2271981606084603,2
369,18,7.546870998168669,-4.301172823482243,2
369,19,-4.159062925357734,7.279715085863701,2
370,0,-295.9947130882464,-3.2847442461892995,0
370,1,-286.4360801265135,-5.836519177395296,0
370,2,-285.1726210928032,0.2196146537557101,0
370,3,-291.9582821905683,4.093075250117787,0
370,4,-294.29297094914403,2.4076831841414643,0
370,5,-291.1962950116177,-2.1995867771333937,0
370,6,-290.50373238140673,-2.4396154339954204,0
370,7,-285.8048419070139,-5.4209124049455815,0
370,8,301.8975887430204,15.614472533498699,1
370,9,290.82281395219144,8.229088961252376,1
370,10,303.7284520251583,18.108831783466215,1
370,11,297.48714924846536,7.1821505509575365,1
370,12,290.812314473544,1.0937735058763056,1
370,13,289.7645750791286,11.13502690957495,1
370,14,3.188128871365896,-0.9754041095726507,2
370,15,0.5162297644741803,-1.0717123229217642,2
370,16,-2.7624776839515253,7.70469629614778,2
370,17,-1.458208170873635,-2.3305878010592567,2
370,18,7.363658823031758,-4.286465883342177,2
370,19,-4.390317844446908,6.893462538936803,2
371,0,-296.8799346894193,-3.2151184231556535,0
371,1,-287.40391294060305,-5.63767470402593,0
371,2,-285.5396410330508,0.44632060723808065,0
371,3,-292.91529319054945,4.282590994799835,0
371,4,-294.6838925870633,2.5915318939548286,0
371,5,-292.3590271479732,-2.520659232799307,0
371,6,-291.17818115129165,-2.411346821503402,0
371,7,-286.76096082963505,-5.790811987384058,0
371,8,302.341407067915,15.603747816636158,1
371,9,291.70701498704966,8.09100854084723,1
371,10,304.42128439182534,17.84751882721068,1
371,11,298.1061486812205,7.113225524191511,1
371,12,291.5852087996277,1.3614768889692797,1
371,13,290.56385532436235,11.150301802447027,1
371,14,3.3915742583200057,-0.7484384194699677,2
371,15,0.31863335883838106,-0.9608859159605542,2
371,16,-2.8447615611848525,7.574750443597698,2
371,17,-1.219827983565732,-2.4750202888350654,2
371,18,7.442206387596928,-3.8570279495735527,2
371,19,-4.57577161631978,6.478495879408908,2
372,0,-297.4293651378973,-3.757379754005787,0
372,1,-288.32035914944885,-5.42567717358871,0
372,2,-286.3542405411306,0.36492755858672266,0
372,3,-294.12872051007054,4.381395650117978,0
372,4,-295.29887025477854,3.0703795077931315,0
372,5,-293.00119404052776,-2.8279197695500176,0
372,6,-291.65553294322126,-2.5077445303668946,0
372,7,-287.5576151804384,-6.081964637139286,0
372,8,303.54099486815505,15.625268244926433,1
372,9,292.49891459422327,7.8371909393541435,1
372,10,305.30804813259584,18.059209325762726,1
372,11,299.2724942780422,6.960729619118275,1
372,12,292.2126430358491,1.3085168792907982,1
372,13,291.4000187355715,11.00084213955719,1
372,14,3.1580773695633337,-0.8416961594235605,2
372,15,0.44942771208830257,-0.769791482161457,2
372,16,-3.204768918456746,7.718212358153793,2
372,17,-1.2913384002258592,-2.362641724264792,2
372,18,7.31052102147706,-3.7064109746315723,2
372,19,-4.826064267153887,6.956926396905464,2
373,0,-297.73401388940914,-3.6441630535303076,0
373,1,-289.2898355685449,-5.481776882424097,0
373,2,-287.1737526506041,0.2531823053371223,0
373,3,-294.84938249885926,4.6815299014721266,0
373,4,-296.2893485152842,2.765935650563953,0
373,5,-293.8698178230367,-3.1464759393646204,0
373,6,-292.4928589837021,-2.370465007759996,0
373,7,-288.24325151624197,-6.0071346180610465,0
373,8,304.5688268596506,15.572621412163024,1
373,9,293.29427554263196,7.666382052316708,1
373,10,305.9358381748597,17.848399262247515,1
373,11,300.24339773184533,6.957156492099813,1
373,12,292.9482345509851,1.4132539953955863,1
373,13,292.62008447299286,10.742237256079003,1
373,14,3.118471223548643,-0.8932738691725567,2
373,15,0.7897195998168598,-1.0554989056751733,2
373,16,-3.1051558476658547,7.597681107177969,2
373,17,-0.9000851123376035,-2.257574527804039,2
373,18,7.174175147988276,-3.410301942822936,2
373,19,-4.647903201523223,6.808612463850875,2
374,0,-298.72586769498133,-3.3924179453787398,0
374,1,-290.28131460614964,-5.757677741569151,0
374,2,-287.85096154974804,0.6965954987577407,0
374,3,-295.5782476701785,4.5923510501853695,0
374,4,-297.0515314951142,2.6460282642453605,0
374,5,-294.4953648226345,-3.2773389355404654,0
374,6,-293.27780621740726,-2.4294024121904707,0
374,7,-289.03974741471905,-5.96833711718322,0
374,8,305.5833975131294,15.372600256148944,1
374,9,294.295623604772,7.51679833959123,1
374,10,306.3038082951313,17.86431693271557,1
374,11,300.8112850211155,7.109885382780982,1
374,12,293.592836196309,1.4014174770125711,1
374,13,293.6829415884806,11.132336971015553,1
374,14,2.9879108664162994,-0.6236361547419379,2
374,15,0.689094776928075,-1.0794882212140333,2
374,16,-3.342412330803561,7.631515098387982,2
374,17,-0.6988223562665469,-1.8727464607679865,2
374,18,7.041973387249622,-3.2163288502526934,2
374,19,-4.618603279162315,6.9970698596245455,2
375,0,-299.3131696022136,-3.3648146272741006,0
375,1,-290.8581877298938,-5.75443826717626,0
375,2,-288.4969183349324,0.7159110262123419,0
375,3,-296.39363040219865,4.718347033559301,0
375,4,-298.30936932065345,2.719387637214648,0
375,5,-295.20577743200107,-3.0911950003666737,0
375,6,-294.2226620617614,-2.765581899989508,0
375,7,-290.01608190363675,-6.084625896042617,0
375,8,306.50039743339994,15.248336137263744,1
375,9,294.77119212442557,7.721425903294202,1
375,10,306.9545565593299,17.809631289768838,1
375,11,301.67319055315863,6.5814552472261,1
375,12,294.4213373735258,1.2873941061100893,1
375,13,294.5199121035135,10.96961020584986,1
375,14,2.815086095408211,-0.29066533956470064,2
375,15,0.8212092966259497,-1.0409434567801088,2
375,16,-3.281336479071989,7.221957125541101,2
375,17,-0.6330626984787617,-1.7739953028647937,2
375,18,7.6212643727174605,-3.3906369886130263,2
375,19,-4.646296118985094,6.752138591753311,2
376,0,-300.08517668003134,-3.1970497059304623,0
376,1,-291.4108931149437,-5.618544495319072,0
376,2,-289.3973978610337,0.5307157807143218,0
376,3,-296.8982333822059,4.296230195698319,0
376,4,-298.9688064617346,2.6563192993543634,0
376,5,-296.43752665183064,-3.133008711069863,0
376,6,-295.376063119658,-2.7138921777556733,0
376,7,-291.07797534848015,-6.355710293857046,0
376,8,307.60067408246755,15.40795379035557,1
376,9,295.6042057066829,7.565100315983172,1
376,10,307.5980950121071,17.787673588438054,1
376,11,302.45326627224335,6.576931872511451,1
376,12,294.8975789539288,1.4795641132898245,1
376,13,295.44715570193546,11.183726412970708,1
376,14,2.569882918105537,-0.5803584532784583,2
376,15,1.2018798276982063,-1.2655539254077957,2
376,16,-2.69963814848804,7.370557706608137,2
376,17,-0.5167751118496604,-1.6343334877599585,2
376,18,7.633606074731849,-3.3583774090088836,2
376,19,-4.608746718215062,6.401547514015935,2
377,0,-300.5357747532057,-3.1728821301579533,0
377,1,-292.3058782114657,-5.181974571194101,0
377,2,-290.0944884086226,0.011637697431385097,0
377,3,-297.7712814556836,4.204141577735744,0
377,4,-299.86380136975765,2.504479964862777,0
377,5,-297.1982338458832,-3.2612483517412096,0
377,6,-296.04804779984283,-2.3399173961765207,0
377,7,-291.86009401689444,-6.272785882658723,0
377,8,308.14073964046685,15.78242161590142,1
377,9,296.13793826439,7.629961807285538,1
377,10,308.26916577068624,17.753264534746222,1
377,11,303.11762226987787,6.733301401049615,1
377,12,295.78671019268097,1.2567610487593064,1
377,13,296.22769074647516,11.059821070036753,1
377,14,2.469297579615361,-0.32662879482804524,2
377,15,1.3100361166722088,-1.4276698089522275,2
377,16,-2.917062155064818,7.135400081482986,2
377,17,-1.1215721384939015,-1.6499483651106943,2
377,18,7.756438083841441,-3.585620598959859,2
377,19,-4.44142813813022,5.9520385985047275,2
378,0,-301.64767216818416,-2.843388870850239,0
378,1,-293.2306703086254,-5.106823247560874,0
378,2,-290.83645585049555,-0.0025041656099901895,0
378,3,-298.6257881107511,4.483688619775463,0
378,4,-300.801522326477,2.5829401066983313,0
378,5,-297.71940836550516,-3.166235888902402,0
378,6,-296.684729422874,-2.4658935867745395,0
378,7,-292.32489837877307,-6.206978013331515,0
378,8,308.8531351191431,15.570816274286608,1
378,9,296.78632348943796,7.770885935693528,1
378,10,308.95073240912745,17.265487004719972,1
378,11,304.128091705011,6.704313190195791,1
378,12,296.43872063911704,1.1756650707947822,1
378,13,297.0728271544128,11.169448666650531,1
378,14,2.6972687626974783,-0.43195859397864833,2
378,15,1.0237767456610003,-1.3225523920851978,2
378,16,-2.973934002544169,6.962765957967045,2
378,17,-0.956164913706423,-1.7722516609859598,2
378,18,7.830915883954017,-3.663209091773215,2
378,19,-4.265245377482376,5.651520700630477,2
379,0,-302.8559788311401,-3.2646576694568146,0
379,1,-294.123878076197,-4.8839806769230405,0
379,2,-291.78510354778143,0.22589079697021539,0
379,3,-299.2925726452651,4.240154104443549,0
379,4,-301.6050510443154,2.808278268010749,0
379,5,-298.6282429415924,-2.9512056066451713,0
379,6,-297.4767164779744,-2.4931389449234307,0
379,7,-293.0103014941481,-5.92960245884205,0
379,8,309.45756550247387,15.458800546988247,1
379,9,297.5858848441121,7.567561479826881,1
379,10,309.92579669465675,17.23317545589994,1
379,11,305.2376900739566,6.641839379328077,1
379,12,297.467503259344,0.9280753477375318,1
379,13,297.81920657620077,11.01518447782429,1
379,14,2.7793792293718123,-0.5556279996996156,2
379,15,1.229211166862093,-1.0247944064825405,2
379,16,-3.1781089866284695,6.902061136172108,2
379,17,-1.1615746402873475,-1.7067303505504712,2
379,18,7.841514062612056,-3.5618973411219126,2
379,19,-4.0643441080233496,5.42486201062806,2
380,0,-303.22801535838676,-3.0063422584565513,0
380,1,-294.8622052495173,-5.028060370260845,0
380,2,-292.8038018347331,0.6429912082036341,0
380,3,-299.98907245769504,4.428321401327412,0
380,4,-302.6246527619502,2.6372058896957755,0
380,5,-299.24131526129077,-2.8654613665444177,0
380,6,-298.63245674117906,-2.5249934582603037,0
380,7,-293.5445598741163,-5.613050035557675,0
380,8,310.5724842653012,15.147069723733223,1
380,9,298.39576703928384,7.515452252490822,1
380,10,310.70438993549504,17.36695976918181,1
380,11,305.87863819594116,6.6300370838063225,1
380,12,297.90825639934957,1.0317081192207747,1
380,13,299.0751696770779,10.90123899441854,1
380,14,2.5656818836124833,-0.7788345577102451,2
380,15,1.4848370084383344,-1.2690502690781447,2
380,16,-2.8022714769741324,7.015149380355045,2
380,17,-1.4596815141360198,-1.1696744800149854,2
380,18,7.797096256072345,-3.4159405597838433,2
380,19,-4.024754177366003,5.614539400006884,2
381,0,-303.99613625791204,-2.930019886845337,0
381,1,-295.83463429821586,-5.371833507813216,0
381,2,-293.1919741737375,0.7267169386958704,0
381,3,-300.8343147288679,4.5195897480611595,0
381,4,-303.71434186022105,2.844255180729736,0
381,5,-300.04630544265063,-2.530274318262998,0
381,6,-299.6958261102599,-2.8658188819605597,0
381,7,-294.41614236146677,-5.405315886528277,0
381,8,311.15046556798416,15.013596616583309,1
381,9,299.03617641000994,7.33835667517892,1
381,10,311.6099679046131,17.367930018299912,1
381,11,307.0616491730558,6.772375636683246,1
381,12,298.8134230968404,0.8540765943850218,1
381,13,299.87058152242247,10.979986038533259,1
381,14,2.6887927548155512,-0.9679373980335049,2
381,15,1.4864203328165433,-1.2649297105304693,2
381,16,-2.788203582250351,6.918074901651082,2
381,17,-1.2108979357896517,-1.2601415203923358,2
381,18,7.916996482677627,-3.4436432655922227,2
381,19,-4.125067557567757,5.192468262773207,2
382,0,-305.0070864052469,-2.8411237307101027,0
382,1,-296.24541791232207,-5.343401040205101,0
382,2,-293.9433012832516,1.190470340990537,0
382,3,-301.7316198717693,4.265080789214773,0
382,4,-304.47253868314664,2.537147527733174,0
382,5,-300.9890247798317,-2.589056349790911,0
382,6,-300.4909557890067,-2.815680772753456,0
382,7,-295.02424108650143,-5.104655709764365,0
382,8,312.0753433444442,14.97373496474455,1
382,9,299.7980303116486,7.055637798068071,1
382,10,312.11604987176815,17.43860156939386,1
382,11,307.8632324627882,6.972221288298743,1
382,12,299.64821524854875,0.7768103764698387,1
382,13,301.04582596725567,10.838099833317296,1
382,14,2.6882279005196397,-0.741760077732341,2
382,15,1.3036940214253407,-1.223614200634206,2
382,16,-3.1898878886660755,7.351774140300085,2
382,17,-1.309777937320258,-1.2239913957663073,2
382,18,7.5573323889214885,-3.625990837262902,2
382,19,-3.58941470799042,5.087711238880012,2
383,0,-305.8926568740623,-2.659297197887075,0
383,1,-296.866351165507,-5.477527799666352,0
383,2,-294.77907760144615,0.958381693884324,0
383,3,-302.6731675857726,3.8628422035341803,0
383,4,-305.5251530949783,2.5453634679583232,0
383,5,-301.79209709195925,-2.532930189480472,0
383,6,-301.3417093370412,-2.6203970892033146,0
383,7,-295.69470372042116,-4.834192195376808,0
383,8,312.5598371703116,14.865299188341037,1
383,9,300.6071145072663,7.127800411104832,1
383,10,312.9358531700452,17.153561009749282,1
383,11,308.31470270369357,7.166965926531111,1
383,12,300.6261566265685,0.6253387160952943,1
383,13,301.68583797486184,10.945796808595281,1
383,14,2.865148742038434,-0.6822841969186825,2
383,15,1.177921035337779,-1.4625395958075817,2
383,16,-3.0953869764044386,7.377488343067431,2
383,17,-0.8543754251724573,-1.0801070379194404,2
383,18,7.828868663712257,-3.241258130560702,2
383,19,-3.5911741202793936,4.839219813046322,2
384,0,-306.3317313223663,-2.6475991759838338,0
384,1,-297.7027047320536,-5.610217749378863,0
384,2,-295.3919956514059,1.1331500568896022,0
384,3,-303.6589892168383,3.7722025129299293,0
384,4,-306.33357599962324,2.338010698105156,0
384,5,-302.41129912087086,-2.6780423382418004,0
384,6,-302.2094155716449,-2.372771741846317,0
384,7,-296.4426011461719,-4.856010552508266,0
384,8,313.48107889300275,14.94591903297211,1
384,9,301.50955141458536,6.766394732217308,1
384,10,313.63568426439224,17.321024608966237,1
384,11,309.03550119102,7.303651979885833,1
384,12,301.32753679820786,0.5229755765498683,1
384,13,302.7288481128426,10.631000076738202,1
384,14,2.6151687480653902,-0.5395036277286555,2
384,15,1.2534842682091187,-1.4167214528804224,2
384,16,-2.9433634431943476,7.685063794984157,2
384,17,-0.7761941039758854,-0.6369258399509385,2
384,18,7.652141736695183,-3.40999517374451,2
384,19,-3.5236530796607184,5.160815747837659,2
385,0,-306.7638480795406,-2.2797393305663234,0
385,1,-298.6440764039792,-5.537989517761423,0
385,2,-296.2077480838661,1.0560125909594762,0
385,3,-304.56301889768235,4.052016918491516,0
385,4,-307.0282168145058,2.432698071808893,0
385,5,-302.8665431269724,-2.5500510753806402,0
385,6,-302.6060734371985,-2.197707700683793,0
385,7,-297.25761099838235,-4.851734379527859,0
385,8,314.29977368713423,14.892095940814713,1
385,9,302.4124709694991,6.934585515640305,1
385,10,314.5400181089857,17.374620018433255,1
385,11,310.1878283173687,7.2926324591951195,1
385,12,301.7559819922177,0.48574241515090183,1
385,13,303.3154921871593,10.63801169254361,1
385,14,2.601711699162409,-0.10665621728445451,2
385,15,1.4881645979062232,-1.435060172743326,2
385,16,-3.1394892618853594,7.676378023709281,2
385,17,-0.5953718188179616,-0.7122005674822303,2
385,18,7.676627403866903,-3.334790269063494,2
385,19,-3.3886935090149524,5.298473455395975,2
386,0,-307.2716982478506,-2.3351081821726125,0
386,1,-299.38478560381367,-5.200108747492233,0
386,2,-297.03880447956436,1.30280651970187,0
386,3,-305.257982849249,4.0582890800876195,0
386,4,-307.82363351811983,2.245199563582878,0
386,5,-303.8405025726133,-2.4345011672274968,0
386,6,-303.6939297197032,-2.1752694867226228,0
386,7,-298.296530053825,-4.415431399320605,0
386,8,314.52299402239896,15.315968125564591,1
386,9,303.1632352729772,6.9426399362610045,1
386,10,315.25524087848424,17.363670530676007,1
386,11,311.0464517619197,7.080738955769528,1
386,12,302.3139233522124,0.5837139455604868,1
386,13,304.28360894762943,10.549823535096635,1
386,14,2.5115978917480337,0.46635392918923113,2
386,15,1.4688813062365216,-1.036656510187167,2
386,16,-3.3786394826506045,7.677409303181708,2
386,17,-0.868414893643257,-0.5039399540998344,2
386,18,7.878657903584606,-2.840192545718511,2
386,19,-3.6295276610736997,5.302322871179032,2
387,0,-308.17781714044145,-2.1685333602679417,0
387,1,-299.8190350467783,-5.112315255213667,0
387,2,-297.78334242429094,1.1145520492381555,0
387,3,-305.8309605041462,4.188391928524561,0
387,4,-308.51068476277794,2.216259608009208,0
387,5,-304.55414950392236,-2.412992699363148,0
387,6,-304.5021337467557,-2.309563865248395,0
387,7,-299.21315324004536,-4.529018854537003,0
387,8,315.3268531486678,15.132062676324722,1
387,9,303.97259148392243,6.625704062723365,1
387,10,315.6078520567823,17.066823770385344,1
387,11,312.01255909489043,7.18230778241849,1
387,12,303.4947784670742,0.6064108250972265,1
387,13,304.76147714492254,10.365792719289246,1
387,14,2.7281837115083194,0.5718175117148103,2
387,15,1.3194495357820621,-1.0874961829939052,2
387,16,-3.6428888832591384,7.912493441821227,2
387,17,-0.8722683131625713,-0.537808240115056,2
387,18,7.906173558688348,-2.482027450873761,2
387,19,-3.8289738357077585,5.200145802793915,2
388,0,-308.72190060974015,-2.2466831442894115,0
388,1,-300.5487285226375,-5.302852070571192,0
388,2,-298.81042150871696,1.024700414042672,0
388,3,-307.16871178829894,4.183749192233202,0
388,4,-309.85461180215253,2.477884170999852,0
388,5,-305.220854197,-2.156339125355528,0
388,6,-305.4205757220241,-2.129719594693578,0
388,7,-300.3635856871489,-4.716944002536507,0
388,8,316.5826306147656,15.265037383710286,1
388,9,304.8310720987332,6.78065938392939,1
388,10,316.62293009699647,16.918858395305357,1
388,11,312.8268390510306,7.206120897180241,1
388,12,304.4514034945699,0.31200592327782833,1
388,13,305.77570041206957,10.24627769381422,1
388,14,2.301107504770944,0.704526196954846,2
388,15,1.13052661958503,-1.5838723372650507,2
388,16,-3.7255132423886543,8.110022887921408,2
388,17,-0.7950855462015881,-0.31083043674485034,2
388,18,7.871927206470811,-2.7541668209073014,2
388,19,-3.6485693644185733,5.451687924865117,2
389,0,-309.3653031909672,-2.39319574487333,0
389,1,-301.14034398653354,-5.5269182079280315,0
389,2,-299.7545921136954,1.174980439900846,0
389,3,-307.91595393570776,4.330638528791421,0
389,4,-310.2511872448968,2.4695717862078523,0
389,5,-305.74759460320365,-2.2054358974710557,0
389,6,-306.2259848992829,-2.107222839090449,0
389,7,-301.2860033062762,-4.463807213894693,0
389,8,317.5687454798893,15.441356921664639,1
389,9,305.47808730961884,6.8768172465663735,1
389,10,317.4080147010131,17.220189858223545,1
389,11,313.8257404749261,7.15321901169191,1
389,12,305.1677254543837,0.5990392860417997,1
389,13,306.4828436104017,10.541389302092101,1
389,14,2.356054680802359,0.3845124876576203,2
389,15,1.2096937694228957,-1.7017401957556078,2
389,16,-3.5605587088639807,8.30569734172103,2
389,17,-0.4319286147468505,-0.30082033758884946,2
389,18,7.416890375482407,-2.5098900720465074,2
389,19,-3.660949712958011,5.628749407678586,2
390,0,-310.14988505691315,-2.0285021242563452,0
390,1,-301.8793351774493,-5.480395569239331,0
390,2,-300.60839212601013,1.2734128959997097,0
390,3,-308.80378003210285,4.5620128957621855,0
390,4,-311.0881617329,2.402826861276402,0
390,5,-306.5381925016031,-2.3964847718866045,0
390,6,-307.00758899691743,-1.9317472274898666,0
390,7,-302.30640983186316,-4.542034785214323,0
390,8,318.2424573263893,15.347693960967725,1
390,9,306.5782390646995,7.09264030586172,1
390,10,318.14997412398674,17.3046852628445,1
390,11,314.5882147259135,6.981363844395004,1
390,12,306.0388202965379,0.48684895105426446,1
390,13,307.28047313261646,10.525738476427463,1
390,14,2.2950021124030022,0.5926644154801293,2
390,15,1.338932437285321,-1.6940749444564802,2
390,16,-3.329363239854623,8.315288777310066,2
390,17,-0.24467886412526513,-0.22686687202353994,2
390,18,7.654543109045521,-2.4895507678240416,2
390,19,-3.5947276581024865,5.719410961509919,2
391,0,-311.1769579188238,-2.008680293183508,0
391,1,-302.747961551081,-5.627882963697757,0
391,2,-301.427692460954,0.8454108979558028,0
391,3,-309.4188435448082,4.371563392471367,0
391,4,-311.9299880343544,2.5251660849171196,0
391,5,-307.63244009453746,-2.1975939519115983,0
391,6,-308.02648283534324,-2.0783548272561823,0
391,7,-303.5582416969285,-4.422903855402402,0
391,8,319.31392125709874,15.471655199274352,1
391,9,307.3472670909039,7.54521856157475,1
391,10,319.1744920870143,17.222926809966665,1
391,11,315.1022559178126,6.762801836030259,1
391,12,306.71478069232467,0.16287474068566304,1
391,13,308.04861611127797,10.66114106821849,1
391,14,1.7993404622079212,0.5488565078538321,2
391,15,1.699458516739703,-1.3855503968868084,2
391,16,-3.1433118181339297,8.14415128333082,2
391,17,-0.3395318587917368,-0.4039165432069224,2
391,18,7.422779265578161,-2.44974098964435,2
391,19,-4.015623950557671,6.254879895346196,2
392,0,-311.9977335100491,-2.1134796457581158,0
392,1,-303.4470772794047,-5.829005097879577,0
392,2,-302.19805423803683,0.9401287444925227,0
392,3,-310.400812411724,4.2656027582706235,0
392,4,-312.4759992909827,2.3857103903088706,0
392,5,-308.66004605219865,-2.2929164723546083,0
392,6,-308.89482815786255,-2.339175374306225,0
392,7,-304.0983392388549,-4.278098635127327,0
392,8,320.1583555808176,15.564859281621587,1
392,9,307.8189603605565,7.580763421342373,1
392,10,319.9452530650071,17.111194351756048,1
392,11,315.7509441727329,6.905310714566246,1
392,12,307.2472329314732,0.2337271902488785,1
392,13,308.8742112840595,10.787640068358183,1
392,14,1.7246393537585998,0.5816443484316768,2
392,15,1.9347962257242468,-1.2970079424512173,2
392,16,-3.199937320283454,8.565423902444024,2
392,17,-0.3331495208001757,-0.22763690534358183,2
392,18,7.573124091116898,-2.571004734384766,2
392,19,-3.9178000162701436,6.170499739822681,2
393,0,-312.7520086705858,-2.137236391648653,0
393,1,-303.859891110806,-5.886517975494617,0
393,2,-302.9608255967769,1.0228372088282978,0
393,3,-311.07972790134795,4.15898775653875,0
393,4,-313.43956252787774,2.4555189403586444,0
393,5,-309.5979480663579,-2.4763595203496727,0
393,6,-309.68668116116794,-2.5277393320117967,0
393,7,-304.96664778775033,-4.16984966430055,0
393,8,321.46140645352654,15.667755756216646,1
393,9,308.4935335440266,7.716837590391474,1
393,10,320.8226452363005,16.8754420448147,1
393,11,316.4480205096686,6.9170868103217575,1
393,12,307.81626587748445,0.21550879038735535,1
393,13,309.8529038969211,10.619492411395333,1
393,14,1.5303193731586764,0.7428943449881923,2
393,15,2.304309806579494,-1.2600752498413432,2
393,16,-3.3452956997090193,8.723448734908391,2
393,17,-0.16003499156906603,0.10364816619288253,2
393,18,7.7310379953962,-2.4597634942564777,2
393,19,-4.016215388095079,6.24727074838066,2
394,0,-313.0818825988539,-2.3275158649086705,0
394,1,-304.3326909639518,-5.952163472531245,0
394,2,-303.8086181999178,0.6932780575200501,0
394,3,-312.0239811850395,4.238398792591894,0
394,4,-314.0293379272407,2.23100181171577,0
394,5,-310.72104564423114,-2.0819774968187357,0
394,6,-310.5124267270392,-2.1551812207776626,0
394,7,-305.5061083595486,-4.0018807299995665,0
394,8,322.24222291303505,15.492794082214603,1
394,9,309.2439467011579,7.541500779039211,1
394,10,321.9708093147128,17.021131150587827,1
394,11,317.2390167802833,7.063495394002596,1
394,12,309.01240159361566,0.4193351710945347,1
394,13,310.6743136853442,10.725651283187217,1
394,14,1.678288085048782,0.42313990971910126,2
394,15,2.402632671587727,-0.9988438110401792,2
394,16,-3.2065844002789907,8.822774158822316,2
394,17,-0.3323004835435388,0.1213190361730781,2
394,18,7.578296934621611,-2.729249110038759,2
394,19,-3.9206244927847287,6.5740439943632865,2
395,0,-314.1040805623071,-1.949959885149866,0
395,1,-305.01904106318506,-5.866887529258405,0
395,2,-304.3266457096891,0.8498858693495943,0
395,3,-312.7958607219266,4.297697564226255,0
395,4,-314.9217503674798,2.33617583890879,0
395,5,-311.07225605410963,-2.0201908755351905,0
395,6,-311.3069001396478,-2.1371437558270974,0
395,7,-306.6507771494844,-4.040809880575482,0
395,8,323.38851743938596,15.498900563983868,1
395,9,310.3008503390829,7.769123886918894,1
395,10,322.90139744930985,16.679908093161377,1
395,11,318.0320054614443,6.9383693464064695,1
395,12,309.8909021694261,0.28418849831508697,1
395,13,311.4788143463377,10.532446438482737,1
395,14,2.201760865124749,0.017708089567122554,2
395,15,2.31377368805844,-1.195309352084572,2
395,16,-3.1125939801369777,8.878421131243945,2
395,17,-0.1275519644504821,-0.020019669377082883,2
395,18,7.996898579918268,-2.6567749090729005,2
395,19,-4.095553712403173,6.512956528478461,2
396,0,-315.1760191782538,-1.8716169313781241,0
396,1,-305.85071010608516,-5.905157450658018,0
396,2,-305.1128645916398,0.27660270936725195,0
396,3,-313.8493663638973,3.7946229566927325,0
396,4,-315.641369673062,2.0670615730509754,0
396,5,-312.03847774755866,-1.992811907009333,0
396,6,-312.1408805827149,-2.5231657550781694,0
396,7,-307.54312357285716,-3.879273952354938,0
396,8,324.4509891357544,15.580424456772215,1
396,9,311.30239119924784,7.403648004341543,1
396,10,323.89555706636224,17.029875393935097,1
396,11,318.49194841569744,6.697963619829402,1
396,12,310.8891336657149,0.3634709305637889,1
396,13,312.29983033830314,10.525064070803424,1
396,14,2.373146032098398,-0.007915181449365767,2
396,15,2.131260369561818,-1.271389316599753,2
396,16,-3.2019009497206783,8.915394914148948,2
396,17,0.11138377765612356,0.17272906989848774,2
396,18,8.089623361765943,-2.5890419600070915,2
396,19,-4.388762601948643,6.561005696668839,2
397,0,-316.1610904126296,-1.661178185242285,0
397,1,-306.8099651178288,-6.101249169133827,0
397,2,-305.96572944638206,-0.004210326806753095,0
397,3,-314.6334670056273,3.820016108625397,0
397,4,-316.14995008652204,2.057869140607229,0
397,5,-312.73796680394537,-1.8959984266758974,0
397,6,-313.363850022914,-2.5942484868701112,0
397,7,-308.0101795966807,-4.085244382595565,0
397,8,325.2245248180089,15.68304901691775,1
397,9,312.0966085858895,7.4029229014066695,1
397,10,324.6758444135239,16.873139392863706,1
397,11,319.38707982884574,6.948019269264075,1
397,12,311.53192260832793,0.1903037121084161,1
397,13,313.1034923705801,11.005160275587283,1
397,14,2.831679691417027,0.1576682577156761,2
397,15,1.8413341949880033,-1.3398032766788053,2
397,16,-3.5438582530611904,8.778238363660307,2
397,17,0.6413665553646026,0.45242387117007193,2
397,18,7.994752252685652,-2.3944766097042076,2
397,19,-4.2814275077270985,6.773161064443109,2
398,0,-316.9569584946885,-1.5745097662115646,0
398,1,-307.8684839977321,-6.1170659648693455,0
398,2,-306.8237798430573,-0.02662036524337232,0
398,3,-315.4742729290409,3.853665031456918,0
398,4,-317.1364878350927,1.8370755892099262,0
398,5,-313.75375087906184,-1.8423464850372713,0
398,6,-314.5155071624041,-2.311088679273055,0
398,7,-308.79631361346236,-3.8001035950792246,0
398,8,325.9933696255389,15.925795495944039,1
398,9,312.4786310778999,7.533812206093565,1
398,10,325.49983080699883,17.137502734973197,1
398,11,320.23961445363244,6.277309151988354,1
398,12,312.0231359352749,0.2621882601406239,1
398,13,313.6035611635965,11.167665944225751,1
398,14,3.072259832632562,0.17562275118249834,2
398,15,1.869239499003455,-0.8628540417148989,2
398,16,-3.763185818692048,8.754525484915376,2
398,17,0.6094805126641335,0.38371700924781826,2
398,18,7.830361303659701,-2.3272649677878237,2
398,19,-4.295262552525395,7.226557087473699,2
399,0,-317.6443397451018,-1.491764473265645,0
399,1,-308.8907330647294,-5.828681873369687,0
399,2,-307.5567995054902,-0.12427727183585112,0
399,3,-316.42314636879917,3.727209517409458,0
399,4,-318.00658400219265,1.8160477312067074,0
399,5,-314.5622652591068,-2.0596279241696687,0
399,6,-315.4419447625883,-2.274164650310035,0
399,7,-309.3797623506703,-3.6342134348892947,0
399,8,327.2088963973873,16.210802260501882,1
399,9,313.3891687342079,7.6091263613568145,1
399,10,326.30612113766915,17.132268409394722,1
399,11,320.8575453071836,6.1191826970872,1
399,12,312.76787603967233,0.2903248653129128,1
399,13,314.24173208481676,11.336409457211136,1
399,14,2.668785016759577,0.5692032986852088,2
399,15,1.678338030355663,-0.8702299403803188,2
399,16,-3.787173119609041,8.519247118640793,2
399,17,0.7922062117787686,0.31224819850438623,2
399,18,7.968853967212903,-2.154033166014795,2
399,19,-3.981842511837926,7.095376871865734,2
400,0,-318.667109359505,-1.5500891662976257,0
400,1,-309.6070199749201,-5.974526279412464,0
400,2,-308.1379826359786,-0.08264631127591418,0
400,3,-317.06901362803444,3.7896152024462926,0
400,4,-318.6444296419315,1.5435150110116227,0
400,5,-315.20113630313,-2.2608702898423783,0
400,6,-315.9289998124424,-2.6320142850492383,0
400,7,-310.35315752973577,-3.6825561493441326,0
400,8,328.32224938231093,16.218182024783633,1
400,9,314.26571410856997,7.825571343364318,1
400,10,326.9272429021854,16.871047562397504,1
400,11,321.81436341444805,6.363151943057689,1
400,12,313.5334929509951,0.37451221895790265,1
400,13,315.05398213912395,11.331790599732802,1
400,14,2.7472984098822453,0.7561349582027929,2
400,15,1.8777909817555334,-1.1432712268134058,2
400,16,-3.6378845852455846,8.78504235014754,2
400,17,1.115616055982563,0.584299487859771,2
400,18,7.84743487929197,-2.2096243635511197,2
400,19,-4.331812675827782,7.423799962021012,2
401,0,-319.7679419298765,-1.4608543818841564,0
401,1,-310.1131405476211,-5.695427960117486,0
401,2,-309.05051690211786,-0.25238325714714993,0
401,3,-317.7645273632529,4.018503141319555,0
401,4,-319.44503325100663,1.5738595407035838,0
401,5,-315.9152738888115,-2.347154436787185,0
401,6,-316.7466044716502,-2.8664701436601656,0
401,7,-311.16419420135173,-3.667575527263258,0
401,8,328.9805185683239,16.040326223404406,1
401,9,314.93199401378206,7.549783085294374,1
401,10,327.2274088568074,17.179294331316104,1
401,11,322.62639708977775,6.590053019347581,1
401,12,314.5829731621774,0.5789506469149065,1
401,13,316.0621161154866,11.506446030605927,1
401,14,2.5181786383038944,0.8342327743578883,2
401,15,1.8254398769847995,-1.182079722544921,2
401,16,-3.578869269433787,8.790239836335108,2
401,17,1.2673236774256778,0.3532661977101353,2
401,18,7.81353357233433,-2.052702930606808,2
401,19,-3.9412324397358525,7.181811147633494,2
402,0,-320.81359212402214,-1.214722451249939,0
402,1,-310.70265047472293,-5.583778511251297,0
402,2,-309.88620267758546,-0.5740582442761766,0
402,3,-318.22347241377344,4.0726028471037905,0
402,4,-320.3640562470426,1.5769008159034346,0
402,5,-316.56615580161076,-2.1286674689852307,0
402,6,-317.75106975773383,-2.5585863801006434,0
402,7,-312.01747826791643,-3.726905703025856,0
402,8,330.17937005905503,15.806699868466056,1
402,9,315.6188495817811,7.604632634355821,1
402,10,328.3111104120384,17.476511170380498,1
402,11,323.2518956553321,6.57942046059799,1
402,12,315.70792686791214,0.4478599300675863,1
402,13,316.6229308296837,11.507577466707001,1
402,14,2.460809289883237,0.46986743647303425,2
402,15,1.800173611857045,-1.0911066796141153,2
402,16,-3.486537523793426,8.8704055870642,2
402,17,1.2075933874059481,0.2943842312553149,2
402,18,7.9582650216025455,-1.9028551086809866,2
402,19,-3.811298733730308,7.0305876174081146,2
403,0,-321.54610999944475,-1.1262002498865138,0
403,1,-311.7236778467997,-5.559711461388768,0
403,2,-310.294798044421,-0.3344902415839862,0
403,3,-318.7921856642713,3.9448545797438928,0
403,4,-321.19741423622537,1.4041295221711818,0
403,5,-317.6419624999976,-1.7980061204091098,0
403,6,-318.5176983160249,-2.394926552256562,0
403,7,-312.7648951450172,-3.5325829093917314,0
403,8,330.63217801991465,15.832811183274426,1
403,9,316.2887039616983,7.778973377697994,1
403,10,328.7644811601215,17.494421096102688,1
403,11,324.0190400854142,6.6162993432767925,1
403,12,316.283913329795,0.42491431298886073,1
403,13,317.3981469636788,11.600096181619056,1
403,14,2.3791483228892645,0.488402361605752,2
403,15,2.238181179192691,-0.7930191035825856,2
403,16,-3.332237097696427,8.924356419914808,2
403,17,1.3145548516373033,0.5220745661731591,2
403,18,8.197330353758975,-1.9980440300919786,2
403,19,-3.9363323715059506,6.841690875411862,2
404,0,-322.34808492130975,-1.3056344086419998,0
404,1,-312.3504921770375,-5.560697683983815,0
404,2,-311.0712037822432,-0.244822714074113,0
404,3,-319.1277146778592,4.090902213365911,0
404,4,-322.03787350437193,1.530773129357129,0
404,5,-318.36248397480193,-1.5172620687884102,0
404,6,-319.2310961071452,-2.2451386976474517,0
404,7,-313.28720342142174,-3.506837689712202,0
404,8,331.6078766075533,15.886568021841795,1
404,9,317.2267672791298,7.966181151587783,1
404,10,329.88969878870836,17.53774053204681,1
404,11,324.9152689510724,6.7582441123431,1
404,12,316.97141015255386,0.7107444118177096,1
404,13,318.53595738986445,11.727332475804348,1
404,14,2.0850947979745054,0.6314779652174595,2
404,15,1.8559461734446732,-0.9308872369241654,2
404,16,-2.8377170139841232,8.86902727602153,2
404,17,1.3786410044691426,0.7335583131183594,2
404,18,8.374736681826585,-2.0866255244965006,2
404,19,-3.8819089359888346,6.367797382956735,2
405,0,-323.0230138677589,-1.5769080583748583,0
405,1,-313.1129171535818,-5.658648113806159,0
405,2,-311.86117463258245,-0.42418389294668446,0
405,3,-319.8174320565508,3.8272796561172475,0
405,4,-322.8192564841875,1.8790670571004282,0
405,5,-319.17920622419746,-1.6792107863812396,0
405,6,-319.70464879630936,-2.5037475684058643,0
405,7,-314.1691564799082,-3.751420041385879,0
405,8,332.7935362738179,15.957395113304848,1
405,9,318.31172841064074,8.20310919415915,1
405,10,330.801638454301,17.693515730359145,1
405,11,325.8737107991543,6.644440068785018,1
405,12,317.69709067174625,0.3558046766449614,1
405,13,319.1284612398769,11.528665820458755,1
405,14,1.7069996154758242,0.9303643365470469,2
405,15,1.8089397190152339,-0.690177069427819,2
405,16,-2.8074035385108695,9.056148713456837,2
405,17,1.2649955534024124,1.02932956115124,2
405,18,8.410631410033032,-2.0836091623106197,2
405,19,-4.032816947644206,6.468926885917025,2
406,0,-323.93279722456367,-1.72463502676884,0
406,1,-313.8027406781792,-5.526107236033394,0
406,2,-312.76778077201624,-0.5903084758386651,0
406,3,-320.5908657983566,4.206615369390112,0
406,4,-323.3694376802585,2.0502945172322007,0
406,5,-319.81328261370203,-1.729062696059021,0
406,6,-320.36726329792634,-2.2043218907976514,0
406,7,-314.72910323185613,-3.829570748506919,0
406,8,333.45370800513086,16.19385173660172,1
406,9,319.07401164250973,8.028321267705623,1
406,10,331.86963831656857,17.580757785107014,1
406,11,326.9299759985443,6.809046049669464,1
406,12,318.6381648119082,-0.056666961021549445,1
406,13,319.7917119686195,11.573709578608439,1
406,14,1.7231240503006942,0.8273506154721257,2
406,15,1.9199997431657096,-0.2732662561726843,2
406,16,-2.894595102256726,9.227902287411439,2
406,17,1.0646316404481282,0.8448024773686275,2
406,18,8.404856786055257,-2.2812116762802215,2
406,19,-4.399757190206707,6.631603331880812,2
407,0,-324.56902429299913,-2.0024268544707566,0
407,1,-314.7876267235556,-5.557370836097587,0
407,2,-313.70489762915685,-0.4033098449971696,0
407,3,-321.3611149452806,4.017340350527442,0
407,4,-323.9597115261005,2.3096252262500476,0
407,5,-320.55152375653836,-1.929414279102045,0
407,6,-321.00629406850845,-2.353945078052859,0
407,7,-315.2504285732262,-3.6082114641510405,0
407,8,334.53318194764967,15.951566452999964,1
407,9,319.6990730292861,7.896241978661325,1
407,10,332.4768383227398,17.70611866104455,1
407,11,327.6036441821304,7.110565105298692,1
407,12,319.4360891695791,0.14514403321271255,1
407,13,320.60457813073657,11.61161718935883,1
407,14,1.8006525552591688,1.1722823576529955,2
407,15,1.9405595778372557,-0.25911435763969404,2
407,16,-3.2699287413976617,9.277290226613546,2
407,17,1.1492041331882266,1.1735811056323657,2
407,18,8.278276215900629,-2.5521715350546366,2
407,19,-4.370604924682004,6.665246075358303,2
408,0,-325.5805876997649,-1.862723581283346,0
408,1,-315.5279456115754,-5.558294626284263,0
408,2,-314.63301564397347,-0.6812585766559185,0
408,3,-321.9420771309584,4.321758737487941,0
408,4,-324.8968434478674,2.2470847624390555,0
408,5,-321.24584127711023,-1.6524688286562488,0
408,6,-321.72800920373845,-2.511061160531164,0
408,7,-315.80218053694904,-3.245202627511121,0
408,8,335.851101954491,15.788096801451653,1
408,9,320.663247870057,8.020072100992554,1
408,10,333.26982538588516,17.494433214685802,1
408,11,328.31785726825115,7.3404411572050705,1
408,12,320.18439001733464,-0.06487286700407846,1
408,13,321.0762486245906,11.742164430094723,1
408,14,1.8088008660934412,1.497932969149207,2
408,15,1.775961881335199,-0.6188543089388003,2
408,16,-3.629961369919436,9.290728556034836,2
408,17,1.499027328194934,1.3990871673742085,2
408,18,8.110303656485309,-2.7095414798607207,2
408,19,-4.116468349410017,6.694407784679816,2
409,0,-326.0350850751419,-1.7306912536130612,0
409,1,-316.14219095207295,-5.644069216381219,0
409,2,-315.48030742072666,-0.8370725754835346,0
409,3,-322.5749518752373,4.124259564322969,0
409,4,-325.62706533828674,2.234500751925898,0
409,5,-322.29356985571957,-1.7190380555381615,0
409,6,-322.5488235394923,-2.39310570175471,0
409,7,-316.8627080962672,-3.289130596591001,0
409,8,336.9815038013361,15.755171454575597,1
409,9,321.62349803611755,7.470916975304808,1
409,10,334.43559245956556,17.26585799600349,1
409,11,329.5190341509332,7.459345498948395,1
409,12,321.053286197884,0.03372912618485138,1
409,13,321.94721950437406,11.702689569945692,1
409,14,1.8164150202126361,1.333564079456326,2
409,15,1.7129468716209513,-0.6324102245493456,2
409,16,-3.8634188088355708,9.532017282191704,2
409,17,1.438029279982837,1.8480512523795691,2
409,18,8.250996570896055,-2.9068161751938133,2
409,19,-3.9656568506777172,6.898669793827727,2
410,0,-326.7216135301302,-1.7530638240493648,0
410,1,-316.68572647980614,-5.826210961164837,0
410,2,-316.24101257430283,-0.855435585628018,0
410,3,-323.32991644938124,3.934534982754842,0
410,4,-326.27514802853415,2.2592736832708162,0
410,5,-323.09385032251913,-1.492736658328914,0
410,6,-323.44935764719287,-2.498548124713736,0
410,7,-317.90159200925194,-3.0573117014131763,0
410,8,337.8274885013301,15.815894364721563,1
410,9,322.45384975577315,7.34348417580062,1
410,10,335.17202425267664,17.341118057273903,1
410,11,330.01120494612735,7.338048072925665,1
410,12,321.7471898039417,-0.09473642479367106,1
410,13,322.67150592569186,11.803905570748748,1
410,14,1.7977720068849052,1.544045064071297,2
410,15,1.6332134309699686,-0.4172527778879599,2
410,16,-3.86992184681673,9.552117636951383,2
410,17,1.6152373232785404,1.6309484999685846,2
410,18,8.114936767248851,-2.8231225140323595,2
410,19,-4.136465748713667,6.626236174013438,2
411,0,-327.45520255658846,-1.7285705475478914,0
411,1,-317.5463403012799,-5.480802789152408,0
411,2,-317.5143995355184,-1.0269492983666446,0
411,3,-324.04668098244787,3.6913707335848116,0
411,4,-327.11351172218133,2.3264790821935897,0
411,5,-323.68081708744404,-1.4709437734893163,0
411,6,-324.153305228588,-2.5881607990211886,0
411,7,-318.5412743814468,-2.5719241682794487,0
411,8,338.4806497361964,16.010249143302318,1
411,9,323.1403720047784,7.668055346748199,1
411,10,335.8967642907548,17.0288192044093,1
411,11,330.9137208467079,7.049320472295769,1
411,12,322.5770738933854,-0.3528015144619442,1
411,13,323.56265536882694,12.041695090351189,1
411,14,1.3717198559518013,1.5802678974960005,2
411,15,1.2945486861055817,-0.5741196790167142,2
411,16,-3.750170102169728,9.493503312650462,2
411,17,1.6650659098434115,1.927493052397684,2
411,18,8.305228642263435,-2.6036720111422156,2
411,19,-4.50006734764758,6.622407991663422,2
412,0,-328.2330702354705,-2.091550662067044,0
412,1,-318.30126379371404,-5.262001521956729,0
412,2,-318.48157676080467,-1.0931660038112043,0
412,3,-324.87863380433515,3.9500564270451797,0
412,4,-327.86625308663395,2.216123314889206,0
412,5,-324.4607440909407,-1.2693866889016607,0
412,6,-325.009785610239,-2.7883168799901474,0
412,7,-319.22777688932655,-2.7697979092572487,0
412,8,339.2635809597366,15.682803696141296,1
412,9,323.81637160308327,7.57733603923007,1
412,10,336.78744019703737,16.813545807207927,1
412,11,331.70910422982746,7.179187929535867,1
412,12,323.5780024593626,-0.23808774934944885,1
412,13,324.3121341335239,11.815284555720785,1
412,14,1.7795031108630122,1.4078943346345791,2
412,15,1.2830550590336405,-0.5108503619919561,2
412,16,-3.90404604833979,9.423601978582779,2
412,17,1.9809472728060467,2.0904751612389947,2
412,18,8.637766576966694,-2.601062823549619,2
412,19,-4.703194564793272,6.8426762876432425,2
413,0,-328.7627199241919,-2.515061225617994,0
413,1,-319.026966457298,-5.058916751068088,0
413,2,-319.17671002948265,-1.1813189920648035,0
413,3,-325.6675628101517,4.0415720568679685,0
413,4,-328.2790671647527,2.2678078936588,0
413,5,-324.9734659565567,-0.8849953556893377,0
413,6,-325.48138955939714,-2.312783789664378,0
413,7,-320.0537275855915,-2.8173545060694094,0
413,8,340.3596802124255,15.863217106708806,1
413,9,324.5833863955253,7.704657995505941,1
413,10,337.68290830408614,16.717208752252184,1
413,11,332.5460107381846,7.275924435665947,1
413,12,324.21851503919794,-0.2890993806511175,1
413,13,325.06129647780625,11.674237767992123,1
413,14,1.85066841009905,1.2995898041411127,2
413,15,1.05372676303512,-0.560374608064761,2
413,16,-3.6711686493813396,9.45996490889567,2
413,17,1.9868384940239088,2.087981045644779,2
413,18,8.69683911324007,-2.2886023419201913,2
413,19,-4.592457294646583,6.939120304379772,2
414,0,-329.543394623977,-2.4411292153909883,0
414,1,-319.6552047974331,-5.092398502703372,0
414,2,-320.0541717203124,-1.306060776559185,0
414,3,-326.54305876979714,4.061739274005785,0
414,4,-329.00853014111175,1.667476316137965,0
414,5,-325.5613734409108,-1.0939968943650114,0
414,6,-326.60063533221063,-2.4765532469175024,0
414,7,-321.05732006018155,-2.7253117105249767,0
414,8,341.56924422855417,15.724931572849588,1
414,9,325.26735915887684,7.618299135397886,1
414,10,338.6846271209779,16.755959696651516,1
414,11,333.36026715579743,7.147177657350361,1
414,12,325.2338536017284,-0.33476912261139274,1
414,13,325.7534501352939,11.967038963962258,1
414,14,2.0406129947931215,1.0905273008086824,2
414,15,1.074570104053373,-0.4551970277730236,2
414,16,-3.887776072218115,9.432219609902955,2
414,17,1.7694533756756776,2.1130213020899964,2
414,18,8.459870686470609,-2.1772865968597883,2
414,19,-4.802376114523741,6.753536679233852,2
415,0,-330.44379664639104,-2.433659393765518,0
415,1,-320.39706634513277,-5.247803474182521,0
415,2,-320.8756694425654,-1.7502374698990886,0
415,3,-327.51087598813046,4.31689902356806,0
415,4,-329.8948419083617,1.632939503338472,0
415,5,-326.4538125619929,-0.8813933274612862,0
415,6,-327.5457174281494,-2.6802493385486756,0
415,7,-321.82282603951535,-2.2290495338295138,0
415,8,342.63596325666794,16.12178300575297,1
415,9,326.1138736528089,7.655717672793489,1
415,10,339.56782010114983,16.840044917620357,1
415,11,334.1191983638412,7.083487144574473,1
415,12,326.4000476408067,-0.2940552405936152,1
415,13,326.48745624242395,11.92872919552762,1
415,14,1.977136791996506,1.2553733478733633,2
415,15,0.7537476138132904,-0.4820814865995579,2
415,16,-4.02492223818468,9.07188237290523,2
415,17,1.7279988304687195,1.8882497565103193,2
415,18,8.414600983200692,-2.483507757423798,2
415,19,-4.8324042146952335,6.821565272681096,2
416,0,-331.2206761022293,-2.268353512405096,0
416,1,-321.18428330062,-5.247893994088615,0
416,2,-321.7962718589261,-1.9102614917325855,0
416,3,-328.3159605850195,3.898975383787117,0
416,4,-330.8967911338202,1.684162106055978,0
416,5,-327.2322227938872,-0.6702549200154204,0
416,6,-328.5306868659567,-2.612945214161046,0
416,7,-322.4799433567788,-2.365414230011008,0
416,8,343.51913411134245,16.38283044489892,1
416,9,327.52086221052434,7.447369237019027,1
416,10,340.1653622482695,16.664061315146512,1
416,11,334.76991910606165,7.284270266534718,1
416,12,327.0747716683586,-0.35621853378700263,1
416,13,327.23343128208523,12.361411699934651,1
416,14,1.8953021383729873,1.0726640558317815,2
416,15,0.1296972564386667,-0.23313475201918044,2
416,16,-4.253792812343883,9.118904861621166,2
416,17,1.839422336679888,1.8861625442699224,2
416,18,8.64698403103937,-2.6230773725211898,2
416,19,-4.727165746155394,7.034528181539059,2
417,0,-331.9940446598455,-2.4565224749449617,0
417,1,-322.06710081378304,-5.112994889642065,0
417,2,-322.71113557277545,-2.221170154636273,0
417,3,-329.32838966417773,3.8218699658989643,0
417,4,-331.90655055457313,1.9627893265987204,0
417,5,-328.0306890039983,-0.6388542545056469,0
417,6,-329.3975333840818,-2.691005467835037,0
417,7,-323.40081499781303,-2.281092197303196,0
417,8,344.2920751069284,16.10333432173886,1
417,9,328.27058721919195,7.676479200349093,1
417,10,341.0466933708937,16.626281890124122,1
417,11,335.19882224820077,7.664788695711545,1
417,12,327.5763748399431,-0.3269375932143921,1
417,13,327.7215094743997,12.324116730982821,1
417,14,1.9201667436196894,1.1156138243499882,2
417,15,-0.1289097949303885,-0.3056196471083494,2
417,16,-4.556859407400769,9.17629999088853,2
417,17,1.8916433861781756,1.985839762299889,2
417,18,8.835843540027582,-2.4871076562951906,2
417,19,-4.855484271375267,6.827074284325005,2
418,0,-332.8305721209378,-2.330485417270706,0
418,1,-322.5500734312375,-5.002293027778666,0
418,2,-323.67082090229263,-2.28844305355264,0
418,3,-330.0107076350796,4.010067326503115,0
418,4,-332.54187067015965,1.8377073136663025,0
418,5,-328.7332044501396,-0.5083492905718336,0
418,6,-330.19839079850647,-2.5616791097860068,0
418,7,-324.29247762525284,-2.5884044627632985,0
418,8,345.1867123529151,16.080050627859112,1
418,9,328.95698861521737,7.741427701129988,1
418,10,342.08378533386053,16.747175511928226,1
418,11,336.23633826355007,7.696877706132412,1
418,12,328.2679164635756,-0.5859476146963085,1
418,13,328.4228997535868,12.507278323802822,1
418,14,2.017981640066385,1.041529464206763,2
418,15,-0.00436302687990453,-0.6264266100077679,2
418,16,-4.590564228179467,9.272110868336776,2
418,17,2.1377344556855777,1.9694302583998218,2
418,18,9.085636419287239,-2.1124948483158184,2
418,19,-5.001109396678933,6.675431028215164,2
419,0,-333.6997678401064,-2.3962433683383773,0
419,1,-323.5719156709473,-4.959990786997445,0
419,2,-324.09443123658315,-1.9176529535868503,0
419,3,-330.64625732637614,4.068226847833407,0
419,4,-333.2483948156796,1.82317784956673,0
419,5,-329.51217144935157,-0.45733635679076823,0
419,6,-331.12606460594907,-2.641160496191662,0
419,7,-325.256220494957,-2.1049065615401803,0
419,8,345.92448244932996,16.282341484142545,1
419,9,329.41740807216024,7.598225123913433,1
419,10,343.1117556725514,16.72376747730361,1
419,11,336.72909739239316,7.615348871307769,1
419,12,329.0179810316353,-0.4046256104722782,1
419,13,329.4766682440636,12.828721436846077,1
419,14,1.9339441619377367,1.0854001451514363,2
419,15,0.01397994714562626,-0.7066912640020191,2
419,16,-4.579820101224964,9.247103685671414,2
419,17,2.131079194021651,2.0633596137378794,2
419,18,9.208673211877647,-2.105631421966941,2
419,19,-4.953071716648767,7.005828900749125,2
420,0,-334.4597401111828,-2.2335509800656532,0
420,1,-324.5641519128031,-4.964522559735193,0
420,2,-324.9032961315127,-1.9884602349085514,0
420,3,-331.7941033910979,3.873471302367426,0
420,4,-333.9984974913511,2.0473008033678464,0
420,5,-330.2727886345432,-0.3503864282076044,0
420,6,-332.057947187129,-2.9350950149412762,0
420,7,-325.5871983330519,-2.178996449497255,0
420,8,346.7785580787251,16.528354960231084,1
420,9,330.27917322942096,7.5637454069618535,1
420,10,343.72898868011015,16.80633236173858,1
420,11,337.6215485012882,7.6175883126276815,1
420,12,330.0975048795557,-0.1383547568390665,1
420,13,330.46433146530694,12.378964659650267,1
420,14,1.9411724300917002,1.1336164796666104,2
420,15,-0.21007093024442722,-1.0497786466308938,2
420,16,-4.791612983743088,8.94648863110426,2
420,17,1.9340395014274514,1.6112845548626704,2
420,18,9.691208460334071,-2.26115824423779,2
420,19,-5.088561838614305,6.804857901092244,2
421,0,-334.8775684887278,-2.3007590015842156,0
421,1,-325.25995326258413,-5.166867506702292,0
421,2,-325.4218525445339,-2.0478372745963243,0
421,3,-332.51015253433735,3.996021100545068,0
421,4,-334.78986462924206,2.205601818208081,0
421,5,-330.75630050552877,-0.3206070360248224,0
421,6,-332.8305233793129,-2.462605269080085,0
421,7,-326.2170770631646,-2.185878920080917,0
421,8,347.94238249147776,16.633119399549617,1
421,9,331.4435757663251,7.187325749101467,1
421,10,344.29637588440744,16.61618129313619,1
421,11,338.24635309224027,7.780614246424812,1
421,12,330.8772234991261,-0.07570786649703465,1
421,13,331.1505359814278,12.790559258796593,1
421,14,1.5731728675527437,1.427875228826607,2
421,15,0.1087018702048794,-1.073978164077644,2
421,16,-4.769304603638048,8.948938616911152,2
421,17,1.8025045647512885,1.1986418713899964,2
421,18,9.619534879886777,-2.2904552633617077,2
421,19,-5.171316242096633,6.706584972079194,2
422,0,-335.84257587806684,-2.6166869962243084,0
422,1,-325.9536316026107,-4.873022561605114,0
422,2,-326.2384423580702,-2.141811434368059,0
422,3,-333.0687567506531,4.038633957285772,0
422,4,-336.0761105062738,2.344012725240698,0
422,5,-331.6896293210906,0.04125473616558234,0
422,6,-333.5019100618985,-2.4204478085045387,0
422,7,-327.56147308224723,-2.3911113299781213,0
422,8,349.08311261420295,16.08273845714424,1
422,9,332.2811145904391,7.004080468468324,1
422,10,345.14175758545144,16.702722497761016,1
422,11,338.96104412943095,8.004674328082803,1
422,12,331.5295072303743,0.1677158215581869,1
422,13,331.7739210331132,12.786495163942758,1
422,14,1.4229430608971978,1.3335520571925246,2
422,15,-0.034833115653244096,-1.224921297446007,2
422,16,-4.901580576937095,8.618262810281024,2
422,17,1.5784393094307023,0.9256326339759127,2
422,18,9.538889265981604,-2.5150946153052707,2
422,19,-5.413581200384286,6.83832179037264,2
423,0,-336.2932635686597,-2.813618654782594,0
423,1,-326.63733531420496,-5.067726887936064,0
423,2,-326.64207326242473,-2.0491576957712607,0
423,3,-334.11218848677754,4.007554528761308,0
423,4,-336.7057220092268,2.3293214486827707,0
423,5,-332.7723537894973,0.18156252353786917,0
423,6,-334.15035636630097,-2.57113331757603,0
423,7,-328.503091749755,-2.498978904070947,0
423,8,349.8798175281163,16.24055670377915,1
423,9,332.56977531087995,7.071278346773535,1
423,10,345.7227598536629,16.6221454184586,1
423,11,339.84369379041595,8.03405879525017,1
423,12,332.3855356597084,-0.011764749090363708,1
423,13,332.8912857117712,13.095300107017522,1
423,14,1.532057972913608,1.026291157735412,2
423,15,0.013097382464531737,-1.52951785994277,2
423,16,-4.825281248475358,8.717467778301561,2
423,17,1.6529714073684494,1.1198658743194945,2
423,18,9.390298683975,-2.598346263580365,2
423,19,-5.413409487572406,7.137819755498732,2
424,0,-337.0986135545539,-2.8462660612341524,0
424,1,-327.47778494466087,-5.1125423925894316,0
424,2,-327.5276689310583,-1.7598592274059373,0
424,3,-335.20193579114056,3.667133812987267,0
424,4,-337.77957867669426,2.780855888851237,0
424,5,-333.47078754912326,0.3443596747389168,0
424,6,-334.9827151800168,-2.354847496992307,0
424,7,-329.0336660705186,-2.7849558321890573,0
424,8,350.4797113741953,16.328334241077354,1
424,9,333.3695372380488,7.090859486839438,1
424,10,346.5702476548997,16.695107959299865,1
424,11,340.86125223564596,8.109400377803858,1
424,12,333.36273454461104,0.22239739335366895,1
424,13,333.8304500158355,13.200214170550545,1
424,14,1.4165051790452905,0.8346751450342664,2
424,15,-0.2637737980539109,-1.904867930323379,2
424,16,-4.507339694895489,8.71274496938378,2
424,17,1.297961039146566,0.8994041691347024,2
424,18,9.259796360936592,-2.5577167475755074,2
424,19,-5.414148126711807,7.05626162334897,2
425,0,-337.9723985773709,-3.2713228985784637,0
425,1,-328.4418190266728,-5.424015407787752,0
425,2,-328.34384482928425,-1.8421298575104117,0
425,3,-336.0208737366755,3.5685769267180167,0
425,4,-338.3651622273063,2.6029283379072297,0
425,5,-334.2366969819953,0.3524156842649357,0
425,6,-335.68286297384435,-2.3757016732939156,0
425,7,-330.01616234784154,-2.5353717485128273,0
425,8,351.11638927150096,16.192016098349836,1
425,9,334.10821937035314,7.09692478392813,1
425,10,347.37888849949803,16.404544399724383,1
425,11,341.7641477482135,7.905407947240639,1
425,12,334.0545715092206,0.3801299806216746,1
425,13,334.5959323122074,13.023065727417361,1
425,14,1.4702933628629116,0.8401468193962043,2
425,15,-0.12872231449648286,-1.7683717565277592,2
425,16,-4.907784154522222,8.718702471044395,2
425,17,1.3601020330203246,0.7537320648005217,2
425,18,9.232737012057122,-2.3792204926553935,2
425,19,-5.312451316148598,7.200442000477043,2
426,0,-338.3785358003127,-3.407816927242615,0
426,1,-328.98040950095617,-5.326213435708652,0
426,2,-329.1232515795625,-1.6171341084481448,0
426,3,-336.73732202027554,3.3767380277455965,0
426,4,-339.2191341135634,2.457629371206246,0
426,5,-334.93274248284644,0.5053147065945784,0
426,6,-337.062841186504,-2.521431362928225,0
426,7,-330.2305063276195,-2.7687562022561836,0
426,8,352.2669136808632,16.190851701647183,1
426,9,335.15647647177326,6.994405343453331,1
426,10,348.1430690329446,16.980346927436724,1
426,11,342.7596476560041,8.257090950338696,1
426,12,334.92143558219686,0.3407650161539706,1
426,13,335.290116463332,13.031129555678937,1
426,14,1.2973451192162717,0.6778134566221556,2
426,15,0.19640553123349275,-1.8120382236582975,2
426,16,-5.170708142072598,8.671029232677393,2
426,17,1.267159123648258,0.9611235885671316,2
426,18,9.130093952100635,-2.5931573851715237,2
426,19,-5.378250434983382,7.197796019520533,2
427,0,-338.87498721285834,-3.0380812761700335,0
427,1,-329.55671189483365,-5.207027794591813,0
427,2,-330.298629985435,-1.6827566468257833,0
427,3,-337.4614563024576,3.0147126530165282,0
427,4,-339.8241724065791,2.2931316663011168,0
427,5,-336.0056424852366,0.2016941028358359,0
427,6,-338.2707839952771,-2.656643709703284,0
427,7,-330.7900075627115,-3.0554588559982108,0
427,8,353.40835685003583,16.3352537754466,1
427,9,335.78282019272297,6.931070450133928,1
427,10,348.610715464932,17.09180945614199,1
427,11,343.6873199217868,8.173121189161883,1
427,12,335.70122770746644,0.2390141597706567,1
427,13,335.807391874934,13.204259319035408,1
427,14,1.050651543258508,0.7767200438989282,2
427,15,0.3345561696478555,-1.7743930437181694,2
427,16,-4.969385656611081,8.635346837149967,2
427,17,0.98628384442836,0.983484300984118,2
427,18,9.213633831743925,-2.937637280444096,2
427,19,-5.6788891498305585,7.496002972716856,2
428,0,-339.4880662796298,-3.017277238008402,0
428,1,-330.1284700119024,-5.169550592512567,0
428,2,-330.9843596118739,-1.7274185934080795,0
428,3,-338.5803081944896,2.800053884906119,0
428,4,-340.3195743001996,2.1132501805322375,0
428,5,-336.7217612215725,0.47953261425608157,0
428,6,-338.7110392729157,-2.838485293717324,0
428,7,-331.69753405354726,-2.937166499457418,0
428,8,354.1813150612834,15.986192873804573,1
428,9,336.2642100528497,7.323848522128965,1
428,10,349.28166797009874,17.29847608204861,1
428,11,344.53238454415396,8.134360972861387,1
428,12,336.4602071385299,0.1652291847958533,1
428,13,336.38691820362214,13.208045079638817,1
428,14,0.6800382767470383,0.6712121615057404,2
428,15,0.28860482857454073,-1.70159765028053,2
428,16,-5.293689209259369,8.392642520696752,2
428,17,0.9342689020635162,0.8842352059774543,2
428,18,9.488676467796035,-3.0946797737250837,2
428,19,-5.628176069488707,7.2224558578761435,2
429,0,-340.5042111355069,-2.99152480073053,0
429,1,-330.7704528861939,-5.372119200887335,0
429,2,-331.5983385374098,-1.5585444599150666,0
429,3,-339.5032132368123,2.646244944936769,0
429,4,-341.30019422390967,2.0781425476369,0
429,5,-337.31873112015734,0.522899148542092,0
429,6,-339.7612402048889,-3.2418997995544676,0
429,7,-332.50475126847135,-2.910733973636276,0
429,8,355.0353707384657,15.988915882763987,1
429,9,336.89912357697364,7.130420950226094,1
429,10,349.8935922758136,17.215345712615875,1
429,11,345.5838065418015,8.16756892282938,1
429,12,337.02595519166863,0.33570347208128776,1
429,13,336.79438512613416,13.60953716986368,1
429,14,0.7709892903580442,0.4363427062143302,2
429,15,0.2059336360682592,-1.5638978868758349,2
429,16,-5.556918787615946,8.381974921301657,2
429,17,0.7279277137024494,0.8242001971622243,2
429,18,8.996613187759365,-3.0777286898706193,2
429,19,-6.024214335065256,7.450653129027707,2
430,0,-341.68162128513666,-2.793031867297095,0
430,1,-331.60675543763955,-5.324948321666786,0
430,2,-332.2436307906909,-1.3653371662310123,0
430,3,-340.76428961786917,2.8293479779470303,0
430,4,-342.15099788851495,2.109025191883013,0
430,5,-338.2723037867227,0.6898407125179576,0
430,6,-340.53846824792447,-3.170686081977446,0
430,7,-333.4631685090374,-3.2185037165456665,0
430,8,355.66558720287344,15.996056486782809,1
430,9,337.3679086694005,7.070194425084307,1
430,10,350.7719515859973,16.898287669688035,1
430,11,346.61232436972705,8.211417435256259,1
430,12,337.8585937879659,0.370294632751626,1
430,13,337.2947142673824,13.647934193184406,1
430,14,0.2503545253995979,0.3476464747109802,2
430,15,0.2979131187257415,-1.573722245585191,2
430,16,-5.61656150934398,8.148798493970816,2
430,17,0.5754235735122357,0.8614945806093374,2
430,18,9.301729269751336,-3.1490965314461117,2
430,19,-5.939434924792559,7.402194732523375,2
431,0,-342.5885503986917,-2.82577619095974,0
431,1,-332.31457346213125,-5.542557586400576,0
431,2,-332.80963832283703,-1.5212326476995417,0
431,3,-341.5814865907827,2.9878769797625337,0
431,4,-342.7538094114015,2.090583934522696,0
431,5,-338.9610729325726,0.7876464928557613,0
431,6,-341.5182378613377,-3.1624654211474095,0
431,7,-334.47796037427383,-3.124649085559107,0
431,8,356.3317957071596,15.805149137235604,1
431,9,337.9709695292278,7.002365200214835,1
431,10,351.67343113946396,17.1044461833383,1
431,11,347.17706178804895,8.047773131103916,1
431,12,338.75258269073214,0.2317233475008652,1
431,13,338.3188635517884,13.650890126932637,1
431,14,0.973228616447342,0.31580837841859444,2
431,15,-0.07319841645484221,-1.984499790037078,2
431,16,-5.808978176364055,8.148836301282262,2
431,17,0.3631300229789677,0.7428935514090301,2
431,18,9.44730432286476,-3.030754352668985,2
431,19,-5.837893293096441,7.058119423758406,2
432,0,-343.3242432813812,-2.6474561588636556,0
432,1,-333.2991562234651,-5.616178746748154,0
432,2,-333.50163836925026,-1.2007068233420504,0
432,3,-342.43255041635445,3.025721237311756,0
432,4,-343.5195666812084,2.174347514760842,0
432,5,-340.0208128781713,0.6345280895019023,0
432,6,-342.1811474338297,-3.3326512695645754,0
432,7,-335.22395554656015,-3.3278168256890397,0
432,8,357.2713964721289,16.13279634098259,1
432,9,338.42811596442,7.026141428361454,1
432,10,352.48799336894166,17.237474419775324,1
432,11,347.87051851478924,8.029103910046235,1
432,12,339.32714216791834,0.8089039137382081,1
432,13,338.9484135128479,13.67511698030685,1
432,14,0.8490150842600804,0.783095390995316,2
432,15,-0.0879548162223271,-2.242231867941485,2
432,16,-5.7042425625776225,7.893827448764616,2
432,17,0.17015389753770652,0.6319254732869468,2
432,18,9.539531459328648,-3.2934238842259456,2
432,19,-5.93594878839285,7.438244416813953,2
433,0,-344.1332965370172,-2.8230090719142904,0
433,1,-334.04004707299123,-5.455950304715093,0
433,2,-334.0847278527105,-1.3172227192583859,0
433,3,-343.5344590922561,3.180991940405686,0
433,4,-343.98761739780394,1.9601072738069292,0
433,5,-340.9673439516739,0.5009277162104847,0
433,6,-342.96889321563657,-3.3617992177183007,0
433,7,-335.7739215464501,-3.250801187056924,0
433,8,358.0844444905462,15.956552859555154,1
433,9,339.00900604488646,6.855036806361692,1
433,10,353.1927489669328,17.580150744690773,1
433,11,349.02075947520194,8.026856683372031,1
433,12,339.9708912618114,0.7263566171891017,1
433,13,339.94501508716706,13.68318611856297,1
433,14,0.8436997449467852,0.8100884418204625,2
433,15,-0.14292153673455993,-2.0485751330608886,2
433,16,-5.653408027828143,8.060935360042771,2
433,17,-0.007130684142760663,0.8142972556518893,2
433,18,9.395867195772679,-3.5989737097957493,2
433,19,-5.9048018961615245,7.4689738426555,2
434,0,-345.0052025802698,-2.986273188884358,0
434,1,-335.1011436766361,-5.451441153924456,0
434,2,-335.08164444253464,-1.392897642119603,0
434,3,-344.1775232858765,3.11306937557427,0
434,4,-344.6070415508084,2.1467552979384408,0
434,5,-341.50275663724784,0.712759625755835,0
434,6,-344.09575755441585,-3.0397809352186873,0
434,7,-336.24426295785435,-3.564607836540865,0
434,8,359.1711128179594,15.883639519767154,1
434,9,339.4335123302936,6.628238669118295,1
434,10,354.0364167312635,17.83432297153976,1
434,11,349.77976894116296,7.797821522553929,1
434,12,340.7687645479793,0.6349381167853224,1
434,13,340.9182871752595,13.795299054129124,1
434,14,0.7951505784772221,0.84198466703025,2
434,15,-0.32419717053953,-2.273494734557501,2
434,16,-5.5502246267599755,7.829960568895341,2
434,17,0.11904546594149354,0.936529745737393,2
434,18,9.47384134721397,-3.6977602100193803,2
434,19,-5.485499688291313,7.416919919250692,2
435,0,-345.8977120712363,-3.2903586420676345,0
435,1,-335.84370393486176,-5.466697941724755,0
435,2,-336.1785037434844,-1.2669163888407486,0
435,3,-344.9182167626647,3.2212039261608747,0
435,4,-345.1606991653862,2.1192986058443024,0
435,5,-341.9098725348074,0.6583119799629995,0
435,6,-344.62664774615524,-2.7883569975883193,0
435,7,-337.3958427817095,-3.8958314241382066,0
435,8,360.0888541688201,16.23159069971147,1
435,9,340.47143212602884,6.486590451532424,1
435,10,354.39434035297006,17.477250864618874,1
435,11,350.5678797168922,7.6597986496857144,1
435,12,341.798411837638,0.6634549845981975,1
435,13,341.6318320398687,13.674418626944025,1
435,14,0.733491596828839,0.4930329877803327,2
435,15,-0.36429417527471525,-2.211998677234067,2
435,16,-5.748774189281741,8.032442353924,2
435,17,-0.06432925758485827,0.747034565078121,2
435,18,9.28046652951055,-3.6311558663989576,2
435,19,-5.379536994931365,7.403334148850223,2
436,0,-346.6553676324776,-3.2204941518739494,0
436,1,-336.48221997534637,-5.476122779936699,0
436,2,-336.88757625120127,-1.254697314652514,0
436,3,-345.843684229056,3.4726309012546293,0
436,4,-345.91943045751344,2.4535880283958873,0
436,5,-342.7348643121992,0.453285762147008,0
436,6,-345.5232903904088,-3.100972959400814,0
436,7,-338.2528625914435,-3.5113016050294172,0
436,8,361.3109180979281,16.222466623534288,1
436,9,341.31936123850124,6.410358826692696,1
436,10,355.52500682406884,17.416977119242805,1
436,11,351.41207730245776,7.857451274917757,1
436,12,342.64111247015165,0.677268118587065,1
436,13,342.61893241490134,13.938434372241678,1
436,14,0.8528390486087922,0.46030251682927054,2
436,15,-0.3172744444624005,-2.4334004407843723,2
436,16,-6.08205578908046,7.7911673551194465,2
436,17,-0.11767627322240816,0.6003921548938743,2
436,18,9.403123315640546,-3.4696841356824235,2
436,19,-5.372947710978746,7.2334192127287045,2
437,0,-347.1695399845961,-2.964806829836551,0
437,1,-336.9205537702089,-5.2495276321816755,0
437,2,-337.65336197785217,-1.6856272726461787,0
437,3,-346.55068327627106,3.503376819918704,0
437,4,-346.50442612700226,2.5788663490563075,0
437,5,-343.58826206402335,0.4704495299777678,0
437,6,-346.3466113098276,-3.0517948080465787,0
437,7,-338.87149373321677,-3.392479757741329,0
437,8,362.2000535404232,16.179965394800497,1
437,9,342.1719402267811,6.731219317458078,1
437,10,356.48139023576704,17.131007800952247,1
437,11,352.34281347588603,7.6507746476428355,1
437,12,343.6708179306775,0.5907177326175784,1
437,13,343.3452003937098,13.660545688667181,1
437,14,0.8821328742350425,0.30383748608729394,2
437,15,-0.12361317499024238,-2.3590617805663547,2
437,16,-6.231467623378244,7.873360315047939,2
437,17,-0.10697996692153665,0.9150183448611764,2
437,18,9.785208653008892,-3.235584853433331,2
437,19,-5.048747243927566,7.421694112970422,2
438,0,-347.7199446534528,-3.316499716483817,0
438,1,-337.79272918145097,-5.295760187926134,0
438,2,-338.3961157638863,-1.6178872348746633,0
438,3,-347.54726899941573,3.495305173573852,0
438,4,-347.34294324118906,2.750595378378481,0
438,5,-344.35531796989596,0.6406232898286137,0
438,6,-347.16420254098523,-3.2257218020763325,0
438,7,-339.7647738012974,-3.3821391998873582,0
438,8,362.76267712563913,16.46930490279852,1
438,9,343.1432578178745,6.654405581570093,1
438,10,357.4848086260117,17.26428749401447,1
438,11,353.02992741032256,7.844659183661165,1
438,12,344.5981729348597,0.27532882818744286,1
438,13,344.2360298091413,13.598394242495377,1
438,14,0.8477280731219374,0.3004526571994447,2
438,15,-0.16463057621043667,-2.327101503223609,2
438,16,-6.0926636920930335,8.012369090013074,2
438,17,-0.06416988674714111,0.9348362135082497,2
438,18,9.666812519180874,-3.245892092815296,2
438,19,-5.055529778776811,7.297454993891383,2
439,0,-348.0518987322191,-2.877237671889558,0
439,1,-338.60183146288387,-5.047953974861377,0
439,2,-339.17095925822014,-1.9164032492787828,0
439,3,-348.3541219432895,3.5067343553503973,0
439,4,-347.9430035023382,2.6420359842227983,0
439,5,-345.14946644150206,0.4660489466121947,0
439,6,-347.88212669189255,-3.0257230779869486,0
439,7,-340.51565056180164,-3.722202166324103,0
439,8,363.8355424503203,16.410687666910167,1
439,9,344.1284623540276,6.5440127779579065,1
439,10,358.5600513979004,17.44424985369758,1
439,11,353.99188779737443,7.434213044999407,1
439,12,345.4764801633761,0.23299980798540126,1
439,13,344.7344130460402,13.310794322871148,1
439,14,0.7249431209824894,0.3780528882857633,2
439,15,-0.010744735585761805,-2.281987289813489,2
439,16,-6.057864746824864,7.814446211947904,2
439,17,0.009454343225406656,1.159342905180162,2
439,18,9.819435143822748,-3.22178299212631,2
439,19,-4.769503742852792,7.1648827306069975,2
440,0,-348.69399770674056,-2.6286324940970713,0
440,1,-339.5785023288964,-5.169403986919817,0
440,2,-340.208368384521,-1.4146789116227296,0
440,3,-349.43417014115863,3.148817982481183,0
440,4,-348.66853585724283,2.6732118674595555,0
440,5,-345.7691063779199,0.8640435020182103,0
440,6,-348.5044937738949,-3.4621598198060752,0
440,7,-341.3151955622035,-3.9319035560429065,0
440,8,364.75073946548997,16.551767744774548,1
440,9,345.1784523023109,6.723632313183279,1
440,10,359.25651461021437,17.11849518809692,1
440,11,354.6514838578663,7.4425353272170005,1
440,12,346.36107174537625,-0.03895185733041184,1
440,13,345.489484950041,13.565650813810375,1
440,14,0.5531688119367832,0.6047859721787565,2
440,15,-0.44799806890564187,-2.4678159833209934,2
440,16,-6.527862553063479,8.075848409344827,2
440,17,-0.3828909482022988,1.1325510475028424,2
440,18,10.07443760671662,-3.2200515360013013,2
440,19,-5.111167561946227,6.943184418652304,2
441,0,-349.39596539914163,-2.58236464073305,0
441,1,-340.0949263029453,-5.031487450888961,0
441,2,-341.0275940616197,-1.0641840129052293,0
441,3,-350.4137898177345,2.7191191957094882,0
441,4,-349.4269724717239,2.5399636756059554,0
441,5,-346.6759778440974,0.8863679465767594,0
441,6,-348.9529292721163,-3.460145987174562,0
441,7,-342.3691530177502,-3.633642713333132,0
441,8,365.85096014146967,16.299616848870226,1
441,9,346.17822255917673,6.5094688077828184,1
441,10,359.951038548403,17.510520171512688,1
441,11,355.5825918813085,7.581059564225326,1
441,12,346.9726644485379,0.06581243108267294,1
441,13,346.19507871553435,13.507882636711948,1
441,14,0.708435607514906,0.5168468698383801,2
441,15,-0.46258893341435514,-2.4300701867531367,2
441,16,-6.654378569025079,7.969219069780614,2
441,17,-0.12305228624968834,1.2606275372577167,2
441,18,10.221650675763573,-3.1653525862746106,2
441,19,-4.987147884898855,7.023910144632192,2
442,0,-349.8080327635207,-2.4533652796397156,0
442,1,-341.10470372272846,-5.154473533971519,0
442,2,-341.8373004463794,-0.9340306957420134,0
442,3,-350.9732740993332,2.4541712382718686,0
442,4,-350.1966370885579,2.535143385979865,0
442,5,-347.5057706102861,0.9260303841455357,0
442,6,-349.8001172081768,-3.539284448501556,0
442,7,-343.2095515914499,-3.640458384436629,0
442,8,367.0134613054774,16.677867555920724,1
442,9,346.87848222163234,6.173368278386331,1
442,10,360.6447319269471,17.47471842844577,1
442,11,356.4540885930954,7.679521270566269,1
442,12,347.9938738064076,-0.41991336951713903,1
442,13,346.70744350688926,13.440593860086574,1
442,14,0.7492175610813049,0.253863052624897,2
442,15,-0.38800446031723573,-2.282030288972702,2
442,16,-6.672335758169093,7.888828070040096,2
442,17,-0.0217160495737396,0.9954459312180968,2
442,18,9.912748506613385,-3.0721421849572477,2
442,19,-4.930763252569613,6.981386304468345,2
443,0,-350.64031872740827,-2.3753743864274015,0
443,1,-341.91248475260255,-5.490560647803267,0
443,2,-342.66701817963695,-0.8770079990426027,0
443,3,-351.9601400581906,2.56880003210786,0
443,4,-351.10289578925733,2.4640592720993677,0
443,5,-348.60821807965345,0.6804567009419398,0
443,6,-350.6486005510111,-3.564421696960602,0
443,7,-344.0008128105222,-3.7354792128628715,0
443,8,367.72146902939244,16.68494250505858,1
443,9,347.64965345511865,6.092234264945451,1
443,10,361.7077971276266,17.785883984487988,1
443,11,356.9487822963621,7.451966513548869,1
443,12,348.8192503893261,-0.5075290256420645,1
443,13,347.895261051558,13.29578720373196,1
443,14,0.9386198530685412,0.1938004581368685,2
443,15,-0.4415146235900972,-2.22790470905436,2
443,16,-7.076848376085312,7.749035954263923,2
443,17,-0.16580293039442437,0.9341133427520963,2
443,18,9.691524817198337,-3.156837032884956,2
443,19,-5.035779747413406,6.933297261699326,2
444,0,-351.61165506520496,-2.2076493101200754,0
444,1,-342.997537997334,-5.320430029732664,0
444,2,-343.5810503951918,-0.9195960854507405,0
444,3,-352.97432361316606,2.506219408411183,0
444,4,-351.7103041556245,2.5680811434134365,0
444,5,-349.4154476021904,1.1426607069685315,0
444,6,-351.5327353754692,-3.3624700263271734,0
444,7,-344.86166047233723,-3.5242089257896816,0
444,8,368.3662201681521,16.767751002669197,1
444,9,348.43377997465467,6.5349946205361675,1
444,10,362.48680858610726,17.684869202398545,1
444,11,357.24102865122774,7.591149936047347,1
444,12,349.4599723837681,-0.2612084562988799,1
444,13,348.8405997100651,13.059076818859534,1
444,14,0.9758688832479835,0.018509048422636287,2
444,15,-0.41163530222005656,-1.9415943737703234,2
444,16,-7.168290509968292,7.771843589879216,2
444,17,-0.3534546005076097,0.6401920861977619,2
444,18,9.559280004040218,-3.218553564762786,2
444,19,-5.406863610807941,7.276683224881762,2
445,0,-352.3104673285583,-2.177507413361869,0
445,1,-344.18065099658935,-5.201142360609959,0
445,2,-344.48762388930544,-0.646623486243963,0
445,3,-353.67195781487993,2.4771787237751113,0
445,4,-352.62131338123794,2.700485624281863,0
445,5,-349.82473469289346,1.434199770508906,0
445,6,-352.47016452706384,-3.065250719245374,0
445,7,-345.8478852346957,-3.766508839002181,0
445,8,369.25212666564045,16.793049774430283,1
445,9,349.25219750264,6.458857067692036,1
445,10,363.5507048132364,17.434444955827324,1
445,11,357.9223703867375,7.979933757481173,1
445,12,350.4769143849903,-0.09290308053249527,1
445,13,349.7346802909602,13.259325372654692,1
445,14,0.5415570350431527,-0.00016901835234939266,2
445,15,-0.5056284256987613,-1.9699684390737267,2
445,16,-7.32126834225364,7.857645839272138,2
445,17,-0.7434501175925754,0.9596080542179122,2
445,18,9.758452960843027,-3.4197385790612325,2
445,19,-5.4308161957276635,7.108743794471667,2
446,0,-353.13626154683084,-1.8541380650068524,0
446,1,-345.2083662589477,-4.962927969990185,0
446,2,-345.3011419818672,-0.6750412251294886,0
446,3,-354.1485981128125,2.354726768463484,0
446,4,-353.4046216418654,2.898506013421268,0
446,5,-350.49322417202353,1.4890476295214423,0
446,6,-353.4025545326637,-3.0610818357397207,0
446,7,-346.6130596433259,-3.7463903396277773,0
446,8,370.3190811515908,16.765664959653567,1
446,9,349.9406770586364,6.731124630434565,1
446,10,364.1946889642361,17.316947325923746,1
446,11,358.68649252078046,8.035576281999957,1
446,12,350.95693016403857,0.03916739912388642,1
446,13,350.81895482190976,13.502143248778193,1
446,14,0.7075186167862989,0.30708007620397254,2
446,15,-0.5202371688136054,-2.134128187291349,2
446,16,-7.491589451250825,7.7615808314664045,2
446,17,-0.6015696742565974,1.0956071803768412,2
446,18,9.690152089006856,-3.3842585994405057,2
446,19,-5.643697696087503,6.848814171746881,2
447,0,-354.23874454595716,-1.7710732572115389,0
447,1,-345.66094664576724,-4.794990107977836,0
447,2,-346.4161085448473,-0.5590980624584809,0
447,3,-355.00845982044154,2.411235479796804,0
447,4,-354.2144941340025,2.9514225708953616,0
447,5,-350.99999899156455,1.5056376237062847,0
447,6,-354.209939729532,-3.2635011898032515,0
447,7,-347.5893118587795,-3.7203660376154186,0
447,8,371.1210702855213,16.709585856322807,1
447,9,350.54730455311795,6.683794536546194,1
447,10,365.08820394322413,17.114314707110257,1
447,11,359.5205410972677,8.038692161145601,1
447,12,352.102571868479,-0.20271508545698463,1
447,13,351.8402734412532,13.403730314746506,1
447,14,1.228888796872047,0.031185541920788262,2
447,15,-0.15664263652894794,-1.8869547688434734,2
447,16,-7.313456908392041,7.703251947218733,2
447,17,-0.4918549621200215,0.8942219774890429,2
447,18,9.51098443592233,-3.311400581603852,2
447,19,-5.726898060164637,6.644239261900205,2
448,0,-355.16663263288757,-1.4589146635474664,0
448,1,-346.6970849188999,-4.532338483394206,0
448,2,-347.1696357132721,-0.7627424053570095,0
448,3,-355.91746490920883,1.9751536933669054,0
448,4,-355.2825946040369,3.0553478641608933,0
448,5,-351.98628082081484,1.3793469866201302,0
448,6,-355.13822778516794,-3.530035584017941,0
448,7,-348.62646858661134,-3.723772422382095,0
448,8,372.04753303967755,16.46050749222887,1
448,9,351.811659644472,6.7259875826787905,1
448,10,365.6660289147155,16.91049661949018,1
448,11,360.29910972940087,8.264832251740021,1
448,12,352.49389227815647,-0.16894804939697863,1
448,13,352.3537699636612,13.391329756098283,1
448,14,1.6998984207392556,-0.06375343904281863,2
448,15,-0.012996414278572066,-1.5267319835954374,2
448,16,-7.316940615620829,7.596806140431244,2
448,17,-0.7423557843909737,1.090187745201704,2
448,18,9.642028965668704,-3.025702940774198,2
448,19,-5.3928404994259465,7.194092545356078,2
449,0,-355.9639422353151,-1.7209544062587414,0
449,1,-347.26331355117225,-4.343541318890978,0
449,2,-347.99000215564223,-1.033635668613503,0
449,3,-356.53712221895046,1.824338248355694,0
449,4,-355.96616230338776,3.6530134618999686,0
449,5,-352.5512020170536,1.36889214235922,0
449,6,-355.73002331470656,-3.529315501097582,0
449,7,-349.4855751085923,-3.671737874270377,0
449,8,373.20785943338274,16.081137724119035,1
449,9,352.3343660676786,7.095736379986779,1
449,10,366.3489107987916,17.079822361950995,1
449,11,361.33288451636656,8.154541193149411,1
449,12,353.5237164540162,-0.2099341357071409,1
449,13,353.13369409738,13.283832890603241,1
449,14,1.6099027215841648,-0.035480734295619716,2
449,15,-0.09621469199697445,-1.390508778886097,2
449,16,-7.314245157208024,7.665867462860069,2
449,17,-0.3025092567666427,1.1836035611307785,2
449,18,9.711641915197978,-2.9322473485107112,2
449,19,-5.257695498378867,7.107247930489311,2
450,0,-357.00819697779156,-1.6164665446855333,0
450,1,-347.8071089579068,-4.7315877512267805,0
450,2,-348.70089308573523,-0.8796595749353954,0
450,3,-357.3006596075648,1.6290023111798018,0
450,4,-357.19586449122943,3.7961620890783756,0
450,5,-353.63051256867743,1.0278477032818882,0
450,6,-356.736122547541,-3.7207305680251395,0
450,7,-350.2457180772618,-3.3340456189858303,0
450,8,374.1866277927219,16.310436536262706,1
450,9,352.85067742335707,6.697350598292143,1
450,10,367.49796163087444,17.183417802574226,1
450,11,362.45964705082093,8.150917425478758,1
450,12,354.3470363550425,-0.056218863536482144,1
450,13,354.0025010365033,13.301647029868036,1
450,14,1.743068283107502,0.012491717171747442,2
450,15,-0.23571806233802034,-1.1489003773255957,2
450,16,-6.922956904044235,7.698165286188588,2
450,17,-0.32195046283358686,1.1074121608485854,2
450,18,9.522544866181438,-2.6143089472946857,2
450,19,-5.185323226986839,7.361816387556412,2
451,0,-357.72415350659793,-1.8658472451627008,0
451,1,-348.35416187802406,-4.596839496373162,0
451,2,-349.4928672046393,-0.8382681584582888,0
451,3,-357.9890495932057,1.823360083401706,0
451,4,-357.81073266822756,3.9056675128772547,0
451,5,-354.18847192768465,1.2013423913747439,0
451,6,-357.67169009326125,-3.6056307334335185,0
451,7,-350.7424666454398,-3.4179341191893746,0
451,8,375.31599957420866,16.43123017028379,1
451,9,353.53154961029134,6.751707175231884,1
451,10,368.4201388088871,17.379257328094223,1
451,11,363.544116337241,8.433667589815672,1
451,12,355.1014307240709,0.04880191580190396,1
451,13,355.0075726058438,13.528286928099527,1
451,14,1.6655929548975934,-0.12938983276777274,2
451,15,0.04460191700695715,-1.1662957880298892,2
451,16,-6.8906808947682165,7.647186006875599,2
451,17,-0.16321910785285798,1.3052344553646973,2
451,18,9.089720987769851,-2.8293726645686683,2
451,19,-5.239027183796749,7.275120052671494,2
452,0,-358.66632542877255,-2.1225849338308036,0
452,1,-349.0080927023818,-4.785004074303084,0
452,2,-350.39160804129125,-0.5815967319241773,0
452,3,-359.1756612283959,2.019752665968374,0
452,4,-358.77994151001303,3.827689958641087,0
452,5,-354.9230574717697,1.007131338746668,0
452,6,-358.72670531364577,-3.3368891098978586,0
452,7,-351.40132551640835,-3.1111577203594236,0
452,8,376.3607191945548,16.42212277971319,1
452,9,354.18312320536694,6.63589367396505,1
452,10,369.1865039630219,17.260796145434423,1
452,11,364.4853823863986,8.468053597546401,1
452,12,355.4770425705427,0.25614658047512395,1
452,13,355.7890735955808,13.684623488961622,1
452,14,1.4343177792630815,-0.3040217356762019,2
452,15,0.1935316279949709,-1.1065079988256674,2
452,16,-7.0935665823291005,7.831281253397669,2
452,17,0.06854933393988694,1.3541891653994595,2
452,18,9.4487118916974,-2.8109878908040162,2
452,19,-5.4227710525671045,7.4538047983274405,2
453,0,-359.76788765730174,-2.259522304327976,0
453,1,-349.8882840455691,-4.631978102193074,0
453,2,-351.0594705734663,-0.3669118787731832,0
453,3,-359.98002847109194,2.331210938527961,0
453,4,-359.8232443347826,4.33328092855333,0
453,5,-355.78194867096363,1.117152370981922,0
453,6,-359.3636350308818,-3.6890943097343794,0
453,7,-352.0036058635454,-3.1580618584261178,0
453,8,377.2426827692085,16.51847808066341,1
453,9,355.1042401932932,6.441893224355097,1
453,10,370.38406746531376,17.340612420424478,1
453,11,365.393369028857,8.462711127092932,1
453,12,356.16318555589385,-0.16751532047875722,1
453,13,356.3356251362634,13.688456387819375,1
453,14,1.4731273937421654,-0.0985958639155746,2
453,15,-0.2895216780174582,-1.1887419395702852,2
453,16,-7.1121582871332985,7.815105717147209,2
453,17,-0.2995932411234361,1.7898834421551317,2
453,18,9.312309958949337,-2.7226158263270244,2
453,19,-5.186117986789534,7.534673047758631,2
454,0,-360.63755397647134,-2.18340270526737,0
454,1,-350.3202754754638,-4.631251356774104,0
454,2,-351.71067983149135,-0.292438343634981,0
454,3,-360.42572974681684,2.3566984336411334,0
454,4,-360.73126742282136,4.448661547244935,0
454,5,-356.430306443769,1.3758635181203747,0
454,6,-360.3743746269828,-3.627881522437269,0
454,7,-352.83758067300937,-3.0688589137420843,0
454,8,377.9903167785544,16.47125134727963,1
454,9,355.7686866844123,6.255645078974941,1
454,10,371.0941846054408,17.43640930840738,1
454,11,366.36490008482747,8.34540040365318,1
454,12,357.163305587488,0.16075614849854197,1
454,13,357.0351687959995,13.628102864280486,1
454,14,1.6953281050018238,0.334956470440375,2
454,15,-0.11607778889987785,-1.4543693089277419,2
454,16,-7.13115096957078,7.754547523290572,2
454,17,-0.2041926502306758,1.3465873728043336,2
454,18,9.28529211757009,-2.797940738731558,2
454,19,-5.274371031606048,7.535424271796887,2
455,0,-361.48553132511404,-2.292859306208767,0
455,1,-351.0652843965718,-4.869328177330796,0
455,2,-352.65400378791566,-0.464153285337094,0
455,3,-361.560906138396,2.679627565767448,0
455,4,-361.46633920730613,4.363126106651911,0
455,5,-357.36876903077666,1.393634115522826,0
455,6,-360.7590065357319,-3.796852775925606,0
455,7,-353.2965590327676,-2.850259228091575,0
455,8,378.88825747960396,16.66546542313689,1
455,9,357.0580635840534,5.712809857340946,1
455,10,371.71825129994176,17.366506690924485,1
455,11,367.38572970482994,8.162658779553839,1
455,12,357.94620255814823,0.13252854353674526,1
455,13,357.82926861267225,13.517757662316376,1
455,14,2.036750146679464,0.18194416687272713,2
455,15,0.014992472217507824,-1.4083498298856,2
455,16,-6.876871724928647,7.955809211927681,2
455,17,-0.1509355499693842,1.4589053007535604,2
455,18,9.182258468475816,-2.5080356442002363,2
455,19,-5.162173781145825,7.4867411037163665,2
456,0,-361.9771792983661,-1.8908477570457236,0
456,1,-351.9261820687762,-5.3537114515087705,0
456,2,-353.64160303412456,-0.9442189437961531,0
456,3,-362.0745160259076,2.5633070805043316,0
456,4,-361.9740713485764,4.530034644106001,0
456,5,-358.2490327322117,1.314288512014194,0
456,6,-361.25687422839803,-3.8979590066588083,0
456,7,-354.22481062509434,-2.691133789545478,0
456,8,379.6804792291869,16.47650835639966,1
456,9,357.97356979583066,5.823372368223624,1
456,10,372.68568742065924,17.260311090678677,1
456,11,368.14092643829554,8.33526704606717,1
456,12,358.7249127963092,0.025447535058694695,1
456,13,358.39952489967186,13.397577810039655,1
456,14,2.1800955862595863,-0.07489525557647003,2
456,15,0.13436631020250453,-1.1300960261841606,2
456,16,-7.130700209067416,7.934033724748989,2
456,17,-0.2447092556538198,1.2924791372104423,2
456,18,9.013326450910933,-2.748562759868246,2
456,19,-5.008831146533407,7.766781956427527,2
457,0,-362.93971406244896,-1.8212379201609374,0
457,1,-352.5704260065898,-5.693535850416256,0
457,2,-354.52069151176147,-0.5091335737037459,0
457,3,-362.5789481249686,2.181553209413173,0
457,4,-362.6695106969212,4.2179003774561705,0
457,5,-358.7656517878513,1.329070085308343,0
457,6,-361.88377438589015,-3.6365933002060027,0
457,7,-354.94929203294936,-2.7943058692258833,0
457,8,380.83410202510737,16.556830468954402,1
457,9,358.7984136777717,5.584303699315726,1
457,10,373.61928628201355,17.230895532710576,1
457,11,369.2683681454699,8.138641805956027,1
457,12,359.6801613423943,-0.09586185448877924,1
457,13,359.05770976438777,13.60588283144358,1
457,14,2.1474183890982723,-0.30028747060442185,2
457,15,0.08576605144648802,-1.0216475452074583,2
457,16,-7.013934260836083,7.765202117138856,2
457,17,0.23244591437959855,1.4383223213041723,2
457,18,9.06131705895672,-2.8277902955255936,2
457,19,-4.513404891775758,7.921216333255669,2
458,0,-363.83213445107464,-2.100895761658249,0
458,1,-353.42377618567014,-5.754486584202437,0
458,2,-355.3155630049134,-0.4051578112903201,0
458,3,-363.4412683604569,2.1101665985345557,0
458,4,-363.2921918932859,4.416067340218631,0
458,5,-359.49690942419284,1.4277453492257348,0
458,6,-362.5170835561738,-3.8367870360312626,0
458,7,-355.7317704351333,-2.733045121629616,0
458,8,381.68552494836746,16.785129992946157,1
458,9,359.26865795153014,5.6915149124727495,1
458,10,374.61952019988473,17.251978726634704,1
458,11,370.2949264729127,8.353343078870218,1
458,12,360.5884294243619,-0.291857954859543,1
458,13,360.17530077536907,13.65183416347026,1
458,14,1.7431705956403931,-0.2326912676419836,2
458,15,0.13470114051845503,-0.6939618730686752,2
458,16,-6.84375501642539,7.708075766576972,2
458,17,0.2849098688302299,1.4765909679131424,2
458,18,8.802627292106282,-2.550733059883855,2
458,19,-4.389711494610508,7.719587323365677,2
459,0,-364.1066705172997,-2.306630598330474,0
459,1,-353.92947463763045,-5.623314505046978,0
459,2,-356.4545515520874,-0.39495661656542974,0
459,3,-364.2382003054746,2.2176916715828483,0
459,4,-363.92541280536926,4.098251755161638,0
459,5,-360.30661084665394,1.2441791277655856,0
459,6,-363.23254373281986,-3.9302779937842676,0
459,7,-356.6001886820216,-2.8920233195108462,0
459,8,382.67956466521406,16.79117095126013,1
459,9,359.73693685268347,5.798975638727492,1
459,10,375.3044399389384,17.088122597545194,1
459,11,371.2180518665623,8.412883177772805,1
459,12,361.32569109270287,-0.3923444209655291,1
459,13,361.03992470681516,14.00261954370748,1
459,14,1.6822355827642594,-0.2009230266677634,2
459,15,0.25646936045508845,-0.44516599304950044,2
459,16,-6.714039306248677,7.805723736266091,2
459,17,0.2722351192278047,1.462026346428517,2
459,18,9.082389640177642,-2.528595956466842,2
459,19,-4.239952477049031,7.549131445916337,2
460,0,-364.9631351960529,-2.360731311640953,0
460,1,-355.06102862928566,-5.473061814865577,0
460,2,-357.13595254440537,-0.4911432325729205,0
460,3,-364.7148162267321,2.260306051994398,0
460,4,-364.38216647778677,4.181206602417698,0
460,5,-360.8577095072722,1.0949769089439239,0
460,6,-363.97568652461547,-4.142050204758394,0
460,7,-357.60437787134043,-2.787336268080356,0
460,8,383.54066648054646,16.650574692870787,1
460,9,360.4128898497981,5.835851358206484,1
460,10,375.98221119608354,16.92156822460271,1
460,11,371.6630834982921,8.510336197936642,1
460,12,361.7756069307562,-0.3305978743291739,1
460,13,362.03206744056774,14.040333571470102,1
460,14,1.7701632752636476,-0.14936179159900367,2
460,15,0.34810921533360284,-0.901526245737064,2
460,16,-6.901979891231642,7.924937624244416,2
460,17,0.15820659575243953,1.7124353558219552,2
460,18,8.891717593313304,-2.545305865822115,2
460,19,-4.422176460085873,7.832020247578513,2
461,0,-365.8302348078072,-2.6452603205850127,0
461,1,-355.9818421446223,-5.6400927083833166,0
461,2,-357.7516182053523,-0.15262790920970593,0
461,3,-365.3023260343993,2.022721617299769,0
461,4,-365.1599233345436,4.217841028530587,0
461,5,-361.48239877387596,0.7558739119123893,0
461,6,-364.85724938536816,-4.266758380370759,0
461,7,-358.26065199589823,-2.744888803018177,0
461,8,384.43929426957345,17.066840617342187,1
461,9,361.10530754388947,5.532472044493548,1
461,10,376.5332499713153,16.7276602369952,1
461,11,372.45416700824796,8.579323201812931,1
461,12,362.2257731774744,-0.4619632389930765,1
461,13,362.74672381393424,14.276241758272537,1
461,14,1.8253156581301335,-0.2715608461871899,2
461,15,0.02455622206517566,-1.0623274988441742,2
461,16,-6.91171086857106,7.803754565011036,2
461,17,0.23989889378074786,1.8971832462396543,2
461,18,9.200858310117056,-2.5371031194643647,2
461,19,-4.56937821345505,8.002945314581472,2
462,0,-366.5166560708517,-3.0370804457741354,0
462,1,-357.27933658207894,-5.368902752407909,0
462,2,-358.4845223904093,-0.3443803408396886,0
462,3,-366.3323940491815,2.211579532739324,0
462,4,-365.9304465290111,4.122834660497645,0
462,5,-362.1835822146536,0.6552879234516512,0
462,6,-366.05204931641407,-4.546777775888064,0
462,7,-359.24841357846674,-2.8067307446497813,0
462,8,385.2830666848031,17.22832570520977,1
462,9,361.8850807275022,5.370357597156488,1
462,10,377.4583452784407,16.53646284340498,1
462,11,373.3261388718968,8.524498232731927,1
462,12,363.2225691642501,0.0403739897134377,1
462,13,363.5325760829591,14.275572034776388,1
462,14,1.847652164936694,-0.21416787246977118,2
462,15,0.14863840572406944,-1.1591545157938479,2
462,16,-6.943568230062854,8.139006216493222,2
462,17,0.11692093784693716,2.1914846429782515,2
462,18,9.547112769335016,-1.8414896699047938,2
462,19,-4.534683593155012,7.8455257643104455,2
463,0,-367.34200062028583,-2.94026697365606,0
463,1,-358.40837905530924,-5.454813835726281,0
463,2,-359.1385156483454,-0.2219204914036534,0
463,3,-366.9947306817355,2.1793329637711425,0
463,4,-366.43954425638077,4.436545639285055,0
463,5,-362.9434048140098,0.9198768951404817,0
463,6,-367.0492388937057,-4.1498981628076965,0
463,7,-360.22923784679585,-2.7199891263834384,0
463,8,386.0532001375163,17.06126346823497,1
463,9,362.5680532734891,5.23681668029524,1
463,10,378.3606667565655,16.78729584733122,1
463,11,373.98690248374453,8.51688219376157,1
463,12,364.2516864385869,0.04683701049779149,1
463,13,364.11117002233226,14.138515948800778,1
463,14,1.9251620163787155,-0.5231119454296848,2
463,15,-0.17601066059366144,-0.9202856540250222,2
463,16,-6.907833442968587,7.791580511726488,2
463,17,-0.0216241989715856,2.1888867066104787,2
463,18,9.607718745284895,-1.5746553842309945,2
463,19,-4.815113197332942,7.955876257851204,2
464,0,-368.38794464324445,-2.5493745628562468,0
464,1,-359.4453270970011,-5.5077254230984725,0
464,2,-359.8739311127443,-0.07159826891309923,0
464,3,-367.9532527774465,2.025010364926887,0
464,4,-367.3971571634805,4.334658926640505,0
464,5,-363.91709088186184,1.0538312784814161,0
464,6,-367.5498694448791,-3.886123074062374,0
464,7,-361.2683298965092,-2.6532832330662184,0
464,8,387.05191731676683,17.085502300475984,1
464,9,363.3287122814242,5.183997788238897,1
464,10,379.093556818032,17.06582833122586,1
464,11,374.64288928344047,8.271801108175108,1
464,12,365.01363630065663,0.2441003332578664,1
464,13,364.7886076856542,14.47841625314187,1
464,14,2.224200106539781,-0.43155723967635684,2
464,15,-0.31366231956260937,-1.0688075889020747,2
464,16,-6.551112352861374,7.680418193148053,2
464,17,-0.06796346019824676,2.384543202237425,2
464,18,9.821603918055686,-1.6161732648010196,2
464,19,-4.678444211286592,7.798926687054241,2
465,0,-369.33937281049043,-2.5611472024694453,0
465,1,-359.7673982775462,-5.762638011662363,0
465,2,-360.71829010184143,-0.01701048428741178,0
465,3,-368.7015178976855,2.1039076379431587,0
465,4,-368.5270071484472,4.269731483834547,0
465,5,-364.5336550759278,1.0569679007050594,0
465,6,-368.1651389332163,-3.8748596307262013,0
465,7,-361.99938118476985,-2.7624428285177847,0
465,8,387.9441536462834,16.967877330075044,1
465,9,364.1754601647382,5.2746498005285005,1
465,10,379.9268826511945,17.071696100672497,1
465,11,375.617638670553,8.337834173164968,1
465,12,365.6242268503711,0.26689301233848034,1
465,13,365.3428721500102,14.372223246826367,1
465,14,2.441030004265526,-0.3918643310186376,2
465,15,-0.4815777181459488,-0.6832329538819417,2
465,16,-6.423241844756802,7.743096930972074,2
465,17,-0.16163894881903407,2.4783732487120385,2
465,18,9.842377568907331,-1.9193311759101093,2
465,19,-4.782609354977429,7.90284017788944,2
466,0,-370.1687285032859,-2.5798965274094043,0
466,1,-360.76560802134725,-5.9472912194114045,0
466,2,-361.37130925960673,-0.2530827736603237,0
466,3,-369.36394641696967,2.240744257793802,0
466,4,-369.4950868340778,3.8299334426548532,0
466,5,-365.1621574502955,0.8150243842304701,0
466,6,-368.537542375568,-3.825721711908529,0
466,7,-362.694604237767,-2.4187421631998034,0
466,8,389.2822451908375,17.069916053737874,1
466,9,364.7999946130379,5.631342954771498,1
466,10,380.7333170943948,16.78884159236692,1
466,11,376.7624472686251,8.113531617608086,1
466,12,366.69391067788496,0.3678379437103538,1
466,13,366.11592886165727,14.399442192059926,1
466,14,2.6258521854593173,0.045456014584683735,2
466,15,-0.47467201799054487,-0.8914565856694123,2
466,16,-6.045341808207073,7.79120975598234,2
466,17,-0.33961814908390586,2.606923296817181,2
466,18,9.47418582691412,-1.9637878188663849,2
466,19,-4.887192467374357,7.799917722362795,2
467,0,-371.16589071434186,-2.723215622235972,0
467,1,-361.55059992173375,-5.813799716636665,0
467,2,-362.2932819772339,-0.4434121417465635,0
467,3,-369.8854587410402,2.4958633463002173,0
467,4,-370.1334464148719,3.8093192973050547,0
467,5,-366.1732126050109,1.0575145520814506,0
467,6,-369.4154637635782,-3.8860078106923397,0
467,7,-363.29514209335156,-2.5085562225013547,0
467,8,390.12879616946896,17.035448818259503,1
467,9,365.65794521172614,5.787516385720791,1
467,10,381.51800448629365,16.86031739464575,1
467,11,377.6374661041431,8.25654727473305,1
467,12,367.43263721173315,0.3077190290621867,1
467,13,366.7487329190819,14.202286176908215,1
467,14,3.057808669906357,0.3511210001629808,2
467,15,-0.45900510786285986,-1.0673302760400964,2
467,16,-5.996394311729413,7.695988275852317,2
467,17,-0.4086824493259049,2.826380058321196,2
467,18,9.180974751748698,-2.087291369270903,2
467,19,-4.721386537520195,8.03351628454527,2
468,0,-372.0550776776409,-2.462899006843858,0
468,1,-362.63206487543846,-6.1830552357458375,0
468,2,-363.1239184880417,-0.8803989665338596,0
468,3,-370.6917771073945,2.520487670511001,0
468,4,-370.90985470539164,3.876698399668587,0
468,5,-366.86671209248675,1.3918465487574665,0
468,6,-370.4442472339716,-3.8076079805543186,0
468,7,-364.0144059398597,-2.506230913231436,0
468,8,390.97290051551124,17.023504726043402,1
468,9,366.2546349667609,5.715509111439548,1
468,10,382.64606419789123,16.786285118535066,1
468,11,378.7901404459039,8.01643977878266,1
468,12,368.3009349373535,0.34788402546182967,1
468,13,367.93485074882545,14.170982951826085,1
468,14,2.9161487414260914,0.4925435355779875,2
468,15,-0.7122001231618208,-1.14342378824026,2
468,16,-6.014369289352618,7.489447939273278,2
468,17,-0.15649949308273614,3.1510436023173645,2
468,18,9.299673303873824,-1.9618139175131524,2
468,19,-4.717295499050969,7.9399206508964335,2
469,0,-373.0377101505967,-2.334212822445266,0
469,1,-363.593594001608,-6.083635580154275,0
469,2,-363.8948638971925,-1.0397264994256876,0
469,3,-371.289890213523,2.5452457654363903,0
469,4,-371.26536186893304,3.633438170501178,0
469,5,-367.91256201986425,1.6332279771111544,0
469,6,-371.025265961938,-3.6728537807197394,0
469,7,-364.6530090510403,-2.880646901857677,0
469,8,391.5485964316925,16.99439164635381,1
469,9,367.2355121655439,5.7333603402499005,1
469,10,383.21116307110555,16.899123100394952,1
469,11,379.952720477388,8.260579158069884,1
469,12,369.18813212217594,0.10648383631893524,1
469,13,368.6777821999093,13.989121324203477,1
469,14,3.005288416715236,0.5402022067055402,2
469,15,-0.3293546309589068,-1.5119177483553097,2
469,16,-6.093446401827092,7.350863642514152,2
469,17,0.31928510093294493,3.162823488480173,2
469,18,9.189171052118974,-1.75826342688972,2
469,19,-4.807628551027758,8.110128899768402,2
470,0,-373.66197824721377,-2.583494776955998,0
470,1,-364.0844366190871,-5.939130895291172,0
470,2,-364.39228420698447,-1.0548783478026276,0
470,3,-372.18089601402585,2.3859322299240366,0
470,4,-372.0755109589828,3.471461863880905,0
470,5,-368.68710856242274,1.5929163679025862,0
470,6,-372.0961009523345,-3.6502670342557746,0
470,7,-365.8120630985024,-2.906166642968325,0
470,8,392.6092721691755,17.259419764030707,1
470,9,367.85311424205264,5.83904083990914,1
470,10,384.2747571798767,16.859479348226795,1
470,11,380.8429076043508,8.428410063535994,1
470,12,370.2986449913724,0.18101342448103994,1
470,13,369.3178367841144,13.950652104911724,1
470,14,2.968609282111169,0.5560083762453862,2
470,15,-0.31953133419393187,-1.8123295949581177,2
470,16,-5.6794083932108474,7.324039539856105,2
470,17,0.20944579394562313,3.2436123074336454,2
470,18,9.14823808388767,-1.8067948865131858,2
470,19,-5.062578280513787,8.043425513392096,2
471,0,-374.8199780433301,-2.6399498942969677,0
471,1,-364.7999472670224,-6.0961844835875745,0
471,2,-365.3994206493766,-1.3830424374967767,0
471,3,-372.87201005616043,2.3354978352288978,0
471,4,-372.74813398041937,3.370520875315209,0
471,5,-369.11042846081443,1.8744753477158178,0
471,6,-372.94748068003366,-3.978620067125105,0
471,7,-366.7125895285335,-2.5046246056897625,0
471,8,393.5431748255312,17.621726157191972,1
471,9,368.5834039116645,6.1596212992214845,1
471,10,385.0005547050719,16.763730844027716,1
471,11,381.5361098228724,8.395699275329127,1
471,12,371.4427222564282,0.39719704118487,1
471,13,370.0443831412149,13.972642843638784,1
471,14,3.075889566603193,0.27565492358858157,2
471,15,-0.2867222025948825,-1.6175748128131766,2
471,16,-5.6498831758413495,7.499421934247092,2
471,17,-0.0007976956848483874,3.40039827082574,2
471,18,9.023942031317295,-2.0422488268969103,2
471,19,-4.888885983276733,8.319277855809336,2
472,0,-375.42074898070683,-2.808995727186592,0
472,1,-365.4040678121844,-5.805502178280625,0
472,2,-366.373475681994,-1.3385368001438274,0
472,3,-373.64556860031627,2.3232612552128695,0
472,4,-373.6010805726413,3.2689178112324715,0
472,5,-370.2466411748594,1.7540175433313592,0
472,6,-373.5698733864741,-3.9648725756397822,0
472,7,-367.7129798422626,-2.5819930411899574,0
472,8,394.333533555738,17.278752884173617,1
472,9,369.47267863301255,6.1956117877625045,1
472,10,385.7722061495798,16.992743399871355,1
472,11,382.14137019156647,8.728186826533195,1
472,12,372.1624828864947,0.41512086068166865,1
472,13,370.68650671096066,14.14906470662052,1
472,14,3.0152115092179423,0.2575169185446285,2
472,15,-0.005600062789821947,-1.3514906104857287,2
472,16,-5.709050018499062,7.821963144691141,2
472,17,-0.37133324086225045,3.1229826129875797,2
472,18,9.233458542836546,-2.2580210773286606,2
472,19,-4.68716950525737,8.520898645022084,2
473,0,-376.1382022988653,-2.6779865542380072,0
473,1,-366.4100229411702,-5.99388897150445,0
473,2,-367.147418534959,-1.158921913957962,0
473,3,-374.343422362216,2.398908646220124,0
473,4,-374.37176876413486,3.1104319054393668,0
473,5,-371.29100161283804,1.9089268396863837,0
473,6,-374.3245747665173,-4.107327095997027,0
473,7,-368.3392890712003,-2.478573566216584,0
473,8,394.9832675860581,17.310444867980948,1
473,9,370.619758294992,6.204891646125989,1
473,10,386.49953178853923,16.888074866990603,1
473,11,382.9690885245092,8.899644293644894,1
473,12,373.18998593187706,0.6303564079665207,1
473,13,371.741086119184,13.916417238692254,1
473,14,3.198751431282983,0.34831678878447314,2
473,15,-0.11167607180268374,-1.5565144586413036,2
473,16,-5.384120136166586,7.499762257183578,2
473,17,-0.6005928586637086,2.9937039618286585,2
473,18,8.889940979686788,-2.326727180195154,2
473,19,-4.389028418670821,8.419575214456009,2
474,0,-376.87132624512566,-2.7088134385868448,0
474,1,-367.10664081686554,-5.601248549194876,0
474,2,-367.7895786187916,-1.4083686746064839,0
474,3,-375.0960656613172,1.9608041004358656,0
474,4,-375.1920074888914,2.641725376819914,0
474,5,-372.26617150156756,1.5861460173210433,0
474,6,-374.7970236044805,-4.151013221336894,0
474,7,-369.0252792807847,-2.5105660973122594,0
474,8,396.05377483805347,17.204698363773392,1
474,9,371.6622295231628,6.513795144359005,1
474,10,387.1310938129812,16.89397228562152,1
474,11,383.9675215148312,8.835868024326144,1
474,12,374.0146282012218,0.6101004969867773,1
474,13,372.6827082227208,14.304647598646651,1
474,14,3.213805739711636,-0.19170229192595445,2
474,15,0.03674980881066939,-1.5097454432249517,2
474,16,-4.998071072785669,7.443975037341135,2
474,17,-0.44118545460391895,3.0027883732854916,2
474,18,9.204517516599319,-2.223129648373527,2
474,19,-4.2284700030571045,8.576572360440192,2
475,0,-377.7583747655376,-3.2530778569575447,0
475,1,-367.9226159142132,-5.2002942653239135,0
475,2,-368.70740237880665,-1.5634611669568768,0
475,3,-376.025999485483,1.9023310358860632,0
475,4,-376.05371018710673,2.137670516840177,0
475,5,-372.92609212862646,1.5816584109880347,0
475,6,-375.5688962089288,-4.1914885486561975,0
475,7,-369.83953155100676,-2.710434364455681,0
475,8,397.2586169645285,17.344896083458668,1
475,9,372.6125441469107,6.335737278247047,1
475,10,387.7369743182674,17.18564312344063,1
475,11,384.61808293170606,9.112198050282144,1
475,12,375.08371791000894,0.5172763610701238,1
475,13,373.78060137221433,14.428069115580298,1
475,14,3.5750892874115108,-0.0026035940606267682,2
475,15,-0.10113332481852244,-1.4909554021824851,2
475,16,-4.924525534245741,7.0315629223542295,2
475,17,0.02384131195278244,2.909497854888802,2
475,18,8.659508377030917,-2.143552291257553,2
475,19,-4.290840310595439,8.507960852866315,2
476,0,-378.6008453328936,-3.1053915735342628,0
476,1,-368.8202775893552,-5.453416582283962,0
476,2,-369.7358217982938,-1.6199003612632885,0
476,3,-376.89109767768394,1.7421795074805226,0
476,4,-376.7565785109635,2.4166293353004797,0
476,5,-373.7253660203713,1.7297395649508824,0
476,6,-376.0063167264493,-4.058208480034334,0
476,7,-370.7383393092813,-2.68591480492808,0
476,8,397.91409221333697,17.663120365079994,1
476,9,373.38569171171736,6.404471955808006,1
476,10,388.8810287942786,17.289321089979683,1
476,11,385.6727224018088,9.330702847718094,1
476,12,375.96679751225554,0.5804982883619262,1
476,13,374.51394793565817,14.290432928396115,1
476,14,3.5630215461749604,-0.11827887115924973,2
476,15,-0.19229970999004703,-1.8775729326108435,2
476,16,-4.839317908005849,7.038071078541228,2
476,17,0.32475480930278555,2.770599092698037,2
476,18,8.961450615641846,-2.023427489041321,2
476,19,-4.236313996733598,8.624417080672933,2
477,0,-379.19254923506924,-3.143766492138066,0
477,1,-369.56424454691086,-5.189443712113556,0
477,2,-370.47547895984206,-1.4505886617137556,0
477,3,-377.687983477156,1.8861563188881356,0
477,4,-377.4586432849596,2.3062958042478408,0
477,5,-374.5824700138415,1.5609969618590844,0
477,6,-376.8136926681785,-4.148490576230386,0
477,7,-371.4798865443971,-2.7409765549080225,0
477,8,398.768583664676,17.603791704794386,1
477,9,374.1155639022715,6.224407458230722,1
477,10,389.57185339732087,17.349243651047114,1
477,11,386.3502125376185,9.577537256942504,1
477,12,376.6705382990905,0.6716867194199583,1
477,13,375.44384203498214,14.228171649661155,1
477,14,3.7837332886439716,-0.3525582918834292,2
477,15,-0.41402091272168595,-1.7753481602853665,2
477,16,-4.862895862112498,6.846068595149588,2
477,17,0.3985310741215202,2.701278537010071,2
477,18,8.759845525052906,-2.01748428257929,2
477,19,-4.447935910636056,8.718956350533198,2
478,0,-379.9714276315068,-2.879052711875752,0
478,1,-370.41692798052065,-5.2452388491355855,0
478,2,-371.21166354555976,-1.3639127289111488,0
478,3,-378.5090860894446,2.071246018093695,0
478,4,-378.153490719754,2.568034040788978,0
478,5,-375.4012224076684,1.3404665921685714,0
478,6,-377.4959827517188,-4.135262779185923,0
478,7,-371.85490362013905,-2.7382603483688075,0
478,8,399.4649418063722,17.606388085920944,1
478,9,374.87136332304,6.2642518420456295,1
478,10,390.5332280595148,17.18621010960333,1
478,11,387.32039355156417,9.511777168581347,1
478,12,377.3353086715121,0.5396379768439548,1
478,13,376.16433158377754,14.456045667479865,1
478,14,3.6138701661229424,-0.32545692678953514,2
478,15,-0.6360868406058928,-1.7888129549314193,2
478,16,-5.080305533842577,7.174214981421866,2
478,17,0.6132349435152136,2.906932272832141,2
478,18,8.549660935072597,-2.119609750595973,2
478,19,-4.368936624060312,8.37942741960758,2
479,0,-380.7870278916292,-2.774023373129721,0
479,1,-371.3262856005149,-5.326932083900027,0
479,2,-372.0863965151958,-1.1683674623936258,0
479,3,-379.5207765953852,1.594113170270372,0
479,4,-378.9644824949199,2.8933538540139074,0
479,5,-376.20274123520784,1.4683296981196232,0
479,6,-378.2320640927653,-4.1782717075465685,0
479,7,-372.58156361883687,-2.5693237550406662,0
479,8,400.34630886106083,17.803466385151054,1
479,9,375.6539798321806,6.121817731715402,1
479,10,391.24359727771593,16.996831849371723,1
479,11,387.9910748660629,9.334806140074562,1
479,12,378.38714479216287,0.4147229934901464,1
479,13,376.78252792689716,14.315224946107367,1
479,14,3.5925819598669855,-0.0477599108278296,2
479,15,-0.5831943156461825,-1.87937632912928,2
479,16,-4.8943660045743185,6.907144785650984,2
479,17,0.7989644697347791,2.8308644472663733,2
479,18,8.833193832088027,-2.4774646890463625,2
479,19,-4.0186028692702935,8.155136788138822,2
480,0,-381.42398947025185,-2.674058309643075,0
480,1,-372.2637897690306,-5.319696182815705,0
480,2,-372.53243640542723,-1.148070025308483,0
480,3,-380.2194361748895,1.6937243252388572,0
480,4,-379.6771502869048,2.999770965950932,0
480,5,-376.8364120249164,1.7603339970971632,0
480,6,-379.12317406770154,-4.137458795576667,0
480,7,-373.5736275656366,-2.4051523780418353,0
480,8,401.3858002934572,17.725489390391754,1
480,9,376.6156084735806,6.0741060123276505,1
480,10,391.7691843002755,16.679230050293576,1
480,11,388.63820125271667,9.656635324130884,1
480,12,379.34891809214145,0.33290742859919203,1
480,13,377.46080294212965,14.233370746566893,1
480,14,3.596180082617114,-0.24022293207775045,2
480,15,-0.9249489387421671,-2.0074250817280874,2
480,16,-4.910845701346647,7.006673540833521,2
480,17,0.9289742506747212,3.099241601317381,2
480,18,8.7248533235516,-2.4884554817033724,2
480,19,-3.91795685125415,7.992970194922183,2
481,0,-382.12929417270993,-2.7986535908078984,0
481,1,-372.9024503485874,-5.1872477325081885,0
481,2,-373.09245232027524,-1.023557943084063,0
481,3,-380.7571640114267,1.7330184420003603,0
481,4,-380.86705606853855,2.9362785059550416,0
481,5,-377.5881101739336,1.8436511039973102,0
481,6,-379.76261318680446,-4.038918261890507,0
481,7,-374.5349437435205,-2.3809504599840676,0
481,8,402.0457980884746,17.90069194599992,1
481,9,377.39408558503993,5.930343838677036,1
481,10,392.0881923061515,16.74985427424166,1
481,11,389.3510447524731,9.588753519776496,1
481,12,380.1478957727463,0.4043179725540284,1
481,13,378.17143729499884,13.994542664610863,1
481,14,3.4608940975763582,-0.3315052549182501,2
481,15,-1.200763263642287,-2.031868948764157,2
481,16,-5.206680239553242,6.822565431217654,2
481,17,1.1015063823262494,3.165100779208433,2
481,18,9.059639064583743,-2.290177780063821,2
481,19,-3.934976931898537,7.718368935637706,2
482,0,-382.70427738404834,-2.4825753749757085,0
482,1,-373.6649291058553,-5.435851505546783,0
482,2,-373.8728761124093,-0.8374823994624362,0
482,3,-381.237859334572,1.510885755890425,0
482,4,-381.6703465023719,3.1569537133277303,0
482,5,-378.2231803395406,2.235772432570813,0
482,6,-380.7304589543352,-3.682416956443783,0
482,7,-375.52422340014886,-2.54727187719209,0
482,8,402.4234628688386,17.845013118965163,1
482,9,378.2377797990765,6.071827945676853,1
482,10,393.1656506583188,16.805048464554908,1
482,11,390.33681584330014,9.682507836440948,1
482,12,381.0463286419805,0.7382146421087008,1
482,13,378.83724861697726,14.0935774830949,1
482,14,3.2095905562155247,-0.3417730505180283,2
482,15,-1.0443679354548903,-1.6739489947308162,2
482,16,-4.902950438017458,7.163903717278612,2
482,17,0.8600422076741896,3.4282348396978044,2
482,18,9.199507973884458,-2.780756553273617,2
482,19,-4.057871457500858,7.121824180885881,2
483,0,-383.77543232947124,-2.5330739648995126,0
483,1,-374.6185192152439,-5.374760562061549,0
483,2,-374.65915000489576,-0.8169651407023709,0
483,3,-381.908216660443,1.4360417284661517,0
483,4,-382.7206692704117,3.1908341263226223,0
483,5,-378.8900367089589,2.178525617895009,0
483,6,-381.05710175459285,-3.6825055361733248,0
483,7,-376.64002420457274,-2.57761138014036,0
483,8,403.24416442049284,18.226816282172198,1
483,9,379.1736515283992,5.987783083675255,1
483,10,393.99218615410933,16.801000499489167,1
483,11,390.79002074811854,9.519045606986587,1
483,12,381.44890382344096,0.9608160067664901,1
483,13,379.81723658924517,13.897918042470348,1
483,14,3.0152617997217654,-0.5735314633449194,2
483,15,-1.4709476516715878,-1.9634249945482802,2
483,16,-5.299106152669038,6.92677939499079,2
483,17,0.699323111969602,3.656440822683622,2
483,18,8.721315868618012,-2.4570127358776492,2
483,19,-4.368355760799909,7.365068375359973,2
484,0,-384.5211869164247,-2.7997348099904835,0
484,1,-375.33588552046933,-5.411598900633469,0
484,2,-375.53194217636644,-0.7659509848042925,0
484,3,-382.95476767174677,1.2757294283180016,0
484,4,-383.2764791737856,3.3181196659783883,0
484,5,-379.2678867456991,2.4235382247802817,0
484,6,-381.6318863923614,-4.01567097804603,0
484,7,-377.4416887295757,-2.797169146793804,0
484,8,404.0925011845718,18.227851521992967,1
484,9,380.169608615669,5.982005391464532,1
484,10,394.8408725609464,16.655092275699655,1
484,11,391.63392860764924,9.878225033613159,1
484,12,382.24277103753093,0.8601313456909665,1
484,13,380.63754569123125,14.027650721970659,1
484,14,3.059546065579853,-0.6252396129608134,2
484,15,-1.4235294819938398,-2.195308197857864,2
484,16,-5.049590066824867,6.906512185133762,2
484,17,0.7301898039637098,3.44454657402901,2
484,18,8.414766863098588,-2.1020504206157007,2
484,19,-4.72653053917988,7.2579523160059365,2
485,0,-385.32929957465973,-3.0310757073987027,0
485,1,-375.7129393448427,-5.752920979578822,0
485,2,-375.9345843466872,-0.49592098564727555,0
485,3,-383.8949004765247,1.3177001084154827,0
485,4,-383.8739670790574,3.393158181176566,0
485,5,-380.12743851605507,2.581385252958317,0
485,6,-382.49443843063574,-3.870608958893581,0
485,7,-378.27033722048833,-2.877959202112066,0
485,8,405.0525054942144,18.207102455079582,1
485,9,381.1371308485653,6.100757422608067,1
485,10,395.8667957206684,16.669703921940478,1
485,11,392.2171085466165,9.953072479782637,1
485,12,383.01441229251185,0.8803027288714649,1
485,13,381.11879818368226,13.928820669242151,1
485,14,3.040375407086377,-0.6723124693900989,2
485,15,-1.5816328144612644,-2.29797058230863,2
485,16,-4.8548615275123685,7.246870349673154,2
485,17,0.5596047433382866,3.2876620265214958,2
485,18,8.322374467097406,-2.3413973165970976,2
485,19,-4.500361075481307,7.179108830006473,2
486,0,-386.11964802234706,-2.8562645055264193,0
486,1,-376.33907872301853,-5.517562439409855,0
486,2,-376.77888713776883,-0.7878613751083312,0
486,3,-384.48924728764365,1.5460218602300235,0
486,4,-384.6299038491698,3.322426839304219,0
486,5,-381.03151768743703,2.4560726874699244,0
486,6,-383.1505018302828,-3.9293206156646643,0
486,7,-378.9765767384447,-2.77629621710859,0
486,8,405.76415685265545,18.342050702050802,1
486,9,381.63086981449976,5.983007773144084,1
486,10,396.6492874729129,16.697661682093322,1
486,11,393.0587531270758,10.10246989476635,1
486,12,384.30943784606484,0.78549929839437,1
486,13,381.8733545163781,13.861744649125649,1
486,14,2.7782369877007764,-0.6718197331066365,2
486,15,-1.1632959316796954,-2.171566915256867,2
486,16,-4.959011160988581,7.352049090811151,2
486,17,0.24885462708459377,3.268592961590681,2
486,18,8.420298805454332,-2.6618839492001274,2
486,19,-4.620168788307437,7.153974299234849,2
487,0,-387.106742364077,-2.978816528878426,0
487,1,-377.33895960160174,-5.441156719509387,0
487,2,-377.66614039037546,-0.8018657486335592,0
487,3,-385.4396563688246,1.7193458217077862,0
487,4,-385.1007144137832,3.517093727609312,0
487,5,-382.0030248368274,2.400544166339116,0
487,6,-383.80917787633933,-3.8059886667910376,0
487,7,-379.6927408516075,-2.754999552054479,0
487,8,406.4839993716112,18.559378429776405,1
487,9,382.6901592693843,6.206623176869572,1
487,10,397.56892250770386,16.478055330275303,1
487,11,394.12792897567664,9.982360955470073,1
487,12,385.19875857172303,1.0709043645564058,1
487,13,382.82481266068686,13.675844993424654,1
487,14,2.313188959341477,-0.5221159040090655,2
487,15,-1.2682031939125877,-2.1442799431198623,2
487,16,-5.564348147847248,7.102165634267503,2
487,17,0.5039573532507153,3.090383220339044,2
487,18,8.356411116497826,-2.8206931242995688,2
487,19,-4.4722080385900504,7.0079170794256855,2
488,0,-387.93179682148633,-3.093875728015582,0
488,1,-377.8159388305333,-5.409112513632462,0
488,2,-378.2149829179069,-0.44979963720245375,0
488,3,-386.18147086787417,1.6428785341728016,0
488,4,-386.00953462918204,3.792646932337141,0
488,5,-382.81883422563436,2.7282089867735038,0
488,6,-384.6912619251246,-3.5382460790111177,0
488,7,-380.6572149916701,-2.3623611120627404,0
488,8,407.33387107922243,18.678290985263892,1
488,9,383.44003984677107,6.171819500521193,1
488,10,398.3640402236456,16.263013198163115,1
488,11,394.99370600446343,10.14922007528877,1
488,12,385.86515157723454,0.9996748396983398,1
488,13,383.53060643510105,13.736035872847888,1
488,14,2.2946299919610036,-0.7277447665478652,2
488,15,-1.5035485541592644,-2.410388860243235,2
488,16,-5.522320180690392,7.134096979795004,2
488,17,0.2732861966512942,2.980092649502014,2
488,18,8.524459286918638,-3.055696429834784,2
488,19,-4.713472066519859,7.1644882053146155,2
489,0,-388.7046142586088,-3.1248298881034926,0
489,1,-378.7924127788814,-5.34173543409586,0
489,2,-379.39491644691174,-0.49594194501427985,0
489,3,-386.7396283364512,1.4887057786758413,0
489,4,-386.8043495747275,4.0631207779232055,0
489,5,-383.6962632404949,2.681546900569583,0
489,6,-385.75404995819093,-3.7651125442997024,0
489,7,-381.20450695313684,-2.2022685323166318,0
489,8,408.238910350505,18.71546654070876,1
489,9,384.4355793822603,6.409517920620808,1
489,10,399.11897334858475,15.897062256704709,1
489,11,395.8831165012362,10.151742965875556,1
489,12,386.23649388717314,0.5256006324282261,1
489,13,384.42984745926475,13.899416900200416,1
489,14,1.6738078182196285,-0.774316463699173,2
489,15,-1.8671305575470154,-2.699462236023445,2
489,16,-5.477184419535835,7.238905010643515,2
489,17,0.27883080235023705,3.076480457496999,2
489,18,8.358087883566695,-3.2560131930291845,2
489,19,-4.721974809350286,7.150430743348411,2
490,0,-389.25848103409595,-2.738065749822813,0
490,1,-379.4227212962876,-5.04809929621455,0
490,2,-380.3400719184338,-0.6115402777357329,0
490,3,-387.27101550321447,1.4761098761568414,0
490,4,-387.6613387298812,4.041602117145367,0
490,5,-384.09166933995067,3.1414114559081616,0
490,6,-386.79839680082773,-3.721499330756932,0
490,7,-381.74993147558325,-2.5174878675736085,0
490,8,409.03022437600856,18.777749281385855,1
490,9,385.2756266985281,6.5177604938458344,1
490,10,399.942426591476,15.865574793340858,1
490,11,396.9712455794834,10.226721345041776,1
490,12,387.0003965684852,0.4727090845195377,1
490,13,385.26455569135317,13.88386299704978,1
490,14,1.9097893897975924,-0.6273703306057881,2
490,15,-1.9664227553958322,-3.0049069891868214,2
490,16,-5.518632126440176,7.093344556460215,2
490,17,0.5131842367399251,2.9364835803713905,2
490,18,8.41362394489516,-3.713177593972051,2
490,19,-4.597552848655736,7.142208842656678,2
491,0,-389.9518987862504,-3.0740714869266363,0
491,1,-379.9510637571751,-5.256740198811782,0
491,2,-381.09387796171586,-0.9197625384446915,0
491,3,-388.1374993490267,1.4764451592331533,0
491,4,-388.38478106624575,4.401348581856434,0
491,5,-384.77613418817015,3.262863844882094,0
491,6,-387.3552599927304,-3.76254293865135,0
491,7,-382.85749163471553,-2.2414043726749706,0
491,8,409.73919878498083,18.887295674409774,1
491,9,386.15286714883126,6.405395345717678,1
491,10,400.9489620539068,15.9739399258031,1
491,11,397.64697610939317,9.956149043511552,1
491,12,387.88932322277424,0.4888019879804353,1
491,13,385.8954132878381,13.784366637370661,1
491,14,1.9085266940854724,-0.48097957337978203,2
491,15,-1.7731406359986597,-3.1764095224263134,2
491,16,-5.610615091365273,7.215214145280708,2
491,17,0.5385095303843604,3.1855426590950793,2
491,18,8.794838884331792,-3.832484637602101,2
491,19,-4.3786657378887694,7.023248292875401,2
492,0,-390.5468299579851,-3.187783321488283,0
492,1,-380.83592919024426,-5.372973285127615,0
492,2,-382.01147276804835,-0.9098631139895358,0
492,3,-388.86352709404565,1.435454399047226,0
492,4,-389.32494263626273,4.446147328132682,0
492,5,-385.43780169001946,3.4799785268284538,0
492,6,-388.1456773036498,-3.543110199411519,0
492,7,-383.7777104894565,-2.2727421464338455,0
492,8,410.83000024095475,18.71326958585796,1
492,9,386.691170077929,6.383791924841675,1
492,10,401.46531108536243,16.081241526113626,1
492,11,399.05739644426785,9.853759175907463,1
492,12,388.55471171893083,0.7059755814218135,1
492,13,386.7910815185541,13.956480205631696,1
492,14,2.160798249451803,-0.8996395576885466,2
492,15,-1.8261750257594187,-3.0236416975471254,2
492,16,-5.607282458067319,7.134047671676211,2
492,17,0.5856025920749169,2.960632591628772,2
492,18,8.642787433234195,-4.19137905395312,2
492,19,-4.278241255037154,7.112813258172267,2
493,0,-391.3464954830652,-3.0965678331851008,0
493,1,-381.8221870598442,-5.629324661808372,0
493,2,-382.7240763066057,-0.9127064619994666,0
493,3,-389.46132619060154,1.6474599509016081,0
493,4,-390.292807934998,3.9033551624265352,0
493,5,-386.2447354559244,3.614454175234911,0
493,6,-389.06910698433956,-3.5549563469978294,0
493,7,-384.1471538128744,-2.366107946188324,0
493,8,411.59003618470956,19.086932464225473,1
493,9,387.74275297289427,6.438550240439165,1
493,10,401.8842515819486,15.939504058539075,1
493,11,399.87552326105566,9.586680933919764,1
493,12,389.3487892958494,0.6010051654645454,1
493,13,387.7297800077718,14.105225680667852,1
493,14,2.266397873576425,-0.966583224239434,2
493,15,-1.9246428417171626,-3.3104468568225474,2
493,16,-5.616984191845474,7.144088097039816,2
493,17,0.27123450296787033,2.6594657780595914,2
493,18,8.314765647540346,-3.942813618950122,2
493,19,-4.202615504742614,7.035623611103123,2
494,0,-392.3040566428537,-3.3560447505376185,0
494,1,-382.84071592732056,-5.56101557406771,0
494,2,-383.2320685783128,-0.9046667311780181,0
494,3,-390.315162133749,1.325354774211707,0
494,4,-390.8451915728219,3.8539385152507917,0
494,5,-387.06497175598355,3.6358364367458673,0
494,6,-389.4851834778692,-3.989512518839586,0
494,7,-384.8395263982296,-2.383040690330763,0
494,8,412.39029007646457,19.2148131726966,1
494,9,388.3904642076555,6.357463277611414,1
494,10,402.5799175414054,16.15735092318021,1
494,11,400.5553348909896,9.597863884826795,1
494,12,390.5743360060058,0.6499566735922965,1
494,13,388.56453150719307,14.007516507349868,1
494,14,2.495349170136106,-0.9669648449879409,2
494,15,-1.8804276234309192,-3.1461609609391235,2
494,16,-5.608800085534513,6.994954995153888,2
494,17,0.09806986676999999,2.5651346653501403,2
494,18,8.47849992857162,-4.069262532869828,2
494,19,-4.417172865026469,6.76523648178893,2
495,0,-393.4631748973975,-2.993401671001915,0
495,1,-383.73868716094427,-5.3823080807343615,0
495,2,-383.8984324066203,-1.2664002061493702,0
495,3,-391.27484569530276,0.8873832895787536,0
495,4,-391.32882245689945,3.7393651213531447,0
495,5,-387.7491182924724,3.960142791326293,0
495,6,-390.29250424492477,-3.8819379813668244,0
495,7,-385.56330875004767,-2.1607754378379957,0
495,8,413.36373987028037,19.21295122438229,1
495,9,389.4581368319638,6.448234703334633,1
495,10,403.48212126538806,16.073553220285593,1
495,11,401.18146098215897,9.383857211638514,1
495,12,391.3938463571555,1.2478043611614775,1
495,13,388.9620289457866,13.896669803752948,1
495,14,2.2397986843241666,-1.026106450807942,2
495,15,-2.374249299633835,-3.02872327470296,2
495,16,-5.486872105736434,7.111612335413405,2
495,17,0.3103655181141836,2.3198979889580333,2
495,18,8.689731471098037,-3.7388812058697276,2
495,19,-4.6636796190102565,6.627503399757043,2
496,0,-394.28414627194076,-3.261230708231504,0
496,1,-384.5131797388492,-5.526286930435743,0
496,2,-384.41881617216563,-1.1723219955055135,0
496,3,-391.96343970940404,1.0508932627249696,0
496,4,-392.596716643061,3.3600309069429763,0
496,5,-388.64838002991206,4.139327550854759,0
496,6,-391.197742234972,-3.861154205658835,0
496,7,-386.48780432744405,-1.9113980424676236,0
496,8,414.0592363436357,19.222667734161952,1
496,9,390.08491716894576,5.938941558652022,1
496,10,404.1037752401496,16.45761828906771,1
496,11,401.8487535245764,9.663851770874507,1
496,12,392.30626508791556,1.6414950118641307,1
496,13,389.5911294937999,13.604287030698135,1
496,14,2.5432651156353896,-1.22297192293389,2
496,15,-2.256565091179146,-3.167736854771674,2
496,16,-5.523688522549833,7.292155583022363,2
496,17,0.13848907813499378,2.630344362513778,2
496,18,8.931195696511859,-3.955042667293969,2
496,19,-4.619238975104251,6.435945690727503,2
497,0,-395.3175814928395,-2.871484761275815,0
497,1,-384.97716122551094,-5.387659737867298,0
497,2,-385.452261179753,-0.9729520551593736,0
497,3,-392.819424177997,0.9500706087252438,0
497,4,-393.54038218395306,3.1875708862039196,0
497,5,-389.2150079150543,3.929578324657448,0
497,6,-391.75798970844295,-3.6071024576135358,0
497,7,-387.2887041869399,-1.7479959888719434,0
497,8,414.8258073458616,19.252450384468332,1
497,9,390.76252215961637,5.561951870903766,1
497,10,404.85924324675517,16.43196091669841,1
497,11,402.33908151363937,9.78162332034437,1
497,12,393.02597076944573,1.3846568217981483,1
497,13,390.35218166252105,13.633116587662261,1
497,14,2.61216292312347,-1.3446017634059004,2
497,15,-1.9786504852022975,-3.3150238661308435,2
497,16,-5.688136503343225,7.495295479372845,2
497,17,-0.07684033607660104,2.7469775783410686,2
497,18,8.91707666385164,-3.8275433696792067,2
497,19,-4.92503960881001,6.4849937433164095,2
498,0,-396.09635453765895,-3.068865142030596,0
498,1,-385.5468725363714,-5.522748336647248,0
498,2,-386.2150140977467,-1.307627117699463,0
498,3,-393.57946601927915,0.9896774280045286,0
498,4,-394.45855803311383,3.2950910715463024,0
498,5,-390.0021345307333,4.078852064516628,0
498,6,-392.6526111511555,-3.5311069946972764,0
498,7,-388.4171392626527,-1.8943558336881727,0
498,8,415.63597661618,19.483062558267825,1
498,9,391.6137332165746,5.755347917780717,1
498,10,405.65958094304114,16.476148008093233,1
498,11,403.0945874877967,9.740460017610433,1
498,12,394.15674492714567,1.3582844438571695,1
498,13,391.37903802742113,13.757985770301918,1
498,14,2.239858071173288,-1.2511570933100071,2
498,15,-2.1053722123226666,-3.580258898266138,2
498,16,-5.765512248507438,7.430165003326175,2
498,17,-0.49105967073220813,2.54209326827779,2
498,18,8.960411082742072,-3.920024533454787,2
498,19,-4.949012267301532,6.528688306201677,2
499,0,-396.6958035551591,-3.229682021970054,0
499,1,-385.9954117395355,-5.729726322487061,0
499,2,-387.31926327254735,-1.3298001336708618,0
499,3,-394.1358576723139,1.077674608432441,0
499,4,-394.8947116124891,3.1957535160965787,0
499,5,-390.52835311357876,4.049283832634398,0
499,6,-393.30379647883495,-3.5930930752368693,0
499,7,-389.03238644340473,-1.8175349780680599,0
499,8,416.4877843079731,19.58949565605001,1
499,9,392.4967297209313,5.655909965636388,1
499,10,406.36491053960407,16.470618236801176,1
499,11,403.76663437822765,10.268400871296732,1
499,12,395.3194668875607,1.4341014734600908,1
499,13,392.1062996165915,13.738469825492855,1
499,14,2.283468969593253,-0.7969961270875823,2
499,15,-1.9042692327764397,-3.308867441811195,2
499,16,-5.856070264535207,7.553636152782511,2
499,17,-0.2652710937085787,2.5894851917948367,2
499,18,9.008401711078715,-3.5609336429923526,2
499,19,-4.75997646515456,6.394587134987804,2
500,0,-397.6681413847357,-2.9140845939754043,0
500,1,-386.86465339821916,-5.482195192484527,0
500,2,-387.91750458346723,-1.298779110100623,0
500,3,-394.67283720398274,0.8599773755010833,0
500,4,-395.42479210534805,3.173192414149612,0
500,5,-391.3001836839814,3.960608159867552,0
500,6,-394.204381579251,-3.8959118481736907,0
500,7,-389.71672603721044,-1.4310039703468538,0
500,8,416.87972008912504,19.75375264493295,1
500,9,393.5398322087819,5.8623581170037165,1
500,10,406.9995840531598,16.545456270207474,1
500,11,404.506150241941,10.482494454296738,1
500,12,395.72489484737645,1.5167698688539937,1
500,13,392.82339067644403,13.972155988115189,1
500,14,1.6663217362421476,-0.8771401443994424,2
500,15,-1.973057946228382,-3.2040256513663534,2
500,16,-5.926005728615443,7.7402719757024165,2
500,17,-0.2469508454672669,2.7895815198286855,2
500,18,9.008348129224176,-3.716212470165869,2
500,19,-4.455899759244259,5.973392609892172,2
501,0,-398.4162146701656,-3.106014178798682,0
501,1,-387.59162669401485,-5.488256644110882,0
501,2,-388.69625250808025,-1.689944059661391,0
501,3,-395.35025004679324,1.0181556674600367,0
501,4,-396.1310234605017,3.1716316702501537,0
501,5,-392.54703762517,4.043556890743908,0
501,6,-394.90474322295995,-3.561839219340181,0
501,7,-390.3596937411251,-1.6693868415819142,0
501,8,417.3782490944301,19.780160345611883,1
501,9,394.46116856971213,5.699229349317128,1
501,10,407.90716239311615,16.32880351357702,1
501,11,405.497775283925,10.57589833361165,1
501,12,396.87087004585857,1.4244030149323856,1
501,13,393.61015987679303,13.898515513103083,1
501,14,1.7035421625213547,-0.7561920315024989,2
501,15,-1.8311139337074356,-3.3310882104904507,2
501,16,-6.0430037169993325,7.4584995210166145,2
501,17,0.10366764953459737,2.9770538592156113,2
501,18,9.36338329413471,-3.496451177748009,2
501,19,-4.472711163284276,5.8732010731669995,2
502,0,-399.6862136581675,-3.6289357608207338,0
502,1,-388.3404435597493,-5.211844726635253,0
502,2,-389.87880693052597,-1.8770166497628207,0
502,3,-396.04736458734925,1.187614073489593,0
502,4,-397.1703231140724,3.1849140627912775,0
502,5,-393.3961849043837,3.7501336274889896,0
502,6,-395.9870023790929,-3.59315660621214,0
502,7,-391.22562350731323,-1.9771301053874268,0
502,8,418.35615944449387,20.135115737999474,1
502,9,395.1821720781027,6.203540141822218,1
502,10,408.4608607305602,16.642751572498195,1
502,11,406.2883137288794,10.617709715141203,1
502,12,397.56215727759275,1.4885398322871612,1
502,13,394.4317926776183,13.682819105474675,1
502,14,1.4561187258646195,-0.48436609724502594,2
502,15,-1.6468401109564068,-3.608634474744724,2
502,16,-6.236159901582031,7.1205596987951765,2
502,17,0.18993000210386432,3.1242091182623604,2
502,18,9.267815068091965,-3.669487195013333,2
502,19,-4.6877625358096315,5.780872504523436,2
503,0,-400.3159899954145,-3.3057615932017854,0
503,1,-389.12611434660175,-5.144483637065149,0
503,2,-390.5457631063886,-2.2738660278502136,0
503,3,-396.84015457931906,1.227638103086256,0
503,4,-397.9151325620979,3.2445095243504154,0
503,5,-394.52045488644285,3.5522519883304398,0
503,6,-396.43055582233444,-3.8159127532069936,0
503,7,-391.9072070764202,-2.199499702820584,0
503,8,419.00871932954766,20.196398517351405,1
503,9,395.9341057305776,6.601035943923211,1
503,10,409.19660206275995,16.91696649247008,1
503,11,406.9357891677116,10.68955684145724,1
503,12,398.491326570972,1.4779894935522948,1
503,13,395.3546227103554,13.49075882797365,1
503,14,1.4058697297426601,-0.6053203310199016,2
503,15,-1.7923977128288904,-3.6404596895510593,2
503,16,-6.433990267047954,7.025144800379148,2
503,17,0.3168230449013716,3.2899439981845457,2
503,18,9.421653594498,-3.826974490691615,2
503,19,-4.542439409978317,5.718728864190696,2
504,0,-401.1448649372869,-3.1611188473683955,0
504,1,-390.1202720733223,-5.384252389167862,0
504,2,-391.51734760159195,-1.9241138980455017,0
504,3,-397.9422354244076,0.9594387068180447,0
504,4,-398.96063268021845,3.1883494169180104,0
504,5,-395.6108673016849,3.169489837370159,0
504,6,-397.1677364546984,-3.6268651497092295,0
504,7,-392.6793093731442,-2.066708266407635,0
504,8,419.8007052502253,19.788388648034942,1
504,9,396.78581188101356,6.74132138110636,1
504,10,410.04020914965366,16.407181833616946,1
504,11,407.8423693532144,11.073832159378492,1
504,12,399.40781503587573,1.162230813161334,1
504,13,396.3074080254943,13.244124689585318,1
504,14,1.3931694583357828,-0.9648140976087981,2
504,15,-2.1479973356945656,-3.591273015216187,2
504,16,-6.193585060489984,7.017194757309804,2
504,17,-0.060423686662138265,3.389178805387506,2
504,18,8.907620287962198,-3.605508745061461,2
504,19,-4.391576949203857,5.287345081739066,2
505,0,-401.9219290603023,-2.999775236789375,0
505,1,-390.8773673962161,-5.131837854099276,0
505,2,-392.59526722615595,-1.6021548196856474,0
505,3,-398.45018319208623,0.9499844583433754,0
505,4,-399.7946602469718,3.314542429168811,0
505,5,-396.3396144498238,3.2981762434661426,0
505,6,-398.5802986244338,-3.779802644402036,0
505,7,-393.41626812139816,-1.9428047547467775,0
505,8,420.7255209082383,19.753998549829895,1
505,9,397.6234888016809,6.836544152462284,1
505,10,411.0067365893047,16.117481503132648,1
505,11,408.5707054257445,10.875548995131219,1
505,12,400.1470396318105,1.4841694533910685,1
505,13,397.23239574990845,13.639061006396542,1
505,14,1.3542023632413267,-0.9354067344877937,2
505,15,-2.3643125046916267,-3.6145973797831426,2
505,16,-5.883491377022164,7.1387010368761565,2
505,17,0.031232337102648416,3.4357897609609367,2
505,18,8.711045552657719,-3.853172257448042,2
505,19,-4.208856259106535,5.229141045878543,2
506,0,-402.53024189846,-3.181869365518304,0
506,1,-391.6964010631637,-4.834832488838406,0
506,2,-393.3222003618093,-1.8951171454236095,0
506,3,-399.1087019909015,0.7410540946546605,0
506,4,-400.9252812163748,2.823761142962896,0
506,5,-397.14856953179515,3.0541557486228768,0
506,6,-399.4753371082742,-3.6884330272455994,0
506,7,-394.51581510270745,-1.7299116083830448,0
506,8,421.4042089470791,19.66718981250473,1
506,9,398.8399643995639,7.287278264484,1
506,10,411.61487178433134,15.694381552571457,1
506,11,409.1463161255432,11.381591273909379,1
506,12,401.13102492170543,1.4040082848912958,1
506,13,398.10485073545374,13.550307987307384,1
506,14,1.1476595740870648,-0.7631638958756835,2
506,15,-2.3510777802577687,-3.3278995725369014,2
506,16,-6.007473041706555,7.189598072348678,2
506,17,0.14695267013219054,3.2613209862426746,2
506,18,8.571424741046412,-3.5925292550421943,2
506,19,-4.3044155720726005,5.411161481730379,2
507,0,-403.1648542253971,-3.3047124889480126,0
507,1,-392.7159549204925,-4.990430234437653,0
507,2,-394.15753096015106,-2.0942676782002967,0
507,3,-400.24860178382943,0.9892735655500188,0
507,4,-401.55853672837054,2.972913707994464,0
507,5,-397.60902927972745,3.0127539111008903,0
507,6,-400.25901937346123,-3.878156775190452,0
507,7,-395.4929893856432,-1.7334368148666783,0
507,8,422.0887689302625,19.573208398277785,1
507,9,399.50014195319335,7.857231443757678,1
507,10,412.4552363968578,15.944190114789992,1
507,11,409.7953762631925,11.632052655033924,1
507,12,402.25840470931826,1.458680986575965,1
507,13,398.7583978797001,13.301982419139254,1
507,14,1.1592731398998437,-0.5907310561396094,2
507,15,-2.186887364307297,-3.4136320880216844,2
507,16,-5.476908610695564,7.146289551906173,2
507,17,0.2522566584003545,2.8628188017183684,2
507,18,8.70200357933467,-3.7889706039749522,2
507,19,-4.4383905386936355,5.573773367412588,2
508,0,-404.0378236015382,-3.14836465328416,0
508,1,-393.012844250591,-4.651521749936472,0
508,2,-394.78298782522006,-2.0589968818165163,0
508,3,-400.83622818116794,1.227357099902596,0
508,4,-402.5125031755131,3.1787964180917485,0
508,5,-398.44276708660016,2.6881272489055226,0
508,6,-400.85605786791115,-3.9043274227926545,0
508,7,-396.35789791092236,-1.7490228501184093,0
508,8,422.64043199979864,19.790029697043003,1
508,9,400.40558825412995,7.619410520368953,1
508,10,413.2855573745112,16.119214448430093,1
508,11,410.58344810149725,11.853393433304866,1
508,12,402.83362420732294,1.509809970225957,1
508,13,399.9476500197173,13.308332100082417,1
508,14,1.333388247816872,-0.5770697964253965,2
508,15,-2.2468385475194346,-3.477891364152001,2
508,16,-5.538179472165807,6.78572027302824,2
508,17,0.04073870486422207,3.1069066803374756,2
508,18,8.708619071596164,-3.7170363948424403,2
508,19,-4.1909418173940525,5.433176391164777,2
509,0,-404.7731178061238,-3.3112564210376014,0
509,1,-394.26224232276275,-4.611281545806516,0
509,2,-395.5303721624239,-1.9653506564335825,0
509,3,-401.6579209035482,1.2010624494155797,0
509,4,-403.04486532261075,2.962324176057726,0
509,5,-399.5120665186459,2.67380586656289,0
509,6,-402.03903897669505,-3.5549787226637792,0
509,7,-397.23226199611827,-1.8488097498554699,0
509,8,423.56505734016275,19.84163955212068,1
509,9,401.2536121984818,7.729183417079558,1
509,10,414.0926561386025,16.285765194294324,1
509,11,411.70461329448096,12.00988282257535,1
509,12,403.3717994220793,1.693757076103254,1
509,13,400.52122617989266,13.074112706224465,1
509,14,1.420189513370792,-0.37597400428985445,2
509,15,-2.1209588063590745,-3.6551280684330885,2
509,16,-5.5993798688602485,6.706144305075638,2
509,17,0.34268948907962515,3.300476423985878,2
509,18,8.819666827334851,-3.4792902560107075,2
509,19,-4.458998207981786,5.454832509120414,2
510,0,-405.9209101778453,-3.4346847912974354,0
510,1,-395.0232935249952,-4.585436249563355,0
510,2,-396.2839940524135,-1.8910460273205494,0
510,3,-402.62589474298807,1.3225785198930513,0
510,4,-403.6282778624231,3.362279440912583,0
510,5,-400.5957696462868,2.32562570358742,0
510,6,-402.506209329089,-3.6819840914387463,0
510,7,-397.90315593365034,-1.9597557713712108,0
510,8,424.3797100748123,19.852174965982705,1
510,9,402.16248643159366,7.806773331644682,1
510,10,414.81388757222226,16.286883629834144,1
510,11,412.41702001401785,11.98427503665227,1
510,12,404.34576670842006,1.907775726981503,1
510,13,401.5837325401056,13.088721634016581,1
510,14,1.5956607753449694,-0.6776957519508529,2
510,15,-1.6698038528412131,-3.3029534190610406,2
510,16,-5.1215023083270985,6.703443059972812,2
510,17,0.4516987573789426,2.8863084248248057,2
510,18,8.70302637806449,-3.5212414542563533,2
510,19,-4.452690235478612,5.431584539680124,2
511,0,-406.6274195370056,-3.4694956218683006,0
511,1,-395.924583200445,-4.767307628950885,0
511,2,-397.226950971492,-1.8885712513745792,0
511,3,-403.32362894830356,1.1707480446991094,0
511,4,-404.2409637005336,3.342380751770128,0
511,5,-401.42960303850396,2.051960568873577,0
511,6,-403.51811074366077,-3.91719798134588,0
511,7,-398.3208798390532,-2.1288798586116826,0
511,8,425.4424715525457,19.927202005675174,1
511,9,402.833867407364,8.042587478923139,1
511,10,415.5744376076262,16.28701541113634,1
511,11,413.08910222291206,12.003112764130933,1
511,12,405.0825885778244,1.8058928562134298,1
511,13,402.82786003445574,12.90836470209636,1
511,14,1.6094285128070465,-0.8129271162506201,2
511,15,-2.0219592309070977,-3.001431687904124,2
511,16,-5.282843204520993,6.562676524167666,2
511,17,0.4445261020099907,3.0296490880056743,2
511,18,8.581180765494205,-3.512394937710685,2
511,19,-4.3301797732790686,5.435916001044486,2
512,0,-407.3361781751023,-3.3755305808817346,0
512,1,-396.7604116962615,-4.659652745410715,0
512,2,-398.10448496756095,-1.8911782311944663,0
512,3,-403.87454993827106,0.9966308138847458,0
512,4,-405.07221932608195,3.5639996406532815,0
512,5,-402.26109085048694,1.9469646721250269,0
512,6,-404.3027449856659,-3.941078693121513,0
512,7,-398.9947189478344,-2.2208886592503587,0
512,8,426.1150118567742,19.702141236546,1
512,9,403.6572110602726,8.25850306285197,1
512,10,416.3058982737682,16.320355215402117,1
512,11,413.97842933220767,12.232115512337996,1
512,12,405.830972377258,1.5777017166668657,1
512,13,403.59737183585287,12.667935528844161,1
512,14,1.7015531843109226,-0.8702122936681409,2
512,15,-1.598011927220694,-2.836844502578014,2
512,16,-4.8513063519100355,6.585849963164757,2
512,17,0.8883454007735139,3.086615125115102,2
512,18,8.478225148774921,-3.5730466294271404,2
512,19,-4.555703977376766,5.6764215566590535,2
513,0,-408.3927925347135,-3.1690748351845937,0
513,1,-397.57466800825665,-4.624559385167636,0
513,2,-398.88245571236337,-1.7156530452726435,0
513,3,-404.7653020864884,1.1594403953569894,0
513,4,-406.23151019371016,3.7378205741651906,0
513,5,-402.9233658142609,1.949170749740372,0
513,6,-405.0583372729631,-3.801133320866691,0
513,7,-399.51457092500016,-2.2150302835670876,0
513,8,427.0444683062496,19.47523846296962,1
513,9,404.32852404493303,8.214288846462601,1
513,10,417.35612565190746,16.20782831408653,1
513,11,414.7616070008043,12.18597191545012,1
513,12,406.3127222711658,1.6227597336041761,1
513,13,404.56796174975045,12.757140953408086,1
513,14,1.5829073494765504,-0.7783018530210374,2
513,15,-1.4852400560204733,-2.6460768903734624,2
513,16,-4.596207839942481,7.022247548302414,2
513,17,0.7646058515830157,2.949667314958808,2
513,18,8.632511759159694,-3.495546753487194,2
513,19,-4.4272126382774175,5.228489790084876,2
514,0,-409.41757841576054,-3.3459477527813957,0
514,1,-398.5933225654336,-4.926479957631237,0
514,2,-399.6720996564592,-1.7352241515407048,0
514,3,-405.4570106265317,1.10870242279566,0
514,4,-407.089565912857,3.6826070699636606,0
514,5,-403.566747349199,1.7897206363400453,0
514,6,-405.79063905210074,-3.7795583800248367,0
514,7,-400.30262587056717,-2.4181127995125387,0
514,8,427.6324467692862,19.470520900326797,1
514,9,405.11364805087885,8.286685073161829,1
514,10,418.2051554940519,16.16929457527699,1
514,11,415.7786810730605,11.975138300523163,1
514,12,407.10626685305357,1.9008465920302011,1
514,13,405.3099081452978,12.965855557749885,1
514,14,1.221350863231776,-0.7726996046211068,2
514,15,-1.5989835739256084,-2.906615252049244,2
514,16,-4.628925135028462,7.148052314845207,2
514,17,0.4683806401593126,3.0087959340651986,2
514,18,8.698115125779855,-3.6357852851079073,2
514,19,-3.9993735014262914,5.109147757443226,2
515,0,-410.0153855159437,-3.338260615175566,0
515,1,-399.68726998194427,-4.82275135463561,0
515,2,-400.6978149774152,-1.7844773313480182,0
515,3,-405.97253444351446,0.8283183127631661,0
515,4,-407.76151782146826,3.7029546611513195,0
515,5,-404.28164585747135,1.754555487062298,0
515,6,-406.6338238638916,-3.8519747044407113,0
515,7,-401.16644385240755,-2.2782537777814102,0
515,8,428.61131275965215,19.24023066677111,1
515,9,405.72732765425013,8.253032132332645,1
515,10,419.1147620355739,15.808828603890962,1
515,11,416.5466140182215,12.165518088825236,1
515,12,408.04954629723665,1.8706530361166998,1
515,13,406.04704911739975,13.10523170695592,1
515,14,1.3045753632368202,-0.4509114719249584,2
515,15,-1.350971181730932,-2.9410086366447645,2
515,16,-4.152182779268344,6.987979776785058,2
515,17,0.32781006162547865,2.7505323019770036,2
515,18,8.71212054453365,-3.90325097579381,2
515,19,-3.8439439665569175,5.440113388044837,2
516,0,-410.9145913771897,-3.546426138921803,0
516,1,-400.72722244252986,-4.7100740277733255,0
516,2,-401.4265320765357,-1.9315463050865256,0
516,3,-406.8811662662403,0.7095267309558043,0
516,4,-408.2999461207063,3.438844317266584,0
516,5,-405.34174314575785,1.9709550586393723,0
516,6,-407.59028724206405,-3.7078061558631727,0
516,7,-401.94794885712673,-2.495637218289904,0
516,8,429.54777122316244,19.198180901105836,1
516,9,406.24926464867457,8.03827146726956,1
516,10,419.6793283888218,15.455587346001726,1
516,11,417.19689351874496,12.139936958928018,1
516,12,408.9781318922218,1.9030972772115782,1
516,13,406.89954746221247,12.954907554668365,1
516,14,1.569417759599582,-0.44574269180741843,2
516,15,-1.6790789275548965,-2.4801112889084944,2
516,16,-4.030844651380791,7.186907060727892,2
516,17,1.0112313151250687,2.654133883563259,2
516,18,8.449555792764375,-3.71779539022175,2
516,19,-3.52921934859354,5.360011339580482,2
517,0,-411.5720464590386,-3.6555555648814044,0
517,1,-401.4236925575247,-4.862834168927253,0
517,2,-402.6121345679372,-1.8444178693073672,0
517,3,-407.44346499564057,0.6198798364049879,0
517,4,-409.3375686838883,3.3289850158454297,0
517,5,-405.9520697303331,1.8397241875639285,0
517,6,-408.5874968501932,-3.499814672829934,0
517,7,-402.66031249089394,-2.2068925930408674,0
517,8,430.4030361601128,19.282032528249612,1
517,9,407.45953506011546,8.092103266518556,1
517,10,420.11896615946534,15.279431002454368,1
517,11,417.7986009320595,12.267653639912025,1
517,12,409.5144229136321,2.0121743452669083,1
517,13,407.9873398120676,13.185574376852347,1
517,14,1.3462687507131044,-0.3728264327883898,2
517,15,-1.788745207719157,-2.0403172326476553,2
517,16,-4.226744626771625,7.304284439843811,2
517,17,0.6720683631698279,2.6817046329824095,2
517,18,8.697283110903347,-3.6540570529202117,2
517,19,-3.3044476186884664,5.422985736791424,2
518,0,-412.13059647475535,-3.597615845704705,0
518,1,-402.65241010967327,-4.743270952904731,0
518,2,-403.65467809948035,-1.8194915907025857,0
518,3,-408.1583334355196,0.6063350241554389,0
518,4,-409.8958717011885,3.3372483917019804,0
518,5,-406.9085314793419,2.1598204691501275,0
518,6,-409.38102945414795,-3.3020199987667613,0
518,7,-403.0279891646332,-1.9775889066513372,0
518,8,431.3188741338403,19.61549375095857,1
518,9,408.0365979054937,8.132568857845813,1
518,10,420.9421607050085,15.19379616200157,1
518,11,418.4696698174706,12.159388479028745,1
518,12,410.2703858133572,2.152286794104501,1
518,13,408.65997942474934,13.369554225785583,1
518,14,1.6790799044598017,-0.0994867904508498,2
518,15,-1.9243002773719546,-2.3205673392009887,2
518,16,-4.058575458908044,7.134293969048568,2
518,17,0.7208424422517715,2.601274070794761,2
518,18,8.880285701744334,-3.8555030497115976,2
518,19,-2.985668287316281,5.4257566315826145,2
519,0,-413.26455839560884,-3.5894903285676105,0
519,1,-403.5053574868566,-4.940683211361551,0
519,2,-404.58884245033516,-1.8875274335292136,0
519,3,-408.8288806342212,0.7604873555311549,0
519,4,-410.87424657177485,3.186738731947018,0
519,5,-407.4606110847509,1.9064709352150013,0
519,6,-410.3841535909537,-3.443980354097893,0
519,7,-403.9511531830801,-1.961273149645051,0
519,8,432.245009698707,19.648527955102402,1
519,9,408.73557417355835,8.35630817566731,1
519,10,421.5730117110371,15.282805793547327,1
519,11,419.1378778163249,11.634241298485739,1
519,12,411.5611293773561,2.1765413140276646,1
519,13,409.27566374043073,13.502025353170628,1
519,14,2.138848351952998,-0.1726726808879754,2
519,15,-1.8842819924993237,-2.0072478175852844,2
519,16,-4.174488688255789,6.921986845861958,2
519,17,0.71104207002865,2.68761466462858,2
519,18,8.944913311406621,-3.9645440988925986,2
519,19,-2.825164548407946,5.693714210395654,2
520,0,-414.0025666965747,-3.6663520763989115,0
520,1,-404.6774005060183,-5.075126090545353,0
520,2,-405.27182466299575,-2.014084136829147,0
520,3,-409.64640932959935,0.6812111512737147,0
520,4,-411.71620759089006,3.023855958852179,0
520,5,-407.8225260519202,1.8052998824721314,0
520,6,-411.3142416479756,-3.2511686140363123,0
520,7,-404.838181662859,-1.953124640093237,0
520,8,433.09508441197005,19.501715170113364,1
520,9,409.3457696382578,8.034391432443444,1
520,10,422.4207987278235,15.219982356111295,1
520,11,419.80433482490395,11.693035834224794,1
520,12,412.43901927953186,2.3883391943889456,1
520,13,409.6987202948673,13.493120196563726,1
520,14,2.4419063091017783,-0.44131694122333154,2
520,15,-2.0625654824192585,-2.180693367206092,2
520,16,-4.009173187185923,6.984062759978163,2
520,17,0.7041782122615688,2.9138597412757243,2
520,18,8.785345241531681,-3.79770082572691,2
520,19,-2.7749164189925084,5.65365632175236,2
521,0,-414.9014135110288,-3.2658946438870142,0
521,1,-405.4464717357523,-5.243761970244415,0
521,2,-405.9706595111189,-1.9351040918803788,0
521,3,-410.79416121628964,0.6398636071478004,0
521,4,-412.5656986860629,2.851378706075724,0
521,5,-408.6465137006994,1.7218883197515353,0
521,6,-411.7487427789133,-3.219433226762203,0
521,7,-405.6332608569273,-1.8318605709283027,0
521,8,433.8442239586092,19.80963607693554,1
521,9,409.94112978349466,8.227286193025984,1
521,10,423.3429493766563,15.148594901316997,1
521,11,420.342282664812,11.83725678270519,1
521,12,413.1708485353814,2.483755743747863,1
521,13,410.38946256063986,13.417672372280247,1
521,14,2.560549290376179,-0.2500805023306811,2
521,15,-2.166004804731221,-2.1510326902969332,2
521,16,-4.370831683453507,6.86116329835004,2
521,17,0.7028253034218668,3.045197078001535,2
521,18,8.982189716287294,-4.056378105980047,2
521,19,-2.66995577443353,5.652481549062996,2
522,0,-415.7558064092516,-3.3364330090410883,0
522,1,-406.23458114175827,-4.91676356541994,0
522,2,-406.6729135274189,-2.1400752059204393,0
522,3,-411.64787188341217,0.3186938005587568,0
522,4,-412.9753071461304,2.8385398711241026,0
522,5,-409.8585332153304,1.7613535624825822,0
522,6,-412.4771854059061,-3.2980886793144193,0
522,7,-406.5007889669823,-2.2519500060122173,0
522,8,434.64990014963973,20.034881815276506,1
522,9,410.6365173124683,8.232165976589094,1
522,10,424.4946961236045,15.10599637243804,1
522,11,421.4305798034383,11.73680446230892,1
522,12,413.9259628296397,2.1594823475651066,1
522,13,410.92487055066294,13.327797153201757,1
522,14,2.725310171294943,-0.27400364628637847,2
522,15,-2.0142231600414378,-2.078762484090527,2
522,16,-4.448094712152841,6.880109609950593,2
522,17,0.4791101384855973,3.002817330244634,2
522,18,9.255715251971885,-4.055281739766758,2
522,19,-2.9910227099426034,6.000021383480985,2
523,0,-416.3912387977885,-3.3450599011717217,0
523,1,-406.8656888295978,-5.0504303072681935,0
523,2,-407.30641703176127,-2.2793647387508464,0
523,3,-412.6975578343715,0.3973527960220127,0
523,4,-413.4002914424086,2.9210389384708106,0
523,5,-410.231340034082,1.8524922019285952,0
523,6,-413.16034102188615,-3.544795347023764,0
523,7,-407.14630670609154,-2.417718926938417,0
523,8,435.2821031849338,20.07413025862963,1
523,9,411.36144575583967,8.247800499887385,1
523,10,425.405665994701,15.284406745606516,1
523,11,422.35515336334856,11.932754830847108,1
523,12,414.7643952438511,2.0049454241212468,1
523,13,411.86259439964397,13.251602154882022,1
523,14,2.7516851678200256,-0.38706718154316333,2
523,15,-1.8215831751306837,-1.5756059974030379,2
523,16,-4.506211076304931,6.898871164554387,2
523,17,0.2798205897481252,3.3483769900978473,2
523,18,9.518776106920795,-4.0073495753729365,2
523,19,-3.304444615354322,5.6200650865937885,2
524,0,-417.4363332483914,-3.499965450928452,0
524,1,-407.6130363103247,-4.907215453675777,0
524,2,-408.196406054052,-2.1103574242174035,0
524,3,-413.5589800974079,0.20996610360928317,0
524,4,-413.85385374084456,2.9664137079871242,0
524,5,-410.8563140727111,2.1778572858059375,0
524,6,-414.1583882290241,-3.4773902355130595,0
524,7,-407.8332613316453,-2.341465600172553,0
524,8,436.283338990262,20.171170356334986,1
524,9,412.38418615519294,8.48390215290065,1
524,10,426.29182034861896,15.370239372441713,1
524,11,423.0137283558858,11.836372250734064,1
524,12,415.39871080161095,2.1783482394354317,1
524,13,412.65115639052766,13.265888931915631,1
524,14,2.8399388060053807,-0.18637685006512258,2
524,15,-1.6214163117773985,-1.2417664928159973,2
524,16,-4.779308275166434,6.747958897685389,2
524,17,-0.012072774734221359,3.2637877148085868,2
524,18,9.39979648914952,-3.800209506173082,2
524,19,-3.335141036638132,5.412987231022149,2
525,0,-418.0900487602177,-3.3239142756916165,0
525,1,-408.6564525899837,-4.858253040126744,0
525,2,-408.6444182983997,-2.5705819246404435,0
525,3,-414.3015662675995,0.030054830823902173,0
525,4,-414.2801082663752,2.7365564553997053,0
525,5,-411.42893046946944,2.5797983266947004,0
525,6,-415.2556400974495,-3.1681488113162777,0
525,7,-408.83007166715214,-2.4313907895061595,0
525,8,436.9950148033412,20.246848202992634,1
525,9,412.6208109751086,8.203648809982957,1
525,10,427.44398719223824,14.962204236688967,1
525,11,423.95032208373544,11.959844483789041,1
525,12,416.2174907872098,2.1406208834856475,1
525,13,413.4459393763426,13.54504849202859,1
525,14,3.045414014688479,-0.10730581145147072,2
525,15,-1.6883744069231565,-1.546371063418112,2
525,16,-4.468767655701727,6.800378142297145,2
525,17,0.0966446690078741,3.247531805051432,2
525,18,9.307959794444413,-3.618519587520796,2
525,19,-3.291356531133069,5.419768350740079,2
526,0,-418.67582131390543,-3.3149449545362444,0
526,1,-409.3390785210694,-4.637398593941144,0
526,2,-409.44609631030727,-2.210166554941245,0
526,3,-414.8531131818735,0.6039167902163807,0
526,4,-415.0299346217475,2.931233642725074,0
526,5,-412.2421967236382,2.2348041076734386,0
526,6,-415.99321392645163,-3.185221326645676,0
526,7,-409.6312093621069,-2.32659202663588,0
526,8,437.64508503188233,20.27524295982246,1
526,9,413.1876569560062,8.269216723341694,1
526,10,428.18564744988913,15.006360511038096,1
526,11,424.75831011733294,11.938249690848357,1
526,12,416.87994525871414,2.1888912680498644,1
526,13,414.3853922182781,13.810727303683956,1
526,14,3.274436966035495,-0.09764688944369193,2
526,15,-1.7396641883705068,-1.6339517681287572,2
526,16,-4.372667366631637,6.770272745826741,2
526,17,0.011776697533587871,3.316892460293647,2
526,18,9.550509288899308,-3.4937406705675524,2
526,19,-3.165623759352813,5.099913210158213,2
527,0,-419.5071814643096,-3.0373692910411436,0
527,1,-410.3004411157765,-4.814417821551228,0
527,2,-409.72597686630314,-2.4802019930530568,0
527,3,-415.6357744264958,0.5010344096165374,0
527,4,-416.24454687777074,2.8951975657355478,0
527,5,-413.2733251848402,2.367051405652912,0
527,6,-416.9343397491763,-2.8800616988834506,0
527,7,-410.44001597487875,-2.5941135051277175,0
527,8,438.4838452309107,20.07176114136367,1
527,9,414.1279736631187,7.953943529994957,1
527,10,429.1024425013193,14.924469837955552,1
527,11,425.3902055636074,11.770875058872923,1
527,12,417.69574120621434,1.9489375473389874,1
527,13,414.8325138917116,13.968335811158104,1
527,14,3.043614721369856,0.06922646153458334,2
527,15,-2.1382498683151656,-1.827665559055741,2
527,16,-4.483226084572424,6.4701710098227405,2
527,17,-0.04897584976089853,3.4301612914996893,2
527,18,9.66907883668791,-3.242950096181891,2
527,19,-3.053904075301154,5.019805009554068,2
528,0,-420.3324510474264,-3.1080655097073127,0
528,1,-411.40663394073954,-4.766946830975076,0
528,2,-410.53466157713177,-2.6656928617541595,0
528,3,-416.82430588027506,0.5464230935331963,0
528,4,-417.0444319468795,2.8756276828342875,0
528,5,-413.9135965055772,2.35190844343231,0
528,6,-417.8180398480353,-2.91037287684282,0
528,7,-411.28822084164875,-2.367577394835523,0
528,8,439.167218198298,20.11137195528153,1
528,9,415.0539332265812,8.015549936756283,1
528,10,429.8684862348586,14.971523436157817,1
528,11,426.3772247100084,11.80172522444813,1
528,12,418.42898762248973,2.092206886186168,1
528,13,415.6404266661027,13.69974819004667,1
528,14,2.9955192984939227,0.3397721144043474,2
528,15,-1.7299106041236927,-1.6999712364416353,2
528,16,-4.479903702951787,6.344609764521371,2
528,17,-0.14048671980551553,3.7378604687742945,2
528,18,9.678981596506128,-3.33467149435238,2
528,19,-3.285236605138906,5.017333428091698,2
529,0,-421.1982023671368,-2.8159858195748417,0
529,1,-412.52251462957867,-4.91580468711266,0
529,2,-411.4098196358626,-2.439746785342196,0
529,3,-417.6354803683419,0.3190260709030668,0
529,4,-417.5941958267863,2.5562931368472626,0
529,5,-414.974567147794,2.551064920154608,0
529,6,-418.1667102363349,-3.0355943899904574,0
529,7,-412.30909613783706,-2.3996898927647634,0
529,8,440.2138234234526,20.093518719404518,1
529,9,415.81819098596156,7.88925523770269,1
529,10,430.9705010694933,15.27648923700969,1
529,11,427.24904803156454,11.939360188332754,1
529,12,419.3769496285624,2.0337024272619018,1
529,13,416.04600136671644,13.801614862833874,1
529,14,2.9012955130418385,0.3648966096321786,2
529,15,-1.7576423857673658,-1.8752710775359676,2
529,16,-4.245622468684688,5.992155575923027,2
529,17,-0.08062502398779353,3.6750418408637353,2
529,18,9.957767927463262,-3.096698901873816,2
529,19,-3.0269179674333335,4.917266068892094,2
530,0,-422.1684096045342,-2.7735199365186376,0
530,1,-413.33812564999295,-4.581597953161626,0
530,2,-412.2310933885764,-2.539203976151473,0
530,3,-418.2725325826686,0.34826887246071325,0
530,4,-418.3302080652553,2.668958923904694,0
530,5,-415.855145589424,2.5654634207135043,0
530,6,-419.2577773586864,-3.0300394085940567,0
530,7,-413.19282964431187,-2.4335509979763073,0
530,8,441.17489958493735,19.95160685286191,1
530,9,416.5585704865506,7.724145889988937,1
530,10,432.076942989875,15.132722980132932,1
530,11,427.95545213391654,11.786111360064021,1
530,12,420.24094167784773,1.9374181615208994,1
530,13,417.01633393855724,13.956436211440437,1
530,14,2.648981397079587,0.3898163466465474,2
530,15,-1.9106497664032769,-1.528728602888929,2
530,16,-4.140116322929824,6.270460963847226,2
530,17,-0.153488151245386,3.7321762166096057,2
530,18,9.890545044808615,-2.8866810341459233,2
530,19,-2.9660622447817686,5.0284105800574705,2
531,0,-422.8640478933774,-2.6796698090057256,0
531,1,-413.9436186817484,-4.228993960485872,0
531,2,-413.08170333025294,-2.3554156384913734,0
531,3,-419.10933229227174,0.2548753648176511,0
531,4,-419.2572864637144,2.784212008981812,0
531,5,-416.8292021591969,2.7731490047327085,0
531,6,-420.16780982856847,-2.999132298125833,0
531,7,-413.85155774472014,-2.4366325567291196,0
531,8,442.1402659959105,19.817030294858135,1
531,9,417.52887108852707,7.869265678870916,1
531,10,433.05943936862536,15.26653349835105,1
531,11,428.86501996712684,11.535855823273613,1
531,12,421.0382131606946,1.5497911732775806,1
531,13,417.7870442142651,13.983172965772054,1
531,14,2.8214410950378257,0.5965304820213562,2
531,15,-2.026938404841509,-1.311357413864195,2
531,16,-4.18766780731444,6.194215307035349,2
531,17,-0.2786038878553344,3.8380731332446025,2
531,18,10.070203129538575,-2.5698699034828567,2
531,19,-3.1702646666966343,4.788556548565536,2
532,0,-423.5337162239035,-2.4899392756155647,0
532,1,-414.72325942040527,-3.941133696277568,0
532,2,-413.78490969837355,-2.319150042249276,0
532,3,-419.79524558546956,0.5199434359503167,0
532,4,-419.92973806310215,2.4883729633151543,0
532,5,-417.9170870108747,2.674170532683039,0
532,6,-420.92599023828484,-3.02612409256507,0
532,7,-415.07695365564814,-2.29856747376309,0
532,8,442.78958624612704,19.629321050772887,1
532,9,418.44847612887014,8.110130839920123,1
532,10,433.84905700830154,15.126320145618001,1
532,11,429.7752395961215,11.337468244434646,1
532,12,421.88443099116864,1.5463982690772642,1
532,13,418.53925050016466,13.913763057428701,1
532,14,3.251867954692227,0.4991610705196747,2
532,15,-1.88464241088909,-1.1522235857920755,2
532,16,-4.436952491516805,6.15072162801817,2
532,17,-0.4194043600721272,3.974970430207364,2
532,18,10.110013686130872,-2.717691867224543,2
532,19,-3.353045335085819,4.677475959430331,2
533,0,-424.45798762021053,-2.7112636053319874,0
533,1,-415.2479194114823,-4.03117186237021,0
533,2,-414.31252090404416,-2.763440754477177,0
533,3,-420.53535789687385,0.5509573884954863,0
533,4,-420.3668417439089,2.20956673985175,0
533,5,-419.11814342475594,2.9629221438397737,0
533,6,-421.21446402651713,-2.8495052015155355,0
533,7,-415.94830566059517,-2.3584899425638546,0
533,8,443.5740271481804,19.66351737085667,1
533,9,418.99904488866963,7.740412638869683,1
533,10,434.47433405666686,15.054604889511042,1
533,11,430.3003290148236,11.250012075392972,1
533,12,422.5901790726683,1.6547930675001168,1
533,13,419.09315794272203,13.834631710807093,1
533,14,3.4646687083817254,0.5180446024815275,2
533,15,-1.7633475574270803,-0.9700085689675273,2
533,16,-4.437015947915879,6.295408217987174,2
533,17,-0.5948645488470292,4.137403856968787,2
533,18,9.783708507970712,-2.6048759231161283,2
533,19,-3.21709204590998,4.956570853365997,2
534,0,-425.3423134465148,-2.9960695234539076,0
534,1,-415.9855916055077,-4.335422328499089,0
534,2,-415.20103948764614,-2.4976352553647234,0
534,3,-421.2773311942808,0.9223923268997074,0
534,4,-421.04129854189426,2.1067519787974294,0
534,5,-419.7384873030495,3.487594342893582,0
534,6,-422.25432722296136,-2.885785752485762,0
534,7,-417.0374859885679,-2.44324721921838,0
534,8,444.68129960398795,19.655039094966536,1
534,9,419.58980783719574,7.839985139685067,1
534,10,435.1221765401271,15.229707908343443,1
534,11,431.3855490479102,11.081785933105214,1
534,12,423.26260264377345,2.1650723911778966,1
534,13,419.787684461026,13.998732869249372,1
534,14,3.3812607497700036,0.2909446044614106,2
534,15,-1.6391575716267879,-0.8531203388955946,2
534,16,-4.468928275032021,6.247576856827673,2
534,17,-0.6500266607111458,3.748082818285529,2
534,18,9.980150424798023,-2.8591533541744973,2
534,19,-3.442802354975559,5.139296008394445,2
535,0,-425.9427406443346,-3.003574504555198,0
535,1,-416.51064212704284,-4.248339419764381,0
535,2,-415.8733899171841,-2.634497547773932,0
535,3,-422.1619835399363,0.874760334427164,0
535,4,-421.96177029476763,1.9554234405912478,0
535,5,-420.6751188026207,3.7118365646758704,0
535,6,-423.49810108968165,-2.8319364126241338,0
535,7,-417.7303231232167,-2.4856150082863464,0
535,8,445.722844725194,19.78607466046623,1
535,9,420.3952427167479,7.718537556037082,1
535,10,435.99319558659886,15.222854240803823,1
535,11,432.4744032864081,10.782960011137654,1
535,12,424.36870798990134,2.486144684553735,1
535,13,420.4246409028673,14.042092800474315,1
535,14,3.1472370508038288,0.15851525204794953,2
535,15,-1.2284837815997411,-0.753029516564461,2
535,16,-4.338368552500656,6.689313050862661,2
535,17,-0.7862287594389576,3.7544790112107402,2
535,18,9.867919296670252,-2.451792278606434,2
535,19,-3.7912724158705213,5.005862651897561,2
536,0,-426.6720883878251,-3.0881886759020776,0
536,1,-417.42803483542934,-4.008484334234217,0
536,2,-416.61464673878424,-2.630819118838483,0
536,3,-423.4610573314784,0.9015412382878988,0
536,4,-422.49389671698873,1.875007087026249,0
536,5,-421.63516496875496,3.587378663900958,0
536,6,-424.3488006016817,-2.7515466259072334,0
536,7,-418.32967746810624,-2.4809916380568677,0
536,8,446.36185794456617,19.802480509076773,1
536,9,421.38373162266015,7.815220701842695,1
536,10,436.7591249569808,15.189150575253741,1
536,11,433.26796086361685,10.92296789461179,1
536,12,425.63136964017735,3.030673213648556,1
536,13,421.0730071735465,14.04893805236574,1
536,14,3.004008308965517,0.13354411865909477,2
536,15,-0.8756569869662314,-1.2743223527271659,2
536,16,-4.527384937862665,6.473724066259648,2
536,17,-0.5899549760740059,3.8723948659538725,2
536,18,9.883776898962308,-2.233836404161262,2
536,19,-3.7237462754141233,4.496559393025327,2
537,0,-427.46628621165974,-3.044625535170721,0
537,1,-418.1737764284014,-4.087363347299691,0
537,2,-417.2979844584647,-2.3020501553777306,0
537,3,-424.2327784530199,1.0428745408294084,0
537,4,-423.3004344760441,1.7724305366449271,0
537,5,-422.55584087823564,3.50473778891559,0
537,6,-425.27211595935773,-2.708394270196262,0
537,7,-418.92825914590816,-2.5983491927392723,0
537,8,447.298020245925,19.47452591786885,1
537,9,422.11399472676874,7.77804860542519,1
537,10,437.2397819121501,15.039764899002593,1
537,11,433.6341141484018,11.1366582860445,1
537,12,426.14306468144974,2.805378934971539,1
537,13,421.75997109119743,13.946383966295874,1
537,14,2.8742855491127615,0.2307828840768379,2
537,15,-0.8534181679882308,-1.4443486359331628,2
537,16,-4.597673260235413,6.409614373518966,2
537,17,-0.5279890241092093,3.9456000478239077,2
537,18,10.055384865861999,-2.4118348375375622,2
537,19,-3.5028783899060216,4.469885400647636,2
538,0,-428.3582042062394,-2.7808704679907903,0
538,1,-418.9642546699791,-4.36803246974284,0
538,2,-418.1192758906005,-2.5719089837320754,0
538,3,-424.88727233262125,1.265791839208494,0
538,4,-423.96221176004485,1.9971549940676125,0
538,5,-423.51951319185497,3.7048421589632317,0
538,6,-425.8674574830637,-2.7277355278290036,0
538,7,-419.75373169468014,-3.0135489668449287,0
538,8,448.1612115634888,19.518439351704668,1
538,9,422.44733464470335,7.8630223208006536,1
538,10,437.7991311966786,15.111020237444407,1
538,11,434.42411860397243,10.946521514408708,1
538,12,426.94545877155224,2.7619714312026318,1
538,13,422.2796881900697,13.997464205158206,1
538,14,3.403485973964105,0.46405010624681914,2
538,15,-0.5740898998646675,-1.7982233922801876,2
538,16,-4.45872272682864,6.2543842129578415,2
538,17,-0.22626549463425388,4.281954236355276,2
538,18,10.050164751870376,-2.138511690316694,2
538,19,-3.457321412224292,4.618703840448385,2
539,0,-429.1947908902823,-2.9642254989934966,0
539,1,-419.92128940071495,-4.194938601909266,0
539,2,-419.23199126009183,-2.628044196012272,0
539,3,-425.875736294308,1.5235809755549798,0
539,4,-424.8219843118138,1.943195331545531,0
539,5,-424.2251658889545,3.455849323338505,0
539,6,-426.57904345297544,-2.693480482678412,0
539,7,-420.4314866993798,-3.141445095388553,0
539,8,448.8905891785802,19.671744222089643,1
539,9,423.8393498134047,8.125449235850036,1
539,10,438.2985708950644,14.96086292348489,1
539,11,435.45166116284923,11.226560781184574,1
539,12,427.8298207565249,2.516489168648247,1
539,13,423.05959576605005,14.355295883464443,1
539,14,3.415364356282297,0.5627994972454445,2
539,15,-0.7847121310473967,-1.8041043088841964,2
539,16,-4.19210901932647,6.1571495840515995,2
539,17,-0.13661153874577447,4.305844824900537,2
539,18,10.295249132307053,-1.7588126871534893,2
539,19,-3.7224410805226125,4.83267726367359,2
540,0,-430.19927008392875,-2.719321073105982,0
540,1,-420.9480027506087,-4.268530360573532,0
540,2,-419.78934890565006,-2.4985971478798925,0
540,3,-427.01239573277496,1.283397829705062,0
540,4,-425.240673278269,1.9541117626158777,0
540,5,-425.2208341175255,3.4280864001176394,0
540,6,-427.79133249688135,-3.0065430939574154,0
540,7,-421.4451200955512,-2.820637059657598,0
540,8,449.9210864805575,19.559276237198457,1
540,9,424.47450666598365,8.262079712232206,1
540,10,438.829235296426,15.207185932054367,1
540,11,436.6312197742541,11.123609702265238,1
540,12,428.4665797707562,2.2033139664701133,1
540,13,423.5394493015793,14.144969429585654,1
540,14,3.427212925670412,0.5888820414548044,2
540,15,-0.7685250924315327,-1.8660871902958676,2
540,16,-4.631029221530889,6.187464283010552,2
540,17,-0.16671223402136726,4.345249937317805,2
540,18,9.982677512838785,-1.7476893714677866,2
540,19,-3.906682791102552,4.388358161928419,2
541,0,-430.9023583477479,-2.6918834844461927,0
541,1,-421.9724984473982,-4.549365114226702,0
541,2,-420.6539060417252,-2.225862841672824,0
541,3,-427.9107830217547,1.3166007143982856,0
541,4,-426.10668018201204,1.6776684483439792,0
541,5,-426.38453966466693,3.5058502261660416,0
541,6,-428.4253046920271,-3.3678021672164076,0
541,7,-422.24764240608334,-3.038494605285269,0
541,8,451.0291473512807,19.810916927998743,1
541,9,425.24855079454005,8.228173445359872,1
541,10,439.4243833197067,14.954193608654947,1
541,11,437.64092184277644,11.07429972836954,1
541,12,429.5865303071899,2.0986894065141004,1
541,13,424.5714268829105,14.047888194440906,1
541,14,3.272355625089743,0.7309568615683123,2
541,15,-0.6814664471913614,-1.8434689293125497,2
541,16,-4.565604614471201,6.0387579509847304,2
541,17,-0.42125247053696957,3.983059204901993,2
541,18,9.71118273559392,-2.0111852295491923,2
541,19,-4.047465914947677,4.5806956398356835,2
542,0,-431.7146028293142,-2.7405521246487177,0
542,1,-422.9677426947098,-4.328412750710195,0
542,2,-421.22222396894233,-2.287858750139364,0
542,3,-428.64659401483965,1.0112205788160704,0
542,4,-426.7500328336371,1.7232012945859374,0
542,5,-427.12665715682476,3.7139042955805004,0
542,6,-429.3147321957374,-3.452000104015812,0
542,7,-423.0254586133169,-3.154117298136379,0
542,8,451.8219633342747,19.66593074292529,1
542,9,425.8463149089946,8.246252792380838,1
542,10,440.2153680261358,14.834500220949256,1
542,11,438.85191331626004,11.497955438070687,1
542,12,430.6883656254014,2.2217248552080657,1
542,13,425.248493317686,14.464911162831514,1
542,14,3.1277472792134096,0.5088187668131481,2
542,15,-0.8950929386386356,-1.8926856332066275,2
542,16,-4.6598685323060876,6.208457851567315,2
542,17,-0.3884727791231468,4.183560357628647,2
542,18,9.728030289024241,-1.977085302614815,2
542,19,-4.607865171629127,4.124199973664671,2
543,0,-432.39041342854455,-2.5259509112343936,0
543,1,-423.812873801586,-4.121192657401118,0
543,2,-422.14026890905967,-2.378630644816424,0
543,3,-429.30688760043495,0.9353983535823158,0
543,4,-427.29667653610676,1.4982352360764615,0
543,5,-427.99812991619615,3.5432425726496493,0
543,6,-430.08296479602615,-3.530568531985813,0
543,7,-423.68283470783496,-2.9646663234492023,0
543,8,452.51903247838356,20.13094835788506,1
543,9,426.3979843977062,8.348000378298734,1
543,10,440.93407315638115,14.912889092536554,1
543,11,439.74923916730927,11.279786897896889,1
543,12,431.47536690841844,2.193234083425202,1
543,13,426.0597545598729,14.36170543123612,1
543,14,3.6153317193967434,0.3853910466262555,2
543,15,-0.9042151440209197,-2.226248691625109,2
543,16,-4.979349644208628,5.8409599923539846,2
543,17,-0.4440276005225069,4.25483981253364,2
543,18,9.652440085670477,-1.8305484199952533,2
543,19,-4.57576645572865,3.9453396993961953,2
544,0,-432.9073254830807,-2.1314524608370338,0
544,1,-424.5211171027079,-4.547176350004998,0
544,2,-422.86155345119204,-2.2182246519856537,0
544,3,-429.913419890878,0.9580520576148859,0
544,4,-428.0090880144955,1.7538116730078324,0
544,5,-429.233915578269,3.557151263736942,0
544,6,-431.04510868385404,-3.306703198827743,0
544,7,-424.2278284519954,-2.922696001379163,0
544,8,453.3561687878891,19.841207824492066,1
544,9,427.31891084709576,8.43232601885142,1
544,10,441.9023665659322,14.861330674752224,1
544,11,440.354265501519,11.2729838053052,1
544,12,432.3424766118235,2.2315039238329506,1
544,13,426.62195654720097,14.240827402586572,1
544,14,3.4786789959451685,0.07281349636592233,2
544,15,-1.1987161453257855,-2.6609822943496533,2
544,16,-4.8875101646087815,5.87732980580203,2
544,17,-0.3296746520056588,4.070959625404803,2
544,18,9.4834376450938,-1.871038574379091,2
544,19,-4.664608844384045,3.977000750866651,2
545,0,-433.58708289917206,-2.1492109121647465,0
545,1,-425.21305129251675,-4.693893510634345,0
545,2,-423.6658328540913,-2.2661462722286374,0
545,3,-430.4856140089437,0.5224797622516693,0
545,4,-428.91916990426864,1.213696666401591,0
545,5,-429.6289402130653,3.7583742877774817,0
545,6,-431.9776950350281,-3.46055613363339,0
545,7,-424.9557826653676,-3.2371104304892806,0
545,8,454.09029958767934,19.788075767726337,1
545,9,428.30027670630005,8.100574791646341,1
545,10,442.8938060800594,14.837021680236674,1
545,11,441.21610755212595,10.967023256168048,1
545,12,433.0832285213675,2.191571194906856,1
545,13,427.3210095020199,14.329717025275304,1
545,14,3.5274644532253623,-0.15367729430917387,2
545,15,-1.0440246638806856,-2.343897702786856,2
545,16,-4.996654389894608,5.421818257077771,2
545,17,-0.584167261887367,4.1112347903568995,2
545,18,9.54733506328278,-1.8279537884830934,2
545,19,-4.700846227472516,4.016733275324011,2
546,0,-434.38205931616017,-2.0423128018401293,0
546,1,-425.63820784648067,-4.610893813463805,0
546,2,-424.5102898398478,-2.227739947569346,0
546,3,-431.2382643770882,0.6149031225889858,0
546,4,-429.7613363749793,0.9561270332258835,0
546,5,-430.5503365293492,3.9672466785071583,0
546,6,-432.99221168277444,-3.3398694484806954,0
546,7,-425.4813218085231,-3.4192678092513007,0
546,8,454.88287891329014,19.92752411865453,1
546,9,429.09951191198655,7.804215744719171,1
546,10,443.7022996487124,14.97652528644409,1
546,11,441.55311811474684,10.58276568326726,1
546,12,434.19391404834664,2.225660188791309,1
546,13,428.1543419194952,14.258857659336572,1
546,14,3.26342935032288,-0.26499135314019906,2
546,15,-1.5833597312086753,-2.722282319415366,2
546,16,-5.032175475605688,5.390256216845647,2
546,17,-0.6128646816503223,3.708346935503289,2
546,18,9.4556081804581,-1.78901214381075,2
546,19,-4.613286266965792,4.328295114308523,2
547,0,-434.87993111624655,-1.9131849816764497,0
547,1,-426.32013579698514,-4.656102525201724,0
547,2,-425.0176261143064,-2.26652496765418,0
547,3,-432.02161893023674,0.5112945490793256,0
547,4,-430.6261227430527,1.0800894521864381,0
547,5,-431.4276349160747,4.2560535641800765,0
547,6,-434.0091957618837,-3.2044290325112685,0
547,7,-426.4774468524085,-3.5211673138868913,0
547,8,455.53316883661586,20.21865513164438,1
547,9,429.82126902737076,7.669270550650368,1
547,10,445.00222788294604,14.596379764287748,1
547,11,442.41732630354136,10.309636006570663,1
547,12,435.14427955118543,2.5354684172758306,1
547,13,429.016200183316,14.023125827310528,1
547,14,3.1883442095446735,-0.2790720422547877,2
547,15,-1.134279608625334,-2.6758361379114337,2
547,16,-4.829622670333982,5.226581465929963,2
547,17,-0.7994857312178402,3.522161439192878,2
547,18,9.838139145335568,-1.5657234427023394,2
547,19,-4.69203637368731,4.110395012477258,2
548,0,-435.4638736473951,-2.129003436063894,0
548,1,-427.6190512245369,-4.859428752035738,0
548,2,-425.7978387026238,-2.0260385688486466,0
548,3,-432.83890814399916,0.34027711244026604,0
548,4,-431.338536209657,1.4977420647805202,0
548,5,-432.66133366345747,4.37161964520348,0
548,6,-434.9838758871993,-3.1607623224017454,0
548,7,-427.1998190933689,-3.3476410126927663,0
548,8,456.1777401656864,20.17714276441733,1
548,9,430.23197078074304,7.296788867450343,1
548,10,445.4644197234648,14.566721535611594,1
548,11,443.0362350578349,10.300917466509388,1
548,12,436.0320250480274,2.5339779019390143,1
548,13,429.806688983601,14.374345296991807,1
548,14,3.3741872632291887,-0.3752411399228365,2
548,15,-1.5072058741161256,-2.9286703290283915,2
548,16,-5.118227264340107,4.722926384351791,2
548,17,-1.1675151312655678,3.486453398254996,2
548,18,9.894370444758929,-1.6436650865572966,2
548,19,-4.500986385183723,3.94214621933548,2
549,0,-436.2983464657789,-1.9247637526612102,0
549,1,-428.1699825554545,-4.923989137796557,0
549,2,-426.7692018566841,-1.9409085257476102,0
549,3,-433.5764378294928,0.4343640352489856,0
549,4,-432.02994373486234,1.19145082520793,0
549,5,-433.53175676495954,4.223597069309221,0
549,6,-435.3775849608498,-2.9525270273001585,0
549,7,-427.7646179608923,-3.3294392776299544,0
549,8,457.2276101701062,20.235417461088826,1
549,9,430.91773134964524,7.1929328399357795,1
549,10,446.44771437509485,14.716164619606172,1
549,11,444.0382647719273,10.677121348089083,1
549,12,437.11302888614387,2.634603002182584,1
549,13,430.2873892038715,14.943407224951562,1
549,14,3.5247669019997896,-0.2661667432010154,2
549,15,-1.7233632604556535,-2.4847383023933984,2
549,16,-5.362070686627072,4.538524905966229,2
549,17,-0.9928128847433193,3.759271264455807,2
549,18,9.918163703555246,-1.7160198835045783,2
549,19,-4.7003817816351905,4.108309513672666,2
550,0,-437.3799783968376,-1.611796853887782,0
550,1,-428.65274405668237,-4.4528259638126135,0
550,2,-427.3709465937722,-1.9798621657813382,0
550,3,-434.3635335466298,0.40810469602782723,0
550,4,-432.8516087749421,1.153043480115927,0
550,5,-434.2017928288689,4.09419771289398,0
550,6,-436.33461671494433,-3.074150290160129,0
550,7,-428.3524889321882,-3.3997431813233985,0
550,8,457.87929786619657,20.202737553364017,1
550,9,432.1944193105613,7.437059941612683,1
550,10,447.1971748904132,14.8110804190645,1
550,11,444.7852881476811,10.619502672342305,1
550,12,437.9715469023402,2.7165184279914376,1
550,13,430.84419950483976,15.028682852735178,1
550,14,3.231978306132843,-0.13796591032300282,2
550,15,-1.9537868707507497,-2.699587118729916,2
550,16,-5.521324149983832,4.441784801805713,2
550,17,-1.1168503518252615,3.930334191927387,2
550,18,9.7565214712426,-2.003021912217797,2
550,19,-4.95773700813701,4.231229943188224,2
551,0,-437.9182932369321,-1.9009818155319953,0
551,1,-429.8124710595411,-4.658854258470144,0
551,2,-428.2991664040803,-2.0246251330118636,0
551,3,-435.3819608123318,0.19540732082460144,0
551,4,-433.51050863335917,1.269284424015852,0
551,5,-435.01511569770815,4.040440592534413,0
551,6,-437.298973995408,-3.1616255261772706,0
551,7,-429.29374609984615,-3.69259467730842,0
551,8,458.9465374592634,20.0162330450935,1
551,9,433.11478533147897,7.229685161745683,1
551,10,448.0516508108683,14.673098149135258,1
551,11,445.76461929295994,11.092951583744853,1
551,12,438.5014324401418,2.7154023469137605,1
551,13,431.55482463157955,14.962888737402125,1
551,14,3.010168130076992,-0.26152227555715873,2
551,15,-2.1856268448278433,-2.7402548071331263,2
551,16,-5.8292463111099515,4.4501437694365045,2
551,17,-1.2215730842711985,3.5602850657289546,2
551,18,9.90512159930906,-2.1726332693855297,2
551,19,-4.873689535508623,4.306461421763374,2
552,0,-438.88807793107634,-1.774800447233469,0
552,1,-430.7038637550738,-4.522167766263973,0
552,2,-428.8293111080695,-2.206486903151758,0
552,3,-436.3868649500157,0.31161932155702354,0
552,4,-434.10400715661126,0.9454205253808592,0
552,5,-435.63567532987526,4.074656800705578,0
552,6,-438.14021302819526,-2.8668362758239048,0
552,7,-430.24485024052626,-3.871720013153298,0
552,8,459.76011120023696,19.673952550650135,1
552,9,433.78295500854574,7.24317172307263,1
552,10,448.713737917199,14.853097708647702,1
552,11,446.81166299229767,11.159818658919525,1
552,12,438.96957541119514,3.01369087303617,1
552,13,432.28149518607626,15.16144677745593,1
552,14,2.860746166970733,-0.38364794523201695,2
552,15,-1.837187348954214,-2.8189265850518876,2
552,16,-5.977117679547944,4.238485918007727,2
552,17,-1.5940585935260994,3.5405136543410443,2
552,18,10.089188202456322,-2.374152409840796,2
552,19,-4.763620273972916,4.707771640316553,2
553,0,-439.66823638644496,-2.074902275749885,0
553,1,-431.7767135501186,-4.800189913700648,0
553,2,-429.66717418406444,-2.488252833287391,0
553,3,-437.31363426217206,0.6494718468109322,0
553,4,-434.86737025143964,0.5540347492271184,0
553,5,-436.2086954533284,4.078022378096138,0
553,6,-438.90610369890106,-2.951563444022111,0
553,7,-431.139544326519,-3.9617288998995344,0
553,8,460.79377362222476,19.561804908119118,1
553,9,434.68441613787473,7.161490628483247,1
553,10,449.66556732953796,14.705720441741384,1
553,11,447.585475333962,11.49570077959571,1
553,12,439.76279061965823,2.7289759228600783,1
553,13,433.1320451607013,15.494445104885628,1
553,14,2.6938480753111813,-0.16604324354990857,2
553,15,-1.8176420435245926,-2.531680470350565,2
553,16,-6.146119124730911,4.254994471533213,2
553,17,-1.7665657464962916,3.9059502382858295,2
553,18,10.200788758639398,-2.135654677445615,2
553,19,-4.240112447738097,4.405057901987402,2
554,0,-440.3264911185981,-1.9193926190257948,0
554,1,-432.76897762445896,-4.831328869131587,0
554,2,-430.14965800874023,-2.784829026224713,0
554,3,-437.8083453314053,0.5450658363622051,0
554,4,-435.48139920903424,0.13872951839548514,0
554,5,-436.41467519233686,4.017377680448365,0
554,6,-439.8125198771368,-3.1273141619914377,0
554,7,-431.7852273653177,-4.061098249073444,0
554,8,461.5401829947396,19.680838673932318,1
554,9,435.8467869814933,6.974713718357721,1
554,10,450.4906663094938,14.63911505627823,1
554,11,448.60271360553685,11.747433812645747,1
554,12,440.54106739195856,3.0500764849021422,1
554,13,433.69766220347157,15.68626521517953,1
554,14,2.4503367141828627,0.2615521175699368,2
554,15,-1.7464702149137266,-2.386023757596177,2
554,16,-5.988486438307719,4.608043880048251,2
554,17,-1.951523336869985,3.6295295329309085,2
554,18,9.950191861071746,-2.477575476261096,2
554,19,-4.412794140589611,4.230586797183265,2
555,0,-441.2584774038006,-1.6410552809377936,0
555,1,-433.4298075228799,-4.61813204435783,0
555,2,-431.2029346654201,-2.794496959595153,0
555,3,-438.3855212755688,0.3508517949761374,0
555,4,-436.17638787584434,0.38988625280979394,0
555,5,-437.45045877156394,3.580970963526172,0
555,6,-440.7979039230692,-2.750694937522538,0
555,7,-432.58585035668966,-3.9734422046508895,0
555,8,462.1338662565887,19.84486118727813,1
555,9,437.1915726450097,7.082215078375967,1
555,10,450.9278415125442,14.260694700567862,1
555,11,449.49475132855764,11.97266288895854,1
555,12,441.3634262626909,3.1456072427271615,1
555,13,434.534554744677,15.893693029327688,1
555,14,2.522210398540403,0.4377693029215334,2
555,15,-2.1219713437157237,-2.1751401165269506,2
555,16,-6.009263238599733,4.506705357142844,2
555,17,-2.2047091461170827,3.614870271891503,2
555,18,9.847439080515793,-2.514858966015479,2
555,19,-4.566084089339975,4.137800892896203,2
556,0,-442.1745222759761,-1.709151934112931,0
556,1,-434.3418546715697,-4.611253700257505,0
556,2,-431.93634819908164,-2.658424879482685,0
556,3,-438.87075437548566,0.22956161275374792,0
556,4,-436.76060276926756,0.20543266079378641,0
556,5,-438.40417618912284,3.735871825005001,0
556,6,-441.3686783217309,-2.8142777254171465,0
556,7,-433.4111672665709,-3.872280925747301,0
556,8,463.13643127557583,19.87692689655028,1
556,9,438.2284532693144,7.322625792292815,1
556,10,451.9199849842255,14.408161088213213,1
556,11,450.4190380292379,12.202803899237917,1
556,12,442.075164507919,3.1924864657671495,1
556,13,434.9383196039006,15.939330437942356,1
556,14,2.7182549663634616,0.5374350200989528,2
556,15,-2.3161980446416,-2.353673180831171,2
556,16,-6.301390937689273,4.266563547722066,2
556,17,-2.179698175026635,3.528106205183598,2
556,18,9.869654175773256,-2.8268020566553633,2
556,19,-4.495090172946871,3.6075854740969024,2
557,0,-442.96942935013743,-1.4403656322453746,0
557,1,-434.9511857181403,-4.354677344357011,0
557,2,-432.6877527582509,-2.8431643521041035,0
557,3,-439.50780094200377,0.15046402114490964,0
557,4,-438.01137120110803,0.35516148289018035,0
557,5,-439.29093106196376,3.7823260374091974,0
557,6,-441.93814055172805,-3.1668509565885703,0
557,7,-434.41410807756563,-3.473609796400721,0
557,8,463.92619692546265,19.76184135132496,1
557,9,439.059613314292,7.070696877093317,1
557,10,452.88274191193466,14.792524429964388,1
557,11,451.27085988156796,11.971459961898711,1
557,12,443.12541173143455,3.420784854149176,1
557,13,435.79499334729474,16.255389607661687,1
557,14,3.1041866722712252,0.5315612004516761,2
557,15,-2.569668016298646,-2.1667598138006245,2
557,16,-6.4797047783321275,4.295005081766452,2
557,17,-2.448378808799393,3.4545474511852308,2
557,18,10.15106816825528,-2.8581644414481584,2
557,19,-4.532224297008788,3.8075733004975025,2
558,0,-443.65527830954983,-1.3178657730238639,0
558,1,-435.9520743037136,-4.71346194340084,0
558,2,-433.5700677612508,-3.026215389208992,0
558,3,-440.4922593381251,0.4930438611660874,0
558,4,-438.7490395258564,0.10472779014620742,0
558,5,-440.0762080680925,3.5371287251895542,0
558,6,-443.08242211147694,-3.3527716205685634,0
558,7,-435.10634123868704,-3.2571462792616863,0
558,8,464.674576823402,19.863736518928693,1
558,9,439.7820370004348,7.223793185178509,1
558,10,453.4835874933428,14.692310885093784,1
558,11,452.2544585872088,11.9295905841767,1
558,12,444.18539236086946,3.826483320996603,1
558,13,436.5375224730916,16.160120393762057,1
558,14,3.088879104359614,0.46493624245436416,2
558,15,-2.5473364114030814,-2.153337090578725,2
558,16,-6.70321971493551,4.338720846851834,2
558,17,-2.536563013550448,3.200541185441171,2
558,18,10.363716859026079,-2.9066190077529708,2
558,19,-4.360804410353379,3.9487509524746174,2
559,0,-444.8537239899564,-1.6248995694980986,0
559,1,-436.6523297439785,-4.542165573345346,0
559,2,-434.40458274058614,-3.1646267367382985,0
559,3,-441.112450003657,0.6098341285699336,0
559,4,-439.9675758704572,0.3858493266396421,0
559,5,-440.72631489181583,3.5122383633743737,0
559,6,-443.5245151002284,-3.122765520317779,0
559,7,-435.8337655677968,-3.215057182340702,0
559,8,465.4467755429622,20.008926624504277,1
559,9,440.2902376988386,6.72781330919428,1
559,10,454.1634385825248,14.660490421094128,1
559,11,453.22173173215594,12.101894946909642,1
559,12,444.94181633358824,4.1033083678588715,1
559,13,437.0615129001755,16.092611172784103,1
559,14,2.9669814498364024,0.2995573339921488,2
559,15,-2.4628033891417087,-2.0916789303760157,2
559,16,-6.911820982083619,4.1891153280382305,2
559,17,-2.3967504029554405,2.8670956382047006,2
559,18,10.089224947414142,-3.1669178296287166,2
559,19,-4.393444318799528,4.068870986045291,2
560,0,-445.57656085993665,-1.896193478553902,0
560,1,-437.27121144742335,-4.373354642863001,0
560,2,-435.4705297492184,-3.2028729194690935,0
560,3,-441.94523221264734,0.4055157243707884,0
560,4,-440.65226292009055,0.4424403869155867,0
560,5,-441.4267299144153,3.436892018324822,0
560,6,-444.492880950805,-3.34575705732119,0
560,7,-436.8628827235208,-3.154724249207738,0
560,8,466.5038478741171,20.01048370469309,1
560,9,441.1464238414291,6.67171937452549,1
560,10,454.63777204525746,14.694299448766747,1
560,11,454.01287448069695,11.967146598620367,1
560,12,445.69530959238614,3.9893970113382515,1
560,13,437.91443558186563,16.2377881478969,1
560,14,3.047399473410952,0.4187258360019123,2
560,15,-2.2526767928667373,-2.1587491857618297,2
560,16,-6.623481198652966,3.6997640709204793,2
560,17,-2.8707039294729113,2.6013622811329333,2
560,18,9.858754544188043,-3.2467205700318207,2
560,19,-4.38861110970407,4.530498912076016,2
561,0,-446.65810836562315,-2.2355097924260985,0
561,1,-438.3020575573423,-4.552032091918615,0
561,2,-436.10157443628367,-3.393669079714658,0
561,3,-442.68990327134003,0.8295035472207529,0
561,4,-441.2772210298521,0.6859113800239777,0
561,5,-442.35244516946295,3.4023823822072554,0
561,6,-444.947022660439,-3.321309769176015,0
561,7,-437.79135114624086,-3.371460446328811,0
561,8,467.3273466545969,19.98599108020176,1
561,9,441.98255364105336,6.6385131166326765,1
561,10,455.14016692361236,14.814291872576174,1
561,11,454.6671165757691,12.200574522319453,1
561,12,446.32489695019206,4.104024904392593,1
561,13,438.69195951879874,16.594336117649412,1
561,14,2.9206549744540777,0.24436334743390475,2
561,15,-2.356054235790991,-2.147945906086429,2
561,16,-6.2408445526468554,3.7736551066534343,2
561,17,-2.923172823488622,2.6301851630172806,2
561,18,10.267887663855452,-3.3244233211892484,2
561,19,-4.195987555739349,4.682886806447794,2
562,0,-447.403126540378,-2.361243789571418,0
562,1,-439.37302450320726,-4.971709289150855,0
562,2,-436.9038454769608,-3.708505978837257,0
562,3,-443.5504870346829,0.686870324271392,0
562,4,-441.9982900646021,0.7962106102628582,0
562,5,-443.36058883496077,3.246697885946024,0
562,6,-445.91172473057617,-3.14503270543018,0
562,7,-438.4484883835232,-3.1533870623029037,0
562,8,468.3194793736021,19.850952644765155,1
562,9,442.911028338835,6.835685815325473,1
562,10,455.6698229723234,14.831326836878784,1
562,11,455.42624387546346,12.111516173393657,1
562,12,447.103397176815,3.834751461312749,1
562,13,439.4981288141875,16.759640149967073,1
562,14,2.7003750764849284,0.09588320189589153,2
562,15,-2.436072490345023,-1.9753707719533966,2
562,16,-6.0358757985835965,3.9162482607568845,2
562,17,-2.952319751960929,2.6751033741887618,2
562,18,9.913490316437313,-3.0239611251324288,2
562,19,-4.543030546347926,4.504622020753793,2
563,0,-448.34835732121826,-2.505465102147605,0
563,1,-440.0693130682911,-4.866327907320518,0
563,2,-437.9029530648761,-3.97217729747591,0
563,3,-444.25995457123366,0.4186348213789661,0
563,4,-442.84128500129447,1.0339676967229663,0
563,5,-444.0256743451897,3.077370344259003,0
563,6,-446.49115246147437,-3.107053764361468,0
563,7,-439.412705058501,-2.7856154928220884,0
563,8,469.28198109654323,19.75859484182707,1
563,9,443.7097754264002,7.111269087144697,1
563,10,456.65413213617387,15.04674594849623,1
563,11,456.6633173026403,12.220730586337334,1
563,12,448.08656888122897,3.6393213267184965,1
563,13,440.4495175972956,17.07153630672452,1
563,14,2.303194854342276,0.14770451345200614,2
563,15,-2.8369139642335854,-1.9461447028838519,2
563,16,-6.31923139389902,4.08714019314948,2
563,17,-3.3028899344125207,2.7058912064080194,2
563,18,9.990524974571091,-3.0224956825255527,2
563,19,-4.618651706142653,4.466507576070576,2
564,0,-448.9955392199134,-2.6170576969685393,0
564,1,-440.9414110839026,-4.881079355767454,0
564,2,-438.60765262026484,-3.680915188647113,0
564,3,-444.61204828097425,0.04662436348463084,0
564,4,-443.78309622474035,1.0921944117211722,0
564,5,-444.6072120819966,3.541945907800439,0
564,6,-447.2176762498586,-3.204020123777229,0
564,7,-440.27935902456153,-3.0418567355176864,0
564,8,469.8069473980692,19.821871562362556,1
564,9,444.55655601636073,6.963607566428329,1
564,10,457.4032656795912,15.003584876838021,1
564,11,457.29430139568814,12.31040684272349,1
564,12,448.7777991611355,3.013962210647853,1
564,13,441.160711429619,16.817911202305496,1
564,14,2.8227077855203166,0.43201499387322184,2
564,15,-2.7610351422253543,-1.9527916306086721,2
564,16,-6.3903277281783195,4.0461157643449654,2
564,17,-3.284636153958571,2.7283143204553864,2
564,18,9.744942420377539,-3.041236981869541,2
564,19,-4.708200588610402,4.443804662419751,2
565,0,-449.5300564604052,-2.812434382522355,0
565,1,-441.9075341761098,-4.897711450350259,0
565,2,-439.392152365484,-3.961850287250532,0
565,3,-445.5051151775426,-0.030633611794461335,0
565,4,-444.4897065990018,1.121609253385708,0
565,5,-445.2809648493908,3.7545884721165437,0
565,6,-448.135144007788,-3.0833993637418367,0
565,7,-441.136854480066,-3.1606748641060394,0
565,8,470.39368961437276,19.951397655071787,1
565,9,445.2337473765625,7.057452789344788,1
565,10,457.93883001854977,14.773780253004315,1
565,11,457.85490252971766,12.427924488023757,1
565,12,449.4650341631622,3.3195543610244123,1
565,13,442.15180950039763,16.601984468565995,1
565,14,2.6805813158340843,0.5058254297672057,2
565,15,-2.9045764555463855,-2.1900268686494524,2
565,16,-6.1913991163656465,3.7146012961387274,2
565,17,-3.5926987057741675,2.600248758903441,2
565,18,10.028463871773683,-2.8391247409668177,2
565,19,-4.671107003513819,4.2691798483393555,2
566,0,-450.53612211691774,-2.7570918746171587,0
566,1,-442.90935433907816,-5.020783661648056,0
566,2,-439.8549459024109,-4.145118406592859,0
566,3,-446.51116332255606,-0.038969684765378425,0
566,4,-445.15213619630396,1.3482407789627704,0
566,5,-446.1942731686892,4.084718987729074,0
566,6,-449.0542578097546,-2.829770097049318,0
566,7,-442.0575966344314,-3.2926653811586606,0
566,8,471.6032264169361,19.904555376804318,1
566,9,446.23117997194373,6.974233718192631,1
566,10,458.9443240373987,14.810478871610565,1
566,11,458.63794894883847,12.475730155937878,1
566,12,450.2731135842659,3.1692526897922186,1
566,13,442.9630840290127,16.621294972635088,1
566,14,2.422491542016317,0.08624958615785439,2
566,15,-2.9663628759679623,-2.1288042328905843,2
566,16,-6.161823224617001,3.7468105705815047,2
566,17,-3.8143509096258077,2.778007434107931,2
566,18,9.994528780923575,-2.7500646134603706,2
566,19,-4.900317393660329,4.1460301902027075,2
567,0,-451.8312779719415,-2.904145624924271,0
567,1,-443.68558632103856,-5.108923632444749,0
567,2,-440.7587986582858,-4.438672553831186,0
567,3,-447.8377300345809,0.024274565247838407,0
567,4,-445.79422034602595,1.1659302875399984,0
567,5,-446.93329915968906,4.270120462164474,0
567,6,-449.81896642193317,-2.956825531703978,0
567,7,-442.7706368880469,-3.5086632182448367,0
567,8,472.69277221762104,20.00801600901347,1
567,9,447.5758274950123,6.847790588224259,1
567,10,459.54521445395955,14.300001133836172,1
567,11,459.2306658405117,12.20266281136978,1
567,12,451.0958420587685,2.811881123612958,1
567,13,443.833714831083,16.609291037958403,1
567,14,2.2595195652951383,0.08051888664201452,2
567,15,-3.1826209457298456,-2.1064427199928906,2
567,16,-6.024867423215607,3.6753083191865037,2
567,17,-3.925939090823621,2.8890129884053475,2
567,18,10.198660834908416,-2.9172595311686487,2
567,19,-5.0173365682996565,4.4961466399490915,2
568,0,-452.6361828586731,-2.8852416972076735,0
568,1,-444.6422101379765,-5.002176841612579,0
568,2,-441.8327422428511,-4.766635133605805,0
568,3,-448.44014954240583,0.10749557788948635,0
568,4,-446.4307426499454,0.8762768857543293,0
568,5,-447.492921069017,4.393841314146301,0
568,6,-450.62608231178643,-2.8663731792654867,0
568,7,-443.46302541399297,-3.113103014824782,0
568,8,473.2571724674808,19.911152465024838,1
568,9,448.4679160597897,7.052151031525516,1
568,10,460.0103157902357,14.386172203652741,1
568,11,460.46585923298005,12.041899600032101,1
568,12,451.614982194258,2.9756099503790012,1
568,13,444.54009261964677,16.574327454015204,1
568,14,2.7243122521284637,-0.0023417235451933804,2
568,15,-2.977613066718989,-1.6913699285193105,2
568,16,-6.262027041835606,3.62817857997471,2
568,17,-3.6542048450539815,2.9666413482842797,2
568,18,10.296822969650965,-2.896926805314369,2
568,19,-4.743130662150545,4.484872130614481,2
569,0,-453.3643161967929,-3.1717035520606323,0
569,1,-445.22397213266663,-4.607687830218502,0
569,2,-442.6078334644911,-4.796617884500355,0
569,3,-449.22886244446875,0.4143882656430843,0
569,4,-447.1969181921332,0.9869263513612798,0
569,5,-448.19943491857856,4.218180426028164,0
569,6,-451.3611438868627,-3.3595352867911834,0
569,7,-444.16731877559744,-3.650836833974373,0
569,8,474.20668067506995,19.6754378139024,1
569,9,449.23848209680887,7.444461269474253,1
569,10,460.705702159827,14.19243831923868,1
569,11,461.19884623367585,11.956593110331342,1
569,12,452.19180896777624,3.021809775156533,1
569,13,445.2036292719757,16.498445951448442,1
569,14,2.8235653489563184,-0.09754949938896942,2
569,15,-3.1726281924172417,-2.0968078610531125,2
569,16,-6.126109896731799,3.828712821776802,2
569,17,-3.763584674801259,2.9571026300251164,2
569,18,10.304729731096817,-2.6562033277308306,2
569,19,-4.572765635151347,4.860225401608176,2
570,0,-454.1653832062759,-3.0372886148843845,0
570,1,-446.25794271748475,-4.931924297373476,0
570,2,-443.10017387392753,-5.131207011366751,0
570,3,-450.12171177568126,0.3939616618519819,0
570,4,-447.8835549672939,1.3234261780501675,0
570,5,-449.15042769322207,4.069920345602371,0
570,6,-452.0646353956111,-3.2514000903684495,0
570,7,-444.86590316891875,-3.701570799725402,0
570,8,475.21336983581415,19.45914009195547,1
570,9,450.19084173966957,7.172222766691446,1
570,10,461.44909557896085,14.162221984050966,1
570,11,462.10864588559673,11.453864096157389,1
570,12,452.9602971518019,2.9355618041602303,1
570,13,445.73794628332485,16.519065149767744,1
570,14,2.9078227671455816,0.16450324258461954,2
570,15,-3.3217686959239163,-2.3629350153026745,2
570,16,-6.0346645238877565,3.9359666804453357,2
570,17,-3.7373559928243467,2.739261311485139,2
570,18,10.31526234985685,-2.5666089152570133,2
570,19,-4.731470961160834,5.04717218803845,2
571,0,-454.98676649387744,-3.3276100072535297,0
571,1,-446.9630531800934,-4.605038032535048,0
571,2,-443.6517258356515,-5.054790677061277,0
571,3,-450.51603669650314,0.2144388316536543,0
571,4,-448.8905801821901,1.5041718016972683,0
571,5,-449.46617680124814,4.1141420722563415,0
571,6,-452.63868428001336,-3.194207193900346,0
571,7,-445.56626060738864,-4.022493508678408,0
571,8,475.64524866746933,19.199656475456027,1
571,9,451.5443927690686,6.888960024791043,1
571,10,462.5405107327719,14.121727563425656,1
571,11,462.6507438821498,11.597644591565773,1
571,12,453.8023143532663,2.881207903067615,1
571,13,446.44256294331757,16.46101568491203,1
571,14,2.706776188095401,0.3213273300177575,2
571,15,-3.359933912211615,-2.0426373714388752,2
571,16,-5.800576046938699,3.736374061161795,2
571,17,-3.6668358052292493,2.9185594008338653,2
571,18,10.757990942342047,-2.22909872249614,2
571,19,-4.681314124479898,5.4049874417463535,2
572,0,-455.9800059302262,-3.2822752168776743,0
572,1,-447.79469246496393,-4.77209506656262,0
572,2,-444.8551541263823,-4.860371752526296,0
572,3,-451.2545065314622,0.07551313717678723,0
572,4,-449.6622262019828,0.9441547229145237,0
572,5,-450.3076981762059,3.896573992594145,0
572,6,-453.8239574513494,-3.031754768909571,0
572,7,-446.130660213774,-4.068977151338446,0
572,8,476.49968738412474,19.248900646131563,1
572,9,452.2681196020907,6.7062728578232536,1
572,10,463.4653318428392,14.450323355749438,1
572,11,463.42008040376487,11.417204004437536,1
572,12,455.0199152310071,3.023958382876851,1
572,13,446.9441367863147,16.396342664613837,1
572,14,2.5529786690341125,0.17107377797527917,2
572,15,-3.278881846619537,-1.9507359839891303,2
572,16,-5.923010061931934,3.4107521748775786,2
572,17,-3.4359936352238276,2.8101033881615423,2
572,18,10.87638558922758,-1.9031105380192486,2
572,19,-4.656811793386137,5.870719047546641,2
573,0,-456.63709887540995,-3.0740825025200635,0
573,1,-448.86154825414593,-4.420075562043966,0
573,2,-445.19547484142294,-5.041350165515709,0
573,3,-452.08492897155867,-0.20200442859504528,0
573,4,-450.28482391064875,1.0899293661802758,0
573,5,-451.15553338152375,3.8596035886100797,0
573,6,-454.33499541823403,-3.146239051731126,0
573,7,-446.8423507068694,-3.803986160170051,0
573,8,477.3231426767291,19.092427372866165,1
573,9,453.0422105598537,7.071703706895677,1
573,10,464.3572917252293,14.403764069421205,1
573,11,464.3792388688754,11.412718958751853,1
573,12,455.70595587112035,2.7852006575191695,1
573,13,447.7222611775699,16.30319612153231,1
573,14,2.5492672977160162,0.6424338861783968,2
573,15,-3.1437887137145144,-1.9293722748906625,2
573,16,-5.830243800678028,3.560245725770968,2
573,17,-3.1426497251064904,2.6941293744460486,2
573,18,10.979780592495045,-2.0282714208823878,2
573,19,-4.234669825467766,5.683228908272316,2
574,0,-457.54563923171554,-3.267093910098735,0
574,1,-449.269390123024,-4.347058686445594,0
574,2,-446.10287580289923,-5.11530905683214,0
574,3,-452.9561559884677,-0.08641099844607034,0
574,4,-451.3557702502934,0.9425869145716285,0
574,5,-451.9935987896038,4.215374473054048,0
574,6,-455.32293870931795,-3.1736543650090066,0
574,7,-447.42857000323,-3.82725595478909,0
574,8,478.03846516194045,19.175864440394374,1
574,9,454.1084013478741,6.888178257470705,1
574,10,465.09685415900526,14.4041181898446,1
574,11,465.1395995007858,11.351564968626716,1
574,12,456.6098972977517,2.8308158098616407,1
574,13,448.4339685751782,16.418160495471266,1
574,14,2.6193232789700076,1.0280633177793217,2
574,15,-2.9337422889219815,-1.699229011489141,2
574,16,-6.059689294588224,3.606299833225997,2
574,17,-3.131877056793434,2.6822365298887427,2
574,18,11.166306335881261,-2.036532880381345,2
574,19,-4.256084076055203,5.641496695249195,2
575,0,-458.57272732335383,-3.2984328076050446,0
575,1,-450.37293875300827,-4.479979278726887,0
575,2,-447.04595321906936,-5.33656743808,0
575,3,-453.3636274647615,0.08917176089355858,0
575,4,-452.2712815078659,0.7118494589904455,0
575,5,-452.581359097969,4.065790476216043,0
575,6,-456.0114126814644,-3.2056704580387323,0
575,7,-448.4024711305154,-3.619351456718838,0
575,8,478.77056658722205,19.271825263192966,1
575,9,454.6440698226908,7.0190912470930185,1
575,10,465.89248487910805,14.386633932451106,1
575,11,465.7329993558828,11.568329352514477,1
575,12,457.468121025593,2.687080351736816,1
575,13,449.2952387380557,16.314914859254305,1
575,14,2.638743102544039,1.0257225389913975,2
575,15,-2.8474981316309083,-1.767494263275659,2
575,16,-5.891963800745966,3.8291939776219697,2
575,17,-2.9302544252370795,2.7127824291094527,2
575,18,10.854256033109571,-1.9138847115288442,2
575,19,-4.1683333727631275,5.864989838300238,2
576,0,-459.630461255219,-3.1816750831334164,0
576,1,-451.49470050911793,-4.32731608213939,0
576,2,-447.98210285421493,-5.166495039953672,0
576,3,-453.9854850056524,0.7524078409882985,0
576,4,-453.1518095793611,0.5613526818401824,0
576,5,-453.1749718599481,4.1781546206284155,0
576,6,-456.6737463021769,-3.192529763971498,0
576,7,-449.1252852367703,-3.4761719843761782,0
576,8,479.7992863656303,19.245403639865888,1
576,9,455.3933536699158,7.078418630110968,1
576,10,466.64241220167366,14.23919045719601,1
576,11,466.86003110726966,11.716622004567997,1
576,12,458.16760197846025,2.4045433375874605,1
576,13,450.2856536342748,16.308171753611806,1
576,14,2.6072472939527405,1.0626196041940588,2
576,15,-2.856910965885841,-1.548564213477187,2
576,16,-5.503119378504057,3.765791106852552,2
576,17,-3.0872454983820368,2.5385329381797948,2
576,18,10.810292421258076,-2.0554820515457988,2
576,19,-4.044376617127966,6.144453238246326,2
577,0,-460.8274012513501,-3.304445956005091,0
577,1,-452.14478473086666,-4.348703067181872,0
577,2,-448.7274993466736,-5.36213461249266,0
577,3,-454.85395812349094,0.8542376694267841,0
577,4,-453.686690129492,0.277013689849094,0
577,5,-454.08291026901486,4.251783767635447,0
577,6,-457.6613627361469,-3.1276631074685963,0
577,7,-449.7502763094436,-3.196736565886301,0
577,8,480.46707464607226,19.297836177801507,1
577,9,455.9309401547157,6.919238599573309,1
577,10,467.6023764823952,14.223076768052122,1
577,11,467.9094630856723,11.594394224601457,1
577,12,458.9544289128863,2.6159453142041773,1
577,13,451.1365673904136,16.299853788677176,1
577,14,2.103399711599163,1.025165550043622,2
577,15,-2.851041077614034,-1.5143022592565711,2
577,16,-5.575831115802128,3.6059439280721115,2
577,17,-2.623202154301067,2.472572060200075,2
577,18,10.879618962705566,-1.8518914328870604,2
577,19,-3.739755535522005,6.120281392717081,2
578,0,-461.2688280705553,-3.4198171280049197,0
578,1,-453.1961024328654,-4.078466089111317,0
578,2,-449.60142550364515,-5.538836479475808,0
578,3,-455.7063181322075,0.7877518438078359,0
578,4,-454.3744102253847,0.3821570415711629,0
578,5,-455.03439421920433,4.34958674085264,0
578,6,-458.43410428758966,-3.0342788206038986,0
578,7,-450.4058151140088,-3.0598701808990687,0
578,8,481.3125480218975,18.854511258483683,1
578,9,456.90387410529894,6.888998631696895,1
578,10,468.3565565309856,13.878426467594421,1
578,11,468.8089636758227,11.703661741411029,1
578,12,459.5035134532501,2.511796023818097,1
578,13,451.6230427596594,16.220479823036563,1
578,14,2.0692983325958125,1.1362746220206295,2
578,15,-2.9597869157743806,-1.3374815021277384,2
578,16,-5.639372157376474,3.5228150177949185,2
578,17,-2.429831645926796,2.408204838907709,2
578,18,11.204029058345906,-1.624316615684344,2
578,19,-3.7038340029627554,5.910499423855317,2
579,0,-462.2523098715047,-3.4827195531086157,0
579,1,-454.02008953875804,-4.585118521998033,0
579,2,-450.60705337325277,-5.8796815098480035,0
579,3,-456.5161434768692,0.7642166717046606,0
579,4,-455.1734232396962,0.18180281431692513,0
579,5,-455.90540065337836,4.093875838041175,0
579,6,-459.5111408006576,-3.162618514126306,0
579,7,-451.2406797398789,-2.819532009294312,0
579,8,482.4765379455189,19.231136717011786,1
579,9,457.679356336632,6.582714229203383,1
579,10,468.8570700797248,13.895771224733847,1
579,11,469.50253107138377,11.576476297322474,1
579,12,460.67176963743924,2.581801261721923,1
579,13,452.4238659292067,16.072867235467932,1
579,14,2.409412527180531,1.1400153767100358,2
579,15,-2.6528790926389956,-1.0311167407566377,2
579,16,-5.652296659424884,3.4412427516353294,2
579,17,-2.499840634407748,2.5662435730754716,2
579,18,11.326871252804576,-1.6812049868744494,2
579,19,-3.4434447134216573,5.612348861817255,2
580,0,-463.0686149120727,-3.5324622644587844,0
580,1,-454.86607252836376,-4.324506593762369,0
580,2,-451.38856784827044,-5.867404454288386,0
580,3,-457.532671397723,0.4501702063284654,0
580,4,-455.6834095177104,0.06686724565930308,0
580,5,-456.8604091456698,3.7591961448883024,0
580,6,-460.529245816832,-3.141553675010532,0
580,7,-452.169309521951,-2.7388312662238037,0
580,8,482.96935300485524,19.229662011987855,1
580,9,458.4637313183974,6.47758032799396,1
580,10,469.7172979182516,13.518756094232035,1
580,11,470.0092994697341,11.631275646781614,1
580,12,461.60075019694284,2.727954640305754,1
580,13,453.0490984037186,16.095461946567177,1
580,14,2.398326242060435,0.8180442626073825,2
580,15,-2.548274575790965,-0.883379163878459,2
580,16,-5.616277663818366,3.6376589898912153,2
580,17,-2.6321463516382737,2.566303286007593,2
580,18,10.977091976997595,-1.7500886315061437,2
580,19,-3.2879171973099943,5.702347036288009,2
581,0,-464.0942912156583,-3.441899390286024,0
581,1,-455.4524219559133,-4.384885707047363,0
581,2,-452.5901149138466,-6.070688387549362,0
581,3,-458.75008657816494,0.6839763684946001,0
581,4,-456.7303901617667,0.035725938515916295,0
581,5,-457.7748211432402,4.101052510994604,0
581,6,-461.5709074736126,-2.7771828025554113,0
581,7,-452.58908521901105,-2.5016310907694823,0
581,8,483.75748967062043,19.298186856299697,1
581,9,458.7571884548907,6.205904316095032,1
581,10,470.5315024298969,13.923243222100373,1
581,11,470.8406645619497,11.564916468189166,1
581,12,462.063306330783,2.4262541719311175,1
581,13,453.87373420545026,16.169781481760563,1
581,14,2.3142159251511765,1.2721932962481335,2
581,15,-2.7504294543883154,-0.9037448534312703,2
581,16,-5.573616272091367,3.9327866639654707,2
581,17,-2.5532681873507457,2.7903853253779176,2
581,18,10.974362743814423,-1.7173785140520703,2
581,19,-3.1803659361567074,5.958352881178549,2
582,0,-464.9153419123225,-3.537928617540518,0
582,1,-455.96657082839045,-4.101524461873683,0
582,2,-453.4235519392168,-5.978418537072963,0
582,3,-459.56360640909674,0.5187191095550063,0
582,4,-457.61897400139,-0.10334326363448915,0
582,5,-458.46584293269177,4.245001907068306,0
582,6,-462.3149237736534,-2.649366342343473,0
582,7,-453.4083411176188,-2.347892245250554,0
582,8,485.05818487842595,19.28154794106279,1
582,9,459.6070812324408,6.313761249083034,1
582,10,471.3736563378318,13.756391899732536,1
582,11,471.6850572081064,11.719461492065433,1
582,12,462.9492494171244,2.0545719526782156,1
582,13,454.8882627148183,15.972321178513091,1
582,14,2.714703033796146,1.2463915140612762,2
582,15,-2.8866653061974317,-0.6382140764894437,2
582,16,-5.49607046032317,4.1582476247986095,2
582,17,-2.6811308397160065,2.862792214672889,2
582,18,11.036165451170547,-2.0052387187233274,2
582,19,-3.1503798482509895,6.3128883516606304,2
583,0,-465.80468105843687,-3.517929965160688,0
583,1,-456.9476372178973,-4.155484731145742,0
583,2,-454.4131067544303,-6.005567030268226,0
583,3,-460.3123909309583,0.4839267294550774,0
583,4,-458.5818455688832,-0.18966975577644907,0
583,5,-459.08326682102484,4.1412836138095175,0
583,6,-462.82375529510784,-2.616508893230179,0
583,7,-454.1698430029754,-1.8324543067388084,0
583,8,485.70719421213676,19.14544549169197,1
583,9,460.4413440046515,6.459980409825137,1
583,10,472.06102511262117,13.554323680863796,1
583,11,472.2011065865068,11.8202986157305,1
583,12,463.9055833861584,2.0591355066733543,1
583,13,455.6620299148781,15.66615655393182,1
583,14,2.634437111603292,1.1840207313257518,2
583,15,-2.7890495072505335,-1.0720824546652297,2
583,16,-5.17220375527432,3.7709498724141213,2
583,17,-2.7538324020820992,2.864051675016158,2
583,18,11.212244655509554,-2.0340076477991795,2
583,19,-2.9682886339454564,6.600310596068323,2
584,0,-466.49274798124924,-3.5221374544605726,0
584,1,-457.4032317749714,-4.372438821946577,0
584,2,-455.22222615633314,-6.500588895550983,0
584,3,-461.45531255589447,0.4174177021750398,0
584,4,-459.1394156211426,-0.13644543203192938,0
584,5,-459.7022726368667,4.012008150838287,0
584,6,-463.34864129994537,-2.531450555740195,0
584,7,-455.19677326429394,-1.7165301060547287,0
584,8,486.9978260764401,19.286395140193857,1
584,9,461.20875040888785,6.383133915423809,1
584,10,472.94000016490514,13.430194864277748,1
584,11,473.0880885709846,11.97222592225251,1
584,12,464.6240569145973,2.2498295020491454,1
584,13,456.7480791712103,15.412566788367828,1
584,14,2.28939026496947,1.2230176823813328,2
584,15,-2.6064899822758343,-1.3649591204625844,2
584,16,-5.261978152916674,3.7223896954098024,2
584,17,-2.8541375397759055,2.943901247757994,2
584,18,11.308078835022977,-1.8206707351007123,2
584,19,-3.0267408936814624,6.703205452179321,2
585,0,-467.1616600227481,-3.5397730371946006,0
585,1,-458.12502289923793,-4.39710697466807,0
585,2,-455.99379615226405,-6.479840522445003,0
585,3,-462.3409108900327,0.25132176934752887,0
585,4,-459.88442245855407,0.014841400045214587,0
585,5,-460.3960228580486,3.978408952229983,0
585,6,-463.72576477717337,-2.29145550277407,0
585,7,-456.1074715243688,-2.14231704471209,0
585,8,487.7484909252511,19.337145269101942,1
585,9,462.12214210737113,6.087029501298123,1
585,10,473.8766848627797,14.016988828669803,1
585,11,473.76679610820406,12.094567451687146,1
585,12,465.36843501636434,1.9837106695147084,1
585,13,457.81094640437595,15.496995656538882,1
585,14,2.577589399373194,1.507236884101537,2
585,15,-2.5201755167506166,-1.3656873646254495,2
585,16,-4.891608116113689,3.7131355969990567,2
585,17,-2.88973455196701,3.0552533954231733,2
585,18,11.421467765150503,-1.7171137948195678,2
585,19,-2.9493339466180513,6.7369925652638765,2
586,0,-468.2235519254538,-3.6488265418310544,0
586,1,-459.09507584684246,-4.381498897553185,0
586,2,-456.9556019773056,-6.573517897269262,0
586,3,-463.4139494142903,0.18676582167537276,0
586,4,-460.8504122378496,0.11114205266067731,0
586,5,-461.2371764758811,4.0675884819781105,0
586,6,-464.6494761692419,-2.2379112870144646,0
586,7,-457.0701348806299,-2.2397893082242595,0
586,8,488.5393861337087,19.325135754245935,1
586,9,462.9494772161578,6.367836048714686,1
586,10,474.61736369982134,13.9084640511917,1
586,11,474.6806810294878,12.177346508238989,1
586,12,466.28022407033524,1.9321489353822165,1
586,13,458.5473588945203,15.490153703623278,1
586,14,2.3674866034322792,1.2540511627270083,2
586,15,-2.51596472037464,-1.3839791250193443,2
586,16,-4.5976711543136455,3.617197540596094,2
586,17,-2.767345050545192,2.8077629755779285,2
586,18,11.313298456072566,-1.892691690588657,2
586,19,-2.891552937447254,6.7176076438225945,2
587,0,-468.85192684353075,-3.6692711951921915,0
587,1,-459.96624318714225,-4.060394895104797,0
587,2,-457.6632409164173,-6.653447975516588,0
587,3,-464.41007842947903,0.4767039391209172,0
587,4,-461.68765155286263,0.06967557778312908,0
587,5,-462.03422108614245,4.074501998412528,0
587,6,-465.6579202298971,-1.9150836822231643,0
587,7,-457.7918735877057,-2.2538546828407555,0
587,8,489.22039322939554,19.15364430396188,1
587,9,463.63684884543255,6.161356210541303,1
587,10,475.42390133825694,13.864758216664873,1
587,11,475.54786915989575,11.962984894444427,1
587,12,466.93086721562554,1.913285492023611,1
587,13,459.44110307918305,15.616158786746054,1
587,14,2.2538281596992324,1.627573156201364,2
587,15,-2.3729604198323067,-1.2651260809816436,2
587,16,-4.321826433810031,3.8074078566159772,2
587,17,-2.9487344444457695,2.3544695831846445,2
587,18,11.12042602209133,-1.800545527940467,2
587,19,-2.811667362157065,6.73871027274004,2
588,0,-469.5427302551551,-3.6197730015143015,0
588,1,-460.7216196681018,-3.742594229719639,0
588,2,-458.22015649502396,-6.370851426327577,0
588,3,-465.4077697104739,0.5932740554270544,0
588,4,-462.8374912869193,-0.1931602885863654,0
588,5,-462.78626882014936,4.212773695645855,0
588,6,-466.4174983899432,-1.6943837408385731,0
588,7,-458.26574351840196,-1.8816532600386036,0
588,8,490.1369415334299,19.41286684958198,1
588,9,464.2113092063746,6.059930517897057,1
588,10,476.28638537546243,13.603830987144377,1
588,11,476.7064701660717,11.572342878276743,1
588,12,467.6250542273329,1.7238973706517968,1
588,13,460.22856755683136,15.758429240505038,1
588,14,2.357103507480155,1.6569555399632945,2
588,15,-2.5139235731515592,-1.1152135324195493,2
588,16,-4.156202337893522,3.5479825528519635,2
588,17,-2.63378575959587,2.0248273368571454,2
588,18,11.207433074343108,-2.1485828901338513,2
588,19,-2.6364123136159003,6.943687805244556,2
589,0,-470.0378915065167,-3.7844785446539753,0
589,1,-461.3633065659961,-3.8129375441860014,0
589,2,-459.08374691867994,-6.9102368084926775,0
589,3,-466.37428439578105,0.5048938994560211,0
589,4,-463.396175795412,-0.28207786218871034,0
589,5,-463.44399593268105,4.192058780461166,0
589,6,-467.1785280705496,-1.456280830756186,0
589,7,-458.9140776015081,-1.4138076959319223,0
589,8,491.05581226862756,19.46401719878187,1
589,9,464.7566854578339,6.250034320729491,1
589,10,477.3945111433432,13.497281899568181,1
589,11,477.3682965639598,11.854038505770996,1
589,12,468.3749482740833,1.4973155908801121,1
589,13,461.058946747952,15.442858885194573,1
589,14,2.60946092564744,1.9088007483824436,2
589,15,-2.4825399896997093,-1.0443593586404758,2
589,16,-3.729464990619734,3.625948204746961,2
589,17,-2.4961323113347014,2.1270474610615335,2
589,18,11.06283084996507,-2.2425005543197867,2
589,19,-2.6266117317035347,7.154130005945173,2
590,0,-470.7917495079131,-4.281164880257186,0
590,1,-461.9557637922475,-3.850583487048812,0
590,2,-459.9146646871935,-7.0519837668806575,0
590,3,-467.28426247565494,0.5760729835315389,0
590,4,-464.2935733608375,-0.5064553163376669,0
590,5,-464.185279648289,4.2625834022882305,0
590,6,-467.7483954662783,-2.0215483559278176,0
590,7,-459.4568349569204,-1.5317255083892374,0
590,8,491.5979333175048,19.574290584711104,1
590,9,465.6981001127109,5.973414072378326,1
590,10,478.36214845430897,13.58165995421354,1
590,11,477.73377423998795,12.040064713201199,1
590,12,469.1148179081736,1.6494700994005713,1
590,13,462.02113250864846,15.118748545163097,1
590,14,2.321842597648676,1.979489344227834,2
590,15,-2.2505110018361725,-0.8098248254950144,2
590,16,-3.2695908694063673,3.5619769200166167,2
590,17,-2.3855658931172425,2.6096035519855034,2
590,18,10.753935309347387,-2.471759865195956,2
590,19,-2.6350728981044296,7.239468729673343,2
591,0,-471.3626656279098,-4.329413196390815,0
591,1,-462.6376091455385,-3.812082461354882,0
591,2,-460.5894759278398,-6.823021553403016,0
591,3,-468.48574476995503,0.4959868543406883,0
591,4,-464.9438470925361,-0.5352537848560834,0
591,5,-464.85155367874347,4.357941901205978,0
591,6,-468.4193641540529,-1.8909213771329005,0
591,7,-460.1851952969094,-1.5483309566019345,0
591,8,492.5879011193135,19.7459657696106,1
591,9,466.48358767911435,5.826425825168867,1
591,10,479.1121548060986,13.64134158596402,1
591,11,478.5879301567271,12.179891615047344,1
591,12,469.86932318231936,1.8153403456429407,1
591,13,462.7075582604158,15.289944315462636,1
591,14,2.6884075730388943,1.7471130993043231,2
591,15,-2.196525399908219,-0.7552014401777684,2
591,16,-3.103742845775838,3.372518849968531,2
591,17,-2.2099258761956477,2.6519425257147122,2
591,18,10.609189601755043,-2.609356447139381,2
591,19,-2.4750827157643824,7.1830126810928725,2
592,0,-472.0805758090524,-4.195834204749151,0
592,1,-463.129427406869,-3.6018432441890216,0
592,2,-461.46517473096736,-6.960183615056796,0
592,3,-468.8329317662586,0.5285372529487025,0
592,4,-465.71983844997555,-0.3629204090120397,0
592,5,-465.9916670479998,4.652751296893461,0
592,6,-469.01332461641096,-2.138111996291117,0
592,7,-460.53594153702846,-1.7707260528661104,0
592,8,493.5467097495478,19.6295938534397,1
592,9,467.44905887343964,5.580783123934635,1
592,10,479.6914003786807,13.412000213677537,1
592,11,479.4941915872078,12.167245295174842,1
592,12,470.92568677647427,1.7256355605411924,1
592,13,463.4661366042217,15.215945767628096,1
592,14,2.6118173052279676,2.0704467386592853,2
592,15,-2.2868688231361887,-0.7448830810005548,2
592,16,-2.9519045034511224,3.137858395168938,2
592,17,-1.9344857775567688,2.5807796108834418,2
592,18,10.60032379454858,-2.711879968113207,2
592,19,-2.1835567078083904,7.144914838858062,2
593,0,-472.98363375586774,-4.173324907059206,0
593,1,-463.7721152667392,-3.534889472091743,0
593,2,-462.1978941641899,-7.719119058918715,0
593,3,-469.55496097132465,0.701193170442169,0
593,4,-466.37884152039567,-0.307333928935564,0
593,5,-466.60693430505904,4.438827852044217,0
593,6,-469.81821016874784,-2.1016472904489,0
593,7,-461.24071572313085,-2.177802212312798,0
593,8,494.26255252715,19.841348137443838,1
593,9,468.19478345877496,5.520424067580555,1
593,10,480.44744191944847,13.603563599269474,1
593,11,480.1094561157539,12.045615000823293,1
593,12,471.68239093323797,1.7634748672482918,1
593,13,464.14946547077466,14.986582069468781,1
593,14,2.678733888745694,2.2239309550687345,2
593,15,-2.5393616590821146,-0.43004426121793027,2
593,16,-3.0363091772569732,2.907684474642924,2
593,17,-1.859657384506441,2.537307260888822,2
593,18,10.333113471131968,-2.801601243637151,2
593,19,-2.496998559043658,7.353504763122752,2
594,0,-473.8460023716973,-4.301200707119872,0
594,1,-465.0116973078376,-3.7398401955559084,0
594,2,-462.8032964255618,-7.736959650672312,0
594,3,-470.67727578417146,0.6246460746958986,0
594,4,-467.10754923015037,0.06263112612164656,0
594,5,-467.4278880952819,4.367289658824983,0
594,6,-470.49271064740987,-2.0895491835071085,0
594,7,-462.15676980326595,-2.358358449283198,0
594,8,495.0402312094655,19.699420333268375,1
594,9,468.8811983112724,5.839789152375283,1
594,10,481.28306836724863,13.683813211907584,1
594,11,480.82541680978903,11.983185676295157,1
594,12,472.4638316940601,1.2577040708930782,1
594,13,464.8385805993638,15.038711782640076,1
594,14,2.46676909621503,2.0799208329135412,2
594,15,-2.970935351024294,-0.7069802538239636,2
594,16,-2.973989765562264,2.87989272751719,2
594,17,-1.747063097331509,2.654109620898901,2
594,18,10.350807057412503,-2.6978346125342085,2
594,19,-2.7535171973016643,7.2920751039095215,2
595,0,-474.592971649144,-4.341054102684823,0
595,1,-465.60017640998035,-3.6321195000754716,0
595,2,-463.48721360755763,-7.6169201417858,0
595,3,-471.52676564282956,0.6272365107957365,0
595,4,-467.76242993183433,-0.05374798365276866,0
595,5,-468.1184880313359,4.413356329193445,0
595,6,-471.56021523913125,-2.094773105519513,0
595,7,-463.31027031308605,-2.2742433969761806,0
595,8,495.8582826049823,18.957438218439233,1
595,9,469.9901710965697,6.185656290927345,1
595,10,482.00378801850684,13.452505916523327,1
595,11,481.85889867155623,11.948025094107699,1
595,12,473.189780016046,1.1912324719789338,1
595,13,465.7016414011673,15.082324754752882,1
595,14,2.3289498698598483,2.046731918106717,2
595,15,-2.92692559991975,-0.6025073029738777,2
595,16,-2.575141420985048,2.9118080450012833,2
595,17,-1.5838327730049153,2.6892383104564934,2
595,18,9.876377021933008,-2.8391939476731483,2
595,19,-2.5458675070373316,7.481686472450526,2
596,0,-475.4224555502988,-4.246113738306104,0
596,1,-466.1432389628082,-3.7835061989569545,0
596,2,-464.2643932431098,-7.762095992429592,0
596,3,-472.27637796720165,0.8327247453104645,0
596,4,-468.7396735909522,0.17607021316181937,0
596,5,-468.7620437545929,4.749514190023575,0
596,6,-472.338025144323,-2.1940730504645454,0
596,7,-463.9778062353835,-2.079989824814188,0
596,8,496.51472869256463,19.1759932242639,1
596,9,470.50306801398835,5.783043193069395,1
596,10,482.8843941104826,13.212371245069269,1
596,11,482.86586652748616,12.108942318777283,1
596,12,474.1220684900344,0.9972930718773025,1
596,13,466.74017440428304,14.653248473174465,1
596,14,2.3719331932610594,1.859517823588927,2
596,15,-3.129173833312023,-0.40682237351843203,2
596,16,-2.7889037480130994,2.876798524772411,2
596,17,-2.086983844579379,2.8441646456672367,2
596,18,10.063462239718802,-2.6072778448386478,2
596,19,-2.3718341349107264,7.6903128221192985,2
597,0,-475.99005710511204,-4.2692962841388296,0
597,1,-467.0350975603786,-4.142873112115842,0
597,2,-465.0507282940022,-8.065084064884159,0
597,3,-473.08384986105824,1.2713770956730863,0
597,4,-469.88280172500276,0.1964438553830073,0
597,5,-469.63618543783764,4.766386115524676,0
597,6,-473.3866296588327,-2.455237996641826,0
597,7,-464.97037087836406,-2.067012589345823,0
597,8,497.4929723168257,19.204919502508787,1
597,9,471.2066124324498,5.682293570346601,1
597,10,483.3189117416323,13.117494251914623,1
597,11,483.5411852806968,11.866212001895686,1
597,12,475.00429180485156,1.2314913911992487,1
597,13,467.14143461756754,14.696018993225264,1
597,14,2.561069099312662,2.02060226384174,2
597,15,-3.167441679526365,-0.07200451094101329,2
597,16,-3.005608435390729,2.9990292410893797,2
597,17,-2.0144246641615537,2.895024136922967,2
597,18,9.836757832436739,-2.3301683842584215,2
597,19,-2.3626055614253043,7.534083681493596,2
598,0,-476.810259293961,-4.275963619469233,0
598,1,-467.84727063001395,-3.8373892984186417,0
598,2,-465.4685093409643,-8.159124571095859,0
598,3,-473.95293240890857,1.3409367218319443,0
598,4,-470.9159680884501,0.24516989356970775,0
598,5,-470.03061784132746,4.802278436910902,0
598,6,-474.1201750366046,-2.4122466677051215,0
598,7,-465.95794194443334,-2.1072042117193566,0
598,8,498.14694540391855,19.165288072861067,1
598,9,472.044017323187,5.701270189745522,1
598,10,483.7930917400612,13.181876316716513,1
598,11,484.2376039911257,12.277198922893744,1
598,12,475.7154735390361,1.0687488323820176,1
598,13,468.1414373773049,14.59795909751429,1
598,14,2.458448741798807,2.1422779808919374,2
598,15,-2.8649327207927806,-0.4183823924855336,2
598,16,-3.100473896180974,2.817471866879348,2
598,17,-2.1517734935039883,2.7570277348940047,2
598,18,9.777921392049095,-2.1646711098164477,2
598,19,-2.0781371586769724,7.645606761078077,2
599,0,-477.49155826398174,-4.360361941746409,0
599,1,-468.9074064942039,-3.8375669300036708,0
599,2,-466.2595438676003,-7.989130583189304,0
599,3,-474.596928599992,1.4919395003546407,0
599,4,-471.81663860309317,0.3375884913218074,0
599,5,-470.93950609994346,4.757282765715824,0
599,6,-474.7785982635036,-2.3395724557942756,0
599,7,-466.6520387277993,-1.9850318188952025,0
599,8,498.84503430841164,18.771494595088356,1
599,9,472.71545264590566,5.5056589162366425,1
599,10,485.00929934984646,12.893021598257874,1
599,11,485.2391149809024,12.105795906721788,1
599,12,476.44857349454117,1.3232710207600307,1
599,13,468.97504595593466,14.66627528164392,1
599,14,2.474067950143099,2.01296547966576,2
599,15,-2.941688708906597,-0.7432842552448173,2
599,16,-2.9127337572995136,3.0089817483207906,2
599,17,-1.7988196225348518,2.843579756174337,2
599,18,9.52153042403743,-2.0338832398374382,2
599,19,-1.7033049754982594,7.750309376635188,2
600,0,-478.12284269451294,-4.227187628864093,0
600,1,-470.09951860388645,-3.8668072399326645,0
600,2,-467.0954342672086,-8.15638056797272,0
600,3,-475.3092379269824,1.3486432322878268,0
600,4,-472.5369131706602,0.42057443639895753,0
600,5,-471.69008419338473,4.547583943019071,0
600,6,-475.96186636957503,-2.032398300576346,0
600,7,-467.1705518372671,-2.1242207286693966,0
600,8,499.82250242142135,18.666579545889366,1
600,9,473.4026371577658,5.419176919179075,1
600,10,485.9509913154303,13.335881726235307,1
600,11,486.003974345391,12.195613043766539,1
600,12,477.1718344312117,1.3710527477760193,1
600,13,469.89021760582625,14.563048507476186,1
600,14,2.6110595524582765,1.7886573517967685,2
600,15,-2.66855222770059,-0.3991863169189974,2
600,16,-3.323295017190019,2.9471233046374303,2
600,17,-1.7168930804251532,2.9510814378367494,2
600,18,9.402210210943803,-1.8998455775660699,2
600,19,-1.6683970517703717,7.784199190788427,2
601,0,-478.2566257392566,-4.168963488682666,0
601,1,-471.07657836864973,-3.6918134293687843,0
601,2,-467.96140952629844,-7.752445413617175,0
601,3,-476.2093097492859,0.9778873323748889,0
601,4,-473.4816717996995,0.48543672128100696,0
601,5,-472.320811249063,4.173974804066561,0
601,6,-476.7649496933079,-2.2106909336538996,0
601,7,-468.05120568668946,-2.307070125088006,0
601,8,500.42562379207,18.58105721006007,1
601,9,474.29491423737977,5.056702452950533,1
601,10,486.8061158028904,13.712684015923676,1
601,11,486.6140616553507,12.31252009155396,1
601,12,478.0395581012785,1.4196219767203395,1
601,13,470.85391569409586,14.665532994892395,1
601,14,2.5681164624131436,1.901622439630756,2
601,15,-2.4592328396662495,-0.7576760979655541,2
601,16,-3.1865570830702135,2.775822220080755,2
601,17,-2.131256159199099,2.6419697059885254,2
601,18,9.279858104299372,-2.113643631503867,2
601,19,-1.6899945736642525,7.905658213626115,2
602,0,-478.9638755429184,-3.928086323733284,0
602,1,-471.9251372854484,-3.7440487104841225,0
602,2,-468.4955072201022,-7.317447221876865,0
602,3,-476.7795844493419,0.7875044505314645,0
602,4,-474.31310764565507,0.13209334892802999,0
602,5,-473.04033981356076,4.068386324772212,0
602,6,-477.8097489623694,-2.200694438888498,0
602,7,-468.7101180654642,-2.4267725751139526,0
602,8,501.6941920846009,18.668619735905384,1
602,9,475.41612561193443,4.99331424386501,1
602,10,487.8872063596086,13.765640323899367,1
602,11,487.4354475498201,12.200365521433504,1
602,12,478.7383154580838,1.3725822773825702,1
602,13,471.45776243328214,14.661496448468803,1
602,14,2.7664677203873813,2.0215661280411803,2
602,15,-2.390913987033596,-1.0752533246043328,2
602,16,-2.910377829643221,2.813639238264543,2
602,17,-2.137300997430581,2.7843479204625705,2
602,18,9.606715201482322,-2.0417679045230757,2
602,19,-2.1661949717488955,7.502422665274533,2
603,0,-479.89295571269406,-4.226380303024201,0
603,1,-472.5739776343302,-3.784495226618875,0
603,2,-469.2206409118745,-7.028493198372913,0
603,3,-477.6366328093031,1.1099605145945621,0
603,4,-475.2174021566723,-0.19563053744247944,0
603,5,-473.94576596305365,4.228151836706531,0
603,6,-478.509859264341,-2.049308776079375,0
603,7,-469.54792357237517,-2.2959016404872714,0
603,8,502.2940151152781,18.86231325141715,1
603,9,476.2892025312641,4.887601946748358,1
603,10,488.8308093902868,13.779559942531705,1
603,11,488.41844062552036,12.253604097741821,1
603,12,479.1999915448542,1.2809550598383668,1
603,13,471.8775676021679,14.434299936080466,1
603,14,2.9034721489308453,2.2561347360352193,2
603,15,-2.5782828953138117,-1.2473884697975515,2
603,16,-2.8716007594895494,2.963845287390688,2
603,17,-2.1773580759185878,2.923723690611162,2
603,18,9.737422030555946,-2.044815716460215,2
603,19,-2.003791930688186,7.460684998538933,2
604,0,-480.71011454310764,-3.809694444056959,0
604,1,-473.4099309096032,-3.689175644847915,0
604,2,-469.75399073895346,-6.853573089376482,0
604,3,-478.6697060934953,1.1986743435866742,0
604,4,-475.436148503407,-0.3839112670585832,0
604,5,-474.7916061989509,4.068853539131603,0
604,6,-479.41845565510164,-1.8407036859377968,0
604,7,-470.46226029708936,-2.1928495735625604,0
604,8,503.1700408322484,18.88649035882073,1
604,9,477.0960642289773,4.792915512840021,1
604,10,489.5689314749322,13.950631190637708,1
604,11,489.2436403903035,12.004107014982953,1
604,12,479.80871770999414,1.529104960311313,1
604,13,472.4472663584614,14.522045833036866,1
604,14,2.7999526921338287,2.562650524966851,2
604,15,-3.145383096854831,-1.3585453186155,2
604,16,-2.8451259884682862,2.796987962931902,2
604,17,-2.0754153251526968,2.7036544814421495,2
604,18,9.91336314023656,-1.9306846362433228,2
604,19,-2.372303678802854,7.46441838728065,2
605,0,-481.6182648819361,-3.210882785261366,0
605,1,-474.2671145025276,-3.430988073430162,0
605,2,-470.5116982022459,-6.916656702642586,0
605,3,-479.32394742034523,1.2112087995597751,0
605,4,-476.3922985447344,-0.39930115945033123,0
605,5,-475.9737521507494,4.047861563307563,0
605,6,-479.99393942462683,-1.7709987546488626,0
605,7,-471.5055398835843,-2.0707970089026233,0
605,8,504.08987626909465,19.100447953347246,1
605,9,478.1444106890826,4.907786766267933,1
605,10,490.19852669034543,14.278702915011484,1
605,11,490.07137445902504,11.903891797128239,1
605,12,480.5059772890127,1.4935723389094222,1
605,13,473.4306430274735,14.542044798576464,1
605,14,2.517094455268142,2.647998784828874,2
605,15,-3.357096549873914,-1.612307961296486,2
605,16,-2.635650143778847,2.858320341326877,2
605,17,-2.1494329219132604,2.7539043677873782,2
605,18,9.852932326576855,-2.105114574835044,2
605,19,-1.9332274372252105,7.432501328615341,2
606,0,-482.6723218837016,-3.245869223807152,0
606,1,-475.3060843267795,-3.457147069733054,0
606,2,-471.10086524287635,-6.739506950602503,0
606,3,-479.87844774283116,1.1948873413389034,0
606,4,-477.0352606242206,-0.6633953344024068,0
606,5,-476.869310055817,4.078037994944966,0
606,6,-480.9602475280181,-1.6556402998838813,0
606,7,-472.3294519716133,-2.131657088574359,0
606,8,504.82437593751666,18.801777739516687,1
606,9,478.984047276168,5.085199074898924,1
606,10,490.866433633304,14.466812733664657,1
606,11,491.12298063244475,11.905330033012572,1
606,12,481.25401048691486,1.7302513380395945,1
606,13,474.3225071383343,14.40394825714476,1
606,14,2.8755545885466485,2.480768735318708,2
606,15,-3.504068391825674,-1.6639870546122515,2
606,16,-2.5932770435751293,2.5085297021171384,2
606,17,-2.0584366667079013,2.584739666498087,2
606,18,9.681747538448086,-2.1013958367140098,2
606,19,-2.1030842609373828,7.6751566094606885,2
607,0,-484.0894347144062,-3.246730632254958,0
607,1,-476.35454846743437,-3.8753119852806734,0
607,2,-471.8488595694495,-7.09860719744399,0
607,3,-480.7271921301214,1.306517730735228,0
607,4,-477.8148529548384,-0.2862759670351407,0
607,5,-477.7227421020023,4.030758325352259,0
607,6,-481.88901248479465,-1.5360556687255096,0
607,7,-472.97036581387187,-2.187840563339961,0
607,8,505.7280899648098,18.960032782842106,1
607,9,479.74060008130255,5.2934690561582025,1
607,10,491.7979469575917,14.52856204201055,1
607,11,491.83252877306825,11.86390721110698,1
607,12,481.8662301586445,1.7414788931647143,1
607,13,475.27796924253863,14.06402293297748,1
607,14,2.844715363868043,2.929446075539589,2
607,15,-3.6992336557752648,-1.5198608429399472,2
607,16,-2.5532013948180117,2.3273538396951956,2
607,17,-1.9804286890620253,3.1113399630154053,2
607,18,9.853005837999993,-2.445015067628812,2
607,19,-2.307661290567265,7.899288977010518,2
608,0,-484.86871755574583,-3.4104618491239567,0
608,1,-477.05085654175264,-3.9994057369544334,0
608,2,-472.5774849577116,-7.406158568168504,0
608,3,-481.4138106929532,1.1350688759912801,0
608,4,-478.8530647279167,0.032247471027974206,0
608,5,-478.65323895406783,4.265757822413029,0
608,6,-482.5529392183527,-1.6030338659451269,0
608,7,-473.9250768219976,-2.3153300420712486,0
608,8,506.3476516229155,18.80324645670705,1
608,9,480.26919948750935,5.2145823496961405,1
608,10,492.88414951000465,14.522237570552363,1
608,11,492.572434306107,11.70689581936703,1
608,12,482.688063749115,1.6971849154393657,1
608,13,476.1977928898881,13.683524958178277,1
608,14,2.874362538539124,2.681852211233326,2
608,15,-3.449898287472366,-1.7186170348571759,2
608,16,-2.386062157037063,2.3091292024826786,2
608,17,-1.8740736876830115,3.110048473410029,2
608,18,9.871502700065754,-2.439944645149703,2
608,19,-2.397065977251837,7.657409933732538,2
609,0,-485.52468429684717,-3.348641347371663,0
609,1,-477.83022230441975,-3.972293040391393,0
609,2,-473.1400567594899,-7.535931422372439,0
609,3,-482.0526399511217,1.0673490199468523,0
609,4,-479.902114681415,-0.10614174761305714,0
609,5,-479.3463751324833,4.33665983477565,0
609,6,-483.3704193015196,-1.5336008940784442,0
609,7,-474.8341917857762,-2.2173523301434104,0
609,8,507.091260231541,18.7387699502488,1
609,9,480.80399998117605,5.351695913868262,1
609,10,493.4170688973275,14.280507322866294,1
609,11,493.2293585314383,11.748130229744591,1
609,12,483.5186413918344,1.558883408616521,1
609,13,477.0850080198641,13.639682141154877,1
609,14,2.6426504487855302,2.6761684097120426,2
609,15,-3.399437424225557,-1.9049341826074826,2
609,16,-2.912751603044568,2.368724540919638,2
609,17,-1.9741986622724417,2.8716307880499174,2
609,18,9.981088285469093,-2.272328436204404,2
609,19,-2.6283269677626815,7.6181829919955995,2
610,0,-486.76369798925987,-2.9039146707180996,0
610,1,-478.7402432454433,-3.6651025685727996,0
610,2,-473.8014501659507,-7.246794968052603,0
610,3,-482.90845838607873,1.2985528378348552,0
610,4,-480.52443166456925,0.029232700095273706,0
610,5,-480.4045176571563,4.1791269907303406,0
610,6,-483.8747427200907,-1.5225915322764643,0
610,7,-475.63103131808083,-2.23521079208504,0
610,8,507.4631652541827,18.452415828745185,1
610,9,481.4612418107623,5.671550139105012,1
610,10,494.1803861956003,13.988066014517944,1
610,11,493.96038334010893,11.488867157512562,1
610,12,484.45250100442325,1.5024764584124617,1
610,13,478.03538009205624,13.771824018595348,1
610,14,2.4633427456281036,2.4558137840265193,2
610,15,-3.137644697236703,-2.349455498207278,2
610,16,-3.2708159103035346,2.3417667847916843,2
610,17,-1.6706364944489949,2.9901090530357712,2
610,18,9.750211555563245,-2.4310527965502864,2
610,19,-2.728393928523718,7.687432655822929,2
611,0,-487.3432884171498,-2.8015282180009655,0
611,1,-479.717883646441,-3.602268564707925,0
611,2,-474.45769340927365,-7.1108911874878675,0
611,3,-483.7834641310572,1.4617822922479238,0
611,4,-481.3958524487713,0.2488124390189212,0
611,5,-481.1768428172942,4.212571446019305,0
611,6,-484.7687253577034,-1.4076947724882307,0
611,7,-476.31757666658785,-2.275267913523803,0
611,8,508.2778143828402,18.626147524146464,1
611,9,482.1084123536592,5.516432815929023,1
611,10,494.99609460377496,14.080727449689133,1
611,11,494.76225538376394,11.334710004037008,1
611,12,485.42388795665164,0.9398171793541404,1
611,13,478.54737647363066,13.986970505361388,1
611,14,2.278443784060736,2.565440901332031,2
611,15,-3.3396149247755664,-2.3174541182625137,2
611,16,-3.095297773745764,2.112582646259471,2
611,17,-1.5416399399082692,2.9041181930316196,2
611,18,10.006265737178824,-2.5389401230405184,2
611,19,-2.8489966335961263,7.338601195732989,2
612,0,-488.23634708515755,-2.6288496351565067,0
612,1,-480.34741190125453,-3.9220504537119836,0
612,2,-475.19410060255984,-7.301514392320819,0
612,3,-484.2244871562413,1.641940304727882,0
612,4,-482.663738723396,-0.024895865419194474,0
612,5,-482.2609868956897,4.2288270422556655,0
612,6,-485.5868731275324,-1.3040550769644,0
612,7,-476.77821449597275,-2.608519258892077,0
612,8,509.1112882857658,18.416840431548522,1
612,9,482.76522186428207,5.511024703460663,1
612,10,495.5602992698048,13.987165464466214,1
612,11,495.6601729532419,11.094150798417813,1
612,12,486.3017569177299,1.0960879774440822,1
612,13,478.81566056423975,13.619819808579962,1
612,14,2.4238078664607974,2.4169709630133935,2
612,15,-3.0163922528728633,-2.3416023566985653,2
612,16,-3.1923392630554805,2.084416760231275,2
612,17,-1.8510536014148027,3.1977257522473774,2
612,18,9.85549499269917,-2.0535013533627566,2
612,19,-2.555132065709593,7.034648712831453,2
613,0,-489.11076049345934,-2.8310627220880398,0
613,1,-481.3452493244833,-4.224033770838529,0
613,2,-476.12038761409497,-7.072896607107549,0
613,3,-485.1962251479453,1.592611843411591,0
613,4,-483.2567562502138,-0.19326975843115704,0
613,5,-483.11399415419373,4.133766955473492,0
613,6,-486.4647582799244,-1.3921915924632509,0
613,7,-477.3616971527601,-2.774507295016342,0
613,8,509.95426541455316,18.486814032182213,1
613,9,483.5969880979405,5.187049213315398,1
613,10,496.5294579458479,13.895537320415245,1
613,11,496.26564276623577,11.131941268930664,1
613,12,487.66118041697854,1.2016815429091259,1
613,13,479.27078213629284,14.00189768050299,1
613,14,2.281323628808344,2.279681849663372,2
613,15,-3.002568694475332,-2.7358349756216382,2
613,16,-3.162021488334494,1.7658026647752183,2
613,17,-1.6737825104367718,2.988336251529242,2
613,18,9.881410972897084,-2.420188348250943,2
613,19,-2.7774006257380752,6.83504316303636,2
614,0,-489.7886917767808,-3.096333680345811,0
614,1,-481.8796637427126,-4.260409677984281,0
614,2,-476.8692902842843,-6.90086043600282,0
614,3,-486.0409489060087,1.6814329241981751,0
614,4,-483.93894038021574,-0.18215547660047787,0
614,5,-483.7671250247611,3.8915327444924825,0
614,6,-487.2463266143531,-1.1941715527349461,0
614,7,-478.5273840167976,-3.0493503009176166,0
614,8,510.5122040202608,18.398867598028698,1
614,9,484.5396165537429,5.286163337011297,1
614,10,497.1834124206844,13.909334863343036,1
614,11,496.81948472695217,11.165617822081849,1
614,12,488.6807667405302,1.1464535094903232,1
614,13,480.51754968755625,14.306137956297112,1
614,14,2.5194550602377626,2.0706386134043404,2
614,15,-3.1981107776888553,-2.5547542381120985,2
614,16,-2.952060148340937,1.529478329031937,2
614,17,-1.78511404465269,2.9863660771725336,2
614,18,9.944241263033755,-2.430198187555686,2
614,19,-3.2108724152073735,6.7928575419913555,2
615,0,-490.4768088935772,-2.9958066794764417,0
615,1,-483.08084131477415,-4.438652717070749,0
615,2,-477.8931832886302,-6.965989316653842,0
615,3,-486.8476888088189,1.710175340655126,0
615,4,-484.24880312031,-0.31698820920860227,0
615,5,-484.6877588018317,3.933758959311757,0
615,6,-487.84969285049516,-1.4494755277606453,0
615,7,-479.187469597115,-2.988561410306393,0
615,8,511.56772183636235,18.41122599643535,1
615,9,485.2377331489412,5.060645295309912,1
615,10,497.9065797853347,13.930873760269986,1
615,11,497.34096345055616,11.292650639197936,1
615,12,489.38080335448,0.9407412311434793,1
615,13,481.61364744018715,14.29060956857855,1
615,14,2.296916422881789,2.0632147890738235,2
615,15,-3.3608371903888408,-2.7176997849563023,2
615,16,-2.9868203112191414,1.6783557564772837,2
615,17,-2.005529330514514,2.94063799944124,2
615,18,9.958543744143975,-2.583678072214121,2
615,19,-3.4424093694185047,6.697175808432405,2
616,0,-491.45701019906846,-2.957544251128601,0
616,1,-483.7180824620472,-4.626356462691326,0
616,2,-478.82225259219155,-6.919337302185061,0
616,3,-487.71907748646953,1.5921020312977916,0
616,4,-484.8575880760647,-0.02591885918887804,0
616,5,-485.4967244950807,3.7684707782102493,0
616,6,-488.7401381888252,-1.560181058635322,0
616,7,-479.75522436186316,-2.7672991891631273,0
616,8,512.497660045945,18.619928649902423,1
616,9,486.1038881345266,4.960082980226114,1
616,10,498.5613642189273,13.693688301916042,1
616,11,498.4741469721716,11.35194847071665,1
616,12,490.372603042762,0.9296246880023858,1
616,13,483.00037835117314,14.41439368218108,1
616,14,2.6024513379766154,1.793858927913162,2
616,15,-3.0863942297343163,-2.776272851313217,2
616,16,-3.0434944829273136,1.6012746250265346,2
616,17,-1.7953363338060098,3.0733502117391347,2
616,18,9.739972400205648,-2.7538308859341747,2
616,19,-3.7113726597042644,6.755041165185323,2
617,0,-492.0612405105791,-3.215167668263515,0
617,1,-484.51342816337876,-4.5148110725321775,0
617,2,-479.6789559749426,-6.514548944397487,0
617,3,-488.5883809162638,1.5687186341072685,0
617,4,-485.77909071508503,0.4562273007367739,0
617,5,-486.40073276034514,3.8699051047985966,0
617,6,-488.91199028293374,-1.4185013180862145,0
617,7,-480.3001333188139,-3.0287220184736663,0
617,8,513.5585646982701,18.451992455102705,1
617,9,487.00132868668624,4.9794318514615545,1
617,10,499.19515136653763,13.40031989063567,1
617,11,499.5340764461512,11.134399325996409,1
617,12,491.19484256164384,0.7654141069478285,1
617,13,483.6452645864907,14.372052520841416,1
617,14,2.221335602878656,1.6466965090228851,2
617,15,-3.168994494732428,-2.6279331058093436,2
617,16,-3.03541336832256,1.3964657741264397,2
617,17,-1.5551394372680185,3.110759992255114,2
617,18,10.146050765559774,-2.8065574143968273,2
617,19,-3.627621625772199,6.563143889728216,2
618,0,-492.8423116315919,-2.998385300539343,0
618,1,-484.9974267529671,-4.714759312337872,0
618,2,-480.36265836878266,-6.214957783262993,0
618,3,-489.3515505603512,1.9145629586777713,0
618,4,-486.53819465188667,0.30150023518125807,0
618,5,-487.24977721856874,3.8080226697112263,0
618,6,-489.8352599490384,-1.5741226927080012,0
618,7,-480.58337646673937,-2.841621004862053,0
618,8,514.5484086967987,18.65413090718793,1
618,9,487.9607891556174,5.082971529353776,1
618,10,499.761881984969,13.584620298134935,1
618,11,500.4803654740872,11.2486388207381,1
618,12,492.3719772630775,0.8818429477763957,1
618,13,484.54422044160805,14.303197758616276,1
618,14,2.073733712145143,1.4976446759426414,2
618,15,-3.257450491311702,-2.5877482313794555,2
618,16,-3.3228783273143176,1.5967459641051542,2
618,17,-1.8433085252900208,3.129975936401709,2
618,18,10.262065002478312,-2.8521143927666635,2
618,19,-3.567659724501445,6.363918455550351,2
619,0,-493.55641632876893,-3.3246577779747417,0
619,1,-486.0724443798725,-4.968871646209975,0
619,2,-481.1002755079755,-6.106552280061964,0
619,3,-490.13177876758414,1.7186355307776053,0
619,4,-487.51761772171625,0.2251906063443755,0
619,5,-488.0964161328066,3.8454219825200613,0
619,6,-490.65236153240534,-1.517074309929024,0
619,7,-481.65318357544726,-2.807065762798806,0
619,8,515.5772372624185,18.666057306354062,1
619,9,488.9144979925081,4.851883757722643,1
619,10,500.720670298035,13.508840430721733,1
619,11,501.21220421500544,11.302030862816538,1
619,12,493.5663211822356,1.2193769967609212,1
619,13,485.0096358484351,14.093918252499419,1
619,14,2.2688552551365913,1.5814208185107552,2
619,15,-3.3811607566314894,-2.430842273701229,2
619,16,-3.5123221056255556,1.6629941959676966,2
619,17,-1.4293099123173734,3.124557164434954,2
619,18,10.575814004899032,-2.8998245010521857,2
619,19,-3.449110959631434,6.446969224077999,2
620,0,-494.11372237821223,-3.420134537044978,0
620,1,-486.9382886895969,-4.9398392333120045,0
620,2,-481.7456746628531,-6.213210143927079,0
620,3,-490.8614370917374,1.569037218547551,0
620,4,-488.35930834945253,0.054574107246011805,0
620,5,-488.98566228218607,4.042500615573595,0
620,6,-491.39407030833627,-1.2934946657114943,0
620,7,-482.66123535088957,-2.9385384257242313,0
620,8,516.4933899328297,18.52135181479207,1
620,9,489.6739172194321,4.62121812933218,1
620,10,501.4181018289002,13.552209817347615,1
620,11,502.3380549902834,11.287340193034169,1
620,12,494.47782127323205,1.1511436512163582,1
620,13,485.793194849527,13.98241323138517,1
620,14,2.0078495887904113,1.7841625363145028,2
620,15,-3.683308321166791,-2.386855423522936,2
620,16,-3.714568736541786,1.5776059966863107,2
620,17,-1.1496862850100682,2.9898622041626686,2
620,18,10.56155938315343,-2.599786922126066,2
620,19,-3.515889751900121,6.4773385579924385,2
621,0,-494.772256921326,-3.730477512698574,0
621,1,-487.96714834851747,-5.125581859638363,0
621,2,-482.2495310499289,-6.336467828686294,0
621,3,-491.35008962876674,1.0990920623116938,0
621,4,-489.0951572307207,-0.0582748655183392,0
621,5,-490.01278790770925,4.054597017829143,0
621,6,-492.5438721378256,-1.2724109773275394,0
621,7,-483.09509571799197,-3.411412537332091,0
621,8,517.2168800781568,18.792033840063553,1
621,9,490.060913948862,4.8531623811233,1
621,10,502.49682998452874,13.839128919923645,1
621,11,503.21768684518037,11.345349288083288,1
621,12,495.3873331292567,1.079688161440944,1
621,13,486.4372364955078,13.710313592568502,1
621,14,2.325507475865714,1.5745927215641247,2
621,15,-4.003511455036778,-2.340855359504309,2
621,16,-3.8448318198579874,1.6202648695904867,2
621,17,-0.8858068648328379,3.179034923902168,2
621,18,10.521486839045997,-2.743813991517276,2
621,19,-3.467872868632563,6.3523300880310565,2
622,0,-495.4469457838503,-3.5240075442842826,0
622,1,-489.0534395261968,-4.8722993822747265,0
622,2,-483.2236515508562,-6.1446268511341176,0
622,3,-492.0490334839582,0.9971673397418339,0
622,4,-490.0897280771501,0.038305261493917844,0
622,5,-490.76976373176046,4.149928889833094,0
622,6,-493.27679840959587,-1.225830712869043,0
622,7,-484.2310411464779,-3.5365660956292517,0
622,8,517.8332930345683,18.736947689192906,1
622,9,491.0213905256641,4.912730232471017,1
622,10,503.21383950204273,13.676590883948547,1
622,11,503.7977934233478,11.263811182915813,1
622,12,496.15043763281153,1.2591901279807378,1
622,13,487.20079643780133,13.611246032723512,1
622,14,2.740334004757081,1.4562510198404643,2
622,15,-3.519058412941714,-2.123690934658388,2
622,16,-3.7418961416836933,1.4494904051658206,2
622,17,-0.926782315822703,3.0881914403599686,2
622,18,10.342665321878133,-2.66891815967652,2
622,19,-3.674945013595489,6.5251602449666,2
623,0,-496.1071495482369,-3.3426036887037167,0
623,1,-490.08019738285634,-4.760005416707368,0
623,2,-484.20246279968535,-5.866021012542121,0
623,3,-492.89717858523557,1.2302372362635774,0
623,4,-490.77901695026435,0.012137915088451037,0
623,5,-491.70863744164006,3.9634732104574315,0
623,6,-494.0011816166258,-1.4340350779782056,0
623,7,-484.80617917222327,-3.7008730100602745,0
623,8,518.9576043937692,18.754259364633814,1
623,9,491.5776881903079,4.633968183852838,1
623,10,504.1363167124534,13.502753107170413,1
623,11,504.9080879605337,11.46922317225013,1
623,12,497.0035369235651,1.2607253389768154,1
623,13,487.834315612201,13.828669464397413,1
623,14,2.575533171051475,1.1428046619368244,2
623,15,-3.423683906941511,-2.0791351731376393,2
623,16,-3.978550183979179,1.357590290280138,2
623,17,-1.0903645629986665,2.927814417820761,2
623,18,10.245332981588273,-2.426448491759296,2
623,19,-3.766294576997759,6.567691041302265,2
624,0,-496.7887899354261,-3.5590805117684456,0
624,1,-490.8750836772301,-4.652469477475271,0
624,2,-485.07926498968976,-5.923678315623062,0
624,3,-493.39382048398005,1.5887861952749847,0
624,4,-491.39588265182095,-0.30591484339724384,0
624,5,-492.51929893540387,3.9992987154757578,0
624,6,-494.83594756952107,-1.5020123521161741,0
624,7,-485.25361406513554,-3.713416276826309,0
624,8,519.6884613025472,18.803308407542893,1
624,9,492.5695981661035,4.82390879610667,1
624,10,505.18210360028274,13.428215030440336,1
624,11,505.57936268992205,11.539289630095398,1
624,12,497.80690793680424,1.4645899215073896,1
624,13,488.51618800340526,13.930693860787713,1
624,14,2.461578860302809,1.4976113892593494,2
624,15,-3.0863692173796538,-2.257689560285568,2
624,16,-3.795217362385151,1.2383128474996525,2
624,17,-1.1348867061957537,3.020532720527254,2
624,18,10.031193371312165,-2.381625194619913,2
624,19,-3.7636614560164086,6.493631244434802,2
625,0,-497.4612949775922,-3.395355327691918,0
625,1,-491.62693034452604,-4.40185501649371,0
625,2,-486.00587527930395,-6.049465319870016,0
625,3,-494.51926448784025,1.5035125796127458,0
625,4,-492.0818562010377,-0.13118596313889158,0
625,5,-493.6292161136802,3.910013624712733,0
625,6,-495.52728604687735,-1.7946407492903393,0
625,7,-486.1522951120774,-3.664723159271607,0
625,8,520.3728919830517,19.061808137005585,1
625,9,493.1776583082543,4.825051587927321,1
625,10,506.0855865446264,13.37547596098167,1
625,11,506.05197711680967,11.85239652388255,1
625,12,498.6556091572515,1.6713561241008748,1
625,13,489.2609979642003,14.036310202741147,1
625,14,2.4704783401833943,1.4113448537658484,2
625,15,-3.1353285604128103,-2.31615169242097,2
625,16,-3.855442751703667,1.217975398319652,2
625,17,-1.2373419952631297,2.9912045820029105,2
625,18,9.960928001722207,-2.4958066077288934,2
625,19,-3.7351262742198315,6.220391188181394,2
626,0,-497.98282678181965,-3.4118816769660567,0
626,1,-492.6711962304116,-4.630559925536222,0
626,2,-486.7293510666663,-6.213122884055263,0
626,3,-495.39157226648814,1.8799798987081289,0
626,4,-492.74610442114795,-0.034604291808271986,0
626,5,-494.39405377078583,3.947065570653995,0
626,6,-496.0513493069059,-1.7128531682800205,0
626,7,-486.91581105090285,-3.8762128037081016,0
626,8,521.0145419799585,19.000406579984773,1
626,9,494.07991799024546,4.653374661695363,1
626,10,507.021098852548,13.350838129091798,1
626,11,506.770441453242,12.019110112427375,1
626,12,499.6602365091203,1.5796427865847709,1
626,13,490.43914300084987,14.029998284059582,1
626,14,2.568903562364615,1.3054064889718564,2
626,15,-3.3139730808811785,-2.596363119756904,2
626,16,-3.719639078557406,1.08624310995198,2
626,17,-1.467030611600259,3.0919895290589494,2
626,18,9.890975324821,-2.675692441293131,2
626,19,-3.517259351401761,6.378525051089013,2
627,0,-498.58155858467774,-3.3906804173315512,0
627,1,-494.0158420424731,-4.5578019115636,0
627,2,-487.55558197230954,-6.126172714373711,0
627,3,-496.24053894914624,1.9472344680498512,0
627,4,-493.4862951416785,-0.12718305745432482,0
627,5,-495.46053113663254,4.0169969679709725,0
627,6,-496.90637673648695,-1.6289360955233987,0
627,7,-487.6431506695334,-4.0967227968094475,0
627,8,521.685905410471,18.96549360468984,1
627,9,494.9447678065798,4.666099823299001,1
627,10,507.7210425691465,13.420304031958663,1
627,11,507.34809927398015,12.143473698996386,1
627,12,500.4809911651547,1.3345994879331136,1
627,13,491.3382226807701,13.915340832628774,1
627,14,2.3409713865701764,1.364746147373971,2
627,15,-3.445578491087099,-2.5862193701150864,2
627,16,-4.0327704211873225,1.1443272893836791,2
627,17,-1.8897292680160498,3.02141465245075,2
627,18,9.920791692520359,-2.3824727518826574,2
627,19,-3.3999266991419277,6.7135396365953035,2
628,0,-499.140753067921,-3.6077727583121297,0
628,1,-495.06379356488173,-4.543316667476341,0
628,2,-488.24995084273553,-5.82145636033813,0
628,3,-496.94458075719825,1.9744582267614161,0
628,4,-494.0157705644601,-0.05351957053310684,0
628,5,-496.1586490945197,3.9414058111931958,0
628,6,-497.9011379683546,-1.5580211936495658,0
628,7,-488.5418612185784,-3.986179182162529,0
628,8,521.9882125948026,18.758168261959202,1
628,9,495.72972101375217,4.7388071664455,1
628,10,508.692721282818,13.585424208001882,1
628,11,508.0282817769733,11.946035996234828,1
628,12,501.25245126553614,1.2494353313257167,1
628,13,492.02292175282696,13.635315270583089,1
628,14,2.267626836615127,1.3665217290468286,2
628,15,-3.211099612699195,-2.583099957402439,2
628,16,-3.899717296667787,0.9249823919480906,2
628,17,-1.3219668061600882,3.265208253166229,2
628,18,10.142863770502164,-2.5258223561097006,2
628,19,-3.5084330327173343,6.555581634703023,2
629,0,-499.9465922296975,-3.463826924881848,0
629,1,-495.85519475229336,-4.631958599939544,0
629,2,-489.1673620699421,-5.63644140789184,0
629,3,-497.81829634923633,1.5768477962635135,0
629,4,-494.42886739647673,0.04008557180691616,0
629,5,-497.0975558704034,4.170863522691932,0
629,6,-498.2311587779692,-1.839924221800256,0
629,7,-489.36425435525155,-3.6764163871209403,0
629,8,522.9467965591768,18.820521931438098,1
629,9,496.57118183508356,4.636228681921843,1
629,10,509.554119237123,13.869003632193744,1
629,11,508.56392761150215,12.082347091862022,1
629,12,501.64257716225205,1.1207840117505206,1
629,13,492.8288554465461,13.46166233191436,1
629,14,2.047627700808612,1.5881129644817504,2
629,15,-3.4629340697383793,-2.278048251517236,2
629,16,-4.099923293515719,0.7316039588269853,2
629,17,-1.4619948996763545,3.13578630588248,2
629,18,10.036201235380236,-2.5623394317303267,2
629,19,-3.3891773381763075,6.484484875868325,2
630,0,-500.4250267345905,-3.5276459841246472,0
630,1,-496.83486845317935,-4.731940645849183,0
630,2,-490.0099769969614,-5.7072480877484075,0
630,3,-498.8213377742142,1.470961070110143,0
630,4,-495.3048112870205,0.04814445391980121,0
630,5,-497.93194823359215,4.117912479349488,0
630,6,-499.09029253613653,-1.9491221028751204,0
630,7,-490.11120518637085,-3.625241392713272,0
630,8,523.5170268574271,18.656413455056207,1
630,9,497.4920258755404,4.351723508397365,1
630,10,510.46216979705537,13.648003860603252,1
630,11,509.37027501296535,12.046380983666637,1
630,12,502.42241026800895,0.9351127648573467,1
630,13,493.6956376408903,13.513470004335044,1
630,14,1.6321408990971247,1.7430851263727736,2
630,15,-3.320808648623104,-2.2490530558143433,2
630,16,-3.9258426267956352,0.66237561075703,2
630,17,-1.3362259044586795,3.0698511657820573,2
630,18,10.099795294921194,-2.5689024659985704,2
630,19,-3.311782403747746,6.623827445952667,2
631,0,-501.266410002759,-3.6481722620719834,0
631,1,-497.6446205080136,-4.440833970167178,0
631,2,-490.9055936644349,-5.836253042420435,0
631,3,-499.40562714439375,1.4463349132451209,0
631,4,-496.2914593969658,-0.14790816011577326,0
631,5,-498.57704068834244,4.155357605781414,0
631,6,-499.52875219472094,-1.9406849099805357,0
631,7,-490.9142473899463,-3.96551889567625,0
631,8,524.2135567770404,18.986910510344867,1
631,9,498.0758201681913,3.9016448654432523,1
631,10,511.1820900795102,13.626025632699596,1
631,11,510.4289919488854,12.111574557720786,1
631,12,503.12941566031014,1.1296312076690602,1
631,13,494.1430814284461,13.815327335653414,1
631,14,2.0091421610256748,1.7000193600515616,2
631,15,-3.113425655208565,-2.447578546561577,2
631,16,-4.113451099388431,0.436582363747375,2
631,17,-1.0340437027084062,3.1962982047809363,2
631,18,10.48946895126892,-2.709576434309773,2
631,19,-3.452163067324954,6.901003005617251,2
632,0,-502.1251817766919,-3.5035306931799592,0
632,1,-498.24278023614323,-4.205357757706765,0
632,2,-491.72720856277834,-5.62992851632315,0
632,3,-500.21270554007134,1.6176798780253043,0
632,4,-496.8096274164113,-0.4298352707267068,0
632,5,-499.48261193188836,3.983315559953886,0
632,6,-500.14156294884486,-1.6464889595830514,0
632,7,-491.6418353165022,-4.196653830595327,0
632,8,524.8537373881601,19.085472370135395,1
632,9,499.0036011268117,4.121195044090651,1
632,10,511.5880430330425,13.564526897556417,1
632,11,511.29904143668466,12.079826811220338,1
632,12,503.9666286736838,0.9401948024969856,1
632,13,494.9244108011196,13.693093032340379,1
632,14,2.2185748480578957,1.7614032589320867,2
632,15,-3.013078360910078,-2.0192133442087146,2
632,16,-3.7288476775212915,0.5719572968410433,2
632,17,-1.2303402783040283,3.076623275300475,2
632,18,10.378347927627031,-2.84042928587348,2
632,19,-3.110959761718635,6.910488492800267,2
633,0,-503.10871552613725,-3.9769277452547684,0
633,1,-499.01419698739323,-4.103230359741664,0
633,2,-492.7204194100941,-5.617164124417975,0
633,3,-501.08320113584074,1.4282467373533942,0
633,4,-497.57938717892307,-0.5760826840096636,0
633,5,-500.28553262711694,3.723083785356156,0
633,6,-501.0766882488573,-1.3561932776024097,0
633,7,-492.9182044812584,-3.980804061765918,0
633,8,525.6905211809203,19.259669442672628,1
633,9,499.8541580668356,3.814956023906717,1
633,10,512.1428094209867,13.48440752999492,1
633,11,512.0133286892917,11.842304904437695,1
633,12,504.9675481618418,0.6750071971905376,1
633,13,495.5829341216866,13.497186344589217,1
633,14,2.072220077484967,1.8140004151061597,2
633,15,-3.0527485591975867,-2.0111391095485094,2
633,16,-3.775425234795882,0.5595476243043076,2
633,17,-1.2879878502533635,2.9162698729332166,2
633,18,10.442833557204185,-2.8577796815509133,2
633,19,-2.8290090432244446,7.317177759838187,2
634,0,-504.13800180127856,-3.9146432996911438,0
634,1,-499.55119964648605,-3.9958880866190087,0
634,2,-493.3172421028915,-5.386219149647651,0
634,3,-501.6497971121302,1.0787639278339984,0
634,4,-498.6170541596048,-0.16028127923562607,0
634,5,-500.865851827756,3.768226172103208,0
634,6,-501.6574162496159,-1.6171598133345455,0
634,7,-493.79562683415526,-3.9370388775419243,0
634,8,526.7363735199627,18.766446538956494,1
634,9,500.4042211564758,3.849545451571171,1
634,10,513.0512697913863,13.289116157328126,1
634,11,512.5614538021146,11.847157124667614,1
634,12,506.00053997830844,0.5361498699508129,1
634,13,496.13576499356685,13.4625926352159,1
634,14,2.2927879330061947,1.7125958510339798,2
634,15,-3.062171759013081,-1.8501759292851734,2
634,16,-3.9039977299570134,0.4941239635912215,2
634,17,-1.3305036284721299,3.1161138524976946,2
634,18,10.323015713543343,-2.860205134829949,2
634,19,-2.9095048632939515,7.233345623611287,2
635,0,-504.8954321272738,-3.9928639583636003,0
635,1,-500.274647206869,-4.1423217888806025,0
635,2,-494.2837150849237,-5.1249679630909535,0
635,3,-502.18993507321164,1.0458326362449508,0
635,4,-499.5119074657352,-0.19807065294539378,0
635,5,-502.0308003856765,3.9392335174776028,0
635,6,-502.6399932163222,-1.64362867336002,0
635,7,-494.3196172644451,-4.147400379567473,0
635,8,527.4893690875795,19.003575359809947,1
635,9,500.83352301407456,3.501006552188282,1
635,10,514.0572125083573,13.273143710174798,1
635,11,513.2460031740577,11.830040377689988,1
635,12,506.8457774570752,0.4500536448261042,1
635,13,496.7653928277627,13.518636072211828,1
635,14,2.1118802619246724,1.8884407900270246,2
635,15,-3.100372576988299,-2.118068858384631,2
635,16,-3.950479499457968,0.272664376934373,2
635,17,-1.3549604117925225,3.295193650528659,2
635,18,10.082998084260383,-2.6875643954080166,2
635,19,-2.6859862239719328,7.36829204835002,2
636,0,-505.980190261525,-4.204149702549631,0
636,1,-501.0331384595294,-4.330783548265489,0
636,2,-495.0479322012803,-5.317447340573363,0
636,3,-503.12080771284076,0.8062337213143104,0
636,4,-500.35689493207576,-0.46925636851905655,0
636,5,-503.1454213612033,3.612310160366675,0
636,6,-503.3463537352672,-1.884678760947037,0
636,7,-495.14839218150195,-3.9658263888054868,0
636,8,528.1919570571908,19.151772085174642,1
636,9,501.46960394686306,3.6209194390775674,1
636,10,514.5569147007598,13.391753148682158,1
636,11,514.0608066731505,11.911642197884198,1
636,12,507.6538614367523,-0.11518205173298646,1
636,13,497.4601965206928,13.314271892367897,1
636,14,2.0688098945122593,2.0971482332787934,2
636,15,-3.2145343930494557,-2.140242272833672,2
636,16,-3.5999089303112175,0.2768364270081289,2
636,17,-1.3637823025658404,3.487827193218595,2
636,18,10.203547673947805,-2.5660397157228263,2
636,19,-2.4571629831632413,7.366316675311032,2
637,0,-506.7513086703461,-4.442988359211915,0
637,1,-501.87813616159343,-3.8576341414070687,0
637,2,-495.71499113629136,-5.3387155870713805,0
637,3,-504.071245168556,0.803820908618647,0
637,4,-500.9758236797811,-0.2715923857574277,0
637,5,-503.9515365375825,3.6430347291836562,0
637,6,-503.87064395022804,-1.894632117564823,0
637,7,-495.9661174745943,-4.40831144625045,0
637,8,528.8672306040257,18.849983930924687,1
637,9,502.26300220749516,3.7608974179473584,1
637,10,515.2789076998674,12.85969039965347,1
637,11,514.5681188830097,11.6443624907281,1
637,12,508.461626159139,-0.0971180821259306,1
637,13,498.6253236637396,13.13096252577339,1
637,14,2.442026465368945,1.6985751142782743,2
637,15,-3.043940523332806,-2.211378763859021,2
637,16,-3.9223074769752873,0.3480113226340608,2
637,17,-1.3350798986421852,3.2998086030529907,2
637,18,10.131501165121202,-2.2344329930398814,2
637,19,-2.5948108979431987,7.509032114791218,2
638,0,-507.3810270855454,-4.797292571296678,0
638,1,-502.69409240626385,-3.722854000591485,0
638,2,-496.6847169742193,-5.592055138218782,0
638,3,-504.5645906233763,0.7334682057627111,0
638,4,-501.7979027381996,0.2730807813884849,0
638,5,-504.67444518242075,3.4408701160883917,0
638,6,-504.5721652593969,-2.0109374138744283,0
638,7,-496.7855416669929,-4.563949199085656,0
638,8,529.838154871872,19.045174584211516,1
638,9,503.3242393856139,4.082761069082364,1
638,10,516.2374711621242,12.882485426884456,1
638,11,515.1942719668077,11.496177110502204,1
638,12,509.32732037983635,-0.2904752319903668,1
638,13,499.5521249282199,13.046785571442888,1
638,14,2.8159586291946095,1.7070189080318654,2
638,15,-3.082994208238992,-2.122045302674552,2
638,16,-4.206170918524635,0.5012537151012597,2
638,17,-1.172908148111057,3.236814281354329,2
638,18,10.206790471410448,-2.087869596216469,2
638,19,-2.6922701633869046,7.371301989337321,2
639,0,-508.12367633239614,-4.6976839451343935,0
639,1,-503.89738207256573,-3.8944771179857334,0
639,2,-497.5338617416721,-5.4787585632185944,0
639,3,-505.70398075924913,0.2682240596967294,0
639,4,-502.4591307023154,0.15183454816323105,0
639,5,-505.0550844430837,3.370877858178821,0
639,6,-505.3328194579369,-2.0235159168057715,0
639,7,-497.5845513269451,-4.697234065091547,0
639,8,530.6262964078794,18.858183139394203,1
639,9,504.0087398327203,4.316361523569716,1
639,10,517.1416725627769,12.389754239782778,1
639,11,515.6122226656021,11.872132173971874,1
639,12,510.14072844675337,-0.5102390398938478,1
639,13,500.53116818105474,13.0736780985443,1
639,14,2.7906233319672236,1.7577060176541437,2
639,15,-2.8823534700026827,-2.0013931620407,2
639,16,-3.8711413634570593,0.5333303686457728,2
639,17,-1.3001905327724654,3.3855927261431,2
639,18,10.501871169196342,-1.7857913469302242,2
639,19,-2.7012126538609964,7.611989632325522,2
640,0,-509.31473988038374,-4.597728530739591,0
640,1,-504.36094240405686,-4.059346950294961,0
640,2,-498.1278436776088,-5.5803709937673,0
640,3,-506.5572490630453,0.502067362810473,0
640,4,-503.20074033663246,0.27496579792673087,0
640,5,-505.85081333365383,3.285640601305471,0
640,6,-506.14460534413064,-1.7719038254865742,0
640,7,-498.9355991303654,-4.473989393426375,0
640,8,531.4652227370506,18.9032178844214,1
640,9,504.69924379802194,3.969462874593213,1
640,10,518.251568923817,12.594414701445423,1
640,11,516.2724703349784,11.89077149726601,1
640,12,510.7380644701668,-0.4629805319183752,1
640,13,501.35700739721744,13.430446373668374,1
640,14,2.813709732798305,1.5970382071139646,2
640,15,-2.5991241903641082,-2.581608072180677,2
640,16,-3.7292417734510512,0.7545152936953063,2
640,17,-1.5957274011676617,3.5712495130514132,2
640,18,10.529241180567524,-1.527992258735388,2
640,19,-2.488230831816465,7.820689725111064,2
641,0,-510.18461286984507,-4.635567553667217,0
641,1,-505.0045253169216,-3.5470364998870796,0
641,2,-498.5835782932441,-5.68387164441794,0
641,3,-507.36028216769046,0.6375144659811941,0
641,4,-503.9445978083247,-0.1776303746556454,0
641,5,-506.57851609916423,2.7758850588965616,0
641,6,-506.856215851979,-1.9306585922490753,0
641,7,-499.61987995207573,-4.514184377059221,0
641,8,532.0410752685716,19.340297484983186,1
641,9,505.4198498422564,4.0236016176405105,1
641,10,519.2826621041213,12.634863855972409,1
641,11,517.0610210102066,12.016485269526147,1
641,12,511.69291402758284,-0.4179193876556546,1
641,13,502.01438198183087,13.35787805598782,1
641,14,2.7998356683964998,1.3021924639036948,2
641,15,-2.8725633465049047,-2.6968762183454364,2
641,16,-3.7448469038075003,0.806209712418328,2
641,17,-1.1702295707634631,3.3473761392645653,2
641,18,10.40902766640432,-1.5748449951622487,2
641,19,-2.621559343309977,7.952940394720258,2
642,0,-511.1136530506566,-4.752810640906316,0
642,1,-505.7011888628747,-3.7871529814788825,0
642,2,-499.66873722707953,-5.840290276030851,0
642,3,-508.10051858107283,0.4173385217307797,0
642,4,-504.64515386804754,-0.1023186003459097,0
642,5,-507.179518549815,2.8490336300323076,0
642,6,-507.90762580248474,-1.8068267098017086,0
642,7,-500.1109357736948,-4.909987400929744,0
642,8,533.1094558857576,19.363559869413933,1
642,9,506.2928777801824,3.96942322250286,1
642,10,520.2128929344353,12.52848410082441,1
642,11,517.9026878078816,12.215738290903053,1
642,12,512.2329783525398,-0.054610699872819746,1
642,13,503.0775331003555,13.595801479779515,1
642,14,2.8255081746326667,1.597159702300572,2
642,15,-3.06169473114549,-2.758051011524562,2
642,16,-3.8069630090070294,0.8820991497835308,2
642,17,-1.0153621143484575,3.3706745133878604,2
642,18,10.512400584801538,-1.3793985728257048,2
642,19,-2.619508347849516,7.840619209247929,2
643,0,-511.90551959542313,-4.929786482389271,0
643,1,-506.3709744809416,-3.572917466038172,0
643,2,-500.4626645402907,-5.800074489890133,0
643,3,-509.06700441751815,0.6101918592433518,0
643,4,-505.4088319102405,-0.31654573800064606,0
643,5,-507.86409513965975,2.8139221733086868,0
643,6,-508.5503645228672,-1.6700585713030096,0
643,7,-501.0600577606976,-4.908827422952073,0
643,8,533.8607732826824,19.48147091288434,1
643,9,506.9957830120384,3.713044939809567,1
643,10,521.3025426658645,12.542373995405411,1
643,11,518.6694018201248,11.940670073917355,1
643,12,512.978699564726,-0.023200333690665507,1
643,13,504.0072971037438,13.413377563638516,1
643,14,2.620823388923377,1.4253649408141884,2
643,15,-2.7688393505082978,-2.6194335397662307,2
643,16,-3.3183808902295744,0.8575777806660326,2
643,17,-0.7111801985586825,3.4051513163070917,2
643,18,10.906735401882635,-1.0869076904540171,2
643,19,-2.433693498777731,8.02257272676323,2
644,0,-512.4046401111932,-4.515198180783018,0
644,1,-507.15396322875773,-3.431722032858322,0
644,2,-501.61482356449983,-5.737865012777447,0
644,3,-509.89319429173287,0.8929717599738776,0
644,4,-506.4701865182719,-0.033578793760570824,0
644,5,-509.00975476129366,2.771895775316138,0
644,6,-509.2629171811104,-1.8957564758236,0
644,7,-501.7425933112431,-4.806265828397634,0
644,8,534.7173429006189,19.70808733096907,1
644,9,507.82861276025,3.739261430403676,1
644,10,522.0046766123835,12.691834277894085,1
644,11,519.2134556292912,11.8927477223311,1
644,12,513.6519274271319,0.1767359080490847,1
644,13,504.6395676935499,13.609145332078327,1
644,14,2.6704782833541234,1.4794436387539074,2
644,15,-2.3795223202473164,-2.5708414366463117,2
644,16,-3.257437350346516,0.9113027581752797,2
644,17,-0.683981864199083,3.540678609795246,2
644,18,10.636239729958131,-0.9170663507330319,2
644,19,-2.4113615143006117,8.10995110719429,2
645,0,-513.4433696754367,-4.512520876573908,0
645,1,-507.9344750547888,-3.8774003633415197,0
645,2,-502.6607420777996,-5.723005990291659,0
645,3,-510.79262701724184,1.1905630436488923,0
645,4,-507.3309871333419,0.1183641295544701,0
645,5,-509.94747684063526,2.904813483711357,0
645,6,-510.24635448759227,-1.9251839391769083,0
645,7,-502.61997001889813,-4.55255083175849,0
645,8,535.835040611321,19.429089911194783,1
645,9,508.82539324386846,3.6253593936232003,1
645,10,522.8750890504334,12.379952651665164,1
645,11,520.0779462339527,11.894081759080008,1
645,12,514.2644191797959,0.004386749201371054,1
645,13,505.08742051523285,13.169714561070581,1
645,14,2.4886920296847506,1.6227052325036406,2
645,15,-2.213530863093736,-2.9524947263181,2
645,16,-3.385355362995453,0.9762318614022372,2
645,17,-0.8226974824331315,3.6303910252859235,2
645,18,10.735270745015129,-0.7842507788238874,2
645,19,-2.342306495198574,8.004451180454518,2
646,0,-514.2998069412598,-4.690349002676109,0
646,1,-508.95323327602745,-3.8538634873612314,0
646,2,-503.0260041943026,-5.348626926737619,0
646,3,-511.7739884840489,1.3613291106256398,0
646,4,-507.96302159076276,0.18152760978806604,0
646,5,-511.1861005661999,2.9351598582748495,0
646,6,-511.0087059409425,-1.615276452758268,0
646,7,-503.2987441745936,-4.943647094031579,0
646,8,536.5381999139056,19.659786095155038,1
646,9,509.6631097165118,3.951335710469492,1
646,10,523.3239223993106,12.456871168525058,1
646,11,520.6325416705059,12.118911390632748,1
646,12,515.0126073651315,-0.09189201953012276,1
646,13,506.12385281784105,13.073832609358261,1
646,14,2.3858791153729157,1.5506316344287208,2
646,15,-2.2865060173530227,-3.08994339719316,2
646,16,-3.7079627302003537,0.8645154959851941,2
646,17,-0.8353070736285871,3.8599778850035444,2
646,18,10.80387392124331,-0.4595261450886627,2
646,19,-2.3132150216743073,8.59380115721295,2
647,0,-515.4061313255755,-4.713677029667692,0
647,1,-509.7129515436174,-3.5990399278977683,0
647,2,-503.68113701556297,-5.711122560476271,0
647,3,-512.6521512689942,1.3496242902248459,0
647,4,-509.03490158609645,0.19497975739057294,0
647,5,-512.2429445170324,3.0593697664997896,0
647,6,-511.75225100700834,-1.7771800402072113,0
647,7,-504.46281063987414,-4.978562466710424,0
647,8,537.5102150564537,19.742919778359276,1
647,9,510.137437090608,4.097827872343487,1
647,10,524.0775718451818,12.631096163206408,1
647,11,521.63818652741,12.410642576884023,1
647,12,516.1442016571475,0.054815663238906145,1
647,13,507.08784432666215,12.984534298410665,1
647,14,2.349124084475585,2.1283170441516637,2
647,15,-2.0337958879148346,-3.3266735334937345,2
647,16,-3.6964093656588664,0.6858253858581231,2
647,17,-0.58314056652489,4.029333388177475,2
647,18,10.930718130985722,-0.2236931303924867,2
647,19,-2.3175541963513835,8.759397803267833,2
648,0,-516.056702848305,-4.496224545683214,0
648,1,-510.4949199106174,-3.91882884971041,0
648,2,-504.7890673806134,-5.780087906674349,0
648,3,-513.3769957133502,1.6126204848382168,0
648,4,-509.98770544463304,0.20693263895142863,0
648,5,-512.850717916719,2.806572946579639,0
648,6,-512.6205010635697,-1.5796191494753626,0
648,7,-505.3849370431204,-5.485650987716265,0
648,8,538.0241797657043,19.843669505246222,1
648,9,510.8125200775843,3.9638166467120732,1
648,10,524.9261638628806,12.610636630444656,1
648,11,522.696093710161,12.249580228063072,1
648,12,516.7945289567025,0.02962964147427575,1
648,13,507.6949050213555,12.711633384405484,1
648,14,2.090732948884252,2.1904470562109006,2
648,15,-1.6403701020881836,-3.1013577932771748,2
648,16,-3.9970273254565987,1.0764709014934895,2
648,17,-0.8122641048999795,4.112126826719845,2
648,18,11.235793893084804,-0.30416340210811865,2
648,19,-2.4265657523827744,8.711833681525318,2
649,0,-517.1525825164719,-4.644404298667485,0
649,1,-511.1680889156045,-3.6885554132605827,0
649,2,-505.6905994135619,-6.014923893667799,0
649,3,-514.2528448206613,1.6513106464649285,0
649,4,-510.4405172100629,0.06459333186695695,0
649,5,-513.6925429699205,2.593420511585801,0
649,6,-513.3266615065011,-1.755785906459949,0
649,7,-506.02470407689015,-5.234216684547144,0
649,8,538.825975988533,19.918397814753344,1
649,9,511.7662972629433,4.352316064786004,1
649,10,526.2210055984165,12.758912804936609,1
649,11,523.6516115357164,12.160920233167868,1
649,12,517.4582629824316,0.20113672631056811,1
649,13,508.3534104028818,12.77800009313962,1
649,14,1.926468560708937,2.2510375017835402,2
649,15,-1.5167904320180718,-3.1004960245180286,2
649,16,-3.7905148479878634,1.3554778518664896,2
649,17,-0.8508387328783984,4.0455440743263065,2
649,18,11.219062531460887,-0.19553662601318195,2
649,19,-2.5475762794924015,8.899562157146654,2
650,0,-517.7017531977423,-4.319931377166438,0
650,1,-512.1238843955056,-3.6204534531746453,0
650,2,-506.54759114850685,-5.8719616723369485,0
650,3,-515.3201339606481,1.765972091461197,0
650,4,-511.50334399973707,-0.06348520643115135,0
650,5,-514.6030068883197,2.29816803864551,0
650,6,-514.1456843599641,-1.7007135929535593,0
650,7,-506.85417988924735,-5.384411018243304,0
650,8,539.3991257178432,20.125007015382284,1
650,9,512.5873831265981,4.308856473297263,1
650,10,527.0712591907818,12.982517148742039,1
650,11,524.4970353655725,12.318096859476116,1
650,12,518.1514253404076,0.39353630111450666,1
650,13,509.0212142819639,12.664855240599909,1
650,14,2.1250838726548684,2.3038567206881346,2
650,15,-0.9905776210687993,-3.351464045560012,2
650,16,-3.651431301891489,1.7262381654040142,2
650,17,-1.1966537270863502,4.152156570952774,2
650,18,11.31322143111512,-0.14076820858567607,2
650,19,-2.311314711724744,8.68428801893314,2
651,0,-518.6633435552923,-4.468627683612974,0
651,1,-512.4101123046239,-3.7447307480943737,0
651,2,-507.55564895010605,-6.021495284889674,0
651,3,-516.2662237625,1.4691340073619479,0
651,4,-512.1185404995774,-0.3137755153258653,0
651,5,-515.5523095816604,2.0267494014825203,0
651,6,-514.8531648902317,-1.6656799908127253,0
651,7,-507.7898687671436,-5.585515625262602,0
651,8,540.0042938405522,20.466694752119846,1
651,9,513.5855820731902,4.530126960244467,1
651,10,527.8467378354013,12.56805979644347,1
651,11,525.2729739567882,12.010051027342838,1
651,12,519.0423627621544,0.44351042206310565,1
651,13,509.68385137355267,12.830411346141384,1
651,14,2.0963401854134447,2.3472458187154808,2
651,15,-0.714735920350712,-3.1925965357500417,2
651,16,-3.214056064315835,1.840341967608789,2
651,17,-1.349398738482838,4.298674405157877,2
651,18,11.485467758730893,-0.0675757097327418,2
651,19,-2.3584927643887674,9.027076394161902,2
652,0,-519.2740403937285,-4.394617878217594,0
652,1,-513.5009375401897,-4.022346495316341,0
652,2,-508.4048660482568,-6.141582247912593,0
652,3,-517.3047620127934,1.436719325232784,0
652,4,-512.5387534443491,0.15709267924806442,0
652,5,-516.270891235768,1.633566679442727,0
652,6,-515.8191273182351,-1.9709867858062515,0
652,7,-508.4500093249239,-5.940619007693593,0
652,8,540.7986109541938,20.132954141603495,1
652,9,514.535292687222,4.565126027989836,1
652,10,528.4622038297327,12.543029384182514,1
652,11,526.19996111162,12.074196934678092,1
652,12,520.0466078648618,0.592120877970127,1
652,13,510.7396726621905,12.722361484361084,1
652,14,2.263559078282829,2.2411049728918235,2
652,15,-0.37232607491908226,-3.234882554543022,2
652,16,-3.251040634719943,1.9363311724069512,2
652,17,-1.5609558444792206,4.207122083279179,2
652,18,11.825021023186727,-0.10746870526706505,2
652,19,-2.4911139203367316,9.097255646397581,2
653,0,-520.0776052518717,-4.336851910832591,0
653,1,-514.1975887296471,-3.7449330571558908,0
653,2,-509.2740487551887,-6.12350264521772,0
653,3,-518.1088631592316,1.4041978596151043,0
653,4,-513.5160050363418,0.2876117562458176,0
653,5,-517.1563538319571,1.461534479419003,0
653,6,-516.6454275678824,-2.0655902000802,0
653,7,-509.29697624036584,-5.933451550531855,0
653,8,541.7367522735257,19.98966851525687,1
653,9,515.6098224960377,4.621431652874941,1
653,10,529.0802400115848,12.29715567180811,1
653,11,526.835832231256,11.886835166490686,1
653,12,520.6664380858443,0.345061840041457,1
653,13,511.4452905063501,12.581158568950674,1
653,14,2.397323940133321,2.719678998105795,2
653,15,-0.3140942394649546,-3.251784978699031,2
653,16,-3.3718416351712484,2.0942942449629767,2
653,17,-2.0828525644559015,4.215383118536137,2
653,18,12.137757115414171,0.12406434158742567,2
653,19,-2.508999343418082,9.30822315261338,2
654,0,-521.2556318343512,-4.458274560869456,0
654,1,-514.8117240425618,-3.859491865930862,0
654,2,-510.1915553624538,-6.170604303643727,0
654,3,-519.0198902968142,1.0600680861390221,0
654,4,-514.4281583727676,0.33161074377534405,0
654,5,-518.1553636999525,1.4654740067080672,0
654,6,-517.541467742519,-2.0353825092025035,0
654,7,-510.18416307062444,-6.097772960699663,0
654,8,542.3043990670241,20.144722420410762,1
654,9,516.3964088559084,4.427960797500641,1
654,10,529.8312625239015,12.079564144449204,1
654,11,527.5952085843319,11.79618115776351,1
654,12,521.6290668586837,0.10673210239201203,1
654,13,512.1900128837315,13.084628027156757,1
654,14,2.472762431976127,2.43656949199568,2
654,15,-0.18364016619084778,-3.1500926730654912,2
654,16,-3.196528238931307,2.1249546684275202,2
654,17,-1.729763673338879,4.019608569971938,2
654,18,11.893287292983786,0.261651440813185,2
654,19,-2.734523304882212,9.403362309293666,2
655,0,-521.9968304214674,-4.44562863044861,0
655,1,-515.6454011458595,-3.565953459629665,0
655,2,-510.8328057996791,-6.1912521805801815,0
655,3,-519.8012773345718,1.0634117763373319,0
655,4,-514.9206024803274,0.0845875726996762,0
655,5,-518.7040469299321,1.2435396758502364,0
655,6,-518.1846131638592,-2.1619066445136625,0
655,7,-510.95652377546037,-5.716164878991555,0
655,8,543.2047791260719,20.11250963566083,1
655,9,516.9669983095779,4.61360530021277,1
655,10,530.5130796371388,12.062076503903803,1
655,11,528.6519084082548,11.80803283083769,1
655,12,522.2655050347773,-0.0016328215385375267,1
655,13,512.8209799183134,13.261090031760828,1
655,14,2.4236663635305105,2.7267496551795576,2
655,15,-0.2983007990509897,-3.3242160489920716,2
655,16,-3.4769807525701886,2.3916343027252402,2
655,17,-1.5089167222205964,4.172700117942832,2
655,18,12.202779409633049,0.44907763612390605,2
655,19,-2.661060445213382,9.590848152437232,2
656,0,-522.6147330576176,-4.678287461382946,0
656,1,-516.1766637253561,-3.468841701458337,0
656,2,-511.4932740912128,-6.114286548399556,0
656,3,-520.696024861507,1.111526047901804,0
656,4,-515.5216529515263,-0.012575298271137847,0
656,5,-519.5678040222691,1.014734357325335,0
656,6,-518.9809214882926,-2.151776156542488,0
656,7,-511.6650827024825,-5.664239919877337,0
656,8,543.3340567173591,20.209315033532473,1
656,9,517.8220950139294,4.788252223703491,1
656,10,531.1984156975873,11.882094217426843,1
656,11,529.5669795813185,11.561612976012396,1
656,12,523.1197826848796,0.3287586954377274,1
656,13,513.4043456480828,13.271455670425718,1
656,14,2.702435226580584,2.7645557971940438,2
656,15,-0.3661642082762102,-3.333612626624743,2
656,16,-3.1319830769439885,2.31444971362251,2
656,17,-1.4075874880906085,4.158168930412273,2
656,18,12.052556819174923,0.380902040558617,2
656,19,-2.8344797770478065,9.566590760374691,2
657,0,-523.4015662221026,-4.626846883919977,0
657,1,-516.9185100262653,-3.52335780462481,0
657,2,-512.6985674782146,-6.00273702471113,0
657,3,-521.3500311204773,1.114908622481787,0
657,4,-516.6943192495804,0.06267763287722233,0
657,5,-520.1841947365558,0.8361772301057497,0
657,6,-520.0167399824506,-2.3032746612722055,0
657,7,-512.5648975588427,-5.5355369437371715,0
657,8,544.1971757425918,19.9453229187192,1
657,9,518.635117919511,4.458796071020569,1
657,10,531.9283262545675,11.962135935543003,1
657,11,530.2043772141363,11.723369913011021,1
657,12,523.8571176374325,0.310952209408396,1
657,13,514.4429809253056,12.881894825453637,1
657,14,2.509666050043572,2.939275716040388,2
657,15,-0.20573429378233965,-3.2752998409678824,2
657,16,-3.2218322148349636,2.4285872205172967,2
657,17,-1.3203919375337168,3.997030360119068,2
657,18,11.573983572614056,0.4172999735744943,2
657,19,-3.2007771131103744,9.622248995113047,2
658,0,-524.3408703814351,-4.457587697105801,0
658,1,-517.9916865121645,-3.36671370448792,0
658,2,-513.4114523441629,-5.793042037066362,0
658,3,-522.0505523056275,1.1544408477275674,0
658,4,-517.3755925489953,0.10977840572267394,0
658,5,-521.0937698588056,0.49051379544000406,0
658,6,-520.7313066329789,-2.1984108428065783,0
658,7,-513.4320888166037,-5.2415643717455955,0
658,8,545.0575332818484,20.05963305655308,1
658,9,519.5685993465848,4.435805338967337,1
658,10,532.7735283786142,11.973745973750185,1
658,11,531.2754616952512,11.757671280970067,1
658,12,524.2323721031348,-0.04116295850973656,1
658,13,515.6193911287811,12.984414665485648,1
658,14,2.4307031576675673,2.6944406744298988,2
658,15,-0.2871200376971268,-3.3493898473414245,2
658,16,-3.3785292727889944,2.511816191858173,2
658,17,-1.339280215009908,3.973239921222242,2
658,18,11.646235416484826,0.5012138124725548,2
658,19,-3.0365577079307435,9.664135218945988,2
659,0,-525.3152910018051,-4.560948742607893,0
659,1,-518.8103407069019,-3.236852941504845,0
659,2,-514.1259462005713,-5.858471979027742,0
659,3,-522.6511838421023,1.0477221620199262,0
659,4,-518.2235096008101,0.36771792636089684,0
659,5,-521.7497502150138,0.345613850999793,0
659,6,-521.19463585765,-2.3400432317733713,0
659,7,-513.7259682060861,-5.3201787124830995,0
659,8,545.8204367833395,20.07697537426371,1
659,9,520.3069576527005,4.487631291035399,1
659,10,533.839322068003,11.82771097223942,1
659,11,532.0150529922308,12.013782492981571,1
659,12,524.9448394420589,-0.28869696377661574,1
659,13,516.5810017910153,13.196814442376109,1
659,14,2.6114556018947943,2.1973431132442527,2
659,15,-0.28060469912021385,-3.396200471611385,2
659,16,-3.300062946933916,3.053038698009771,2
659,17,-1.0881674745769017,4.007536462627009,2
659,18,11.735426372100306,0.22446816405425002,2
659,19,-2.9323372375554992,9.59233780407561,2
660,0,-525.9830376406086,-4.758842810210465,0
660,1,-519.7751279312411,-3.066331668771674,0
660,2,-514.7380162665596,-5.857145959653637,0
660,3,-523.6464746871944,1.0334005793354424,0
660,4,-518.7472583097331,0.31721733723843587,0
660,5,-522.3835399708786,0.1898504567037454,0
660,6,-522.2718975237917,-2.119571960812996,0
660,7,-514.7148517226141,-5.286178863841925,0
660,8,546.7492038041338,20.27803304784148,1
660,9,521.3473663132094,4.316671536264909,1
660,10,534.6075012224488,12.232826216966451,1
660,11,532.8682624833118,11.757304981500209,1
660,12,525.9175256366264,-0.6900174855940854,1
660,13,517.5760438069175,13.203423739204506,1
660,14,2.389809964196928,2.203987707875912,2
660,15,-0.15764017813691938,-3.0835929939027813,2
660,16,-3.4016198151450876,3.4589455287784587,2
660,17,-1.2106516249306984,3.7734088602976166,2
660,18,12.038528294569968,0.04373714743091456,2
660,19,-2.96013269046967,9.35492656853839,2
661,0,-526.8421576413489,-4.993761309677642,0
661,1,-520.4462294774005,-3.27290723316083,0
661,2,-515.6681259189277,-6.091059015653342,0
661,3,-524.5453802511387,0.7699501292255088,0
661,4,-519.650812929535,0.4401806193103277,0
661,5,-523.2281499319568,0.44536269315645616,0
661,6,-523.5478853729722,-2.4162535232713784,0
661,7,-515.5831823592433,-4.933124181224395,0
661,8,547.5410049062359,19.918116954174778,1
661,9,522.2173191953503,4.363748359297339,1
661,10,535.3564526449246,12.310145480136967,1
661,11,533.7908769690076,11.536707861678304,1
661,12,526.6762593855408,-0.7031732790296488,1
661,13,518.152253903948,13.20602116549433,1
661,14,2.0714336523398553,2.1714334967208813,2
661,15,0.16626328848482308,-3.2578151118214285,2
661,16,-3.5024426862447298,3.16918944038643,2
661,17,-0.7844678656303136,3.7487615914206214,2
661,18,11.86641768977314,0.06261336064812012,2
661,19,-2.7730890873801504,9.339732748607595,2
662,0,-527.7281324044045,-4.699318465222495,0
662,1,-521.15237696931,-3.328475941446335,0
662,2,-516.2207866798294,-6.3005350137546365,0
662,3,-525.8984257987712,0.8018981438041667,0
662,4,-520.5253524174146,0.6284710828406529,0
662,5,-523.8142026842629,0.287777750170822,0
662,6,-524.3213647468848,-2.7377507462016903,0
662,7,-516.28907976404,-5.148184898375922,0
662,8,548.3896360219306,20.003116582936958,1
662,9,522.9996447390821,4.395867454996039,1
662,10,536.2179967678514,12.049342931086514,1
662,11,534.475041190765,11.308785665354392,1
662,12,527.1811905467168,-0.5275175263957335,1
662,13,518.8916881895697,13.111389696414353,1
662,14,1.9193022174264676,2.4862958642682376,2
662,15,-0.10307334201900448,-3.3025870457009705,2
662,16,-3.6205782760108587,2.8686144006364285,2
662,17,-0.9676033636598791,3.584198813213607,2
662,18,11.36813894979805,-0.11900029955661554,2
662,19,-2.736586749527673,9.574307326155049,2
663,0,-528.4946333174306,-4.629691465343297,0
663,1,-522.3041121838829,-3.4758932754891743,0
663,2,-516.9509809183362,-6.423754293525866,0
663,3,-526.7381582188865,1.0720479262590925,0
663,4,-521.3577924624124,0.3754865028968031,0
663,5,-524.2742261061894,0.09153423913792028,0
663,6,-525.2018539597526,-2.4899491176716713,0
663,7,-517.1380084598368,-5.3958341416338955,0
663,8,549.3966046579187,19.654794388087726,1
663,9,523.8047669731407,4.542686322335545,1
663,10,537.0149779465066,11.85025738831273,1
663,11,535.2759260828362,10.99356004790765,1
663,12,527.8973680454385,-0.7006575026331414,1
663,13,519.8153965847854,13.443806415614112,1
663,14,2.3797771834665924,2.5109335754280653,2
663,15,-0.02600728721237805,-3.5258990990455246,2
663,16,-3.7785128716236036,2.3724256141811857,2
663,17,-1.0674641475132922,3.5389219456349377,2
663,18,10.981435281964593,-0.09855862817149276,2
663,19,-2.816970253470409,9.574467066320231,2
664,0,-529.2422881843039,-5.192077106914803,0
664,1,-523.2292607563202,-3.7998676646731697,0
664,2,-517.7983890433601,-6.4953259591121215,0
664,3,-527.424502181748,0.9535824492200186,0
664,4,-522.0054830068626,0.5876212990113249,0
664,5,-524.7746676967416,0.10211725068509536,0
664,6,-526.0237575861779,-2.395613538789947,0
664,7,-517.8679549917556,-5.299163745926678,0
664,8,550.2995789010173,19.47126624740796,1
664,9,524.4536806330738,4.896947867562323,1
664,10,537.6698792965283,11.961572243483747,1
664,11,536.1382003208967,11.185552953308132,1
664,12,528.6468470184681,-0.8155205756056196,1
664,13,520.6005431583745,13.154409519318122,1
664,14,2.4408018032028136,2.569286251921971,2
664,15,-0.26952052480030275,-3.6581825010899918,2
664,16,-3.5947266536260005,2.0938693934865302,2
664,17,-1.0827916343287998,3.300421894188135,2
664,18,10.865958133600396,0.025630176672429464,2
664,19,-2.8844216139647196,9.662105983844334,2
665,0,-529.7330413055894,-5.196846177910125,0
665,1,-523.760834086564,-3.7606767306904496,0
665,2,-518.7095189269055,-6.787070474253905,0
665,3,-528.4980876466283,0.8890827297352785,0
665,4,-522.8690553003875,0.5100723419325297,0
665,5,-525.706465276362,-0.05015436259536446,0
665,6,-526.9415766199388,-2.657755917861311,0
665,7,-518.8706976432595,-5.240048586023496,0
665,8,551.0635191791513,19.284106430154193,1
665,9,525.0254886629414,5.078022713217398,1
665,10,538.6360971330178,11.716233982691445,1
665,11,536.7942449126848,11.282638725351182,1
665,12,529.1487129995163,-1.1318093813698107,1
665,13,521.4034386790365,12.837663869441686,1
665,14,2.405652712374265,2.6552160195857852,2
665,15,-0.1938593482706777,-3.687571032191104,2
665,16,-3.5026284844983704,2.116472629432654,2
665,17,-1.0949142119447517,3.121850592229281,2
665,18,10.907895132849847,0.02311711031372175,2
665,19,-2.771994794743677,9.521360409900023,2
666,0,-530.8343680093395,-4.6746360694913145,0
666,1,-524.4591997737832,-4.137623336321731,0
666,2,-519.8578419980738,-7.174086490568529,0
666,3,-529.2199436914607,1.220880617588875,0
666,4,-523.7840610250481,0.4600844553535624,0
666,5,-526.6788039942614,-0.14474278394862256,0
666,6,-527.7404878396906,-2.712844832159564,0
666,7,-519.8488006257658,-5.347084902864549,0
666,8,551.8722026207653,19.30421292019467,1
666,9,525.6106593554671,4.866735860527806,1
666,10,539.5762365107214,11.772896853072776,1
666,11,537.9081810038283,11.15518177229872,1
666,12,529.9288320847628,-1.369083585689509,1
666,13,522.3284742349018,12.873645979719464,1
666,14,1.9890145773589447,2.279470585717177,2
666,15,-0.15897499515622135,-3.676317712721739,2
666,16,-3.473398114724172,1.8490889037451685,2
666,17,-1.1103148150184765,2.59609538155428,2
666,18,10.608718629106617,0.12540860700497466,2
666,19,-3.1263945402928326,9.654944921239588,2
667,0,-531.3863841194225,-4.4713020484034915,0
667,1,-525.0739530324963,-3.9408174656523753,0
667,2,-520.7614001998542,-7.022159040361904,0
667,3,-530.1778500233777,1.5256419336466762,0
667,4,-524.5046653416258,0.4557108910806755,0
667,5,-527.8199088052703,-0.0703722749275086,0
667,6,-528.5067981459664,-2.6912829995030543,0
667,7,-520.985077791628,-5.285413962973927,0
667,8,552.4897783675656,19.020918334788174,1
667,9,525.8767441168195,4.563020464940852,1
667,10,540.315384220986,11.988274792042553,1
667,11,538.8242543737505,11.253675431209528,1
667,12,530.8589814650549,-1.7520279761135418,1
667,13,523.2874862332537,13.022199121673287,1
667,14,2.110492044349066,2.108658495688819,2
667,15,-0.12660327907890395,-3.8113670114101557,2
667,16,-3.5084170496046854,1.7926680541689106,2
667,17,-1.259188267677263,2.4184529799254566,2
667,18,10.42468010922266,0.2016701440874703,2
667,19,-3.143228406420024,9.515797828072536,2
668,0,-531.9962086388836,-4.601028978118967,0
668,1,-525.6788639687436,-3.7624338968649362,0
668,2,-521.5862805223644,-6.88417123567299,0
668,3,-531.1975075277907,1.8310147184190664,0
668,4,-525.3275417825238,0.49322145869328615,0
668,5,-528.8357953330528,-0.020797842275965372,0
668,6,-529.4050109331533,-2.599533629422634,0
668,7,-521.6744610209561,-5.34788400129009,0
668,8,553.3000422827214,19.207638257941216,1
668,9,526.8349316445127,4.846437418298686,1
668,10,541.5507632435747,11.697449762640831,1
668,11,539.6083699500886,11.433019092977133,1
668,12,531.5250216030533,-1.5824015018653093,1
668,13,524.3150897839496,12.669514753132322,1
668,14,2.103954234284912,2.214666673410843,2
668,15,0.11578828888984949,-3.670538388164169,2
668,16,-3.448482034257064,1.7139623433975801,2
668,17,-1.4093107785537744,2.2693805849104955,2
668,18,9.75331391498783,0.12994298477464644,2
668,19,-2.9326235436576313,9.577137736538049,2
669,0,-532.9367926272996,-4.617016913347139,0
669,1,-526.2862471583478,-3.7863049470795818,0
669,2,-522.079688761118,-6.812819326474783,0
669,3,-531.8707491056254,1.8764913383147022,0
669,4,-526.0572755287525,0.5910341008277381,0
669,5,-529.5789311582147,-0.22134399792638504,0
669,6,-530.125223337607,-2.7768237347936755,0
669,7,-522.2508292425399,-5.370371648467521,0
669,8,553.6750174480643,19.428048084882718,1
669,9,527.784244648677,5.250643776607847,1
669,10,542.0687009769013,12.072450509728277,1
669,11,540.3258989957166,11.021089480717356,1
669,12,532.2911439046753,-1.7912154664818563,1
669,13,525.1806842135408,12.678965135810815,1
669,14,2.1452261302371523,2.0708574863361933,2
669,15,0.13645722918357933,-3.9389079229549093,2
669,16,-3.880997560866331,1.8363045478707904,2
669,17,-1.7956170357231689,2.272138960550751,2
669,18,9.951283336581701,0.005887758977168117,2
669,19,-3.306896806321948,9.158119867623936,2
670,0,-533.5632068195808,-4.48646743426103,0
670,1,-527.2137757003163,-3.77799627655859,0
670,2,-522.6320409218621,-6.844295380165709,0
670,3,-532.8482723217002,1.8461877308727437,0
670,4,-526.8664143699528,0.291324083083812,0
670,5,-530.3635232586313,-0.5360004683729909,0
670,6,-530.6077205015519,-2.696233511898549,0
670,7,-523.3356071023578,-5.078410745777983,0
670,8,554.5965981337588,19.410226861051875,1
670,9,528.678855768136,5.225350733069041,1
670,10,543.1440203412965,12.165017624755674,1
670,11,541.2893567308005,10.64133656017077,1
670,12,532.9098300585307,-1.4624075732083728,1
670,13,526.0704368027568,12.93382514782773,1
670,14,2.2856982299153823,2.0362366982383326,2
670,15,0.04110026678661921,-4.143213894726397,2
670,16,-3.9773435994899997,1.7493189055994551,2
670,17,-2.007828892442252,2.553437879394089,2
670,18,10.03979030748732,0.12063728954024851,2
670,19,-3.4496426860640788,9.012976289578614,2
671,0,-534.2074155385833,-4.659706638527246,0
671,1,-528.0648026770098,-3.7507919655337383,0
671,2,-523.5331971633176,-6.856330421230261,0
671,3,-533.7492878404455,1.613457083917321,0
671,4,-527.5855424364688,0.4256802800576759,0
671,5,-531.4248360903831,-0.43478102727013745,0
671,6,-531.5306669430641,-2.474867604834659,0
671,7,-524.1399251576629,-4.793216248785989,0
671,8,555.1957999065748,19.31735860998364,1
671,9,529.4045912381467,5.161917742983253,1
671,10,543.6312760383115,12.3618223467049,1
671,11,542.0815555884969,10.659243383344494,1
671,12,533.9922908043549,-1.2048106518934958,1
671,13,526.9643319234335,12.67080664524833,1
671,14,2.41986227269253,2.1053595309458384,2
671,15,0.014890175653407563,-3.988337958687866,2
671,16,-4.152187132717254,1.3260257657842125,2
671,17,-1.606398568282688,2.536658503950228,2
671,18,9.959089598623533,0.19769524080837858,2
671,19,-3.1918252123051323,8.746642395716476,2
672,0,-534.9958538618474,-4.3081551947649235,0
672,1,-528.7222941807865,-3.8889331002573435,0
672,2,-524.3210682780325,-6.610453857036071,0
672,3,-534.5823754092405,1.5763668627922667,0
672,4,-528.6087639815561,0.3991901531462862,0
672,5,-532.2853191463724,-0.4725506751180343,0
672,6,-532.3775869438593,-2.4516356443152674,0
672,7,-524.6868474487324,-4.90209576543762,0
672,8,555.9151311627637,19.82473022262824,1
672,9,530.5533038536028,5.174107974609449,1
672,10,544.2796726871129,12.38891815990005,1
672,11,543.0154109876321,10.987737293969877,1
672,12,535.19559275942,-1.1194217489315168,1
672,13,527.67227226689,12.731591194425887,1
672,14,2.1448054688406746,1.919455052014424,2
672,15,0.03044775671519056,-4.262584683567105,2
672,16,-3.8258255488795783,1.3702369345986603,2
672,17,-1.2674780755273254,2.5460001403539874,2
672,18,10.028479198043657,0.19747417075093293,2
672,19,-3.1548412486054347,8.415599537962397,2
673,0,-535.7475086198879,-4.70615318748453,0
673,1,-529.1654552419487,-3.942636056619775,0
673,2,-524.9643695534046,-6.787128866440833,0
673,3,-535.604394419564,1.7706061631647187,0
673,4,-529.7515690896023,0.10828349079449184,0
673,5,-532.9665844553911,-0.7308019888987736,0
673,6,-532.8732504343992,-2.180185325999694,0
673,7,-525.5462564178459,-4.731564651733679,0
673,8,556.4143059485085,20.004565326419343,1
673,9,531.4521580410676,5.32126468364086,1
673,10,544.9878694805698,12.417586604635291,1
673,11,543.9956176690746,10.88510531730347,1
673,12,535.6306793134783,-1.0588814492925698,1
673,13,528.167914358473,12.746059717004462,1
673,14,2.0163135146819062,1.818926189319336,2
673,15,-0.4158812157059321,-4.043119941983917,2
673,16,-4.288744788127699,1.4342266007429825,2
673,17,-1.5890013090630986,2.716272471057182,2
673,18,9.914870065669838,0.22617462952476003,2
673,19,-3.365575538351562,8.244284220399972,2
674,0,-536.4685733369358,-4.896550131783335,0
674,1,-530.0218057513035,-3.853567773971397,0
674,2,-525.3948541202735,-6.616183525148541,0
674,3,-536.5260369686259,1.7224605158675483,0
674,4,-530.4507411482775,-0.1968960211854494,0
674,5,-533.6620890298258,-0.787230318985287,0
674,6,-533.7534733423878,-2.0829196589858436,0
674,7,-526.1923410847858,-4.592405861897545,0
674,8,557.1826954546145,19.853087353595004,1
674,9,532.3183576161853,5.448796117169752,1
674,10,545.5783082636127,12.546912661238114,1
674,11,544.9893509639921,10.974481163589308,1
674,12,536.3659414961469,-1.0599814380293913,1
674,13,528.5626533829144,12.697789386580249,1
674,14,1.7294300855290126,1.9010345303661578,2
674,15,-0.3429194871988668,-4.153183387106928,2
674,16,-4.467357812774094,1.3498781332557859,2
674,17,-1.4931329207986013,2.5811310505691285,2
674,18,10.249273795477542,0.1418526349410282,2
674,19,-3.316509747809748,8.194752540303746,2
675,0,-537.018549727863,-4.891690383660798,0
675,1,-531.016269098933,-3.9634615682052288,0
675,2,-526.0789330626379,-6.2788091358959175,0
675,3,-537.2020345415983,1.6055938154164282,0
675,4,-531.219560735027,-0.06142542979493684,0
675,5,-534.5378563278165,-0.6083898346151403,0
675,6,-534.3005161553159,-2.06161447754696,0
675,7,-527.1061274495893,-4.548596155622669,0
675,8,558.1980303769813,19.98195193395211,1
675,9,532.7084044508906,5.5843015295456135,1
675,10,546.5067887233947,12.719757672570685,1
675,11,545.5225074774623,10.915365054386294,1
675,12,537.2534428383877,-1.227961147461772,1
675,13,529.4229623532885,12.56346872241492,1
675,14,1.6690202232223892,1.9987799744760195,2
675,15,-0.4106151866183832,-4.291727620360797,2
675,16,-4.6139502387704106,0.9095327731231789,2
675,17,-1.5492256896277272,2.467327244171852,2
675,18,10.31464982721538,0.036753363850994675,2
675,19,-3.43169418561247,8.18321065252075,2
676,0,-538.1308093396625,-4.735503612281598,0
676,1,-531.9947643781961,-3.837520356116217,0
676,2,-526.5197900551626,-6.138000641866108,0
676,3,-537.8220398870445,1.6264520780396838,0
676,4,-532.2482927554627,-0.07604410061909025,0
676,5,-535.3541405012072,-0.5465021998892504,0
676,6,-535.2158707800775,-2.017622609142412,0
676,7,-528.1019234714418,-4.36651065511211,0
676,8,559.0542740366445,19.940380835936203,1
676,9,533.3248858909931,5.641427291565332,1
676,10,547.2083672839783,12.767592560453688,1
676,11,546.1987723777135,11.110866909631499,1
676,12,537.9043291574915,-1.0734241213082074,1
676,13,530.1163818095471,12.72592310535129,1
676,14,1.5224609156186606,1.920229508075497,2
676,15,-0.1575404619866283,-4.2262476628793735,2
676,16,-4.588532816854018,0.7894216053072324,2
676,17,-1.3730357205937458,2.5093776443557108,2
676,18,10.156213490043466,-0.14843314169563906,2
676,19,-3.6863786022800356,7.946166097465442,2
677,0,-538.8880637103259,-4.544351342584996,0
677,1,-532.7126798381739,-3.873297095602813,0
677,2,-527.2424811180628,-5.970227432849696,0
677,3,-538.7272173085665,1.5956295118606978,0
677,4,-533.6138097905159,-0.08468181509445658,0
677,5,-536.3500545430696,-0.5187936920060952,0
677,6,-536.0410520620596,-2.294598224619606,0
677,7,-529.1052296568938,-4.756266207374024,0
677,8,559.8802417618596,20.061844701735136,1
677,9,534.2959865273083,5.60326646334244,1
677,10,548.3588376523978,12.705916583475567,1
677,11,546.4908959541578,11.115187464496891,1
677,12,538.6773491624523,-1.1033396754884497,1
677,13,530.8063882873615,12.39251381892186,1
677,14,1.3611421143811744,1.8816546816890178,2
677,15,-0.028759922536960553,-4.1227432453919395,2
677,16,-4.399981429725829,0.47797275111996707,2
677,17,-1.2986108503410696,2.384121253497035,2
677,18,10.06892600414184,-0.06798734329224054,2
677,19,-3.947671462187972,7.9715563083145184,2
678,0,-539.4833034789209,-4.073340621590708,0
678,1,-533.4720135110817,-4.026086713437011,0
678,2,-528.1467567163957,-5.923703406026962,0
678,3,-539.7304508995057,1.6702676245765253,0
678,4,-534.6361037564063,0.07582003161619755,0
678,5,-537.3106442410465,-0.37649904884837015,0
678,6,-536.4790972100706,-2.1113651930828476,0
678,7,-529.6360481434341,-4.597025280321803,0
678,8,560.3179051047787,19.73178330937783,1
678,9,535.0463527810839,5.622179318270782,1
678,10,548.9120068660809,12.68110191880346,1
678,11,547.4943351699922,11.186059319058204,1
678,12,539.3824772568386,-1.280402710437306,1
678,13,531.5695061926825,12.155615693327228,1
678,14,1.2799456569203749,1.7134528629224457,2
678,15,-0.05868017325533678,-4.333979919363013,2
678,16,-4.156101870085151,0.23206952681538495,2
678,17,-1.304444792305545,2.2981116417351797,2
678,18,10.018169599562377,-0.07447762756241227,2
678,19,-3.7652774533143045,7.946198983131055,2
679,0,-540.2911694985276,-4.1377783922668305,0
679,1,-534.5888625274046,-4.09794651686427,0
679,2,-528.6977896004987,-6.061155461824536,0
679,3,-540.4468983305746,1.55103173975072,0
679,4,-535.6161280628327,0.008638067052566173,0
679,5,-538.0107568186525,-0.5385218342750566,0
679,6,-537.2390928343223,-1.6464120962092819,0
679,7,-530.3767561847488,-4.724393282746023,0
679,8,561.073224670037,19.709498494364468,1
679,9,535.9134524523807,6.103404676509402,1
679,10,549.7241242121084,12.832494213968799,1
679,11,548.3327107845298,11.121789364101978,1
679,12,540.1571937588772,-1.3179876219876465,1
679,13,532.4810247362084,12.143665746960917,1
679,14,1.185033458339123,1.7934669508008967,2
679,15,0.3103549420521502,-4.25964058633383,2
679,16,-4.158975031983362,0.35458393296657414,2
679,17,-1.5569566530762664,2.4511822149573033,2
679,18,9.593941492795212,-0.1733289664685793,2
679,19,-4.028791177364298,7.768438982425753,2
680,0,-541.1491189675774,-4.38359371326967,0
680,1,-535.4601782002542,-4.03323142653441,0
680,2,-529.229397979838,-6.0742419122662055,0
680,3,-541.4510780920691,1.841218133315314,0
680,4,-536.7393981637715,-0.2181195020788467,0
680,5,-538.6013000536677,-0.6835882197848164,0
680,6,-537.7838332555759,-1.8051240794009102,0
680,7,-531.4781831349319,-4.526745715072824,0
680,8,561.939742852803,19.711339933641177,1
680,9,536.8017106297235,6.000612377638344,1
680,10,550.6278202456826,12.963092443535219,1
680,11,549.1243897251118,11.162448608970868,1
680,12,540.6356838379367,-1.458968797434819,1
680,13,533.434055169428,12.38441286676871,1
680,14,1.3935778698702537,1.8384324312371763,2
680,15,0.35115551470907863,-3.968439362116353,2
680,16,-4.214259590100678,0.5942435641172965,2
680,17,-1.517907311442406,2.567887347218171,2
680,18,9.386596050334882,-0.6072706326599351,2
680,19,-4.070836258762514,7.80860091108346,2
681,0,-542.2563176942052,-4.271462707094329,0
681,1,-536.3016080800015,-4.359977275203601,0
681,2,-529.802109429739,-6.116395587502161,0
681,3,-542.3097042736757,1.848456728033783,0
681,4,-537.9384162997433,-0.35653266866384603,0
681,5,-539.5878311025787,-0.5644097984015846,0
681,6,-538.8922805394812,-1.6215896991858791,0
681,7,-532.1280956308843,-4.411465222626554,0
681,8,562.4242297885547,19.23269699777023,1
681,9,537.6974232958374,5.90466008287974,1
681,10,551.6947207425945,13.114820819998439,1
681,11,549.9439825071114,11.415294349468267,1
681,12,541.3837511001235,-1.3316753619160167,1
681,13,534.1188599602641,12.589731331364126,1
681,14,1.2395225859557806,1.625918200431343,2
681,15,0.44213595566830066,-4.168894794079584,2
681,16,-4.104038934740472,0.29030980863638667,2
681,17,-1.4520852215168074,2.729561003431515,2
681,18,9.332601004590295,-0.6235003027023366,2
681,19,-4.130320383924061,7.805467210967123,2
682,0,-542.9635284874656,-4.3237111189075055,0
682,1,-537.326221978045,-4.625504819281316,0
682,2,-530.3380520420446,-5.854818322473665,0
682,3,-543.4685976364425,1.8897279622986394,0
682,4,-538.6512166498202,-0.16326387570873008,0
682,5,-540.3169790770768,-0.5256003724883491,0
682,6,-539.9313094529585,-1.7586788711953003,0
682,7,-532.7256670913479,-4.406486608075729,0
682,8,563.226324671082,19.276882007049565,1
682,9,538.732462956312,6.0902895500200085,1
682,10,552.1850219786467,13.039695818583338,1
682,11,551.011179905916,11.287839231025329,1
682,12,542.2849689586546,-1.4504370555062929,1
682,13,535.2146415723038,12.436262450725335,1
682,14,1.425822595106333,1.247318363852786,2
682,15,0.5771019711579797,-4.103438585803041,2
682,16,-4.276876381375556,0.134180914584772,2
682,17,-1.6674165759207729,2.7073469544141004,2
682,18,9.524502569095946,-0.45599527933561973,2
682,19,-4.128651737931468,7.796733682620906,2
683,0,-543.8878510543569,-4.196112213315256,0
683,1,-538.2171170501498,-4.590558240320018,0
683,2,-530.9366690599473,-5.80659677236391,0
683,3,-543.9720029169039,2.1174475014755174,0
683,4,-539.8346066366064,-0.3741313192005127,0
683,5,-541.1254217207537,-0.5618804097993735,0
683,6,-540.6775177599212,-1.8164351499170994,0
683,7,-533.2977170969394,-4.281215002475029,0
683,8,564.1239702809979,19.01554173329765,1
683,9,539.3052281810488,5.957558003050655,1
683,10,553.1265840405729,13.216844253882378,1
683,11,551.4861202201514,11.477926560759506,1
683,12,542.9253758227261,-1.1725968098377564,1
683,13,536.1253051260384,12.619115270136977,1
683,14,1.3811347314719824,1.124956452541435,2
683,15,0.38778472465787495,-4.325721322566339,2
683,16,-4.4708899742194514,0.04527128224600668,2
683,17,-1.7195868180001626,2.861249395527849,2
683,18,9.774428472147777,-0.32889752791527843,2
683,19,-4.320166413885317,8.15505668978819,2
684,0,-544.6127032897031,-4.003696330541976,0
684,1,-538.9807712945344,-4.852666345968753,0
684,2,-531.4776395890698,-5.731396235307727,0
684,3,-544.8882315010294,2.1057774983502786,0
684,4,-540.4593358718711,-0.6119505447679331,0
684,5,-541.7993004259214,-0.5575304997095739,0
684,6,-541.6167042213126,-1.621903725065014,0
684,7,-533.8511515917533,-4.396764255995029,0
684,8,564.6641156483827,18.905511148375687,1
684,9,539.8516343289298,6.1493321739540505,1
684,10,554.0103585518813,13.544898015071507,1
684,11,551.878068094627,11.586240220292114,1
684,12,543.4078995976804,-0.8333845466896121,1
684,13,536.9826467424177,12.905833088678214,1
684,14,1.3759540098087688,1.421106221493929,2
684,15,0.32006668935580657,-4.418440773277736,2
684,16,-4.494651165339378,-0.005214667799598255,2
684,17,-1.4650849926660807,2.7580546051632404,2
684,18,9.820447905192824,-0.5051019665925249,2
684,19,-4.36090753080048,7.843516984480714,2
685,0,-545.5225947984054,-4.196823770389984,0
685,1,-539.93763193161,-4.909813178221145,0
685,2,-532.4694415985787,-5.508734654210115,0
685,3,-545.8427511110502,1.969763554092904,0
685,4,-541.468826131884,-0.38586666145310705,0
685,5,-542.3265201598845,-0.5307353720410292,0
685,6,-542.519749391512,-1.556510463420087,0
685,7,-534.87295472495,-4.113747649725443,0
685,8,565.1959103586872,18.95046194009697,1
685,9,540.3493095673471,6.36509764418362,1
685,10,554.6847228354178,13.557707947947595,1
685,11,552.8125573501982,12.018654165083898,1
685,12,544.0894913189478,-0.8860459544645705,1
685,13,537.8490126673621,13.316442490729758,1
685,14,1.4039769574777277,1.1345515091670473,2
685,15,0.27888776036749147,-4.523289533070482,2
685,16,-4.75468460432543,-0.06761245632431988,2
685,17,-1.2600091364793842,2.5560518865441275,2
685,18,9.695559982162175,-0.40999520695357944,2
685,19,-4.725787180684504,7.893560648256837,2
686,0,-546.6413200038908,-4.569819392061191,0
686,1,-540.6662937877079,-5.151329310113946,0
686,2,-533.2090042204087,-5.529900373818919,0
686,3,-546.7910445916416,2.113899447451183,0
686,4,-542.2176605055386,-0.5315441944787553,0
686,5,-543.4398450625263,-0.33329038883797857,0
686,6,-542.9008183408604,-1.5812280963218417,0
686,7,-535.8035546850525,-4.434262444705422,0
686,8,565.8435825151325,18.738260033766462,1
686,9,540.9864705442484,6.265026006833904,1
686,10,555.3493555475628,13.793664394085797,1
686,11,553.3892696651393,12.184223455498811,1
686,12,544.9573263637756,-0.9136404910963805,1
686,13,538.882729472904,13.231915171581234,1
686,14,1.1836252050503848,1.0774686023396025,2
686,15,0.10559652167232186,-4.8510980948229605,2
686,16,-4.6680111237164255,-0.22146731778454082,2
686,17,-1.5314860465904827,2.577377077132789,2
686,18,9.809569242699775,-0.18760412016500547,2
686,19,-4.719729750048117,7.7733845005125435,2
687,0,-547.3971296391983,-4.449023305938804,0
687,1,-541.3766817021144,-5.311805140362601,0
687,2,-534.0551391572507,-5.530540040630262,0
687,3,-547.7813217613957,2.120792789543262,0
687,4,-543.3153909406885,-0.7751855826335213,0
687,5,-544.4123133809753,-0.6297489212420184,0
687,6,-543.4519148883812,-1.636279691291117,0
687,7,-536.2796882450963,-4.791832824109763,0
687,8,566.2409576492382,18.81552098355898,1
687,9,541.9111698534404,6.077876083991337,1
687,10,556.1895249253608,13.854348050888543,1
687,11,554.059485331367,12.480397980221694,1
687,12,546.0093984373258,-0.6567810794842714,1
687,13,539.7446932842151,13.220857561796468,1
687,14,1.1057458842150347,1.2043484443996446,2
687,15,0.24200049836909465,-4.668782699120052,2
687,16,-4.7403099260142465,0.1204418920646746,2
687,17,-1.596266248341365,2.4739834579936653,2
687,18,9.577688772359503,-0.35391817190949604,2
687,19,-4.628586916981305,7.665344675583479,2
688,0,-548.3240396894518,-4.235144030010263,0
688,1,-542.1965657447741,-5.4666188355377905,0
688,2,-535.1974913188302,-5.405119685780582,0
688,3,-548.6667146173094,2.184690772022989,0
688,4,-543.7774110532539,-0.633089482798284,0
688,5,-545.1095006369187,-1.013340342334628,0
688,6,-543.9602197327968,-1.7398032901752176,0
688,7,-537.3014182358232,-4.295873516423835,0
688,8,567.2333557868435,18.486499542259835,1
688,9,543.062054525667,6.076829810201357,1
688,10,556.8018257103835,13.729249965854763,1
688,11,554.7782961070449,12.4283479444051,1
688,12,546.6246178705268,-0.5359849166767555,1
688,13,540.3607543263515,13.380357889988787,1
688,14,0.9320347395314275,0.8444608195774607,2
688,15,0.21663108114482338,-4.2416895419815095,2
688,16,-4.629000752488039,0.019967488477843104,2
688,17,-1.7553217711498137,2.6264037859356772,2
688,18,9.645405205403526,-0.5387604115063642,2
688,19,-4.664941691074519,7.736798486743957,2
689,0,-549.1521191613792,-4.29950425702599,0
689,1,-543.052707865859,-5.877688256900114,0
689,2,-536.2130577558438,-5.5888492041074205,0
689,3,-549.5965224029737,1.6816511464387067,0
689,4,-544.6057940984182,-0.5289133966513698,0
689,5,-546.1061145364029,-1.1258505122848008,0
689,6,-544.8176039238738,-1.3362968623294982,0
689,7,-537.8804752257691,-4.709250985290592,0
689,8,568.2168966096086,18.41234232927975,1
689,9,543.6265397690347,6.3157661622586545,1
689,10,557.5497845273826,13.611468497937345,1
689,11,555.3287930186873,12.417755751671105,1
689,12,547.5128100392409,-0.4209598463435015,1
689,13,541.2076976324233,13.704490140710273,1
689,14,0.7102138101704573,0.6719444569847758,2
689,15,0.45641192069002523,-4.286762510475638,2
689,16,-4.723569038002011,-0.036592458355620215,2
689,17,-1.3628612514591945,2.3948591529079333,2
689,18,9.601975959887525,-0.4316731070398424,2
689,19,-4.5603810044465485,7.5609986465243955,2
690,0,-550.1905539969177,-3.9153545419373077,0
690,1,-543.8968851238993,-5.88436266888613,0
690,2,-537.242466816467,-5.554206509022654,0
690,3,-550.6533334291015,1.6817416981019977,0
690,4,-545.2958280289685,-0.6782803472048026,0
690,5,-546.5773564126515,-0.9187873000053837,0
690,6,-545.5500232217141,-1.2687022439692726,0
690,7,-538.4631042837447,-4.754721057449672,0
690,8,569.1351514350885,18.463454434697507,1
690,9,544.2182335613726,5.904806597202411,1
690,10,558.3009639611847,13.399410187783154,1
690,11,555.9338596050096,12.405305124791044,1
690,12,548.3333869297539,-0.17885797641308426,1
690,13,541.9411015802032,13.9000134680623,1
690,14,0.5276838039287308,0.48425329263974154,2
690,15,-0.10378862911321007,-3.97306923106294,2
690,16,-4.563662146386643,-0.1627265339250474,2
690,17,-1.5429873629711157,2.2230986777978887,2
690,18,9.677466186416607,-0.6646150411233589,2
690,19,-4.486398665352923,7.993696928712333,2
691,0,-551.3111922300242,-4.217965807440886,0
691,1,-544.5164173069071,-6.228496561367074,0
691,2,-538.0740054263013,-5.524295899144022,0
691,3,-551.2616726450383,1.7197539005340472,0
691,4,-546.0426880217212,-1.0733824275256811,0
691,5,-547.3535757281356,-1.3061957847968022,0
691,6,-546.5396832334401,-1.492962568103246,0
691,7,-538.9520571667928,-5.063487187256301,0
691,8,570.2644934310354,18.254351728535195,1
691,9,545.0812523795702,5.940457158176388,1
691,10,558.9912021694885,13.342255128413148,1
691,11,556.7208335526302,12.490888529342042,1
691,12,548.6015570246209,0.03268438686396147,1
691,13,542.5833518361,13.885817664245922,1
691,14,0.6040248566703137,0.5240349686668536,2
691,15,-0.38719557405004296,-3.7218240696876492,2
691,16,-4.645350403402479,-0.37718066299070874,2
691,17,-1.1721032334355264,2.3490417598596527,2
691,18,9.797125163427088,-0.8009505256978625,2
691,19,-4.501635480337706,7.73002692531869,2
692,0,-552.4252573434919,-4.3367750905238065,0
692,1,-545.1311475782484,-6.3478129251487,0
692,2,-538.9737923918404,-5.449636039140344,0
692,3,-552.1419738716382,1.7803779456601778,0
692,4,-547.1077879593963,-1.065249742826838,0
692,5,-548.2309397467458,-1.315302634318671,0
692,6,-547.021554170664,-1.1833689218521595,0
692,7,-540.0629402256703,-5.201271881945926,0
692,8,570.9880499768498,18.244103501519547,1
692,9,545.7982310393396,5.963497839044979,1
692,10,560.3069246601154,13.688788086769335,1
692,11,557.4881835104902,12.360646137327741,1
692,12,549.3117262779122,-0.0796218311583613,1
692,13,542.9676301433703,13.820880850926532,1
692,14,0.7079607103873342,0.7995792584830602,2
692,15,-0.7354309994757157,-3.5863445360724384,2
692,16,-4.874638463827667,-0.26872139402817635,2
692,17,-1.0942723308419315,2.4473842542686546,2
692,18,10.087685641265656,-0.8561396686164658,2
692,19,-3.971796393959288,7.850147435908884,2
693,0,-553.1011816288016,-4.132455105011137,0
693,1,-546.25698878414,-6.143773257490055,0
693,2,-539.5125833156699,-5.707026319481745,0
693,3,-553.0670123515068,1.6976407387016976,0
693,4,-547.7975989061866,-1.1735051521039408,0
693,5,-548.6336626189044,-1.1753425739007834,0
693,6,-548.1786040736961,-1.3874152887472342,0
693,7,-540.8908624196655,-5.197450297587045,0
693,8,571.9474305502081,18.290039852302932,1
693,9,546.5068863880888,6.214517155720489,1
693,10,560.9772678101397,13.378728041044921,1
693,11,558.0768901511336,12.211823318352723,1
693,12,550.3670606650567,-0.06274310194969887,1
693,13,543.8263301012466,13.713270997413415,1
693,14,0.5194918813477815,0.7200395978460533,2
693,15,-0.412935269990648,-3.2899036193083124,2
693,16,-4.702773895090813,-0.25062909951390977,2
693,17,-0.7026679879104465,2.5377096202652742,2
693,18,10.0229020996115,-0.8495298843122042,2
693,19,-4.1435599523825095,7.8702202706707025,2
694,0,-554.1899991371217,-4.199785109879696,0
694,1,-547.2879933957587,-6.061034982882519,0
694,2,-540.1242029941451,-5.645549267299238,0
694,3,-554.121046578043,1.81638162519576,0
694,4,-548.6967000580156,-1.4219874618678836,0
694,5,-549.3939120470109,-1.0668915537461634,0
694,6,-549.28033771469,-1.425975782866516,0
694,7,-541.5064695802955,-5.188102238716157,0
694,8,573.0840279949039,18.34599272475403,1
694,9,547.4780153565314,6.337116317487854,1
694,10,561.7021654806207,13.438529392209475,1
694,11,559.020548163484,11.948217892287795,1
694,12,551.3499950087541,-0.09134611335422971,1
694,13,544.5599138464469,13.789425062473507,1
694,14,0.6282006257086586,0.7318528393762953,2
694,15,-0.13653589005324152,-3.0260180556535845,2
694,16,-4.526953207673452,-0.7580815143850956,2
694,17,-0.5091922292608089,2.335795745495609,2
694,18,10.369081323232555,-1.180925264365376,2
694,19,-4.019057778128859,7.976298794242245,2
695,0,-555.0052662900886,-4.020973195624866,0
695,1,-548.2367769282404,-6.402201851224317,0
695,2,-541.0616587508699,-5.618781705485757,0
695,3,-554.5972607620524,1.7767366566014622,0
695,4,-549.3689570503215,-1.5471101235528693,0
695,5,-550.3428425759796,-0.9868619393830422,0
695,6,-550.1346174058339,-1.3572422130896626,0
695,7,-542.2506834103245,-5.497697793252335,0
695,8,574.201620947057,18.18329782283215,1
695,9,548.0953119320627,6.379860110313928,1
695,10,562.4662387203649,13.52088308825697,1
695,11,559.8231072232467,12.300548280943826,1
695,12,552.3404448778253,0.02150662892808708,1
695,13,545.5466180495899,13.923430238399694,1
695,14,0.5899837686407381,0.38014513648846515,2
695,15,0.17186931799739852,-2.915305807093755,2
695,16,-4.253606788881416,-0.7414038621491199,2
695,17,-0.8664933520257438,2.9276579509152842,2
695,18,10.271335261623381,-1.3731653688131793,2
695,19,-3.9078175741957994,8.449902483686781,2
696,0,-555.9530198960588,-4.0497736156069575,0
696,1,-549.2639410763777,-6.538612718799515,0
696,2,-541.9198968487293,-5.301672299219934,0
696,3,-555.6000608352888,1.6659242738922295,0
696,4,-550.1932616699543,-1.7136491758351384,0
696,5,-551.2118593178482,-1.1266419171825308,0
696,6,-551.2716336480133,-1.403085163903062,0
696,7,-543.2325378916094,-5.027214330683234,0
696,8,575.079731673101,18.205076967029957,1
696,9,549.0327527254001,6.233674589669091,1
696,10,563.2686433874977,13.681974228005465,1
696,11,560.4810512392693,12.28953998274275,1
696,12,553.2645417347941,-0.14944328724203687,1
696,13,546.2968322263348,13.613824661209337,1
696,14,0.11480346946369635,0.9004410567149287,2
696,15,0.2087114737381436,-3.133397795254671,2
696,16,-4.644517004657652,-0.6652152506951442,2
696,17,-0.7167512238077071,3.016153225728723,2
696,18,9.957873945697335,-1.2293865112100002,2
696,19,-3.8634901269840825,8.463044267881259,2
697,0,-556.3198214963057,-3.9723137560792385,0
697,1,-550.5158334936795,-6.718727347087912,0
697,2,-542.832595315612,-5.533606770848808,0
697,3,-556.5207577833208,1.4293520442011203,0
697,4,-550.6974262983845,-1.6154228012496745,0
697,5,-551.907503914221,-1.050207954769725,0
697,6,-552.2465842834733,-1.2865943469710435,0
697,7,-543.7946195165791,-4.897157421104934,0
697,8,576.0426731459374,18.382683560218528,1
697,9,549.7980244535552,6.203358075543023,1
697,10,564.294117477726,13.768424807471911,1
697,11,561.2805075977641,12.50431447272017,1
697,12,553.942579530659,0.1275239752581645,1
697,13,547.3392014940335,13.531906941822118,1
697,14,0.33859540553722206,0.5560613130805532,2
697,15,0.4628767152993227,-3.0962729850400814,2
697,16,-4.54227687164119,-0.5582577283497383,2
697,17,-0.7657035352483861,2.9047716964503993,2
697,18,9.954840619855055,-1.1029935051884086,2
697,19,-4.063373773017077,8.30058679211583,2
698,0,-557.1442392776808,-3.73783539942562,0
698,1,-551.509902953104,-6.70359005836469,0
698,2,-543.9254154709101,-5.570993628254325,0
698,3,-557.5458543014732,1.321534261777657,0
698,4,-551.5259818596121,-1.2945696646115599,0
698,5,-552.8501872924023,-1.1905103372102475,0
698,6,-552.9709177771923,-1.2580143336027165,0
698,7,-544.6864789810575,-4.751332857173441,0
698,8,576.7448004268249,18.676941562773663,1
698,9,550.466146112831,6.055818900402904,1
698,10,565.0491601058536,13.83823896884442,1
698,11,562.0987386982098,12.241456860518142,1
698,12,554.6706915744635,0.22142833727414726,1
698,13,548.0813763088294,13.71166682547937,1
698,14,0.43114417068913774,0.68092625487072,2
698,15,0.3999371551704491,-2.8268501018409964,2
698,16,-4.509800706159228,-0.23895667271678656,2
698,17,-0.874427766723417,2.526624592315559,2
698,18,9.872450141601862,-1.121565339215357,2
698,19,-4.015496511637567,8.442926534016085,2
699,0,-558.068152764816,-3.819197608904172,0
699,1,-552.3123460748852,-6.376201312767782,0
699,2,-544.6126242604898,-5.47808435974898,0
699,3,-558.0844290868004,1.1575575335643749,0
699,4,-552.4844156872496,-1.0405797379442554,0
699,5,-553.8392134581484,-1.097557294092618,0
699,6,-553.8695618923147,-1.2120322598244333,0
699,7,-545.4844064977069,-4.35465817727811,0
699,8,577.6117484158857,18.850564025705758,1
699,9,551.3091858091364,6.0112778465232735,1
699,10,566.1113937289393,13.944880704914626,1
699,11,562.9277131566337,12.137039129870752,1
699,12,555.4937257245996,-0.21130888118145172,1
699,13,549.1684073515402,13.877996952478263,1
699,14,0.35527677559971516,0.9443524980725078,2
699,15,0.5546231986750161,-2.655249565340561,2
699,16,-4.323935448663044,-0.36315214632444226,2
699,17,-0.930472088152328,2.5396514118402935,2
699,18,9.968821191069003,-0.9590826389786374,2
699,19,-3.8907111603627715,8.310514425298082,2
700,0,-558.7505204825145,-3.840940223502352,0
700,1,-552.8495353527268,-6.233233370018182,0
700,2,-545.6614989216536,-5.4685421850262115,0
700,3,-559.1585411248182,1.1724114736849924,0
700,4,-553.4461114882979,-0.9972432606202836,0
700,5,-554.574242234059,-0.9390782806218214,0
700,6,-554.9702321410728,-1.333851565205292,0
700,7,-546.2408714731158,-4.248365759555668,0
700,8,578.5568310284922,18.801871998746584,1
700,9,552.1424771640175,6.134766611660858,1
700,10,566.8381372086909,14.435855529209281,1
700,11,563.997424119184,12.29303623248422,1
700,12,556.2995155045796,-0.20871494071649593,1
700,13,549.937887752722,14.16360124704793,1
700,14,0.10599798676220457,0.9879311537113822,2
700,15,0.42157898071825434,-2.4892576830321254,2
700,16,-3.931305246359424,-0.247333408051709,2
700,17,-0.7232328825466523,2.2896116145912875,2
700,18,10.30152605570714,-0.9917411445649197,2
700,19,-4.1259386975856644,8.261645273429178,2
701,0,-558.8970187382722,-3.754751206994674,0
701,1,-553.4659798147602,-6.284367630958235,0
701,2,-546.275473024793,-5.50806686270312,0
701,3,-559.7738629560419,0.7006347177558049,0
701,4,-554.4637649921418,-1.0313488081741755,0
701,5,-555.0515646164655,-0.6804773527900452,0
701,6,-555.6083534543387,-1.1222333087087477,0
701,7,-546.991070657173,-4.336426080417507,0
701,8,579.6871318611153,18.578171062783053,1
701,9,552.8134617409837,6.013273044734643,1
701,10,567.6651105445901,14.326955895680154,1
701,11,565.0680491128064,12.235381208182613,1
701,12,557.1771420035865,0.17086091872465603,1
701,13,550.7894638828182,14.260719399417491,1
701,14,0.268369299748456,1.0538123824172427,2
701,15,0.5568976128109986,-2.533089423201996,2
701,16,-3.9919012252983395,-0.3448341359335807,2
701,17,-0.3537427980750249,2.339351639249275,2
701,18,10.326580783400875,-0.702115676428102,2
701,19,-3.779701544652734,8.150750226714369,2
702,0,-559.8557474063282,-3.808237300154701,0
702,1,-554.3408723514569,-6.478940192726578,0
702,2,-546.8508259587787,-5.206409503328961,0
702,3,-560.4031882413103,0.6190714169407269,0
702,4,-555.5115113352732,-0.8453499243074334,0
702,5,-556.0146154890301,-0.9702556700066379,0
702,6,-555.9387141173544,-1.2659284303376046,0
702,7,-547.9347412397043,-4.36861032097122,0
702,8,580.3936268004306,18.45176536510552,1
702,9,553.5309320310323,5.734593159155158,1
702,10,568.687121217795,14.086387870839117,1
702,11,565.9820755145206,12.36273614148213,1
702,12,558.0201850444474,0.30722489780280454,1
702,13,551.7232855141978,14.034538427026689,1
702,14,0.03529383833454902,0.8272983646104317,2
702,15,0.5010394121787611,-2.3285542919955096,2
702,16,-4.099410839383942,-0.21367092721065312,2
702,17,-0.3285450608142469,2.325229942349727,2
702,18,10.360451240138397,-0.6879981434955897,2
702,19,-3.7649406049739587,8.31146522547239,2
703,0,-560.9762374243668,-3.8621196382645837,0
703,1,-554.9150093491291,-6.20983508471406,0
703,2,-547.6218052430822,-4.714117641161915,0
703,3,-561.1341980245575,0.6350378386386136,0
703,4,-556.5052637305175,-0.8887830710194079,0
703,5,-556.521593562194,-0.804884571614146,0
703,6,-557.0721801972131,-1.5119901245748104,0
703,7,-548.7339195231923,-4.595979032818662,0
703,8,581.0191411124986,18.411298606419702,1
703,9,554.5108145100216,5.852090426949184,1
703,10,569.3060028157954,13.912823676350945,1
703,11,566.4826111659095,12.561041329650452,1
703,12,558.6998190720021,0.28584346387904724,1
703,13,552.3162243200627,14.01628414947378,1
703,14,0.4270430470484887,0.6743117536319178,2
703,15,0.8333884564073976,-2.312447073691256,2
703,16,-4.1480250915591546,-0.08581552044620769,2
703,17,-0.414290991449847,2.3640334587792413,2
703,18,10.174418461390271,-0.44891630239886743,2
703,19,-3.51633440211521,8.214556189882407,2
704,0,-561.6157535894739,-3.9845592529909752,0
704,1,-556.0410356017796,-6.130292785211218,0
704,2,-548.4059582113518,-4.663983767357054,0
704,3,-561.9216212212823,0.8600774465967669,0
704,4,-557.2587387681114,-1.0515034651666302,0
704,5,-557.3530104926551,-0.869437629324022,0
704,6,-557.939252348506,-1.4385588986671267,0
704,7,-549.3744284908391,-4.517098423631453,0
704,8,582.411371495182,18.741765256597937,1
704,9,555.1307129599147,5.963011389337762,1
704,10,570.059545985587,14.092406864453608,1
704,11,567.1083692261144,12.133356992234143,1
704,12,559.6888544040016,0.12139464656110743,1
704,13,553.3233343254328,13.959680450692233,1
704,14,0.6188013805340498,0.5360883740967081,2
704,15,1.0635171519530682,-2.0610508969083425,2
704,16,-3.8802728554507397,0.07933972795864377,2
704,17,-0.6167946290301982,2.599768590833416,2
704,18,10.21089762473188,-0.39172726254804396,2
704,19,-3.6490062982278366,8.125833532077795,2
705,0,-562.5388746450554,-3.7995719136174957,0
705,1,-556.7500508893611,-6.498554599025625,0
705,2,-549.6444814851411,-4.615611831424578,0
705,3,-562.6017191269651,0.5341490781157651,0
705,4,-557.8900187000378,-0.8389518807729323,0
705,5,-558.1096659625074,-1.0023840649707267,0
705,6,-558.9226537824976,-1.3439633567975169,0
705,7,-550.0883785188635,-4.705295912223614,0
705,8,583.0507935494833,18.83967014810379,1
705,9,555.8271260528387,5.910661592588563,1
705,10,570.978774289428,14.143102853684121,1
705,11,567.5955294536772,12.306083374166935,1
705,12,560.5452732211204,0.1824195356016046,1
705,13,554.0190556626889,13.917848680674025,1
705,14,0.41831667126513217,0.6528560444771567,2
705,15,0.8777399206279427,-2.1957976672277226,2
705,16,-3.7760946091351095,-0.024919355439394275,2
705,17,-0.6167175795378403,2.835335601030828,2
705,18,10.468597281178731,-0.16199802180377137,2
705,19,-3.4482623911925865,8.190576717028456,2
706,0,-563.4882501713172,-3.7220158718763137,0
706,1,-557.3907314798655,-6.352012523061273,0
706,2,-550.6176956436801,-4.492597107228318,0
706,3,-563.3682905836735,0.607836968802761,0
706,4,-558.4480976095185,-0.9239395511317736,0
706,5,-558.9540258651889,-1.175784611452854,0
706,6,-559.4876883054379,-1.3753139846248212,0
706,7,-550.8509853058906,-4.180888539614931,0
706,8,583.7214789906967,19.19253125738751,1
706,9,556.5934386504638,5.787919653627421,1
706,10,571.8282747737068,14.196738317101856,1
706,11,568.4682561315306,12.137883444954165,1
706,12,561.4247259106447,-0.16333132506441186,1
706,13,554.9804395557086,13.919770060884911,1
706,14,0.42052917411025426,0.5123077618679274,2
706,15,1.3110956357256036,-2.0038022539748748,2
706,16,-3.738434089371472,0.09806555568085265,2
706,17,-0.2580679612310938,3.07108570069318,2
706,18,10.518208394393463,-0.40665324081714394,2
706,19,-3.5383797848036007,8.37855475035321,2
707,0,-564.2150097029606,-3.5501516386363807,0
707,1,-558.2325126808774,-6.373178792635198,0
707,2,-551.4995146530994,-4.09427562066674,0
707,3,-563.9958269560461,0.9056389661380764,0
707,4,-558.9392330909097,-0.6999480225091637,0
707,5,-559.8723495657728,-0.8107366809944094,0
707,6,-560.1239951921353,-1.3593981773133021,0
707,7,-551.636147526891,-4.055171055107237,0
707,8,584.5246656205321,19.028182447091787,1
707,9,557.4074949759337,5.865446127705009,1
707,10,573.2342313520769,14.054930428374863,1
707,11,569.426738303709,12.105937323407263,1
707,12,561.8209821606184,-0.038826686486468434,1
707,13,556.2477078583265,13.854755906912084,1
707,14,0.3007237360972542,0.3272761363208633,2
707,15,1.2267730369065986,-1.7938045587928182,2
707,16,-3.707548507934918,0.1426155070536414,2
707,17,-0.46989748912741236,3.1241759933930378,2
707,18,10.37534122599312,-0.8206885754569375,2
707,19,-3.257435225876608,8.497629237254653,2
708,0,-565.1069258892803,-3.2927005989221714,0
708,1,-559.0225335068336,-6.495730311018776,0
708,2,-552.0092211078828,-4.028726636522714,0
708,3,-565.0090683045792,0.746967565418281,0
708,4,-559.8345065347586,-0.983429089937565,0
708,5,-560.5785664954233,-0.8222013704570188,0
708,6,-561.4465793185509,-1.0130286079531217,0
708,7,-552.3989109823159,-3.9056966199716543,0
708,8,585.4521343268952,19.13225200580358,1
708,9,558.1551836902094,5.947630248670561,1
708,10,574.299828655434,14.155305053298639,1
708,11,570.3367816974854,12.241868553302426,1
708,12,562.3927835295242,-0.1881241397822242,1
708,13,556.4286921601223,13.917524937311358,1
708,14,0.2138778089234795,0.4385677351292516,2
708,15,1.6430252777159344,-1.911630662257772,2
708,16,-3.6878718048410963,0.33392005818204495,2
708,17,-0.10168766476006491,3.2862930783438666,2
708,18,10.610028420843516,-0.8955803847769033,2
708,19,-3.1651993797467948,8.411685991330016,2
709,0,-566.1335050451261,-3.0080562636047485,0
709,1,-559.5618270813706,-6.382037978936379,0
709,2,-552.5949443879919,-4.1916926730344475,0
709,3,-565.563535457086,0.6471870511287937,0
709,4,-560.5088996774068,-1.125265713740899,0
709,5,-561.0165483612991,-0.8368452077724184,0
709,6,-562.1476441167165,-1.2601214121579039,0
709,7,-553.2881745609674,-3.7727139219445376,0
709,8,586.1932810755466,18.79473554663534,1
709,9,558.9754275850458,6.302753814169861,1
709,10,575.1478322082417,13.974030741350093,1
709,11,571.514685982359,12.532941004568375,1
709,12,563.1663820145068,-0.2033159282711465,1
709,13,557.374693410152,13.976908530022728,1
709,14,0.3359023922132309,0.5800760211502726,2
709,15,1.8053555697910433,-1.7534140081054166,2
709,16,-3.7118331307536505,0.4152657679097512,2
709,17,-0.341919684925595,3.195234771457281,2
709,18,10.291887690898875,-0.5623942553573262,2
709,19,-2.9605615857357765,8.44325663446308,2
710,0,-566.9206494275275,-2.971463139271986,0
710,1,-560.5678561319148,-6.222780840945909,0
710,2,-553.3593173188765,-4.411567962590628,0
710,3,-566.2904519487839,0.7230146696954024,0
710,4,-561.3346027936731,-1.2200198607275943,0
710,5,-561.7442724336447,-0.8758600442994402,0
710,6,-562.6598841209973,-1.2546432328561803,0
710,7,-553.9618782633885,-3.917064978567735,0
710,8,586.8162028050501,18.657952005637778,1
710,9,559.6432913778378,6.413703938410526,1
710,10,575.9463183362675,13.951499479261454,1
710,11,572.1909609395642,12.475900947365187,1
710,12,564.0141875665686,-0.07146079768369418,1
710,13,558.1444514920131,13.854736294063553,1
710,14,0.28180969714169724,0.8351346985867723,2
710,15,1.8636591046927922,-2.137372105131976,2
710,16,-3.5326368912430914,0.6490220413164881,2
710,17,-0.30365509958095976,3.2178006410212885,2
710,18,10.723295798668394,-0.42549880864079104,2
710,19,-3.0442133324415526,8.631614795528327,2
711,0,-567.4613223444117,-2.981525472632025,0
711,1,-561.3978072738305,-6.189491075691974,0
711,2,-553.9760168929694,-4.279299070720573,0
711,3,-566.9010828374533,0.8938105520654281,0
711,4,-562.4535229820274,-1.5091803193685098,0
711,5,-562.5999005417697,-0.6916174366293639,0
711,6,-563.4892264966887,-1.4831405973334717,0
711,7,-554.8194639457442,-3.661857900790272,0
711,8,587.7601394241282,18.51994142467621,1
711,9,560.4064673302868,6.73159162799079,1
711,10,576.8900099538068,14.265011206418835,1
711,11,573.1679650074589,12.45955193257726,1
711,12,564.856903868853,0.14681422034385883,1
711,13,559.218608475812,14.062248121136617,1
711,14,0.4772416283989992,0.7670572388235886,2
711,15,1.8308463837503695,-2.1221583181940575,2
711,16,-3.5145219704196236,0.5044804646050649,2
711,17,-0.11551141103944731,3.2941261998844924,2
711,18,10.68514224388286,-0.5252849568375813,2
711,19,-3.09830344276751,8.264087959598696,2
712,0,-568.3864898840917,-3.1140866057054772,0
712,1,-561.9111843959643,-6.731441343748788,0
712,2,-554.9497571530569,-4.628528829320279,0
712,3,-567.9614610652711,0.754624657959481,0
712,4,-563.2582118788569,-1.8340094014281778,0
712,5,-563.1075304468361,-0.8893236117539157,0
712,6,-564.3660807054092,-1.4351034815609396,0
712,7,-555.431600145018,-3.6854987649514483,0
712,8,588.3785259464536,18.6997094976675,1
712,9,561.2335356165403,6.3635501685706775,1
712,10,577.9273078458061,14.07701160665975,1
712,11,574.0210009634625,12.278392767571038,1
712,12,565.3728495389414,0.09341338308372354,1
712,13,559.8754198829756,14.007156320897987,1
712,14,0.43398405544169627,0.9051336083393358,2
712,15,1.9937787970228018,-2.175618466926113,2
712,16,-3.431565041546182,0.3940374050423583,2
712,17,-0.2314618691982523,3.3133101861714898,2
712,18,10.651809961396546,-0.5870043330155815,2
712,19,-2.6443092736438736,8.119879708755292,2
713,0,-568.773235987174,-2.4274133211316586,0
713,1,-562.6487718649068,-6.834744089200973,0
713,2,-555.2087367246019,-4.53891159775238,0
713,3,-568.8043371152714,0.6583841400344668,0
713,4,-563.8376825686928,-1.8969427069236364,0
713,5,-563.7072047630269,-0.6486794033385579,0
713,6,-565.4854999587566,-1.3684905085517796,0
713,7,-556.8621839074792,-4.083215704244137,0
713,8,588.7721635843734,18.546681610662674,1
713,9,562.2512995420057,6.4058895459661604,1
713,10,579.0300017694412,14.259303943258232,1
713,11,574.7078716161575,12.33071471116179,1
713,12,566.2682610476636,0.2117028811694201,1
713,13,561.1389597822673,14.011110176028948,1
713,14,0.15161814943103924,0.598899247109518,2
713,15,2.1325832465561034,-2.343204824464041,2
713,16,-3.503643790177608,0.5112509638765946,2
713,17,-0.6005689435912702,3.579499055781729,2
713,18,10.724678982878963,-1.0168412020009152,2
713,19,-2.678418514053995,8.389449281131684,2
714,0,-569.2185106636734,-2.453349568663118,0
714,1,-563.1888836568685,-6.822373352345013,0
714,2,-555.7933920728046,-4.384877872252888,0
714,3,-569.8044923567039,0.7583270702787016,0
714,4,-564.6076665010562,-1.862472356476874,0
714,5,-564.3366072508865,-0.865158313658392,0
714,6,-565.9889997795402,-1.3409783710997474,0
714,7,-557.3535186619292,-4.030503416180311,0
714,8,589.8229490339543,18.254145406360543,1
714,9,563.2567117829833,6.6066537950028135,1
714,10,579.8041087897777,13.987228616937378,1
714,11,575.4798523650293,11.921243627919177,1
714,12,566.8457864190045,0.3206389533918666,1
714,13,561.8377318236535,14.169994194153343,1
714,14,0.23452681332815825,0.48105324503480973,2
714,15,2.170083898376824,-2.3054851966389998,2
714,16,-3.3918463862560095,0.10983556630219904,2
714,17,-0.853217503050985,3.4887906271260674,2
714,18,10.903507184783523,-0.876053303362184,2
714,19,-2.4250501743310444,8.39185507212513,2
715,0,-569.8315128076997,-2.7602987071721374,0
715,1,-564.0292156121621,-7.165147906763117,0
715,2,-556.509501652975,-4.677140839457173,0
715,3,-570.578263131938,0.6574811001098231,0
715,4,-565.4676403653875,-1.654946339841278,0
715,5,-565.1141551248814,-0.9231279348443212,0
715,6,-567.0206818154641,-1.2877848535613023,0
715,7,-558.1392874355545,-3.740067769157153,0
715,8,590.5889668250727,18.24366981024857,1
715,9,564.0501381245726,6.660205517895178,1
715,10,580.5381902440504,13.821934713915622,1
715,11,576.7499967000416,12.179562477593421,1
715,12,567.5114212851946,0.12164236171311876,1
715,13,562.758918605552,13.755673667649807,1
715,14,0.2426086220392807,0.6795866088730496,2
715,15,1.9802381711648207,-2.2557310020486647,2
715,16,-3.7038390423565484,0.31286345687271955,2
715,17,-0.7171092822686076,3.712196969879623,2
715,18,10.847111344081092,-0.7183721315083039,2
715,19,-2.262826070618256,8.456707646704992,2
716,0,-570.7289283572902,-2.866654101483391,0
716,1,-564.9524887991503,-7.255181006711655,0
716,2,-557.0685852699248,-4.876462598158036,0
716,3,-571.2486657714473,0.8541189213297505,0
716,4,-565.8189905295205,-1.7715255511294972,0
716,5,-566.0499274598834,-0.6442562415023184,0
716,6,-567.7382342259924,-1.0342860626354347,0
716,7,-558.9460281971584,-3.771911393418171,0
716,8,591.2258676155013,18.101134549958374,1
716,9,565.0069457042019,6.7177328054432035,1
716,10,581.3501688031549,13.72244281137865,1
716,11,577.7215860619878,12.485200252531568,1
716,12,568.0993631253148,0.4609730687214924,1
716,13,563.3596476118231,13.826357328601867,1
716,14,0.31523157660891055,0.5493338478643063,2
716,15,1.958021568517287,-2.3106159016661527,2
716,16,-3.204521488983057,0.536634920682842,2
716,17,-0.2901774559513634,4.0141063208648005,2
716,18,10.639972555665873,-0.3776433256085495,2
716,19,-2.0364302352797434,8.711716495041632,2
717,0,-571.6411986983077,-2.867199888656314,0
717,1,-566.2122851401866,-7.324361870753441,0
717,2,-558.0665903183803,-5.014012825048463,0
717,3,-572.2814107551986,0.7863293596205244,0
717,4,-566.771784809856,-1.438828292984259,0
717,5,-566.7933015660865,-0.8032590017593637,0
717,6,-568.3293553458934,-1.0857092338941134,0
717,7,-559.9161522143206,-3.8277987297472316,0
717,8,592.034194197077,17.992939950233858,1
717,9,565.6723122343283,6.613840468493846,1
717,10,581.5945453394395,13.828506500990075,1
717,11,578.3559737016393,12.512463987348838,1
717,12,568.8364892579923,0.17253100633449225,1
717,13,564.1013492641497,14.196124626770501,1
717,14,0.6369258413044083,0.432679091746198,2
717,15,2.1359445939039423,-2.408076744198012,2
717,16,-3.275145341351004,0.773950659316685,2
717,17,-0.34870264957186864,3.8854703517574696,2
717,18,10.707774833996105,-0.6863370983024194,2
717,19,-1.7857742646693344,8.894068887340762,2
718,0,-572.1077993855098,-2.970236997381964,0
718,1,-566.8926497058595,-7.5438668434780745,0
718,2,-558.8309741419947,-5.091207269432996,0
718,3,-573.299560630881,0.6151482835800546,0
718,4,-567.4259698078117,-1.6638887755028855,0
718,5,-567.6647825947473,-0.7706657275994898,0
718,6,-568.9426168787945,-1.1340735552377086,0
718,7,-560.8021354610046,-3.859609101053064,0
718,8,592.8621698289757,18.28097654850237,1
718,9,566.6200746709263,6.5825244034834185,1
718,10,582.3711536584625,14.07020368250756,1
718,11,579.167407806029,12.38178770602193,1
718,12,569.710035494801,-0.07172877410410186,1
718,13,564.8035576342006,14.347923253269562,1
718,14,0.5134608211049055,0.5505054540623668,2
718,15,2.1516177670693826,-2.2825996425443407,2
718,16,-3.2803412558920124,0.5662388503823885,2
718,17,-0.3672314506287486,4.216878915133014,2
718,18,10.696268461352107,-0.5652280749695827,2
718,19,-1.5344967240247802,8.905190344618632,2
719,0,-572.8050530737441,-2.9602239143472326,0
719,1,-567.8115824935212,-7.347244019635164,0
719,2,-559.6806275702719,-4.975597179907321,0
719,3,-574.0989099581141,0.5236242139762557,0
719,4,-568.310224241286,-1.5042427688068167,0
719,5,-568.4816599019938,-1.2122990299093512,0
719,6,-569.7681542739747,-0.9772667142948683,0
719,7,-561.9959460426863,-3.7631347952560787,0
719,8,593.6767391659469,18.177669362930494,1
719,9,567.5436488584329,6.354357395364721,1
719,10,583.3500728977016,13.924900550343903,1
719,11,579.8201731220774,12.43413622878815,1
719,12,570.1663020589042,0.2632934693697603,1
719,13,565.2352094340981,14.253654238382985,1
719,14,0.7838052822414165,0.2272135818864734,2
719,15,2.1908234940234603,-2.4349876085298203,2
719,16,-2.892984775527299,0.47124063370342933,2
719,17,-0.33713660779255133,4.656457351275453,2
719,18,10.87915377050653,-0.7778670714008189,2
719,19,-1.6928490252446875,9.069062757758488,2
720,0,-573.6793593165406,-3.050435859230893,0
720,1,-568.4467426992093,-7.161838655432162,0
720,2,-560.4359234948317,-5.182642659374574,0
720,3,-574.8027043476577,0.5847056015085806,0
720,4,-569.4939650215404,-1.5888341048525052,0
720,5,-569.2042019712263,-0.9670068310392689,0
720,6,-570.9099724977706,-0.8545916861062104,0
720,7,-562.9189504112326,-3.974767679725804,0
720,8,594.7534692237291,18.22273226959035,1
720,9,568.3765415939736,6.363026044542464,1
720,10,584.0993674116387,13.980638588623922,1
720,11,580.4857430952349,12.43863780910939,1
720,12,571.1296161992778,0.49645043205206285,1
720,13,565.6406180823066,14.270286816262766,1
720,14,0.8738899178143718,-0.08945643486586041,2
720,15,2.2041927391639273,-2.4507066472182264,2
720,16,-2.9767489034123,0.4575664957612547,2
720,17,-0.5616756375577686,4.995903460286665,2
720,18,10.87240104136988,-0.5175754588894688,2
720,19,-1.5595402164858894,8.852212271442639,2
721,0,-574.5665477734518,-3.1289347337042566,0
721,1,-569.076711199981,-7.1492088170320525,0
721,2,-561.0091057323817,-4.986572401278146,0
721,3,-575.4876758841538,0.6900714047167884,0
721,4,-570.4179395296101,-1.840741850748998,0
721,5,-570.0367268280954,-1.208509249795056,0
721,6,-571.6263479537286,-0.8773889042580094,0
721,7,-563.5879449446519,-3.6278029043402755,0
721,8,595.6466857890026,18.029317520415173,1
721,9,568.8856251203374,6.239803586257681,1
721,10,585.1014055173476,13.79685335524283,1
721,11,580.9106896612008,12.451295995009538,1
721,12,571.9910124441841,0.4496297643008001,1
721,13,566.3256411918943,14.248059962674539,1
721,14,0.749049618289663,-0.19504919661154296,2
721,15,2.0656348591201183,-2.2018356827001258,2
721,16,-3.1846913096205687,0.7424834060454281,2
721,17,-0.3985075970420353,5.228373473187364,2
721,18,10.882149281478132,-0.6239855246256267,2
721,19,-1.4915337697798514,9.06082985013694,2
722,0,-575.2343490197142,-3.1029660600412106,0
722,1,-569.9640031669345,-7.125635245680194,0
722,2,-561.4009382476253,-4.966126193297772,0
722,3,-576.2845245464679,0.48275594655079235,0
722,4,-571.2668706618349,-2.0918910674842164,0
722,5,-570.716726752856,-1.1915043039076636,0
722,6,-572.0956765982886,-1.0063752716478322,0
722,7,-564.6256366679551,-3.545570107638312,0
722,8,596.5651180330339,17.78483455391487,1
722,9,569.8654933137335,6.424253758317657,1
722,10,586.1355778975587,14.302232931250765,1
722,11,581.7876356647237,12.372514753647263,1
722,12,572.8747734235285,0.5202247994052831,1
722,13,566.762664618232,14.403571810887449,1
722,14,0.9740933405115895,-0.050168278995045806,2
722,15,1.952360652247688,-1.8930412283038813,2
722,16,-3.215698568372134,0.9085774349432303,2
722,17,-0.30610565882642854,5.2273189096909,2
722,18,10.529269125262738,-0.3643907994926972,2
722,19,-1.3413766632806436,9.135756902093611,2
723,0,-575.9991982324464,-3.333360151905007,0
723,1,-570.6184289010391,-7.150120709118143,0
723,2,-561.9684710475792,-4.9300311517316775,0
723,3,-576.862319314504,0.7284086092675373,0
723,4,-571.8253096540566,-2.376774630645828,0
723,5,-571.5066434415783,-1.321312326413963,0
723,6,-572.5692958415897,-0.5235416891923341,0
723,7,-565.319100870998,-3.343835483696438,0
723,8,597.409818658036,17.92274250711323,1
723,9,571.0808505496979,6.641205562156348,1
723,10,586.882465364322,14.369473467739628,1
723,11,582.4870858088244,12.254475024831848,1
723,12,573.5835764589566,0.9621093500659494,1
723,13,567.4735390626402,14.583751164366936,1
723,14,0.710788865079557,-0.2537999330029995,2
723,15,1.8488634602581995,-1.5512875236162271,2
723,16,-3.249408071192922,0.9419314998519616,2
723,17,-0.6199372694528742,5.20486667367191,2
723,18,10.687399185366248,-0.5715178117861243,2
723,19,-0.9923499468788723,9.441213307338556,2
724,0,-576.721578784926,-3.3464030850222986,0
724,1,-571.5048296017403,-6.972840722176117,0
724,2,-562.8245717472437,-5.013573031318244,0
724,3,-577.701086222098,0.5843739603958638,0
724,4,-572.514990120175,-2.627227412947012,0
724,5,-572.2478525598689,-1.3066900770768055,0
724,6,-573.4910269520834,-0.6358599307438761,0
724,7,-566.1553753230587,-3.3713302782774517,0
724,8,598.2843593376914,17.903808413198874,1
724,9,571.8364535085906,6.6023470316954915,1
724,10,587.7938960341255,14.59129974571617,1
724,11,583.2736801087685,12.217405859231144,1
724,12,574.0825356386099,1.1582373810091544,1
724,13,567.9764053512073,14.601390579209196,1
724,14,0.7886943989044146,-0.4327209023999272,2
724,15,2.183584172320928,-1.7589493988316987,2
724,16,-3.3300914022830552,1.2154372163240736,2
724,17,-0.2193061281729723,5.256505235055234,2
724,18,10.647503227667043,-0.5810918480277779,2
724,19,-0.7249094556307336,9.495734203275545,2
725,0,-577.5275083700103,-3.6073855446167875,0
725,1,-572.2724561919235,-6.8717177339957445,0
725,2,-563.5297400579146,-5.175733739249406,0
725,3,-578.5507245374571,0.5947998435067476,0
725,4,-573.0793854729178,-2.969118864613606,0
725,5,-573.4585369249733,-1.0555311028384122,0
725,6,-574.2640643994677,-0.8110296156217482,0
725,7,-567.1109586761023,-3.8281780757114534,0
725,8,599.1710647613791,18.08838980903921,1
725,9,572.5911035442525,6.468819312838827,1
725,10,588.6372542337842,14.695078851549978,1
725,11,583.8693648762634,12.492314627224921,1
725,12,575.0003618272125,1.2900874295495912,1
725,13,568.7385622133521,14.361310122508767,1
725,14,0.7012031567281606,-0.49424148725221895,2
725,15,2.346325432740428,-1.9284153662935846,2
725,16,-3.008053596372232,1.3240435991138075,2
725,17,-0.37839026573279777,5.0639655726921715,2
725,18,10.80104715834079,-0.7734512691214017,2
725,19,-0.7374100661045532,9.578916413616179,2
726,0,-578.3100926105927,-3.2775222875080243,0
726,1,-573.4267954127281,-6.562658156098433,0
726,2,-564.1109397263035,-4.828338082755369,0
726,3,-579.6379753038459,0.7554102232282494,0
726,4,-573.6336442751773,-3.0733796358664875,0
726,5,-574.4119506866342,-1.44221283317404,0
726,6,-575.2349176347848,-0.7009832187067775,0
726,7,-567.8344345702479,-3.964606998038303,0
726,8,599.9071565184325,17.98375728191101,1
726,9,573.6194457701398,6.615385044870193,1
726,10,589.545230506167,14.670898249025086,1
726,11,584.6864725018108,12.722938240097019,1
726,12,575.8000152431848,1.206536566470217,1
726,13,569.3066322883902,14.130845417756262,1
726,14,0.8319810168051345,-0.6033898970628746,2
726,15,2.0408385503574227,-2.120484052056029,2
726,16,-2.954339364496639,1.4077045440465108,2
726,17,-0.11770112305952601,5.034109098584812,2
726,18,11.012141754792665,-0.5899998680840922,2
726,19,-0.5523510670117839,9.42895405310633,2
727,0,-579.3259573754808,-3.2557281096983712,0
727,1,-574.4952771121232,-6.530300097049818,0
727,2,-564.8073888803817,-4.638901257717902,0
727,3,-580.5975273390937,0.6901409073887385,0
727,4,-574.2320514759923,-3.2778249933399497,0
727,5,-575.0847893225631,-1.5222017307331237,0
727,6,-576.2831485164453,-0.5859905385015582,0
727,7,-568.6133654910677,-3.5315084989382726,0
727,8,600.8634546827213,17.67300544624551,1
727,9,574.4742372701014,6.8452002634797315,1
727,10,590.2604016624915,14.557897333251535,1
727,11,585.2957571816992,12.71526209597731,1
727,12,576.6819548855516,1.523708568348219,1
727,13,570.0079554329601,14.187480110832485,1
727,14,0.700975433053499,-0.9474021812078248,2
727,15,1.8619658426565715,-2.400103717571725,2
727,16,-3.189089953619611,1.323026208579426,2
727,17,-0.09699904760709324,4.8541444057456555,2
727,18,10.961165479597893,-0.6379275956247371,2
727,19,-0.6813220686317892,9.215613497687956,2
728,0,-579.8249295353307,-3.2493241110707993,0
728,1,-575.1061363172112,-6.802837871524391,0
728,2,-564.8624648398741,-4.95527978320581,0
728,3,-581.7415498352577,0.7779517739779148,0
728,4,-574.8526268298601,-2.8839842773128805,0
728,5,-575.5567819858985,-1.469637104663101,0
728,6,-577.3294794633858,-0.5068728484795755,0
728,7,-569.1847950619915,-3.79953984596456,0
728,8,601.9443422823914,17.32874349823577,1
728,9,575.3637733747742,6.706168173970203,1
728,10,590.9144798954251,14.478545119317866,1
728,11,586.431649288357,12.782882714825385,1
728,12,577.5340462350058,1.6792251411460501,1
728,13,570.9619439646182,14.380803906019576,1
728,14,0.8699126136747606,-1.0286832966508526,2
728,15,1.659258611539627,-2.4219860080835645,2
728,16,-3.015608141746922,1.4621285716152743,2
728,17,-0.19882961746290181,4.861916926025162,2
728,18,11.323466117554833,-0.6439972946796975,2
728,19,-0.7106371912279503,9.172348231452098,2
729,0,-580.542408243371,-2.8743573872480885,0
729,1,-575.8235964750831,-6.636919940632947,0
729,2,-565.825734487195,-4.697540226587624,0
729,3,-582.758986942627,0.9016892570954327,0
729,4,-575.7680658631616,-2.774604708064032,0
729,5,-576.1189817900433,-1.2179466156345273,0
729,6,-578.2137185478872,-0.830095801565048,0
729,7,-570.1817040419746,-3.4855637784197873,0
729,8,602.7375336505653,17.218969973390447,1
729,9,575.9595933254601,7.149185538062626,1
729,10,591.5872036360922,14.280502299351548,1
729,11,586.9204459792111,13.105993316350277,1
729,12,578.322454707617,1.5727899888090648,1
729,13,571.7095430938614,14.488625394878362,1
729,14,0.8421745951667693,-0.6867884571172682,2
729,15,1.5496335640402237,-2.619846080445464,2
729,16,-2.9060580666728586,1.1406594606346578,2
729,17,0.07489187400163269,4.4898221261650875,2
729,18,11.427211143921534,-0.6700147011601015,2
729,19,-0.70204130293435,9.418338098810109,2
730,0,-581.4879711369587,-3.204141949731243,0
730,1,-576.7601703877907,-6.621283757480487,0
730,2,-566.850310139968,-4.845748689866954,0
730,3,-583.7389985310729,0.9392266055525701,0
730,4,-576.6727612892142,-2.8147001185888576,0
730,5,-576.820132097087,-1.1870555278339454,0
730,6,-579.2823080486268,-1.055000515646043,0
730,7,-571.0258768899934,-3.4322281528706893,0
730,8,603.560678740214,17.14884701090436,1
730,9,576.8126032182512,7.142145682409221,1
730,10,592.2175192922975,14.39883143097473,1
730,11,587.9027306795318,13.13320356095004,1
730,12,578.9568974746444,1.5955933749269198,1
730,13,572.4415353242799,14.058536584629433,1
730,14,0.5506511240674692,-0.37732423126657266,2
730,15,1.6777608818599667,-2.208291240934089,2
730,16,-2.862650423966483,1.0402826394595408,2
730,17,0.08936774100747141,4.567100449772512,2
730,18,11.328140713849628,-0.4742282146658364,2
730,19,-0.6955438643529762,9.321130233547386,2
731,0,-582.308295418371,-3.054679392242535,0
731,1,-577.3848440124674,-6.728862887427975,0
731,2,-567.3659416725385,-4.953735279439586,0
731,3,-584.5401076613613,0.716037450233961,0
731,4,-577.6999843643831,-2.7338016856438414,0
731,5,-577.6016673963395,-1.0894369547972897,0
731,6,-579.9003945931221,-1.0601362300105353,0
731,7,-571.6958190384431,-3.242103392621978,0
731,8,604.5706078036287,16.884732034190463,1
731,9,577.571775472184,7.095129801099197,1
731,10,593.2747017547186,14.736784654506605,1
731,11,588.3697111223248,12.872808645398727,1
731,12,579.5986980199934,1.5974583965998472,1
731,13,573.0824491885181,13.783235074082459,1
731,14,0.7247258823307144,-0.3695620267217338,2
731,15,2.148383818349532,-2.4182618335921036,2
731,16,-2.6378433919751485,1.101285005997293,2
731,17,0.1008143235830378,4.403731707276925,2
731,18,10.976078713460913,-0.5108321967688834,2
731,19,-0.6784548765228481,9.594153185139715,2
732,0,-582.9113238618947,-2.755068927430081,0
732,1,-578.2497953769811,-6.797952763667381,0
732,2,-568.372123857514,-5.164923311840524,0
732,3,-585.2514156967192,0.9681047576381943,0
732,4,-578.3903782111672,-2.951112457320195,0
732,5,-578.4805630365546,-0.8336364762804149,0
732,6,-580.6155523887653,-1.5996207623088177,0
732,7,-572.4939847508524,-3.120680914926259,0
732,8,605.1066579382689,16.984380688915476,1
732,9,578.331633703922,7.310441617481366,1
732,10,594.0861247969714,14.872034005092013,1
732,11,589.0791912705915,12.717383014354043,1
732,12,580.6754497259661,1.4350503669013717,1
732,13,574.2513936465293,13.820662257674847,1
732,14,0.6512067579825067,-0.5854836428400272,2
732,15,1.8656765952546122,-2.8014164932370162,2
732,16,-2.7219482062099885,1.1006772073711133,2
732,17,0.10366626516590158,4.54889800061952,2
732,18,10.909292821957422,-0.48385248862330293,2
732,19,-1.0128429971739559,9.298735149825777,2
733,0,-583.6611781283485,-2.741057544706372,0
733,1,-578.8000463932701,-6.8563011678380095,0
733,2,-569.5227982536658,-5.336605697037085,0
733,3,-586.2286853739096,0.7146645274615882,0
733,4,-579.3719095129564,-2.8855682592900793,0
733,5,-579.4981856950528,-0.7961248151819551,0
733,6,-581.674302001111,-1.1257083274219022,0
733,7,-573.2977302964816,-2.727217730238199,0
733,8,605.7207876880136,17.15402148816996,1
733,9,578.9262462597877,6.821030265060863,1
733,10,594.7756891929469,15.016739942409902,1
733,11,589.8609636084553,12.851696129407499,1
733,12,581.2951799296245,1.615020835132726,1
733,13,575.0407637725477,14.308158834874117,1
733,14,1.022204050431971,-0.4039762424382308,2
733,15,1.7857595755803075,-2.812335414245029,2
733,16,-2.568218019197271,1.0870694717701213,2
733,17,0.14252091480173568,4.489052344310435,2
733,18,10.968338667270888,-0.40236526593246325,2
733,19,-0.8681945308208161,9.149801449785256,2
734,0,-584.2872379732379,-2.8479811196332294,0
734,1,-579.4833427411822,-6.601167441457842,0
734,2,-570.2710122291235,-5.306610407930322,0
734,3,-587.0322147467078,0.5060229588318536,0
734,4,-580.0885160251134,-2.2096499814935164,0
734,5,-580.3805187003726,-1.1144967258808087,0
734,6,-582.4705788201395,-1.3297149483310582,0
734,7,-573.7342141804637,-2.9222743045234374,0
734,8,606.6213014430092,16.99905292333346,1
734,9,579.7758853706032,6.75872306686146,1
734,10,595.5921277407282,14.987259606777643,1
734,11,590.4875905013292,13.019190760179477,1
734,12,582.0792783064519,1.548248353572492,1
734,13,576.1686043940537,14.581620396592431,1
734,14,0.8447578004167782,-0.7126296224702799,2
734,15,1.834339071402147,-2.691214861701684,2
734,16,-2.3939473083926517,0.7944896266202769,2
734,17,0.17480461037619083,4.361471387704492,2
734,18,10.500925782034264,-0.6703934742214565,2
734,19,-0.7127411294878152,8.93734512483855,2
735,0,-584.8033838003917,-2.990578721581905,0
735,1,-580.1127120606853,-6.797327760915042,0
735,2,-571.0648178518504,-5.300893412567511,0
735,3,-588.1061183965492,0.8848169037020188,0
735,4,-580.9266531296851,-1.9188775743178477,0
735,5,-581.1630843195785,-0.5544115065510941,0
735,6,-583.3836162008854,-1.0261344096880018,0
735,7,-574.472833241401,-2.4283774206281996,0
735,8,607.2309549651063,17.17383077206088,1
735,9,580.4806048811189,6.549856948073792,1
735,10,596.1113287989083,15.13721711939663,1
735,11,591.3684656140163,12.862799200128991,1
735,12,582.8747677569273,1.7982499753306092,1
735,13,576.7496846126243,14.876821201980926,1
735,14,1.0010248013405554,-0.5705147519962807,2
735,15,1.8346069598295565,-2.3623316491571806,2
735,16,-2.335078186050812,0.8930591081124972,2
735,17,0.2783214801301752,4.26376711455728,2
735,18,10.437304761064652,-0.8305758856041086,2
735,19,-0.706795972685255,9.181857006094585,2
736,0,-585.4448984481261,-2.565244658359847,0
736,1,-580.9561793717111,-7.157065700495254,0
736,2,-572.027099049755,-5.408111909292891,0
736,3,-588.4794173168731,0.6641394592702344,0
736,4,-581.8085039820044,-2.229307183429666,0
736,5,-582.2141009112889,-0.543817895332932,0
736,6,-584.0871519306717,-0.8140455310185124,0
736,7,-575.2968246508178,-2.1019467767195037,0
736,8,608.2296851502185,17.117030141179875,1
736,9,581.1958974463844,6.819366586483966,1
736,10,596.9033601849261,14.93904367993238,1
736,11,591.8068916415389,12.643342817882859,1
736,12,583.7206668052347,1.7415700096852245,1
736,13,577.4884416286071,14.627170998431554,1
736,14,0.8495817861176028,-0.5348524625257159,2
736,15,2.2789627870557987,-2.3197694512879408,2
736,16,-2.2660386331121547,1.1866455873242263,2
736,17,0.2903105440535067,3.9837377277002255,2
736,18,10.222663628143074,-0.6373485009911535,2
736,19,-0.476079036971617,9.743026019429793,2
737,0,-586.4099381360313,-2.5091441268607113,0
737,1,-581.7028442143428,-7.010433580363219,0
737,2,-572.9434424807292,-5.352516855850881,0
737,3,-589.2361205210791,0.4835102130898199,0
737,4,-582.4991496931973,-2.0095262778798637,0
737,5,-582.8256716845982,-0.9373545228569969,0
737,6,-585.0336247166241,-0.9502691941471699,0
737,7,-575.9452735418408,-1.4904753908473376,0
737,8,609.1623940711276,16.994194121774267,1
737,9,582.4999749150668,6.764963191127221,1
737,10,597.4622219832736,15.269760328567916,1
737,11,592.2240263019584,12.670114254620001,1
737,12,584.7458850312921,1.5881345028277774,1
737,13,578.2570991652501,15.058090264080246,1
737,14,1.0621578576085722,-0.648002289255301,2
737,15,2.303421846103919,-2.1277279754900844,2
737,16,-2.188388480788922,0.8560366751242096,2
737,17,0.40495818372397074,3.116356615041112,2
737,18,10.01654789800457,-0.8123272336581825,2
737,19,-0.4205980595932114,10.009562885216601,2
738,0,-587.2609887448798,-2.332960923970346,0
738,1,-582.4645548067156,-6.740139956930722,0
738,2,-573.3558005673492,-5.2815400221684765,0
738,3,-590.1524765762753,0.24914276232714488,0
738,4,-583.3963890561598,-1.8226080315888367,0
738,5,-583.6453547024231,-0.8073639690746227,0
738,6,-585.4143418052261,-0.7991605150528599,0
738,7,-576.7341002142554,-1.535296225306651,0
738,8,610.1866724365889,17.223418939104924,1
738,9,583.4816491814067,6.79657265217557,1
738,10,598.0358016726415,15.154781892996612,1
738,11,593.0634326815501,13.234164125153033,1
738,12,585.6204778618741,1.4251304224550025,1
738,13,578.9132723083964,14.852240895787887,1
738,14,1.0978744446974302,-0.45267667949115875,2
738,15,2.3824739071909833,-2.046526099970703,2
738,16,-1.7923320479913945,1.100586037704353,2
738,17,0.22163653485613363,2.98322150515636,2
738,18,9.888304244511147,-0.6405654252090176,2
738,19,-0.5603996036863867,10.099240425838671,2
739,0,-587.522045709384,-2.3611817418867775,0
739,1,-582.535871449298,-6.679657605809219,0
739,2,-574.0614841134864,-5.41577103120379,0
739,3,-590.9318257431236,0.007968592485170206,0
739,4,-584.02546262093,-1.8230433644122523,0
739,5,-584.3754795529427,-0.7064896980357175,0
739,6,-586.0379684264624,-1.0633643698887465,0
739,7,-577.5725139301597,-1.6102216782496543,0
739,8,610.8564187980555,17.485882942133344,1
739,9,584.1181669389605,6.796872740019354,1
739,10,598.7199636370864,15.325146044612952,1
739,11,594.0801352468873,13.21393378357681,1
739,12,586.563847411621,1.6162553865424876,1
739,13,579.6476854828707,14.90828032405687,1
739,14,1.2409667765056334,-0.4396521086463435,2
739,15,2.3308151489570896,-2.356366644931461,2
739,16,-1.874157739920556,0.5971057889330752,2
739,17,0.2473026781746672,2.862470645129752,2
739,18,9.887423702235768,-0.9614461366228118,2
739,19,-0.7064860111788364,10.132819213115198,2
740,0,-588.5019099552343,-1.9909676592454626,0
740,1,-583.6585512266471,-6.7227920336644,0
740,2,-574.6722985401243,-5.65998198063382,0
740,3,-591.8122495924551,-0.2581601481731248,0
740,4,-585.0885338457541,-1.7416624968105812,0
740,5,-585.0274150150634,-0.8848276133143236,0
740,6,-586.9744349381614,-1.1020682696076907,0
740,7,-578.0085166982968,-1.9385337670311826,0
740,8,611.9964883787032,17.71075454329686,1
740,9,585.2734480570325,6.754438850688971,1
740,10,599.5558863714341,15.28454969463664,1
740,11,594.7259136092174,13.183824054694188,1
740,12,587.3728159625173,1.3658706259444937,1
740,13,580.4306902121559,15.195021168320737,1
740,14,1.1156388473194874,-0.4594159877216465,2
740,15,2.319723007389497,-2.4097788880873723,2
740,16,-1.9619324748960145,0.43697660562790114,2
740,17,0.41373483223112284,2.872624045399466,2
740,18,9.689963369442019,-1.0653215723815417,2
740,19,-0.8570158654022006,9.55048003194387,2
741,0,-589.4065053754065,-1.9854381618120915,0
741,1,-584.3195704385793,-6.68607672536589,0
741,2,-575.2742699147569,-5.609204014660487,0
741,3,-592.7896384050215,-0.014257072305126961,0
741,4,-585.5949016447208,-1.7037496364810962,0
741,5,-585.5018104228596,-0.7548975082380824,0
741,6,-587.5860834589306,-0.8021030837523879,0
741,7,-578.4449619668484,-1.9631152345614877,0
741,8,612.7168340328502,17.757987162304122,1
741,9,585.8004926757148,6.729506683957033,1
741,10,600.4719783159605,15.038502033942468,1
741,11,595.6421007826557,13.097813272510868,1
741,12,588.1898990248992,1.3469193366470824,1
741,13,580.8528531003017,15.059198141706714,1
741,14,1.2820178210867619,-0.6148007388289843,2
741,15,1.9051508273137654,-2.404635006758442,2
741,16,-2.158095604398518,0.32232009076376567,2
741,17,-0.18520999393150928,3.096339202666382,2
741,18,9.579749380046525,-1.3564474070654797,2
741,19,-0.8263806086185859,9.866688303835826,2
742,0,-590.6763606012304,-2.0276897072231073,0
742,1,-585.2092922528736,-6.934508429025134,0
742,2,-575.8722658110389,-5.844738758621019,0
742,3,-593.7139253387313,-0.08043274668956636,0
742,4,-586.2623620477527,-1.7854742215842656,0
742,5,-586.1587345835177,-0.712940537915132,0
742,6,-588.355386191251,-0.9652674877149058,0
742,7,-579.2403111998068,-1.8525634544259866,0
742,8,613.2144932086723,18.20617314674288,1
742,9,586.774691711388,6.436559770865407,1
742,10,601.1529282468949,14.773010295900958,1
742,11,596.6383634911261,13.167480732537392,1
742,12,589.3166200237141,1.5241793320954853,1
742,13,581.3322066826388,15.0341733886169,1
742,14,1.069151706787365,-0.734390110819304,2
742,15,1.7616979001151465,-2.2846361352719184,2
742,16,-2.1434354101691895,0.19732077602113812,2
742,17,-0.13258147617981875,3.292394011657315,2
742,18,9.583463579857462,-1.5211920484287125,2
742,19,-0.8269204955080095,9.411411313865802,2
743,0,-591.3112146466149,-1.9379562265206431,0
743,1,-586.0388562317648,-6.942249303612612,0
743,2,-576.5735635689165,-5.713168003675558,0
743,3,-594.3415226510879,-0.2209202866824621,0
743,4,-587.1309060737495,-1.7370864354211806,0
743,5,-586.8858717992642,-0.8942779983908681,0
743,6,-589.4798413973846,-1.5252315363068298,0
743,7,-580.3341895579222,-2.0884659327963164,0
743,8,613.8063732687204,18.341643428022376,1
743,9,587.4914593161078,6.496819983324612,1
743,10,601.7919342310225,14.819659864113602,1
743,11,597.6885602472232,13.377575696851816,1
743,12,590.2798734729208,1.1088832337123398,1
743,13,582.3844253094335,14.645025555229035,1
743,14,0.9861871416503227,-0.7878008149397109,2
743,15,2.361554299828974,-2.128781195477427,2
743,16,-2.1668362324154913,0.09000664551888077,2
743,17,0.10016102395754914,3.408360860107179,2
743,18,9.418630546458056,-1.2465330200979614,2
743,19,-1.1523575923253992,9.323740837429355,2
744,0,-592.1517666455779,-1.9375663519395447,0
744,1,-586.6928010973303,-7.168785824681145,0
744,2,-577.1046838506234,-5.946617353448449,0
744,3,-595.337023347988,-0.22720862125673316,0
744,4,-588.4022035031554,-1.445610063380625,0
744,5,-587.7211184654357,-0.7494967585726132,0
744,6,-590.3717348354122,-1.608624657463592,0
744,7,-581.2531958820698,-1.8065080359002854,0
744,8,614.5419299631322,17.954815820808985,1
744,9,588.187485663769,6.789193039816838,1
744,10,602.9333361560602,14.330003149612029,1
744,11,598.6270405515419,13.016596668727,1
744,12,591.390163248041,0.9139500041293918,1
744,13,583.1007269916736,14.241897888353316,1
744,14,1.118383194786306,-1.0307308947774452,2
744,15,2.5567372699644086,-2.259940758637586,2
744,16,-2.2123078588460365,-0.15917663056609005,2
744,17,-0.19233671322017706,3.3175525816605638,2
744,18,9.221783352684024,-1.1598924763796625,2
744,19,-1.4140181535517908,9.523047426779513,2
745,0,-592.7482734866426,-1.4440596791937095,0
745,1,-587.8982628079136,-6.822604472289237,0
745,2,-577.9770440195235,-5.803937420668617,0
745,3,-596.1627927967804,-0.07305973784623213,0
745,4,-589.0863978257663,-1.2682445272489917,0
745,5,-588.4484461288818,-0.9590077492083637,0
745,6,-591.0012297782793,-1.768430604836797,0
745,7,-581.9025713338461,-1.75816548192393,0
745,8,615.354518120428,17.836683760520447,1
745,9,588.9019657641055,6.586717620704056,1
745,10,603.7276762748796,14.446210548074793,1
745,11,599.4634207709846,13.48914697338391,1
745,12,592.1378703202195,1.111103139931681,1
745,13,584.2012518487073,14.524110848535518,1
745,14,0.7366117110609252,-0.8991999850979548,2
745,15,2.6151276278865123,-2.1486067839894787,2
745,16,-2.5140025573834586,0.020797292680712592,2
745,17,-0.12117438998869826,2.892223821147161,2
745,18,9.164146837165783,-1.3494184321779825,2
745,19,-1.3566026245480596,9.738223227037363,2
746,0,-593.7143784621915,-1.3076923076615414,0
746,1,-588.6575756494366,-6.753869450222577,0
746,2,-578.6363882600161,-5.499002964464699,0
746,3,-597.0687584574046,-0.12207797976767193,0
746,4,-589.909684163001,-1.3541575020292589,0
746,5,-588.9082220176521,-0.7685420948677272,0
746,6,-591.7266664781818,-1.5824572505127605,0
746,7,-582.8218912819316,-1.8594458866366999,0
746,8,616.0029308327945,17.738141724248656,1
746,9,589.7212453153037,6.626061823859483,1
746,10,604.6503960123034,14.10735949653069,1
746,11,600.2415582411287,13.382657163017749,1
746,12,592.9801855449704,1.0506214410403723,1
746,13,585.3820327057127,14.70442289335884,1
746,14,0.7187518099801545,-0.79283289238869,2
746,15,2.3416570323927983,-2.3937894897152594,2
746,16,-2.63010530359979,-0.27124459518067545,2
746,17,-0.02204454364811642,2.8263072094516417,2
746,18,8.89061921924786,-1.415452486357171,2
746,19,-1.6090768227926187,9.168290758620126,2
747,0,-594.4413150965685,-1.3954452447405332,0
747,1,-589.4847422984877,-6.625710197214098,0
747,2,-579.6761303188592,-5.7807687384566995,0
747,3,-597.8485646263903,0.0566248787972187,0
747,4,-590.7813869335012,-1.0795287365069377,0
747,5,-589.7936881491752,-0.7464001841972597,0
747,6,-592.513414566239,-1.4128491142882365,0
747,7,-583.8161037975491,-1.6970758647898456,0
747,8,616.5282285759699,17.731097008241676,1
747,9,590.4488937689381,7.099833275738811,1
747,10,605.6046008610887,14.048376980476212,1
747,11,601.0180837052073,13.367082818735565,1
747,12,593.5931159171806,1.0571845359103231,1
747,13,586.282229878758,14.67405344687928,1
747,14,0.6349263827116431,-0.6790087046777971,2
747,15,2.341798580837978,-2.4678453525627386,2
747,16,-2.784170342037463,-0.13922641640888928,2
747,17,-0.09065864578458006,2.9483113726255157,2
747,18,9.069980376722953,-1.6434598089760646,2
747,19,-1.6162995230645318,9.311877082309609,2
748,0,-595.3583355774382,-1.2382601555723904,0
748,1,-590.1442796048898,-6.464274572182221,0
748,2,-580.5847221426642,-5.684237822654761,0
748,3,-598.7616513519222,0.18892929569981504,0
748,4,-591.4051834245633,-1.0252739546548992,0
748,5,-590.7167585555537,-1.0568853047776894,0
748,6,-593.3360803851699,-1.595997210118634,0
748,7,-584.6803342802782,-2.020796917095576,0
748,8,617.3631274727904,17.50687262841934,1
748,9,591.0730026732912,6.990764607239791,1
748,10,606.5227649512798,13.88752771616441,1
748,11,601.7825905780884,12.965833303182858,1
748,12,594.8173929353967,1.2005743702650684,1
748,13,587.2326850257069,14.665070951172023,1
748,14,0.760057947807534,-0.2691366352606015,2
748,15,2.366891728481067,-2.286373916444461,2
748,16,-2.700595793993676,-0.27721063738486756,2
748,17,0.10856317974441938,2.6036129008807865,2
748,18,8.595468290215942,-1.6631860164788406,2
748,19,-1.6157712295227433,9.097609645618263,2
749,0,-595.9978018481396,-1.0317516876609711,0
749,1,-590.9238082603025,-6.879227656824409,0
749,2,-581.3607542475404,-5.586235839324494,0
749,3,-599.3994587180041,0.02726052383100891,0
749,4,-591.9486242691136,-1.1440215087341294,0
749,5,-591.8382652700711,-1.0015867347437604,0
749,6,-593.948596398604,-1.3533736941120575,0
749,7,-585.3805722410171,-2.2235883142682624,0
749,8,618.1227018140212,17.233624068540664,1
749,9,592.2239611121513,6.997982669836196,1
749,10,607.2744709767143,13.805970747611518,1
749,11,602.4533666201775,12.96723414864022,1
749,12,595.6477880870831,1.2233090268718079,1
749,13,588.2507854561231,14.575429297063017,1
749,14,0.8192588011324442,-0.45925310848543754,2
749,15,2.4609132146490906,-2.5504352962757113,2
749,16,-2.7955147060639236,-0.3295587118263902,2
749,17,0.027348832276599414,2.5198778277350606,2
749,18,8.661580919350394,-1.4433365854391467,2
749,19,-1.9137464842540088,8.788251641310366,2
750,0,-596.9697706257971,-1.0030633291982578,0
750,1,-591.7938949012143,-6.938266870663429,0
750,2,-582.3684241760656,-5.648118903513854,0
750,3,-600.5620754741585,0.3128916299629506,0
750,4,-592.8887644062299,-0.9588282897024007,0
750,5,-592.7799121709121,-1.1770170621996905,0
750,6,-595.1671553013755,-1.5053244731016318,0
750,7,-585.8528885202951,-2.249642250570683,0
750,8,618.9516891891785,17.34213459177523,1
750,9,593.3899870523777,7.169409381468995,1
750,10,608.6313333282643,13.45610474292033,1
750,11,603.1955767157837,12.897170955175948,1
750,12,596.5608086672194,1.3512465052819556,1
750,13,589.138895645801,14.553827129180968,1
750,14,0.7116713887397019,-0.08200610307603817,2
750,15,2.4045391954052318,-2.4271788413217323,2
750,16,-2.9157757712951557,-0.520474490071698,2
750,17,0.33335666650816814,2.6384464363963556,2
750,18,8.63944257915545,-1.6225773015801568,2
750,19,-2.0915956421603736,8.880576384602689,2
751,0,-597.7634159766518,-0.9735773260500887,0
751,1,-592.8171226794482,-6.871397892912539,0
751,2,-582.8711262265659,-5.600267135651598,0
751,3,-601.4808531336697,0.39788594103133595,0
751,4,-593.746770614659,-1.0008291013227752,0
751,5,-593.7256870782228,-1.3141391527025192,0
751,6,-596.0813404682616,-1.7710381459071278,0
751,7,-586.4065673828809,-2.3468472848864375,0
751,8,619.4374702293453,17.396672412118548,1
751,9,594.2126210004375,7.412090162642877,1
751,10,609.4150213984822,13.67113106905464,1
751,11,603.8513812858197,12.926300808914757,1
751,12,597.4277042482975,1.1666521565169097,1
751,13,590.3584284740913,14.724432723720302,1
751,14,0.5924400318234191,-0.13779800719116558,2
751,15,2.516968773795348,-2.3443237521923144,2
751,16,-2.591557722531837,-0.8620827354255897,2
751,17,0.19772880913796267,2.7140887178673885,2
751,18,9.345153096977826,-1.6585624540420765,2
751,19,-2.2214634292999063,9.198302458543893,2
752,0,-598.596257630393,-1.1075488303823153,0
752,1,-593.7799451093447,-7.142435065088619,0
752,2,-583.5914848321038,-5.449214237634992,0
752,3,-602.2489047022116,0.2968294478029583,0
752,4,-594.8904516006173,-0.9562275891206773,0
752,5,-594.548890440754,-1.3365535284415193,0
752,6,-596.9362805431032,-1.9280892961261384,0
752,7,-587.332243918061,-1.910236276346871,0
752,8,620.0371080517307,17.537064290419938,1
752,9,594.9219227686591,7.492851950333775,1
752,10,610.1187324880613,13.6713758624168,1
752,11,604.6562564495132,13.059847836148508,1
752,12,598.1657385980376,1.0614422109301198,1
752,13,591.4721053381779,14.871921044611573,1
752,14,0.5793817641658695,-0.14937302589728463,2
752,15,2.5757538107030866,-2.2688627301217745,2
752,16,-2.562911358335777,-0.6596765947625534,2
752,17,0.24042520441424958,2.6110245341215994,2
752,18,9.201646321321736,-1.5890262633399093,2
752,19,-2.409105197885856,9.171676074615629,2
753,0,-599.519175800253,-1.129772854706787,0
753,1,-594.8555754450341,-7.358242819838189,0
753,2,-584.4776994937113,-5.730502843519092,0
753,3,-602.9860148466596,0.6764967599981647,0
753,4,-595.7870583951953,-0.8921575079363,0
753,5,-595.1260376335238,-0.7910285223494846,0
753,6,-597.9972493493239,-2.0206408703111465,0
753,7,-587.9744312004004,-2.1743671348420723,0
753,8,620.9063928922303,17.373838678478606,1
753,9,595.6916723223569,7.716509967887833,1
753,10,611.1285560284393,13.962085290277773,1
753,11,605.1351333308729,12.944518868213322,1
753,12,598.9959453989577,1.0619692360093642,1
753,13,592.3924464145181,14.884559476036884,1
753,14,0.5298030814038966,-0.2552123911204367,2
753,15,2.643245259486163,-2.1474612601347243,2
753,16,-2.2231033064313968,-0.5084959648505393,2
753,17,0.737023840449575,2.465821319458759,2
753,18,9.193566453574242,-1.6117875565183915,2
753,19,-2.3770877293775086,9.225524173699922,2
754,0,-600.3892596637322,-0.8307883046139769,0
754,1,-595.1544814205253,-7.176023171617858,0
754,2,-585.2252264408162,-5.635399536086366,0
754,3,-603.6367846667545,0.656163688075941,0
754,4,-596.3283301294194,-0.609549511623773,0
754,5,-596.2541913362469,-0.8119973903839747,0
754,6,-598.7934050230565,-1.870185539933475,0
754,7,-588.511956640026,-2.4041798585073453,0
754,8,621.8183777719164,17.390204625175315,1
754,9,596.3628353295782,7.675149260257497,1
754,10,612.1449450378358,13.740562495187516,1
754,11,606.0534919611782,13.160828036939913,1
754,12,599.7405206066178,1.019922528689806,1
754,13,593.3430003793943,15.04866880103194,1
754,14,0.449400483655517,-0.38706113730681113,2
754,15,2.650272928840233,-2.2317925708774693,2
754,16,-2.464840791886001,-0.6383906533639077,2
754,17,0.37711544069481967,2.212291112443073,2
754,18,9.017017730855443,-1.2887028511548195,2
754,19,-2.4997578750007405,9.277011308757675,2
755,0,-600.8595417116402,-0.9126678246287159,0
755,1,-596.2876148961259,-7.1545979872862695,0
755,2,-586.1716610503385,-5.608176635708873,0
755,3,-604.4122817707732,0.517260507355438,0
755,4,-597.3886407672743,-0.36057565267958397,0
755,5,-596.9141266201168,-0.7638734407939474,0
755,6,-599.2557635234082,-1.7251590243581336,0
755,7,-589.4896689456178,-2.5901635689885643,0
755,8,622.6613120122403,17.260316282218884,1
755,9,597.2187709718852,7.7387930083604575,1
755,10,612.8995281202558,13.428953242673408,1
755,11,606.8056991415366,13.222834270019607,1
755,12,600.7899539650233,0.9885813186604094,1
755,13,594.1585514947948,15.240902276747114,1
755,14,0.32316840364618105,-0.31622003126134146,2
755,15,3.0547750582347906,-1.9882665974962728,2
755,16,-2.5750804375312915,-0.7573669384405886,2
755,17,0.2073338648581337,2.3440928461508035,2
755,18,9.171207085119935,-1.4341999823458593,2
755,19,-2.2131954084605416,9.167244984376604,2
756,0,-601.6347702135871,-1.2405524518150581,0
756,1,-597.0120136959133,-7.051773664667594,0
756,2,-586.7741111168476,-5.550132381089,0
756,3,-605.0185845081459,0.20517734825719203,0
756,4,-597.9355261918969,-0.4841023738463399,0
756,5,-597.6032960549592,-0.5855148842250296,0
756,6,-599.9143654080012,-1.558874251032052,0
756,7,-589.9461312730816,-2.8487313075444227,0
756,8,623.3794797263322,16.751040967940945,1
756,9,597.8062450284106,7.676012574782548,1
756,10,613.8583628097664,13.65718451878586,1
756,11,607.371816891342,13.233533874567412,1
756,12,601.6099089095529,0.7826679715177423,1
756,13,595.0070813952761,15.461164430724784,1
756,14,0.6013109774275964,0.08355604538862355,2
756,15,3.150179606102755,-1.8228148377693434,2
756,16,-2.609462516311347,-0.468785368123058,2
756,17,0.3538284808350216,2.6594153331175487,2
756,18,9.32890676752421,-1.5664055717521805,2
756,19,-2.054973398129424,9.383312762244877,2
757,0,-602.168583871764,-1.1156132573977648,0
757,1,-597.5174747995937,-6.784697795496113,0
757,2,-587.5252470681252,-5.463375926253552,0
757,3,-605.4963729016912,0.14900416804432595,0
757,4,-598.9525372787506,-0.45394662796337604,0
757,5,-598.5935470938489,-0.46303470374182343,0
757,6,-600.776771829729,-1.684615722291097,0
757,7,-590.8103421459817,-2.5915885350531624,0
757,8,624.0451577824227,16.590153756971514,1
757,9,598.3264212694912,7.63568965057069,1
757,10,614.624653905513,13.46744571159588,1
757,11,608.3640456267678,13.393314201830076,1
757,12,602.5333091832348,0.9258625161570323,1
757,13,595.5622414756003,15.51565270793855,1
757,14,0.600284377330053,0.30104046408585977,2
757,15,3.0862337045994384,-1.9497164725267901,2
757,16,-2.925545278635779,-0.59302763092473,2
757,17,0.1821086111750743,2.799493447515416,2
757,18,9.38010297280136,-1.1449717026882213,2
757,19,-2.07667933174785,9.39448260345083,2
758,0,-602.9285217516357,-1.0651630522083388,0
758,1,-597.8232153233932,-6.737935262561619,0
758,2,-588.3159315906214,-5.549528042244754,0
758,3,-606.7153000927889,0.4294625613420986,0
758,4,-600.2197580573105,-0.45288384111845376,0
758,5,-599.0596697029536,-0.24060423280017884,0
758,6,-601.8639518513805,-1.9961581818900294,0
758,7,-591.625865688896,-2.763776205757879,0
758,8,624.4937802139018,16.572991750940336,1
758,9,599.5389730978974,7.618512686897039,1
758,10,615.9194022710188,13.614709593709264,1
758,11,608.8017686746684,13.368809386118393,1
758,12,603.2911096069803,1.3262565700747273,1
758,13,596.4144067634809,15.603524094840735,1
758,14,0.16301063579048136,0.36525296582960226,2
758,15,2.911324946127585,-1.9997796497378633,2
758,16,-2.907503715708721,-0.6259077659155207,2
758,17,0.3446465719904733,2.9044305483275266,2
758,18,9.522729124371056,-1.0636934728276506,2
758,19,-2.3180995966020657,9.562730526164074,2
759,0,-603.7699782369536,-1.0791071795055236,0
759,1,-598.3272164619336,-6.701599508266667,0
759,2,-589.2679511330249,-5.717639472537473,0
759,3,-607.3148764098725,0.2824981061864314,0
759,4,-601.0623807596469,-0.4729401337075386,0
759,5,-599.9200458496846,0.04149893573747426,0
759,6,-602.5322021342206,-1.7864768638504307,0
759,7,-592.1003021731248,-2.5158239042758717,0
759,8,625.3359197837938,16.47252681270554,1
759,9,600.3703966338496,7.636912778614294,1
759,10,616.8186117880829,14.079887879305117,1
759,11,609.2506460515829,13.187540367661255,1
759,12,604.6313148286071,1.1861201315957492,1
759,13,597.0444631424277,15.984287714998077,1
759,14,0.375681138814572,0.5702217795599779,2
759,15,3.129555905867039,-2.061749457369412,2
759,16,-2.8434793938847287,-0.5151569375715997,2
759,17,0.13871489455516656,2.9573126586908725,2
759,18,9.61967777149238,-1.0619573550830705,2
759,19,-2.359124837669005,9.683681302471134,2
760,0,-604.5921448477577,-1.2343238109551733,0
760,1,-599.294701262565,-6.541103876195577,0
760,2,-589.8611856619224,-5.8486846295730945,0
760,3,-608.3541766332883,0.34035122796427947,0
760,4,-601.9798930310335,-0.6227324143848865,0
760,5,-601.330898931756,-0.14884822897392522,0
760,6,-603.4062933989082,-1.862409368694412,0
760,7,-593.2155133926553,-2.6424921521111076,0
760,8,626.1703641032084,16.458665522633027,1
760,9,601.0621432563828,8.025518845510755,1
760,10,617.628114634183,13.914621175954823,1
760,11,610.2706874258505,13.293610744700189,1
760,12,605.6208123389503,1.2441197659150829,1
760,13,597.9596096101911,16.130706603328946,1
760,14,0.7417872944766262,0.5788785921478574,2
760,15,3.602231209887671,-2.307168478580351,2
760,16,-2.748905273675455,-0.03092801225108166,2
760,17,0.2196279595987181,2.9326087540089616,2
760,18,9.58736806414376,-1.3650444757584328,2
760,19,-2.347158372472116,9.781281714428456,2
761,0,-605.4000876537679,-1.2170475765504258,0
761,1,-600.0805650353616,-6.420902763497632,0
761,2,-590.2738511161349,-5.841957714624173,0
761,3,-608.9430015091897,0.2861138441487602,0
761,4,-603.2492256674927,-0.4706964958918034,0
761,5,-602.3378745726842,-0.39454005815008963,0
761,6,-604.2164250575241,-1.769581235196554,0
761,7,-593.9987779231225,-2.8257650851644467,0
761,8,627.0660344888626,16.396176171079805,1
761,9,602.0040144918379,8.04507809949892,1
761,10,618.2578008468727,13.92486965943738,1
761,11,611.2635292208086,13.378594338314455,1
761,12,606.5728925511748,1.2960327230880446,1
761,13,598.4432764752968,16.308465606668317,1
761,14,1.007843863562556,0.9115988316291808,2
761,15,3.5984122027828045,-2.1366894884413874,2
761,16,-2.3712273114036613,0.2783611240250822,2
761,17,0.2537030573434285,2.9910179167895445,2
761,18,9.346991824570965,-1.2903606952113562,2
761,19,-2.53880148401488,9.918273264657556,2
762,0,-606.1308703132493,-1.3313114697634512,0
762,1,-600.8524504625007,-6.492445835738475,0
762,2,-590.5108878182615,-5.82057073913144,0
762,3,-609.741012815723,0.32934529706251986,0
762,4,-604.1027391402381,-0.5762985608967326,0
762,5,-602.9493794384891,-0.5992996873211068,0
762,6,-604.737966421942,-1.546778506506202,0
762,7,-594.6589843066093,-3.0660616894202026,0
762,8,627.3277619591732,16.336590285814516,1
762,9,602.821709441866,7.882326446269369,1
762,10,619.1786450888186,14.01812027090343,1
762,11,612.0414585414833,13.129685591702625,1
762,12,607.4773159456608,0.8320031557307215,1
762,13,599.1232882960024,16.37356205159737,1
762,14,1.2318347004286243,0.7568829427080355,2
762,15,3.5713911120245196,-1.863046009556907,2
762,16,-2.5704589259370056,0.4237513255787634,2
762,17,0.32747682194580674,3.3880670257524854,2
762,18,9.144209463370546,-1.1174455189936474,2
762,19,-2.3166624748799802,10.166247148595913,2
763,0,-606.9292583082467,-1.4470594223928002,0
763,1,-601.7225523291007,-6.153056201672863,0
763,2,-591.1990100454556,-5.863617286432769,0
763,3,-610.4959921800355,0.2054743497892772,0
763,4,-604.7253650198672,-0.7292978376220298,0
763,5,-603.6100817107418,-0.5233072512286043,0
763,6,-605.7298725735905,-1.3939484065798018,0
763,7,-595.5076248223268,-2.7090854211096516,0
763,8,627.9317761811483,16.141842129298755,1
763,9,603.5799079315839,7.991405209125671,1
763,10,619.9617658868654,14.230312506691758,1
763,11,613.0200874653713,12.94101927798147,1
763,12,608.6144584219622,0.8016407545089544,1
763,13,600.0561853360583,16.146969504528464,1
763,14,1.1181118758620971,0.6900825104939499,2
763,15,3.5877935493702733,-1.565504161947143,2
763,16,-2.4891913322705337,0.8431672080159573,2
763,17,0.49430954663473037,3.505213388474401,2
763,18,9.363483084831701,-0.8636861632630688,2
763,19,-2.0504440222115785,10.287324426310374,2
764,0,-607.7259000764901,-1.7147058877789436,0
764,1,-602.7184979741435,-6.123593620017698,0
764,2,-592.0293892572479,-5.93715588311491,0
764,3,-611.3418734921255,-0.0784307745840393,0
764,4,-605.7068193493894,-0.5253561415611607,0
764,5,-604.6499141700666,-0.743475693651649,0
764,6,-606.6349441623468,-1.5696622515314769,0
764,7,-596.2920228876293,-2.575299258663194,0
764,8,628.9540121502639,16.256358334234505,1
764,9,604.3317138139139,7.939456963165706,1
764,10,620.7688967460771,14.20330307814666,1
764,11,613.9340303751225,12.443475470148462,1
764,12,609.2070785534033,0.6968861145100629,1
764,13,600.841315830785,16.225089289281055,1
764,14,0.8581500141601162,0.7557585420948026,2
764,15,3.469408195249726,-1.825556337970517,2
764,16,-2.673955625245514,1.1462213358023863,2
764,17,0.6533798216203219,3.417637991185136,2
764,18,9.544471112896662,-0.5990259599013196,2
764,19,-1.9158280933872178,10.348442738731913,2
765,0,-608.6021508637351,-1.6137110907898027,0
765,1,-603.7784768228653,-6.155629542794487,0
765,2,-592.6195757410975,-5.894961534363573,0
765,3,-612.1512196885174,0.15908975966365435,0
765,4,-606.4213481982052,-0.45651082070036175,0
765,5,-605.4787281322773,-0.8403012000774401,0
765,6,-607.563437986564,-1.5612845250389782,0
765,7,-596.9598483582081,-2.4830667374703452,0
765,8,629.911597367182,16.04895609384144,1
765,9,604.8477551658481,8.041966100901819,1
765,10,621.8203849715658,14.152012645949853,1
765,11,614.6240888988185,12.606872417214085,1
765,12,610.2409847422421,0.7064013321832802,1
765,13,601.4817418498591,16.267378849297472,1
765,14,1.027727719856101,0.7686943498927195,2
765,15,3.2353783227237556,-1.7258427586032974,2
765,16,-2.596915684178311,1.0394794892465695,2
765,17,0.9027805175261043,3.5280403653360666,2
765,18,9.771616251897237,-0.6123936481693518,2
765,19,-1.8633039001300724,10.115717813531,2
766,0,-609.5453208233583,-1.667798595842342,0
766,1,-604.8647774508021,-6.0705609611920925,0
766,2,-593.6134869435697,-5.954418634886419,0
766,3,-612.7509435091225,0.15687314335343217,0
766,4,-607.3549970402951,-0.21989267263132986,0
766,5,-606.3257483348639,-0.5674032036423033,0
766,6,-608.4552060093971,-1.30600088364222,0
766,7,-597.3822781988637,-2.34964421870215,0
766,8,630.5095704382711,16.227537465129384,1
766,9,605.7013408337737,8.17084812525215,1
766,10,622.6027204657739,14.206342238609924,1
766,11,615.6021081296889,12.354669500991047,1
766,12,611.3056949427524,0.7955384054850047,1
766,13,602.0044788759855,16.685861898432176,1
766,14,1.0109368523500468,1.1981795868185263,2
766,15,3.0052178930503235,-1.9365437959304148,2
766,16,-2.8289691773796735,1.0460953717636985,2
766,17,1.0420085189251163,3.7256987959762102,2
766,18,10.010971921465792,-0.2225023162952241,2
766,19,-1.9713253377780828,10.004135791835408,2
767,0,-610.3996152067119,-1.811835216371188,0
767,1,-605.5717282403072,-6.0698866355801435,0
767,2,-594.155384158977,-6.154159218299849,0
767,3,-613.5672550042782,0.6059756756823731,0
767,4,-608.023533992172,-0.37122557816746793,0
767,5,-606.8955183098094,-0.5080562159942734,0
767,6,-609.5510397699808,-1.2095089059688697,0
767,7,-598.1537473787228,-2.3208504076944503,0
767,8,631.4424156225691,16.614176687495213,1
767,9,606.5181139455685,8.199279663830803,1
767,10,623.3433059044745,14.266797940985786,1
767,11,616.3760620320093,12.430420256126126,1
767,12,612.0577628746328,0.986080605123056,1
767,13,603.1317763336003,16.832317488174322,1
767,14,1.0267352419391764,1.2873893546957413,2
767,15,3.030306152028928,-1.7411276484793452,2
767,16,-2.7245859582319083,1.334743095525255,2
767,17,1.1838784367766353,3.880736888389447,2
767,18,9.923565946194586,0.049853945274053346,2
767,19,-1.9694474204550816,9.717472381071534,2
768,0,-610.9185740027468,-1.75757463529532,0
768,1,-606.2649197869883,-6.024073760579688,0
768,2,-595.1231840151218,-6.245897130244547,0
768,3,-614.472722498343,0.6716012089183374,0
768,4,-608.7257451253018,-0.33590796615775953,0
768,5,-607.590888636847,-0.2528402959353617,0
768,6,-610.3830475521164,-1.2842863213589366,0
768,7,-598.8449892523606,-2.1617334424316548,0
768,8,632.5799705392106,16.338088858243974,1
768,9,607.0408492161758,8.087747293803083,1
768,10,624.2426851389167,14.247190110112411,1
768,11,617.0400331272939,12.475469720016967,1
768,12,613.037568096484,1.0738549770918921,1
768,13,603.5685112336133,17.12207350836113,1
768,14,1.0278202047869767,1.2620220761121412,2
768,15,3.3140348825023875,-1.5897659100890325,2
768,16,-2.7132430104726786,1.3634579630190244,2
768,17,1.219125675765993,3.9511070156617856,2
768,18,9.78719579539154,0.23258223588319638,2
768,19,-1.9662372436284523,9.684479446111142,2
769,0,-611.514801057611,-1.6456750711280816,0
769,1,-607.2334442052348,-5.695510183480783,0
769,2,-595.8919271294466,-6.216951308538153,0
769,3,-615.3655983094294,0.6360038301990986,0
769,4,-609.2495396999192,-0.1938092888761231,0
769,5,-608.2830623607413,-0.28879797538165497,0
769,6,-611.3658539641816,-1.3225170967879427,0
769,7,-599.5003025928605,-1.9281079223751765,0
769,8,633.5475266951969,16.174127267275537,1
769,9,607.7557531837757,8.515842481109537,1
769,10,625.0418817805148,14.127808440564321,1
769,11,617.8105377608449,12.780102499635118,1
769,12,613.8329923060726,0.7906550714587206,1
769,13,604.1863412064009,17.008530033283435,1
769,14,1.3274406717416865,1.2543054049177287,2
769,15,3.4498120315028404,-1.5815889704127233,2
769,16,-2.726498425176145,1.4293019331263233,2
769,17,1.081376308514824,4.036829787844497,2
769,18,9.551569050894951,0.43978937538931845,2
769,19,-1.9158300799123609,9.749213630178392,2
770,0,-612.100372738166,-1.4626207656288315,0
770,1,-608.4059084543131,-5.484918159728711,0
770,2,-596.8019821476387,-6.3421586332499045,0
770,3,-616.4166579856748,0.8648901489568126,0
770,4,-609.6656408782414,-0.6784253400691294,0
770,5,-608.9328240164444,-0.1531221779471316,0
770,6,-612.5001480795911,-1.4539331221825433,0
770,7,-600.3331911949032,-1.597396723314092,0
770,8,634.3108960180574,15.985950478725252,1
770,9,608.767189283379,8.652864413173972,1
770,10,625.7799567504275,13.985292369612162,1
770,11,618.8974894306974,12.601543486262264,1
770,12,614.425907543721,0.8184490627848738,1
770,13,605.125980006762,16.664454394361158,1
770,14,1.3410685789083725,1.3204374144740274,2
770,15,3.789904346295818,-1.5534493934167077,2
770,16,-2.6763641033327628,1.5162492977490658,2
770,17,1.1344446469513985,4.244304222941619,2
770,18,9.632741390703675,0.6760179031576369,2
770,19,-1.8523570117431638,10.012665216442363,2
771,0,-613.1376963278724,-1.0330763173795638,0
771,1,-609.1683536505068,-5.276218728239894,0
771,2,-597.5378766947995,-6.601440560033594,0
771,3,-617.3473793157267,0.7658894648429935,0
771,4,-610.8180832024418,-0.7038525387914987,0
771,5,-609.6572848968678,-0.10152100965290187,0
771,6,-613.1000217831958,-1.8071380663920797,0
771,7,-601.3807506536856,-1.4223745601006772,0
771,8,635.1359419162195,16.236953491367053,1
771,9,609.5335760010017,8.736953653279194,1
771,10,626.7643458956701,14.06272888615866,1
771,11,619.543683636304,12.749036297377534,1
771,12,615.3743491573578,1.017897425320271,1
771,13,606.0153821034278,16.692805076608348,1
771,14,1.7060960629713833,1.683956320403817,2
771,15,4.059123419660331,-1.7517089287687049,2
771,16,-2.6628949917593974,1.5144510826898332,2
771,17,1.1940276105158836,4.440142212186273,2
771,18,9.810502742800471,0.8117469273828409,2
771,19,-1.9668216257523015,9.872171495310445,2
772,0,-614.1095737493692,-1.328672848381129,0
772,1,-609.7180249021492,-5.551085992972925,0
772,2,-598.2413764914311,-6.430741837277456,0
772,3,-618.2212274410721,0.512903516427905,0
772,4,-611.7134731318902,-0.382198013968538,0
772,5,-610.500816057034,-0.09470295512692047,0
772,6,-613.9162826212007,-1.9698428478506207,0
772,7,-601.9615128098682,-1.2414407306653175,0
772,8,635.9313908850437,16.499984910643235,1
772,9,610.3775771590284,9.037499785263895,1
772,10,627.8313789118549,13.96374268534795,1
772,11,620.5328977521889,12.944148834746848,1
772,12,616.5173298007194,1.134979596077266,1
772,13,607.0657874176344,16.32138746449704,1
772,14,1.8229823209678457,1.8199794587402789,2
772,15,3.8990874460566944,-1.9239805698343855,2
772,16,-2.6487061740745563,1.495194064865256,2
772,17,1.0805679317494847,5.011815117848628,2
772,18,9.830952633951892,0.748072473301892,2
772,19,-2.065598303816572,9.905132565228001,2
773,0,-614.6520379566721,-1.2997866334799164,0
773,1,-610.5307286439987,-5.472688861490792,0
773,2,-599.1022217543825,-6.532642661459892,0
773,3,-618.8064904088081,0.44804500610400116,0
773,4,-612.5761742852998,-0.2234387312723382,0
773,5,-611.6310891069426,-0.06293385054363593,0
773,6,-614.5975163710038,-2.0832739130150664,0
773,7,-602.592730970403,-1.4493255987990243,0
773,8,636.9216367045218,16.443633248049537,1
773,9,611.1693369761712,9.102079975131002,1
773,10,628.5654344734057,13.904615757707198,1
773,11,621.0223521269323,13.19832517586428,1
773,12,617.1417764489943,1.5406057561117734,1
773,13,607.6616113248142,16.059483343700972,1
773,14,1.7762019856011586,1.7518388886289518,2
773,15,4.090403125195512,-1.8567700126324191,2
773,16,-2.689584809099404,1.4768887881682857,2
773,17,1.3636112723842615,5.049379298940382,2
773,18,9.74437102129469,0.7033400470756246,2
773,19,-2.2756332651144433,10.071365136462683,2
774,0,-615.3663557853362,-1.2805423753913323,0
774,1,-611.2537332229568,-5.416389522998718,0
774,2,-599.9136901483216,-6.851478828588163,0
774,3,-619.7388563904116,0.41593004133019373,0
774,4,-613.4310159097848,-0.6490635327478558,0
774,5,-612.5054455957736,-0.32483701088325573,0
774,6,-615.3102421478875,-1.8602001362559504,0
774,7,-603.4062312204239,-1.0858849422212946,0
774,8,638.0842406168113,16.667677790818782,1
774,9,611.7860918700021,9.493347359314994,1
774,10,629.2669234090391,13.73663918894071,1
774,11,621.6509790938226,13.267844442435987,1
774,12,618.1763855458748,1.5363437858408557,1
774,13,608.280101319925,15.956146059876062,1
774,14,1.9399670935957771,1.8117759027789009,2
774,15,4.153110119899478,-1.861137699954154,2
774,16,-2.9136771185240233,1.7506525333025527,2
774,17,1.8185922265031997,5.003181768590733,2
774,18,9.614255676456102,0.8066478890927467,2
774,19,-2.21946581535097,9.88535660837946,2
775,0,-616.1671051339259,-0.8271350291060057,0
775,1,-612.160063587143,-5.515515043142416,0
775,2,-600.8983430816481,-6.894059893140848,0
775,3,-620.6324621432631,0.09223187315444176,0
775,4,-613.9130379324821,-0.47408485864855077,0
775,5,-613.3325914682509,-0.26607391377582107,0
775,6,-615.9932848645831,-1.6441735348933713,0
775,7,-604.2823919245941,-1.4528314426392004,0
775,8,638.8970598285462,16.312098207333783,1
775,9,612.4413027684262,9.279419791768348,1
775,10,630.1450625376333,13.723361382695986,1
775,11,622.3958051243984,13.118642248265772,1
775,12,619.0491586291517,1.82775339811077,1
775,13,609.0574939839738,15.98969250854629,1
775,14,1.7513541884553994,1.639653925251372,2
775,15,4.291548382238425,-2.0830238208654355,2
775,16,-3.195722882031607,1.7727487244920712,2
775,17,1.6053921949707068,4.89690375175784,2
775,18,9.432728172124406,0.7918030444299283,2
775,19,-2.5173968973025325,9.855977492189686,2
776,0,-616.9822899437256,-0.5291737447945881,0
776,1,-613.1117453189165,-5.821600694774919,0
776,2,-601.6491221854932,-6.79711176417041,0
776,3,-621.3706011011179,-0.11270043969004168,0
776,4,-614.767132880227,-0.4784769099855703,0
776,5,-614.2950926276108,-0.3008899410651882,0
776,6,-616.5654851132039,-2.2197163890074094,0
776,7,-605.1856849340415,-1.8135255231753007,0
776,8,639.7654089363607,16.53091361346368,1
776,9,613.0451295133088,9.120311337209023,1
776,10,630.6496197378183,13.781043935206823,1
776,11,622.8540804954806,13.150870933467699,1
776,12,619.6015699307337,1.726366966248674,1
776,13,609.9823609905346,15.81170931170142,1
776,14,1.844238632189161,1.7037085890647927,2
776,15,4.094850487949789,-2.040853650199755,2
776,16,-3.2938561769367176,1.8161596492883119,2
776,17,1.058912824536573,4.913508389790387,2
776,18,9.25277328499782,1.0253747334179286,2
776,19,-2.3940849891175815,9.757586499079624,2
777,0,-617.8698710150002,-0.6508483397921592,0
777,1,-613.9141900438498,-5.865768325684139,0
777,2,-602.2986763701977,-7.20434770956781,0
777,3,-622.1653044835515,-0.25251197940219605,0
777,4,-615.070609752108,-0.3992062272046573,0
777,5,-615.4508821714132,-0.1578870260306789,0
777,6,-617.1940160740737,-2.2074391776445634,0
777,7,-606.044665090573,-2.0213629424097928,0
777,8,640.1899436147365,16.472783695432607,1
777,9,614.1932363391195,9.255970006185867,1
777,10,631.2730469155669,13.990981333671646,1
777,11,623.6143637533602,13.341579190110828,1
777,12,620.1935502789245,1.7293548013580975,1
777,13,610.8169796270324,15.341112611831427,1
777,14,1.7095954875042545,1.9178825574249807,2
777,15,4.363379530636916,-1.8184266472420485,2
777,16,-3.2618994636622727,2.154909181904116,2
777,17,1.1347182458492446,4.910871106346098,2
777,18,9.048763607668302,0.5724518953818373,2
777,19,-2.283117764172341,10.035180763793548,2
778,0,-618.5106857393806,-0.6854651167972337,0
778,1,-614.8738954503359,-5.754996436050255,0
778,2,-603.323891557216,-7.198199355890674,0
778,3,-622.8874082210227,-0.25380442294184336,0
778,4,-615.8780474005857,-0.2682409027588179,0
778,5,-616.1597063985862,-0.3058421343625296,0
778,6,-618.05953099958,-2.358962716147541,0
778,7,-606.6163152919235,-1.8164305402066718,0
778,8,640.9409752961934,16.454396048248196,1
778,9,614.7531942207683,9.153331034895073,1
778,10,632.0643491298063,14.177990109603792,1
778,11,624.4480041505318,13.569230782930548,1
778,12,621.0335444688802,1.6147933928436415,1
778,13,611.6304666806003,15.193134533842644,1
778,14,1.435471752878906,2.233279554653988,2
778,15,4.054634925844178,-1.51716831169466,2
778,16,-3.474646399990745,2.0067628876031307,2
778,17,1.211895323930915,4.851513515927704,2
778,18,9.399853198735528,0.6982562133324686,2
778,19,-2.2024029532026708,9.926863165396012,2
779,0,-619.2157978510917,-0.6178272486508329,0
779,1,-615.5773349296268,-5.828497131387266,0
779,2,-604.3524548587893,-7.225059815773009,0
779,3,-623.6024262472522,-0.056221781203791094,0
779,4,-616.7422582865744,-0.17788421434740165,0
779,5,-616.9779530359594,-0.09132762921042403,0
779,6,-618.6205653589944,-2.427138270235957,0
779,7,-607.6477406736238,-1.6781349806993533,0
779,8,642.0182797053375,16.424212496013585,1
779,9,615.1895087645902,9.307891602539103,1
779,10,632.6206548072106,14.275311310859047,1
779,11,625.1704374207673,13.485237258095621,1
779,12,621.7508845298256,1.3631674803700757,1
779,13,612.6558162692359,14.987203582488377,1
779,14,1.9327142263953212,2.3364717360470983,2
779,15,4.198208288461294,-1.7140927055258537,2
779,16,-3.4395419565053356,1.9283129152939444,2
779,17,1.2183385140042673,4.872943061254537,2
779,18,9.454610574574383,0.8080334417524958,2
779,19,-2.311967095556516,10.099247601697899,2
780,0,-620.2769611626194,-0.7360531390832746,0
780,1,-616.4581507123253,-5.922703806748058,0
780,2,-605.3113463218448,-7.340321931937343,0
780,3,-624.4431248952417,-0.028912904051546222,0
780,4,-617.4203814830934,-0.014894757373406842,0
780,5,-617.9249877507057,-0.1437552894392286,0
780,6,-619.6296008523661,-2.049679767894112,0
780,7,-608.5127350226136,-1.936870654522494,0
780,8,642.9674197750888,16.294508877442695,1
780,9,616.0164239088077,9.297258061411213,1
780,10,633.5361474399201,14.342334981651213,1
780,11,626.036482507616,13.44284524938758,1
780,12,622.1892481720885,1.7845116181679896,1
780,13,613.4759461794079,14.899143977836689,1
780,14,2.1009713769400755,2.350812008672471,2
780,15,4.153248708226405,-1.867190510049888,2
780,16,-3.0680766552771903,2.004282023667923,2
780,17,1.3815230086583021,5.406893748271446,2
780,18,9.56799259741752,0.4917967046263461,2
780,19,-2.1416401297695176,10.336918646317907,2
781,0,-620.9557470731419,-0.3969385604903234,0
781,1,-617.4663861882734,-5.934469877883508,0
781,2,-606.0076635710376,-7.744010689654128,0
781,3,-625.1271536558037,-0.5149316604969438,0
781,4,-617.9965174199025,-0.39727084888109,0
781,5,-618.7936324149947,-0.4294406826953357,0
781,6,-620.7601584652061,-1.9568182868182038,0
781,7,-609.4631928428835,-1.6824028106687332,0
781,8,643.6908181422102,16.268422213375416,1
781,9,616.4380059499299,9.196658011362873,1
781,10,634.3252611860214,14.289622168308405,1
781,11,627.0088767929966,12.990324032796465,1
781,12,623.3919339117847,2.05489927999154,1
781,13,613.8735481143327,14.72013470485882,1
781,14,2.2161632164288134,2.115746247047378,2
781,15,4.419736827895997,-1.7879678090224476,2
781,16,-3.1094754176402426,2.13525187981853,2
781,17,1.1997633408708197,5.211324091736071,2
781,18,9.630007740708749,0.3612996167001397,2
781,19,-2.1187341202291585,10.19001898284644,2
782,0,-621.8866845477178,-0.6866576347247758,0
782,1,-618.4266516766,-5.8895669314118635,0
782,2,-606.8594579731326,-7.32689706595551,0
782,3,-625.9953393188792,-0.5043769568512022,0
782,4,-619.2440515042309,-0.15453572163692353,0
782,5,-619.5164019607184,0.11614745878925309,0
782,6,-621.0904624480194,-1.9311567710795172,0
782,7,-610.0857266473672,-1.706476818713223,0
782,8,644.8438861862861,16.215037438095212,1
782,9,617.2254474981548,8.89960131604972,1
782,10,635.097985226383,14.33605398399681,1
782,11,627.7464455741773,12.918603589258838,1
782,12,624.2557656860064,2.086836914476492,1
782,13,614.2523469194374,14.788769860374325,1
782,14,1.9116731291817413,2.074622476067635,2
782,15,4.4532740320532,-1.6781862889871415,2
782,16,-3.0996146410343792,1.9084564489292273,2
782,17,1.0693405203617932,5.061042869150949,2
782,18,9.962988922370146,0.5364844014755441,2
782,19,-1.9981499820706647,10.065705320908235,2
783,0,-622.9412266971741,-0.9940091906147409,0
783,1,-619.1290402626889,-6.131484735587522,0
783,2,-607.6069170680729,-7.074397390168967,0
783,3,-626.7613004876032,-0.5044292090747085,0
783,4,-620.183691921297,-0.2421011798497274,0
783,5,-620.4515089749733,0.07329647721107876,0
783,6,-621.9380713300158,-1.7896947229419211,0
783,7,-610.8567141807222,-1.8775808170148947,0
783,8,645.8977343006846,16.261036650546707,1
783,9,618.1300721414192,8.913960957926209,1
783,10,635.8261442140995,14.307321321058454,1
783,11,628.2668173081781,13.003772020346597,1
783,12,625.0285174314942,2.1054690789493344,1
783,13,615.1082125393982,14.884215503303604,1
783,14,1.9256782703605402,1.8877996662283647,2
783,15,4.632737910662552,-1.5943965189082676,2
783,16,-2.688363517012426,2.0443255540385272,2
783,17,1.5215766492176965,4.9297354891887,2
783,18,9.942922884551942,0.4832247751046582,2
783,19,-2.2534438680592177,9.820729765586446,2
784,0,-623.9378694676041,-0.9974150139892144,0
784,1,-619.4241445556061,-6.273060505433049,0
784,2,-608.3641280755287,-7.283190619359043,0
784,3,-627.4785017445379,-0.5461104546505345,0
784,4,-620.974997054952,-0.2659440444887972,0
784,5,-621.0628347007332,-0.11351983393804296,0
784,6,-622.7953690606482,-1.9040061939133788,0
784,7,-611.6105788179148,-1.7094605999754884,0
784,8,646.8230243216866,16.128232832027496,1
784,9,618.9414504273948,8.880248943699506,1
784,10,636.6542270937829,14.213223259336273,1
784,11,629.0186576125508,12.93584164503269,1
784,12,625.8600124649411,1.710465499410154,1
784,13,615.8541562877931,14.803320926574145,1
784,14,1.8074632031082907,1.7137696964984408,2
784,15,4.576032734167674,-1.795415364086156,2
784,16,-2.858776493659538,2.0865571672812253,2
784,17,1.4598066535846221,5.183375598503885,2
784,18,9.930902007571468,0.30457292748620135,2
784,19,-2.2363492319387688,9.563785248441928,2
785,0,-624.7535235573223,-1.177304838190464,0
785,1,-620.3685056310388,-6.3002185097570145,0
785,2,-608.9095009204251,-7.058682748482585,0
785,3,-628.2236633881955,-0.29133462535096655,0
785,4,-621.803694083089,-0.18301918931793826,0
785,5,-621.6254360184101,-0.24931875501000444,0
785,6,-623.5252029496243,-2.0278706131412383,0
785,7,-612.2428390008527,-1.9036567615061188,0
785,8,647.9763088597423,16.105906700976504,1
785,9,619.9931989534713,9.095283765061218,1
785,10,637.3381540652858,14.552293008942385,1
785,11,629.7052966467982,12.4926699460084,1
785,12,626.3157331112988,1.672054903519384,1
785,13,616.2955974018346,14.995875218538679,1
785,14,1.7148497255733903,1.6092722588639683,2
785,15,4.947176623614647,-1.923038046330868,2
785,16,-3.2713239124881186,2.0086939887714372,2
785,17,1.1198024193406277,4.793322210985559,2
785,18,10.237227694294495,0.2688181439935193,2
785,19,-2.3282051421843435,9.64236423800468,2
786,0,-625.6683743913719,-1.0461283532929533,0
786,1,-621.1822879526605,-6.22772833403869,0
786,2,-609.2281173612563,-6.848608475920476,0
786,3,-629.073680863998,-0.6363484921521134,0
786,4,-622.8914083380037,0.0004132694338082332,0
786,5,-622.7402829536267,-0.49048202008760244,0
786,6,-624.3036734512106,-2.436042323088321,0
786,7,-613.2285919391248,-1.7454609851513574,0
786,8,648.7780838747276,15.846674595160088,1
786,9,621.0386605323031,9.27545252382798,1
786,10,638.1580287065736,14.372238615491309,1
786,11,630.387688710325,12.075686024962422,1
786,12,627.0452936012164,1.8982840598438357,1
786,13,617.2311709609133,14.706356608821421,1
786,14,1.4865106227113656,1.276319418612764,2
786,15,4.543872953257896,-1.8560512341715838,2
786,16,-3.428815266276757,1.9080544026012836,2
786,17,1.1460556024154958,4.824494692869357,2
786,18,10.29664571080508,0.07382722207947737,2
786,19,-2.21048108156133,9.63647918008275,2
787,0,-626.5847885993697,-1.0533252838902425,0
787,1,-621.8680867332147,-6.185423858056503,0
787,2,-610.0483676947712,-6.9571881600046925,0
787,3,-629.795620172594,-1.1025957691998216,0
787,4,-623.9233961489197,-0.1364057599362188,0
787,5,-623.4571061085634,-0.6889194931336463,0
787,6,-624.8859099336397,-2.474730753156341,0
787,7,-613.9624199816392,-1.684480456217849,0
787,8,649.3102710357323,15.905977195143766,1
787,9,621.7218385053832,9.374641736804566,1
787,10,639.1795241436974,14.464562804661263,1
787,11,631.4923601201662,11.91425189701629,1
787,12,627.7046044286229,1.794778178257267,1
787,13,617.7892945531573,14.575618735488556,1
787,14,1.2504049050482047,1.2214162520318954,2
787,15,4.414466115779589,-1.8779885100877427,2
787,16,-3.3661238930357,1.9709931798165674,2
787,17,0.8459991356363605,4.795418528389139,2
787,18,10.332385998046957,-0.09453063911469511,2
787,19,-2.11198875815972,9.812880386828395,2
788,0,-627.3717438044469,-0.8587731646544913,0
788,1,-622.8096468935415,-5.9314275654378275,0
788,2,-611.3585068744333,-6.878754177895906,0
788,3,-630.8475072505812,-1.0432595740468116,0
788,4,-624.957816000209,-0.08894611637131758,0
788,5,-624.3143461450856,-0.9647682462415093,0
788,6,-625.7749031241416,-2.3938972601285173,0
788,7,-614.8214903786942,-2.038842595451299,0
788,8,650.020994839663,15.889773999701063,1
788,9,622.5342542114918,9.383979325937757,1
788,10,640.2497367800188,14.262366468876351,1
788,11,632.1131344883555,11.77345764777559,1
788,12,628.2522793894941,2.0230869456973353,1
788,13,618.6724603254894,14.644459133824364,1
788,14,1.1941245136421852,1.627181119700424,2
788,15,4.664336407938127,-1.715251781417595,2
788,16,-3.5317147460533738,1.6711551186325364,2
788,17,1.0219981101374813,4.911325601279265,2
788,18,10.388476439243641,-0.3250108387603718,2
788,19,-1.952923039939666,9.704375987557082,2
789,0,-628.2033239997735,-0.5920646047268749,0
789,1,-623.7693572090581,-5.409064198757081,0
789,2,-612.1663460198188,-6.636427191957951,0
789,3,-631.8845973518115,-0.9317818874178133,0
789,4,-625.5085551413197,-0.225346584412574,0
789,5,-625.1632875859007,-1.1574743412102804,0
789,6,-626.8311854038594,-2.078325648340367,0
789,7,-615.4167745693115,-2.3623833042197115,0
789,8,650.7384751526995,15.763148176065927,1
789,9,623.5315206318295,9.315010559268966,1
789,10,641.0501633403347,13.89275245033342,1
789,11,632.8138866527706,11.824778376054251,1
789,12,628.7540808910702,2.259504434323747,1
789,13,619.4476065558158,14.64534551124144,1
789,14,1.2719667923045619,1.6015881619424435,2
789,15,4.706215024596928,-1.770567853453786,2
789,16,-3.9255868715979805,1.6112925929687254,2
789,17,0.8071008047133494,4.698155923434975,2
789,18,10.459324914792287,-0.3751117387550994,2
789,19,-2.1723172639418475,9.519448275269557,2
790,0,-628.9725845274048,-0.8497228781325561,0
790,1,-624.0835491567364,-5.675951029907866,0
790,2,-613.0242282820742,-6.820417571441981,0
790,3,-632.6544862093924,-0.8415656540619437,0
790,4,-626.3736110467671,0.05085111793605901,0
790,5,-626.2859785126312,-1.3873163705655298,0
790,6,-627.5944349578521,-2.3513740805880934,0
790,7,-616.4843556124999,-2.4499846339596907,0
790,8,651.7919909109572,15.731808289680565,1
790,9,624.2725842487761,9.423214804344234,1
790,10,641.9204927903573,13.295688599035977,1
790,11,633.3050662673735,11.86026351731469,1
790,12,629.8504279363102,2.0566664112521438,1
790,13,620.2344266292661,14.336547403985877,1
790,14,1.2899151107324915,1.6084942196348873,2
790,15,4.878776274799999,-1.8253336713878998,2
790,16,-3.729328556507862,1.6068689799392109,2
790,17,0.7082945015488521,4.518101428884584,2
790,18,10.170593959380756,-0.3839254943122972,2
790,19,-2.260036272166393,9.38249855227674,2
791,0,-629.9025043264953,-0.8082737484470531,0
791,1,-624.7920315989336,-5.459276646926255,0
791,2,-613.8625959293124,-6.9646270166019075,0
791,3,-633.4501257616733,-0.7700708716244822,0
791,4,-627.3695203879004,0.20194500245660596,0
791,5,-627.0010737708084,-1.4879503269625352,0
791,6,-628.0918696278683,-2.1209357120859567,0
791,7,-617.3451572252469,-2.412885700358997,0
791,8,652.6935207285486,15.690869314068319,1
791,9,625.1145824627318,9.32060846529731,1
791,10,642.8796810877459,13.44401862496155,1
791,11,634.2203152318486,11.914383686752993,1
791,12,630.8937231358503,2.0332113938858543,1
791,13,621.0303600161903,14.396306344045996,1
791,14,0.9437956328675287,1.5661947827159766,2
791,15,4.733720270144629,-1.5216811466483033,2
791,16,-3.529260220868492,1.4581429564212671,2
791,17,0.6328346631964651,4.420542474894362,2
791,18,10.16240569282587,-0.5821269877847914,2
791,19,-2.1663839188170106,9.267691967265424,2
792,0,-630.4119744119972,-0.7726698196527478,0
792,1,-626.006004090723,-5.303160018793238,0
792,2,-614.8040309711839,-6.995731711184122,0
792,3,-634.139213744195,-0.7521535382609923,0
792,4,-628.0123429493011,0.2758954691670188,0
792,5,-627.8031530594343,-1.0368256761020593,0
792,6,-629.0600850626417,-1.7171985710917832,0
792,7,-617.9438167922796,-2.418222444285588,0
792,8,653.8521946129384,15.686327587221003,1
792,9,626.1129754987747,9.361586777226776,1
792,10,643.5275527955475,13.259488164747307,1
792,11,635.0606873845456,11.839652532933844,1
792,12,631.8266538626557,1.8561350508391,1
792,13,621.9383714686714,13.774191238393657,1
792,14,0.6056351029476517,1.2088188803078381,2
792,15,4.440137418596315,-1.6527121867992118,2
792,16,-3.5919895566166655,1.4640254850536958,2
792,17,0.5147113248637193,4.174425002357576,2
792,18,9.92025858385215,-0.5778140802735893,2
792,19,-1.9872117246685852,9.24669510297569,2
793,0,-631.1610535247643,-0.6393275349621264,0
793,1,-626.8288400755569,-5.327494043752883,0
793,2,-615.5749294691436,-7.167947611942987,0
793,3,-634.6951912437355,-0.8389819611345204,0
793,4,-628.7218485996998,0.465234733167968,0
793,5,-628.6543618986226,-1.0702043944948116,0
793,6,-629.8562655679134,-1.9168148696101803,0
793,7,-618.642457835706,-2.102847374406555,0
793,8,654.6822753734338,15.245908650636473,1
793,9,626.800014811695,9.532254287887,1
793,10,644.7056254608241,13.046301432017229,1
793,11,636.0365859918479,11.964317695132374,1
793,12,632.7031040311706,2.2063325533949514,1
793,13,622.5140119581209,13.776046612789726,1
793,14,0.4111448690107375,1.047434557735873,2
793,15,4.400119214257165,-1.566998030447434,2
793,16,-3.8608580473890033,1.8372388118440541,2
793,17,0.5822258543047805,4.244918315262332,2
793,18,9.934021036635821,-0.810159106641465,2
793,19,-2.2477879984658293,8.841861972293312,2
794,0,-632.0035067658673,-1.1060016094766472,0
794,1,-627.2709312287152,-5.519608670690084,0
794,2,-616.6182051397216,-7.294440723939709,0
794,3,-635.1355077691336,-0.7789519168660859,0
794,4,-629.653555465215,0.6847953062299921,0
794,5,-629.3153087630901,-0.7469673870599381,0
794,6,-630.741420547201,-1.9049584749342294,0
794,7,-619.589586223507,-1.9776641650887106,0
794,8,655.5046537255839,15.2406927523018,1
794,9,627.3739958047507,9.469280658037283,1
794,10,645.4362587816613,12.943658539032404,1
794,11,636.9700414677874,12.060317211929073,1
794,12,633.4431857899664,2.108343458784214,1
794,13,623.3405936519754,13.56044127460133,1
794,14,0.4555118524200921,0.8619017058121003,2
794,15,4.566214176699411,-1.3669403522369397,2
794,16,-3.7782188741492857,1.8672366484973606,2
794,17,0.46841908848486313,4.4509721835014275,2
794,18,9.693722715546988,-0.8288231051774558,2
794,19,-2.538890014330111,8.819691475248845,2
795,0,-632.5331212248387,-1.306331644226458,0
795,1,-628.4931000551273,-5.342498442740677,0
795,2,-617.5623506392322,-7.414300158931899,0
795,3,-636.0159479008474,-1.0085074383313224,0
795,4,-630.4835447258605,0.6368671417465526,0
795,5,-630.1350615826433,-0.4918279727252045,0
795,6,-631.7262960449799,-2.2329102978862827,0
795,7,-620.3926519021832,-2.1940204327134776,0
795,8,656.0174920065724,15.285589976472343,1
795,9,628.2922373606185,9.44421101067671,1
795,10,646.1252114676631,13.0704761057126,1
795,11,637.6915893519747,11.746823936185514,1
795,12,634.1787037324423,2.205737495689161,1
795,13,624.0973892428609,13.593707597937671,1
795,14,0.1289575382015375,0.8356767750464512,2
795,15,4.831930909935505,-1.3883555759431285,2
795,16,-3.8021708775556733,1.673302100244828,2
795,17,0.40523810725285947,4.584694589717953,2
795,18,9.927945888046619,-0.703457032098374,2
795,19,-2.7868643249232337,8.384842312934142,2
796,0,-633.3651590206175,-1.3862272968626401,0
796,1,-629.076510344418,-5.515206192081157,0
796,2,-618.2240333652489,-7.266940405310975,0
796,3,-636.5280858412025,-0.9435367495502247,0
796,4,-631.0095698310662,0.5441801501957021,0
796,5,-630.6376472208126,-0.6474438972649751,0
796,6,-632.4516009703051,-2.0921944628212885,0
796,7,-621.36201660938,-2.1191357302609037,0
796,8,656.7855510236267,15.336108665289494,1
796,9,629.1747179835719,9.518720055411823,1
796,10,647.2042197877963,12.933916076928826,1
796,11,638.5631039941743,11.530491306809635,1
796,12,634.7850687705113,2.372410072326971,1
796,13,624.7186212458084,13.728064600732042,1
796,14,-0.09426332163360826,1.0005709846943178,2
796,15,4.753910224189727,-1.6141140029385175,2
796,16,-3.8309586860348035,1.5644011676514196,2
796,17,0.3528853815505697,4.48400466521102,2
796,18,9.849429641461576,-0.5530108204838866,2
796,19,-2.5914054852900232,8.298249073264053,2
797,0,-634.3390830574475,-1.2038336857052845,0
797,1,-630.0149897414947,-5.184074357283143,0
797,2,-618.9214981413769,-7.312552566042398,0
797,3,-637.2482551126939,-0.6667221785998079,0
797,4,-631.8009823687264,0.5448417866623265,0
797,5,-631.1703852967214,-0.6548890743550878,0
797,6,-632.941884373038,-1.9706479442334495,0
797,7,-622.3669616839467,-2.2189109868675265,0
797,8,657.5474085563219,15.375551804849689,1
797,9,629.9470187653233,9.498401338020777,1
797,10,648.330989460217,13.129156061196102,1
797,11,639.4793664524601,11.258675662645958,1
797,12,635.7041816227894,2.516721512403395,1
797,13,625.6847821357987,13.572697138250268,1
797,14,-0.07038942309203822,1.1799807423764603,2
797,15,4.5163607776260655,-1.8097073887368338,2
797,16,-3.976371392050316,1.6635874032592972,2
797,17,0.17392440002788717,4.112730097146657,2
797,18,9.766038101385513,-0.5282144935743057,2
797,19,-2.565861565241518,7.962415577247294,2
798,0,-634.9654799262183,-1.4642801792367064,0
798,1,-631.0366814950354,-5.280627319545972,0
798,2,-619.8005029371434,-7.59571614003981,0
798,3,-637.97129384201,-0.8095809173603163,0
798,4,-632.2830459157958,0.5801133794441949,0
798,5,-631.7967047960798,-0.7879993719733676,0
798,6,-633.5169818001933,-2.106168765320531,0
798,7,-623.0246937657771,-2.2639164205572477,0
798,8,658.0771179554137,15.184100968130542,1
798,9,630.7398104279417,9.75576860669087,1
798,10,649.1411624928362,12.913642891517522,1
798,11,640.3217705642811,11.398895536278841,1
798,12,636.6382456046854,2.2810775432263095,1
798,13,626.5808901016956,13.763576725533335,1
798,14,-0.109739477988088,1.5608475384731615,2
798,15,4.349114152506063,-2.0707766846165283,2
798,16,-4.631539127506396,1.23136265961819,2
798,17,0.42574786657570635,4.072984100396506,2
798,18,10.162840147168959,-0.7348153249386037,2
798,19,-2.6898680298432693,7.684495531193878,2
799,0,-635.3246683173782,-1.7665408177478599,0
799,1,-631.7566873184962,-5.276586060307771,0
799,2,-620.9273016752511,-7.364528178843723,0
799,3,-638.8226401234446,-0.7199667977665134,0
799,4,-632.8518503357402,0.5535458933952089,0
799,5,-632.7664301082143,-0.5990573686167922,0
799,6,-634.3855928880907,-2.2278204808975457,0
799,7,-623.5546666591252,-2.3096998972324085,0
799,8,658.7323820738524,15.026295572808856,1
799,9,631.622755078162,9.865103613152282,1
799,10,650.1114491770204,12.799182969159345,1
799,11,641.482172380449,11.540565588763014,1
799,12,637.719410980752,2.6449421163163174,1
799,13,627.4761780992294,13.818681581515767,1
799,14,0.133990500212905,1.4732586080712569,2
799,15,4.349895904578666,-2.273653181558956,2
799,16,-4.737163101444501,1.1435325919238546,2
799,17,0.5910562283993891,4.387093080022438,2
799,18,10.1530927050372,-0.9131487764299766,2
799,19,-2.836462156197877,7.80797045427789,2
800,0,-636.3303101578381,-1.8505879600911554,0
800,1,-632.29339381589,-5.352208816156238,0
800,2,-621.2989762311139,-7.264927409938763,0
800,3,-639.9928164517911,-1.147875263071223,0
800,4,-633.717855139448,0.5411140480629727,0
800,5,-633.5769568212241,-0.6014497064323348,0
800,6,-635.1542076582645,-2.592413446475427,0
800,7,-624.6562497575763,-1.8789702801711536,0
800,8,659.6757283413633,15.286288170822361,1
800,9,632.2936092079304,9.788896748004378,1
800,10,650.6489530544851,12.720744695215659,1
800,11,642.072264532671,11.292940333247175,1
800,12,638.6301043875131,2.9007628531163006,1
800,13,628.5744594937574,13.766673258107248,1
800,14,0.19078479579853067,1.2088148004537862,2
800,15,4.074042184540815,-2.351799381790308,2
800,16,-4.913964134257567,1.2396464786090153,2
800,17,0.41993538988708634,4.502782162956802,2
800,18,9.932651864040213,-0.9847870470509887,2
800,19,-3.09149001911691,7.722341127442035,2
801,0,-637.0218706917972,-1.8835113878524636,0
801,1,-633.0734470328583,-5.246896677752912,0
801,2,-622.2932041628521,-6.944173768962092,0
801,3,-640.7109527611909,-1.5033247370911176,0
801,4,-634.3616422146371,0.5905505325784205,0
801,5,-634.1805698358421,-0.8156104520667014,0
801,6,-635.9346406092152,-2.4653169499690084,0
801,7,-625.331514461099,-1.9511792821844185,0
801,8,660.3127552387491,15.09552367382784,1
801,9,633.5008693342626,9.876927097773686,1
801,10,651.2400455267358,12.396843368324987,1
801,11,643.1354902308843,11.3389002383388,1
801,12,639.741630401305,2.788675458989811,1
801,13,629.7612803136785,13.484754931973816,1
801,14,-0.03406533890974903,1.4054798823748222,2
801,15,3.98265998020454,-2.6922911631683553,2
801,16,-5.06881354219058,1.1718649833725048,2
801,17,0.5159047598961544,4.417291176720855,2
801,18,9.736372622504346,-0.8611728489333724,2
801,19,-3.166044171681508,7.465077940372225,2
802,0,-637.8695813823467,-1.802599464726142,0
802,1,-633.4950197705301,-5.005078949379115,0
802,2,-623.052815549004,-6.7922245309263,0
802,3,-641.380094338871,-1.318956793937244,0
802,4,-635.3548683278373,0.7797770060864587,0
802,5,-634.9944132114541,-1.1282250713240307,0
802,6,-636.6912491226392,-2.3409955397399416,0
802,7,-625.8515292760649,-1.6567211604115801,0
802,8,660.9353672877696,15.220715258693765,1
802,9,634.1788573261435,9.951415100969284,1
802,10,652.4184469954438,12.266820701257492,1
802,11,643.9466024262317,11.298732564403267,1
802,12,640.6562315746966,3.037437013472961,1
802,13,630.8848992918772,13.739451940755872,1
802,14,-0.2626502501697454,1.0086261044780531,2
802,15,3.719039159742084,-2.6384629328776836,2
802,16,-5.213152152670993,0.9592022223753622,2
802,17,0.7284949335705544,4.6685439797184705,2
802,18,9.561758387934637,-1.1526106462105998,2
802,19,-3.211790419179445,7.693629485026421,2
803,0,-638.4797435977222,-1.7418209025166393,0
803,1,-634.3822777568852,-4.603359279263565,0
803,2,-623.862303695211,-6.69240834588451,0
803,3,-642.2639137195298,-1.3967130433583317,0
803,4,-636.2903987973976,0.7904359323878679,0
803,5,-635.8759382229426,-1.1248635204799602,0
803,6,-637.6765373663841,-2.370154472483292,0
803,7,-626.6314926095461,-1.6930821097698854,0
803,8,661.531435010916,15.325420405746405,1
803,9,634.8472507105831,10.170720917648447,1
803,10,653.3140695737226,12.591164409870226,1
803,11,644.5920853399799,11.152165988375625,1
803,12,641.3958295039077,2.8016096330025766,1
803,13,631.2802619441753,13.740851209388621,1
803,14,-0.29011774636342386,0.9233022606738135,2
803,15,3.476279810284491,-2.7509220126112215,2
803,16,-5.26564853347698,1.0654232133794637,2
803,17,0.7495732441364815,4.473322495063097,2
803,18,9.357108313296836,-1.0040829069003026,2
803,19,-3.2505730424251644,7.667654049070621,2
804,0,-639.1457942632593,-1.6488346552496715,0
804,1,-635.43968174846,-4.567108498644599,0
804,2,-624.7701782947516,-6.977030874459482,0
804,3,-643.2704836453815,-1.451860940405721,0
804,4,-637.3906232308196,1.1804778093913728,0
804,5,-636.5894002727362,-1.4768972062449797,0
804,6,-638.7111034394909,-2.7108150713168544,0
804,7,-627.4211408372364,-1.8130019070269159,0
804,8,662.377021463794,15.493574301907145,1
804,9,635.4825467454688,10.45494748831772,1
804,10,654.0156382267497,12.532053694722167,1
804,11,645.6024158350465,11.136602226527026,1
804,12,642.2102427744263,2.5231035546683946,1
804,13,631.8128033140674,13.535759092596981,1
804,14,-0.25615212846750646,0.6227535679664711,2
804,15,3.295646466904582,-2.8974471523744927,2
804,16,-4.926829520439439,0.9091027773143883,2
804,17,0.45254865469689165,4.472864974667796,2
804,18,9.25299343734674,-0.9047087253185789,2
804,19,-3.4404342792834357,7.743428206294906,2
805,0,-640.0413826630852,-1.7975450993043813,0
805,1,-636.3598043209911,-4.0069463480325265,0
805,2,-625.5549556488711,-6.8011920874450045,0
805,3,-643.73517643821,-1.5636939452829417,0
805,4,-638.1255293531963,0.8805070482115653,0
805,5,-636.9316020552793,-1.3234047696586848,0
805,6,-639.4629283852577,-2.681103475732894,0
805,7,-628.2592153683629,-1.2077228391037167,0
805,8,663.2334587555628,15.702231189123498,1
805,9,636.4967556987076,10.209867348440675,1
805,10,654.652024519604,12.667474364981079,1
805,11,646.2960692974509,10.932576500435019,1
805,12,643.011434846759,2.6148177928649305,1
805,13,632.5552226867256,13.200999784279873,1
805,14,-0.7095070514620351,0.6466264859867547,2
805,15,2.944529806509273,-3.2755008799228786,2
805,16,-5.023581905514553,0.8185024005556829,2
805,17,0.29936985787835274,4.497720912182643,2
805,18,9.140551737753054,-0.914221067417672,2
805,19,-3.285137547067834,7.798541262330185,2
806,0,-640.7880215530456,-1.8323065481710545,0
806,1,-637.3634193993034,-3.7248089171822576,0
806,2,-626.6635282114319,-6.867238095034734,0
806,3,-644.9624853765282,-1.4669507423720636,0
806,4,-638.9076446185894,1.0642782233751957,0
806,5,-637.8888246735412,-1.2173336274046487,0
806,6,-640.0755365983787,-3.1695501371347086,0
806,7,-629.1039176732971,-1.5408830042649289,0
806,8,664.1660149196256,16.069953601888844,1
806,9,637.4687884489442,10.393920778871218,1
806,10,655.4363319412952,12.311581715742152,1
806,11,647.0134072596129,10.767391334995677,1
806,12,643.8109484946381,2.8504729537109648,1
806,13,633.5039548381882,13.107045364029476,1
806,14,-1.079604309782488,0.7269082172741091,2
806,15,2.4819147728169755,-3.3634300920832354,2
806,16,-5.110496964074509,0.6264237027261985,2
806,17,0.23950904549532653,4.396931087370784,2
806,18,9.13891168436713,-0.748703872866375,2
806,19,-3.512094067072318,7.7881193233222925,2
807,0,-641.4917784921433,-1.7044530077934028,0
807,1,-638.2095723847464,-3.8683147890023006,0
807,2,-627.4329870376847,-6.8494343146842445,0
807,3,-646.1376740051973,-1.5864923453058162,0
807,4,-639.9192215866317,0.8755833528172889,0
807,5,-638.4285012384075,-1.3498564769342631,0
807,6,-640.674617968317,-3.327432251724629,0
807,7,-629.8623826352733,-1.3609456883503932,0
807,8,664.4448063344636,16.07143706910332,1
807,9,638.2747420434089,10.293184161757084,1
807,10,655.8849692494019,12.021092620105847,1
807,11,647.9963323077634,10.698544229949153,1
807,12,644.6863829439319,2.876509563161068,1
807,13,634.1701228716034,13.056855004460958,1
807,14,-1.358596063076634,0.6738122224270524,2
807,15,2.3076173357980085,-3.637228208185395,2
807,16,-5.228141014409339,0.7051087722277265,2
807,17,0.4435251248634369,4.322090645073483,2
807,18,9.483279465801486,-0.8064120822372001,2
807,19,-3.655864153664896,7.813776069261497,2
808,0,-642.3088018548677,-1.9318244311683412,0
808,1,-639.1509865991173,-3.588952171315631,0
808,2,-628.1230228205189,-6.9101936198826,0
808,3,-646.9854176970889,-1.5129870979370017,0
808,4,-640.674686088735,0.8283271140056102,0
808,5,-639.2263072658142,-0.9856925975799959,0
808,6,-641.4520986662034,-3.368967460368218,0
808,7,-630.7537817644954,-1.4005732002436835,0
808,8,665.2433814236769,16.279153761789107,1
808,9,639.0242323855962,10.178302241059903,1
808,10,656.8386744370139,12.268241603907027,1
808,11,648.562406167134,10.518670860103565,1
808,12,645.7561503994039,2.681489710241369,1
808,13,634.95561105998,12.601634193006726,1
808,14,-1.37571626146282,0.864866857119371,2
808,15,2.2324638022958894,-3.843344128292749,2
808,16,-5.659006956496251,0.7143078244129193,2
808,17,0.1468316567862103,4.0747737660654675,2
808,18,9.347597499919726,-0.6204195211156315,2
808,19,-3.969219095399679,7.846960945843635,2
809,0,-643.2231708950467,-2.0047015057486774,0
809,1,-639.6957015647274,-3.7196897713735146,0
809,2,-629.1152681773677,-7.16904407391015,0
809,3,-647.6413033170882,-1.7217669623023633,0
809,4,-641.3128838453856,0.8862615378281474,0
809,5,-640.1954901277205,-1.230293991900034,0
809,6,-642.2958734534351,-3.1811235406535787,0
809,7,-631.7421067527295,-1.6792080597411165,0
809,8,666.6844018089006,16.16077388298433,1
809,9,639.7435747190397,10.354304331609368,1
809,10,657.2819088155778,12.485093611290328,1
809,11,649.5324321168326,10.158282033572357,1
809,12,646.4656027063003,2.909570043461025,1
809,13,635.8660001358801,12.660058251879644,1
809,14,-1.5489718189832309,0.8134264552736522,2
809,15,1.7893730018217149,-3.7686411939602182,2
809,16,-5.700775850334812,0.836289645013499,2
809,17,0.22277851801648707,4.261162335560352,2
809,18,9.469231221093303,-0.6100824483990204,2
809,19,-4.172673854009322,7.84938572747686,2
810,0,-644.5105855722675,-1.5771465365412984,0
810,1,-640.5579214140744,-3.8738937421647353,0
810,2,-630.0776965350319,-6.799894125014488,0
810,3,-648.308022599913,-1.757291769563317,0
810,4,-641.9642964664523,1.0829060532521504,0
810,5,-641.271480297273,-1.467280891515967,0
810,6,-642.8636300683007,-3.0294272722837468,0
810,7,-632.5719431727814,-1.6031360052527006,0
810,8,667.7492046764269,16.076426577731947,1
810,9,640.2354712538854,10.474892735460287,1
810,10,657.9790661545561,12.29617410297678,1
810,11,650.2601112045397,10.142534582071292,1
810,12,647.3205697725043,2.701711938662414,1
810,13,636.302192776343,12.600602011072443,1
810,14,-1.7142358762544077,0.8475903363492401,2
810,15,1.645978266458336,-3.8843286613050556,2
810,16,-5.566379842895052,0.7935882449333681,2
810,17,0.20543589857902006,4.184528175839599,2
810,18,9.32188092189198,-0.9586089986305093,2
810,19,-4.290326857990638,8.216730086737089,2
811,0,-645.3477762657204,-1.4380599421400686,0
811,1,-641.4605450561335,-4.040077128471779,0
811,2,-630.8023385805175,-6.970008572587014,0
811,3,-648.8521465446988,-1.5280973313222257,0
811,4,-642.4150016447469,1.2999906676188515,0
811,5,-641.8484161386914,-1.4967771418416593,0
811,6,-643.824131211008,-2.9095926753074455,0
811,7,-633.4205219761466,-1.6115102265930445,0
811,8,668.7925377546741,16.201161117059645,1
811,9,640.9545238143571,10.54545936617794,1
811,10,658.5579173700893,12.173945865939585,1
811,11,651.1584929152718,10.327080788501883,1
811,12,648.3059322136103,2.8037459855391487,1
811,13,637.0681993057531,12.579041062753221,1
811,14,-1.8758627745347685,0.9342637043630029,2
811,15,1.2639241133831545,-4.153448716538422,2
811,16,-5.805653385119939,0.5167888467994466,2
811,17,0.10696228424481927,4.112132306505186,2
811,18,9.318015540252645,-1.0303012469629285,2
811,19,-4.539553036435111,7.911154373597791,2
812,0,-646.4398184506861,-1.4320249699980148,0
812,1,-642.1712488216616,-4.083629117052583,0
812,2,-631.5716528743243,-7.115977637593123,0
812,3,-649.79129780657,-1.649343869693554,0
812,4,-643.4960557035027,1.0532025697641028,0
812,5,-643.0810557519062,-1.6803940536598136,0
812,6,-644.8912180156555,-2.8376608470130456,0
812,7,-633.9710030452601,-1.5176790928267982,0
812,8,669.6392194531365,15.9149159659927,1
812,9,641.9442327041664,10.420300748248648,1
812,10,659.4880189330954,11.874491775022568,1
812,11,651.7940965102691,10.738612946405896,1
812,12,649.171765507233,3.0755115830371307,1
812,13,637.3130385554813,12.501583940098724,1
812,14,-1.8056760880259295,1.202220398310308,2
812,15,0.9736297450642453,-4.017339995380715,2
812,16,-5.758640478851932,0.43973884534817176,2
812,17,0.4010353421537318,4.062087716004662,2
812,18,9.5535901314537,-1.019362737137281,2
812,19,-4.789682282050213,7.892789082192447,2
813,0,-647.2407612266378,-1.8226780613593383,0
813,1,-642.423683509024,-4.122698962967395,0
813,2,-632.6519206515426,-7.317818001822596,0
813,3,-651.043363791674,-1.7527238717886913,0
813,4,-644.5194223816401,0.7539411797228885,0
813,5,-644.1144162921332,-1.619134641557212,0
813,6,-645.8440839781586,-2.71398183388045,0
813,7,-634.8877420667247,-1.3829063258179262,0
813,8,670.6236813993626,16.007146345678326,1
813,9,643.0925419399772,10.720283451723127,1
813,10,660.1366787069206,11.81862702485017,1
813,11,652.5764164831113,10.952545733655116,1
813,12,650.1887604737332,2.693341395639647,1
813,13,637.9340073261397,12.400269955894611,1
813,14,-2.3029236792499694,1.172085982247562,2
813,15,0.7327346199929494,-4.047090360770378,2
813,16,-5.563873144513784,0.5343692309139503,2
813,17,0.6579869911958999,3.960484168905322,2
813,18,9.37577910682513,-1.1663126172899778,2
813,19,-4.876248816392796,7.582516432948979,2
814,0,-647.9982333138965,-1.9552776075597582,0
814,1,-643.2113136431445,-4.323276602846271,0
814,2,-633.5719171006587,-7.251559800824844,0
814,3,-651.6573538261621,-1.2612144613200154,0
814,4,-645.2476796518085,0.5235459464337326,0
814,5,-644.9733659298317,-1.8977893249125168,0
814,6,-646.8720204738459,-2.7479403301656333,0
814,7,-635.5865533290333,-1.3056131477795108,0
814,8,671.4683942161356,15.887226941429052,1
814,9,643.9965132166469,10.607594067798168,1
814,10,661.3971256791785,12.073616365403563,1
814,11,653.3096418626252,10.904314149996296,1
814,12,650.9668261707942,2.6381807332251106,1
814,13,638.6561181948995,12.513737890465249,1
814,14,-2.241305850564637,1.3131020897787042,2
814,15,0.8517326762703865,-4.120231871335801,2
814,16,-5.6398523788324,0.2838214686158734,2
814,17,0.7391029359077701,3.9090061173323924,2
814,18,9.399289533817447,-1.0786038092748897,2
814,19,-5.456131964200929,7.617832401349023,2
815,0,-648.6772649204694,-1.9713931907244464,0
815,1,-644.039300144875,-4.504661703003812,0
815,2,-634.4686779571383,-7.258212555740693,0
815,3,-652.4522148383184,-1.421708790998747,0
815,4,-646.1572390132238,0.5674703016037088,0
815,5,-645.7147353905768,-1.96016915135125,0
815,6,-647.6824830294981,-2.9915219424313437,0
815,7,-636.4155349644811,-1.2592947827407295,0
815,8,672.6781781815077,15.832329997049307,1
815,9,644.5077401289329,10.815996347215718,1
815,10,662.3153357773274,11.751518501950184,1
815,11,654.0479205974883,10.712416074286617,1
815,12,651.6624613992778,2.525246818102623,1
815,13,639.2543229276188,12.445895464403044,1
815,14,-2.2396820794071672,1.061739102344621,2
815,15,0.5142838295895545,-4.330476472688481,2
815,16,-5.7153512076686415,0.032041190794527774,2
815,17,0.7161178564336008,4.050035162828926,2
815,18,9.224083617674356,-0.9179957632391432,2
815,19,-5.756871008989514,7.722095470847144,2
816,0,-649.7007367219362,-1.9806933340800459,0
816,1,-644.797512067014,-4.780510513012845,0
816,2,-635.1037649275543,-7.464194080642262,0
816,3,-653.292895749262,-1.4882932348926252,0
816,4,-647.0072441361522,0.1449078764436093,0
816,5,-646.3866629700965,-1.9401163460202053,0
816,6,-648.4638758990473,-2.9779434763349495,0
816,7,-637.2840496651722,-1.4672328296390291,0
816,8,673.4043629629758,15.54112379782761,1
816,9,645.4349244070336,10.85104042576151,1
816,10,662.8738503441958,11.591444642889565,1
816,11,655.064037492183,10.582023992104153,1
816,12,652.3814621846108,2.5067192984261006,1
816,13,639.991888681606,12.303571804556825,1
816,14,-2.034529579063867,0.6934607829069908,2
816,15,0.5405478025218842,-3.991763684737042,2
816,16,-5.708660599736104,-0.2632927484505295,2
816,17,0.6932753309277967,3.9372765727557875,2
816,18,9.06885138657609,-1.0455098463446497,2
816,19,-6.020670257730902,7.609224536599531,2
817,0,-650.652516808562,-2.0147926100931004,0
817,1,-645.6556880254777,-4.451091871428982,0
817,2,-636.0301998729946,-7.542402388304452,0
817,3,-654.1578945040845,-1.1354065651250038,0
817,4,-647.8953546535621,0.261536738424351,0
817,5,-647.1116105898836,-1.8454522956567234,0
817,6,-649.169434132617,-2.722157744056833,0
817,7,-637.9930532695678,-1.2591939054030317,0
817,8,674.1175129002696,15.368652716780444,1
817,9,646.3934599840698,10.830407626932974,1
817,10,663.9888013587258,11.556810548152113,1
817,11,656.1371989125715,10.588614969488502,1
817,12,653.6016429096541,2.1733929310832214,1
817,13,641.1679519548994,12.63389183959186,1
817,14,-2.1092524388836797,0.6232976298003279,2
817,15,0.8074211887694089,-4.2783750232929165,2
817,16,-6.093229065443749,0.07503171585059132,2
817,17,0.8615434288489641,3.6530896719676793,2
817,18,8.899835558862499,-1.4597807462652392,2
817,19,-5.632937437068396,7.154982461230371,2
818,0,-651.6661855812629,-2.045224445313406,0
818,1,-646.6668667864576,-4.525202349626458,0
818,2,-637.1590544392891,-7.565944885945967,0
818,3,-655.0488928543505,-0.9889645557099224,0
818,4,-648.5754269879887,0.14057535633587498,0
818,5,-647.9273924300289,-1.4726446079426754,0
818,6,-649.9350169742231,-2.528730867041253,0
818,7,-639.01131670852,-1.4061796959802473,0
818,8,675.0379156298156,15.484198238105293,1
818,9,647.102396024318,10.955695006127307,1
818,10,664.8139949762899,11.932389935508137,1
818,11,656.8788683369133,10.193243275494485,1
818,12,654.7876829947671,2.0030890653070403,1
818,13,642.0368454202851,12.462438879538244,1
818,14,-1.945660694052851,0.3921126658445429,2
818,15,1.080724075057425,-4.1777274233803965,2
818,16,-6.244900844131529,-0.07903340643258033,2
818,17,0.8196229147963141,3.191322263247668,2
818,18,8.939799657177089,-1.8515749295410528,2
818,19,-5.697439508897091,6.738368350151494,2
819,0,-652.4303702781341,-2.15360876767739,0
819,1,-647.5514122639055,-4.146502739752637,0
819,2,-637.9865770655774,-7.52523165319958,0
819,3,-656.0124215037567,-1.197873382945403,0
819,4,-649.2868140202615,-0.08662886898106939,0
819,5,-648.9547809978633,-1.616475249372537,0
819,6,-650.3830861896134,-2.3855005995298098,0
819,7,-639.7210526368467,-1.9345601199635558,0
819,8,675.6441966673813,15.665896837481785,1
819,9,648.0430019456531,11.087885132825306,1
819,10,665.6540368217229,11.606949446710699,1
819,11,657.599452377787,10.391155215550842,1
819,12,655.948282376089,1.6970984430983431,1
819,13,642.8601972195314,12.69253844860724,1
819,14,-1.6405476255534426,0.5536940902882677,2
819,15,1.2510313680790601,-3.9523619462177004,2
819,16,-5.906713728913337,-0.11864565076707419,2
819,17,0.5229252595466972,3.5226789527169777,2
819,18,8.742624665478157,-1.8525491524815951,2
819,19,-5.319396332235546,6.664730083382558,2
820,0,-653.4381127758941,-1.969301090533854,0
820,1,-648.3565715822789,-4.057688938520375,0
820,2,-639.0632688063008,-7.339800576149773,0
820,3,-657.1923285652726,-1.161942181217081,0
820,4,-650.2437909373906,-0.14446565312880805,0
820,5,-649.6505280196759,-1.466321255311721,0
820,6,-651.3022728584733,-2.1122640855230075,0
820,7,-640.590095564467,-2.0239300781869143,0
820,8,676.4787516822292,15.503280282526054,1
820,9,648.8650046917564,11.127950305748744,1
820,10,665.9589926071416,11.446956065946218,1
820,11,658.0914695010123,10.644879711428931,1
820,12,656.8790120216903,1.1265562978805193,1
820,13,643.3476915768163,12.847372942839861,1
820,14,-1.7061092410270662,0.39822422876627295,2
820,15,1.27114033556246,-3.9277284125658585,2
820,16,-5.931910655058769,0.12742059857618176,2
820,17,0.6002137254642852,3.3689151788671725,2
820,18,8.781196548188916,-1.7796247547871,2
820,19,-5.156527325229097,6.6170898916906244,2
821,0,-654.2478176241939,-1.988933870841033,0
821,1,-649.0980885498108,-3.9479872528267057,0
821,2,-639.9437118897134,-7.582992172157023,0
821,3,-658.0112123619155,-1.1018894218150446,0
821,4,-650.7510179646999,-0.16431555591678737,0
821,5,-650.4619395863809,-1.5975905840261713,0
821,6,-651.8402020449818,-2.0829257855270606,0
821,7,-641.5167372705768,-2.1125345009620795,0
821,8,677.5038158366145,15.29801493409256,1
821,9,649.9528830946232,11.054062087240785,1
821,10,666.7014305134799,11.402485112065799,1
821,11,659.1458129721443,10.823876012139936,1
821,12,657.642550711776,0.8822426775421518,1
821,13,644.1756257148667,12.809396386537975,1
821,14,-1.460728019215238,-0.10453255171772724,2
821,15,1.4338749486282376,-3.8032148382164292,2
821,16,-6.097156224287431,-0.1754695251394931,2
821,17,0.4902320515094343,2.987483579999076,2
821,18,8.673224927082028,-1.7886938528993293,2
821,19,-4.963082334415681,6.640329100227822,2
822,0,-655.2161501223276,-2.0315348718005177,0
822,1,-650.0615039933285,-4.269087861151261,0
822,2,-640.7154043865573,-7.5574128864375885,0
822,3,-658.6077220581171,-1.2144202127864159,0
822,4,-651.6759390507976,-0.2415366388291591,0
822,5,-651.2852104576989,-1.263851908133867,0
822,6,-652.4961134231629,-1.8577134078800284,0
822,7,-641.9281914200697,-2.0662975407723256,0
822,8,678.4048741038289,15.083467137186906,1
822,9,650.8205991101192,10.950741827273616,1
822,10,667.5228696303557,11.417583071090373,1
822,11,659.865753917159,10.721914780163027,1
822,12,658.7171184504197,0.7444060579755527,1
822,13,645.0923213621919,12.955450399000718,1
822,14,-1.2533660024050044,-0.13341265316919793,2
822,15,1.4011621352527535,-3.5568084277534857,2
822,16,-6.128157337252096,0.1354828954902319,2
822,17,0.7325246452589858,3.0882265845742,2
822,18,8.409945569215024,-1.772507801525128,2
822,19,-4.730241335850884,6.67896511203177,2
823,0,-656.2315942435956,-1.9584630354009955,0
823,1,-650.9614141117703,-4.3153908078984795,0
823,2,-641.5287536289643,-7.780860542569143,0
823,3,-659.388670585519,-1.0236080535316971,0
823,4,-652.24191047903,-0.10472662950164785,0
823,5,-652.0725101633724,-1.4870201973641766,0
823,6,-653.3154575671269,-1.8912851382299123,0
823,7,-643.0102536466442,-2.101749539413686,0
823,8,679.1594783368018,15.109798230948487,1
823,9,651.9114336165784,11.02900068398398,1
823,10,668.3818712594641,11.430931479736262,1
823,11,660.6997225677063,10.97945727938344,1
823,12,659.30090433535,0.9407519361387372,1
823,13,645.7405108257021,13.096749806347285,1
823,14,-1.1146682972058666,-0.38466587834667104,2
823,15,1.5461054346404752,-3.667937321662854,2
823,16,-6.184029650942012,0.16172261486467382,2
823,17,0.6760778287198241,3.3615406458493733,2
823,18,8.43003288851797,-1.6400018427088316,2
823,19,-4.528692130439587,7.014523450146672,2
824,0,-657.0898180857192,-2.080783600280248,0
824,1,-651.7661461258186,-4.112655017226913,0
824,2,-641.9438182030069,-7.730051561627495,0
824,3,-660.0804809888874,-0.8999926323127188,0
824,4,-652.9794031117252,0.08055271916211043,0
824,5,-652.9063798099895,-1.8956110668878337,0
824,6,-653.956193573813,-1.835419079232744,0
824,7,-643.967262131911,-2.0629043096043502,0
824,8,680.0264356635438,14.857328627739726,1
824,9,652.5383079623685,11.32204489970472,1
824,10,669.2326931101288,11.652050437714031,1
824,11,661.4745602994365,10.716761008181543,1
824,12,659.9307793204931,0.951249679174461,1
824,13,646.58915493396,13.155001810283997,1
824,14,-1.202237010695053,-0.5675066455243283,2
824,15,1.5585329873334577,-3.2591655044362886,2
824,16,-6.375251219951104,0.3204114371615058,2
824,17,0.5859592665371091,3.5150156228861644,2
824,18,8.687041610653846,-1.585545438429613,2
824,19,-4.2597415047496066,6.891418075482776,2
825,0,-657.9085232440226,-2.1953368183635136,0
825,1,-652.4443495981469,-4.005250802121777,0
825,2,-642.7643843213253,-7.437040764807498,0
825,3,-660.9866118232611,-1.4749800243727607,0
825,4,-653.6528145654153,0.19684159093334092,0
825,5,-653.6839160501529,-1.6874569020701424,0
825,6,-654.6188217122324,-1.83486685513852,0
825,7,-644.7035793080088,-1.8723909248846493,0
825,8,680.8316654686868,14.738501032297494,1
825,9,653.3981954525505,11.552898840452198,1
825,10,670.0313556071445,11.966390957041678,1
825,11,661.9557704993108,10.516597709655422,1
825,12,660.332399298819,1.0479305135114234,1
825,13,647.5467046843486,12.944599681343428,1
825,14,-1.057290820234548,-0.41840140984264595,2
825,15,1.5131794088224941,-2.7907847362327827,2
825,16,-5.930203822050606,-0.20914295076922074,2
825,17,0.39274163879626234,3.3793654091964225,2
825,18,8.439327307668776,-1.524578768672158,2
825,19,-4.366780583967961,7.042993688539363,2
826,0,-658.501152702165,-2.2818881601308347,0
826,1,-653.2069481489975,-4.326124511819352,0
826,2,-643.6729389102854,-7.140387444729313,0
826,3,-662.0541536744627,-1.6514007482642001,0
826,4,-654.2318142349806,0.34410319779519183,0
826,5,-654.1488982847355,-1.7763779750796513,0
826,6,-655.3911815135963,-1.8039400185106749,0
826,7,-645.6928537625347,-2.181447046170381,0
826,8,681.321888006935,14.670785112346143,1
826,9,653.9254038555798,11.5333488241785,1
826,10,670.4971909233661,11.702147816578508,1
826,11,662.6869314839303,10.36687217194529,1
826,12,661.2608803851033,0.8342131762479078,1
826,13,648.1036088397643,13.034250388752035,1
826,14,-0.9135868585290852,-0.20062061628959627,2
826,15,1.339178113771719,-2.5158395080493716,2
826,16,-5.628331790962907,-0.11467335005670914,2
826,17,0.12408548283781068,3.68601502702871,2
826,18,8.24835717579728,-1.7000462157312166,2
826,19,-4.751007435384723,7.162470906066687,2
827,0,-659.6766402979893,-1.930040267326854,0
827,1,-653.7394334267899,-4.4611381762225415,0
827,2,-644.6890681162157,-7.361049302984778,0
827,3,-662.7727044413859,-1.533956787275685,0
827,4,-654.9765301991677,0.4570541860425517,0
827,5,-655.1937016515511,-1.7300610618910712,0
827,6,-656.3614129796222,-1.8048638798913967,0
827,7,-646.2710893708177,-2.4078915877633955,0
827,8,682.031920309856,14.967078280915764,1
827,9,655.0175309865397,11.527851500127838,1
827,10,671.3493427967367,11.74643917608325,1
827,11,663.5181985705508,10.733005684819014,1
827,12,662.4118020836802,0.6644781579513435,1
827,13,648.884047623588,12.940774192854049,1
827,14,-0.942424506377544,-0.04121347464777933,2
827,15,1.0831857818507657,-2.592661703732802,2
827,16,-5.517750415100822,-0.07048525742975056,2
827,17,0.2752328471479272,3.66505411323303,2
827,18,7.994933824868402,-1.4083562501230913,2
827,19,-5.014594818144808,7.366939165234868,2
828,0,-660.5783235151954,-2.089813778838566,0
828,1,-654.2739776827148,-4.5256146461175915,0
828,2,-645.4556358057692,-7.270611520995887,0
828,3,-663.4246343309455,-1.3166407511012217,0
828,4,-655.5182190349548,0.7046104867891003,0
828,5,-655.9805949762249,-1.6076820536865504,0
828,6,-657.2728860716904,-2.032866669521004,0
828,7,-646.9333372448768,-2.395278466461963,0
828,8,682.8304436243191,15.361448365501003,1
828,9,655.7336223319946,11.857161573591574,1
828,10,671.9351391501255,11.867792702305724,1
828,11,664.0897153988986,10.795060616359814,1
828,12,663.3952192554277,0.5195234548287418,1
828,13,649.4519220692449,12.977802923414949,1
828,14,-0.86077313677121,-0.30283090941173973,2
828,15,1.0699347759382245,-2.5989026143987424,2
828,16,-5.272379965755103,0.34346046429418886,2
828,17,0.32948532507279726,3.960391196096632,2
828,18,8.157130265260355,-1.4669425992938163,2
828,19,-4.94619009995669,7.420439914060411,2
829,0,-661.4049273092618,-2.2671046676266084,0
829,1,-655.3795270584818,-4.3762332170472655,0
829,2,-646.2024362197214,-6.889442211319519,0
829,3,-664.1490282169143,-1.2844906672618253,0
829,4,-656.5173640381964,0.824036272918649,0
829,5,-656.6807724382495,-1.8843104462513778,0
829,6,-657.8150800066961,-1.8221383832874305,0
829,7,-647.6257452010677,-2.369511957573979,0
829,8,683.451834612626,15.22265608008332,1
829,9,656.6736610276203,11.467018812928846,1
829,10,673.1086170375219,11.667919800527805,1
829,11,665.0155301300613,10.862125455443904,1
829,12,664.1022903795052,0.45033951543979805,1
829,13,650.408407437671,12.907778770095733,1
829,14,-0.46125260101814614,-0.26073012196080975,2
829,15,1.297620730362706,-2.735905539334503,2
829,16,-5.465114076488147,0.3872819743464963,2
829,17,0.7079301264815472,3.533638668651691,2
829,18,8.099727449298369,-1.3269638147078864,2
829,19,-4.839783973662238,6.986486701509559,2
830,0,-662.3108978018897,-2.0285109535255392,0
830,1,-655.8217113125651,-4.362122036503128,0
830,2,-647.1218183691333,-7.114940908814507,0
830,3,-664.882692187095,-1.3702450743539325,0
830,4,-657.2770880143738,0.7256676322652607,0
830,5,-657.6242705696111,-1.8750422360546009,0
830,6,-658.8128052986103,-2.0466980832805413,0
830,7,-648.2364373436375,-2.2586186098414895,0
830,8,684.2442985652598,14.934206202482539,1
830,9,657.2365409831142,11.560531038913284,1
830,10,673.8308041809591,11.28772057412736,1
830,11,665.8544108903143,10.738757141757024,1
830,12,665.0756826714484,0.21349770228846626,1
830,13,651.3182968095851,12.727548825113953,1
830,14,-0.2627669714637975,-0.11932427899349574,2
830,15,1.2614183384527227,-2.57436275969543,2
830,16,-5.4717021026433486,0.5964462713270399,2
830,17,1.0796909671982842,3.3957004861925526,2
830,18,8.538360834754261,-1.0437032177481074,2
830,19,-5.15463701766203,7.526983980350412,2
831,0,-663.2244903760239,-2.0223914657556885,0
831,1,-656.3998709782085,-4.582407518872576,0
831,2,-647.8739576150939,-7.137511239528479,0
831,3,-665.7060069738769,-1.0560952736365083,0
831,4,-657.7305971641521,0.8097630036319762,0
831,5,-658.8282689227127,-2.026530395922652,0
831,6,-659.1875334932952,-1.7018318200544513,0
831,7,-649.1499848377504,-2.364440218489235,0
831,8,684.9191508969758,15.507729110854745,1
831,9,657.7546220761619,11.57752717715953,1
831,10,674.7569298933182,11.160881145809906,1
831,11,666.5975566479015,10.599385951510847,1
831,12,666.015749739043,0.2669359376370179,1
831,13,652.4164953662839,12.830385438954496,1
831,14,-0.2933906220838997,-0.10260427636503812,2
831,15,1.581738515411698,-2.9572453134971184,2
831,16,-5.439409196283279,0.9366055196204212,2
831,17,1.2471140756735228,3.1121968473301638,2
831,18,8.622366168292492,-0.9630459081865905,2
831,19,-5.165201239748841,7.386534470798988,2
832,0,-663.8666016076957,-2.0350123045689097,0
832,1,-657.525289035536,-4.328561852428122,0
832,2,-648.270567756713,-7.482399360629255,0
832,3,-666.4474566132214,-0.6442047686520642,0
832,4,-658.3361108719371,0.6088280768182422,0
832,5,-659.5368303755307,-2.325067968147062,0
832,6,-659.7844533786055,-1.7804134694235376,0
832,7,-649.8494277952466,-2.195826889666253,0
832,8,685.8395099282662,15.797467524107729,1
832,9,658.4946298376834,11.672896689021302,1
832,10,675.5210380100422,11.040797009466438,1
832,11,667.4251114617819,10.58143530546894,1
832,12,666.845345457,0.2206014071687997,1
832,13,653.5728475678177,12.675696885083475,1
832,14,-0.06680927954092133,0.21233209694572902,2
832,15,1.7262518667658882,-3.074150707933966,2
832,16,-5.34288160418433,0.8499409880795328,2
832,17,1.3660256928949415,3.240738761639041,2
832,18,8.200461144174419,-0.7784164124774204,2
832,19,-5.102169467387156,7.247295758774767,2
833,0,-664.5999148819194,-2.0190678260350152,0
833,1,-658.3803026525283,-4.170321296833819,0
833,2,-649.158831385399,-7.467054024491643,0
833,3,-667.4233622115133,-0.7678463567622168,0
833,4,-659.1588956329653,0.8819692390209322,0
833,5,-660.0478226533206,-2.210775646616119,0
833,6,-660.7592732842312,-1.8011802206057064,0
833,7,-650.8789100279593,-2.282955644061072,0
833,8,686.5403680144567,15.948194308182552,1
833,9,659.3596785975838,11.623139068778631,1
833,10,676.3060462152039,10.88041297786643,1
833,11,668.3059823885335,10.799901992095865,1
833,12,667.5569618922257,0.21298770949823317,1
833,13,654.6362253081322,12.5622223627044,1
833,14,-0.00025200927812868423,0.41510567021864875,2
833,15,1.7215801987474175,-3.23760964297513,2
833,16,-5.337722240780553,0.8236797796450371,2
833,17,1.2196240087828454,3.3115784787577924,2
833,18,7.918540454129224,-0.6056114020346417,2
833,19,-5.388381903274783,6.8996669837469184,2
834,0,-665.1542788427133,-2.0449417328504507,0
834,1,-659.0143434965819,-4.107295608511811,0
834,2,-649.7274728756348,-7.576376662982647,0
834,3,-668.2396420885683,-0.9313520313835199,0
834,4,-659.7728082318874,1.1042209676118684,0
834,5,-660.8731997332635,-2.127110327650896,0
834,6,-661.4862858228013,-1.753820297971883,0
834,7,-651.4478068807556,-2.675589928329984,0
834,8,687.322160440427,15.86446478857495,1
834,9,660.5319441005423,11.84939720265451,1
834,10,676.7814179212638,11.01365173277121,1
834,11,669.1013176043972,10.79193475849343,1
834,12,668.2910548158783,0.34807862028427533,1
834,13,655.103889580081,12.654898953852994,1
834,14,-0.2198904442839299,0.4629452616142483,2
834,15,2.070069567790221,-3.093819973038347,2
834,16,-5.076148839380599,0.9484434567436073,2
834,17,1.8508910843168578,3.2305814338882812,2
834,18,8.003302310808241,-0.5006358690043806,2
834,19,-4.88181743353803,6.784626424493587,2
835,0,-665.6398775508956,-2.3104019405148066,0
835,1,-659.8695302128956,-4.185917126958719,0
835,2,-650.3238273372773,-7.833270970360111,0
835,3,-669.1480339321743,-1.194294139497855,0
835,4,-660.2490958598477,0.8668359985752181,0
835,5,-661.6481401084282,-2.094683032612488,0
835,6,-662.131694138365,-1.5858801417655897,0
835,7,-652.237111917076,-2.421034522373269,0
835,8,688.0333214215325,15.615126745685675,1
835,9,661.3139425097304,11.758117267473695,1
835,10,677.7464548757844,11.299218495885421,1
835,11,670.037358965514,11.009398365427606,1
835,12,669.1915127688759,0.15876195952808395,1
835,13,656.0530947677199,12.695710945453646,1
835,14,-0.0699750176697792,0.5166756766547543,2
835,15,2.014269427357509,-3.1969460136695873,2
835,16,-4.883588330901093,0.6382549122726805,2
835,17,1.8218485736451593,3.109183379131809,2
835,18,8.041291662101175,-0.5447508921119322,2
835,19,-5.014607581456393,6.661608430035116,2
836,0,-666.2192475329227,-2.3864032338654733,0
836,1,-660.6427114020438,-4.431266819393505,0
836,2,-650.7880231696769,-7.981786788320464,0
836,3,-670.2904200069484,-1.2795969118937653,0
836,4,-661.228892956672,0.8235443737983832,0
836,5,-662.2744598602658,-2.4142395147515034,0
836,6,-662.796356439668,-1.7314013482997923,0
836,7,-653.2723759267797,-2.432051640808711,0
836,8,688.6925289784876,15.410498062923562,1
836,9,662.2976904602617,11.57560871773144,1
836,10,678.7822397185755,11.26611414914782,1
836,11,670.8918321103428,11.177644310352061,1
836,12,669.7269236204573,0.3026985559458264,1
836,13,656.772825717482,13.007274879246996,1
836,14,-0.11578444631595693,0.4930135201334813,2
836,15,1.7966190763218746,-3.1003946100259725,2
836,16,-5.342765156616552,0.3041278554110651,2
836,17,1.749979206323967,3.07818443080965,2
836,18,8.451632739994105,-0.5115661285664383,2
836,19,-5.184111341876861,6.275272273688312,2
837,0,-667.0544539627874,-2.3306940928471294,0
837,1,-661.4339632199699,-4.257720217770984,0
837,2,-651.7543093740785,-8.13207016479844,0
837,3,-671.193272974453,-1.1495684701447135,0
837,4,-662.0262842835222,0.7185255917001095,0
837,5,-662.8894101358746,-2.12784485030879,0
837,6,-663.3201505356981,-1.694374528129941,0
837,7,-654.0266289735862,-2.395979085498347,0
837,8,689.4050395227252,14.879510322742561,1
837,9,662.6581378043857,11.581076015139491,1
837,10,679.3168945863058,11.484924787465228,1
837,11,671.4495185445055,10.856654710565579,1
837,12,670.8508476495157,0.35581337407902913,1
837,13,657.7628596470252,12.954372823696996,1
837,14,-0.26700686066331886,0.21616471566364304,2
837,15,1.9890649504433764,-3.1952786563528965,2
837,16,-5.50152450048366,0.4548458078353725,2
837,17,2.032616234885582,2.7731831210128095,2
837,18,8.97635069951605,-0.6164627305616943,2
837,19,-5.22004294295218,6.530103417220067,2
838,0,-667.9502397550688,-2.2095654269232594,0
838,1,-662.0150838737729,-3.73071149926803,0
838,2,-652.3120325027388,-7.951605168919944,0
838,3,-671.6924508799468,-1.395806590834023,0
838,4,-662.8267199700763,0.5429522444628149,0
838,5,-663.5364406788436,-2.340283544366979,0
838,6,-664.1136565357257,-1.9510768462347081,0
838,7,-654.9859783986989,-2.474935880975477,0
838,8,690.128953327749,15.035026359581504,1
838,9,663.4426318881096,11.667750992249061,1
838,10,679.7114134473719,11.579064558001425,1
838,11,672.1201727101593,10.796453621111079,1
838,12,671.6035926695554,0.23084626619236656,1
838,13,658.6199109360992,12.918281357425727,1
838,14,-0.2805050450414125,0.5149232311132373,2
838,15,2.243646471943154,-3.2846747389750792,2
838,16,-5.406878233315888,0.8376910086404185,2
838,17,2.0957091776661434,2.8214593348158794,2
838,18,9.185640807119846,-0.7224126798891192,2
838,19,-5.2493142194702385,6.64121421199175,2
839,0,-668.7738388740008,-2.387355907253719,0
839,1,-662.9049520642626,-3.9448381273847533,0
839,2,-652.5792475119895,-7.791776007719811,0
839,3,-672.8672044075229,-1.2905102922913771,0
839,4,-663.3783597607132,0.6993377962893472,0
839,5,-664.50645386401,-2.0067109115301998,0
839,6,-665.1449511593032,-2.210284069996394,0
839,7,-655.6892394029783,-2.3322787693902747,0
839,8,690.9318434620363,14.808687441392042,1
839,9,664.0428159361835,11.572988295090894,1
839,10,680.8487018870677,11.649460624601502,1
839,11,673.0387971099652,10.987556489097628,1
839,12,672.6183882542456,0.022982791257266544,1
839,13,659.4877959639459,13.181415095364413,1
839,14,-0.06856652414380307,0.389282965889018,2
839,15,2.5740347251005176,-3.194809632979157,2
839,16,-5.492009999434336,0.8168833990293556,2
839,17,2.0608083397301207,2.8078857363727403,2
839,18,9.080655898913394,-0.5020454776619994,2
839,19,-5.532131440126616,6.520682394938834,2
840,0,-669.4558734056511,-2.1916600685363687,0
840,1,-663.7079963854775,-4.371476220165705,0
840,2,-653.291499871073,-7.871188282586475,0
840,3,-673.9576371531194,-1.2203759492890984,0
840,4,-664.4360129364746,0.7196731120709069,0
840,5,-665.1587024891418,-1.6651880278799833,0
840,6,-666.2103015280065,-2.441882319080068,0
840,7,-656.4958994290494,-2.170845634141269,0
840,8,691.7708964014764,14.700246257273372,1
840,9,664.8013267774688,11.406198027417885,1
840,10,681.7075047018626,11.620945677331791,1
840,11,673.6969372679891,10.902422381356164,1
840,12,673.5258877199943,0.025412399661072938,1
840,13,660.3219246787606,13.511701754532467,1
840,14,-0.1137799644152382,0.23470172112555282,2
840,15,2.5454125860724757,-3.0501762861767445,2
840,16,-5.492556808234546,0.9174061366732043,2
840,17,2.0984246651929883,2.5895591456318954,2
840,18,9.177478834185113,-0.15277581447492927,2
840,19,-5.187330714343127,6.631521707019724,2
841,0,-670.1863869058193,-2.3168259186713898,0
841,1,-664.5068212959346,-4.440759842052223,0
841,2,-654.0012263653562,-8.275903843224153,0
841,3,-674.3911818245112,-1.0922343031836792,0
841,4,-665.3567656298575,0.8678174250574378,0
841,5,-666.3008186670097,-1.207463902892144,0
841,6,-667.0933321488134,-2.2730827890624816,0
841,7,-657.3233145126253,-1.9570185140875904,0
841,8,692.4478648452042,14.500918345997256,1
841,9,665.8030061367601,11.48437467054482,1
841,10,682.5590829852143,11.675212366851168,1
841,11,674.6453002996831,10.663447988656431,1
841,12,674.4552015596544,-0.38375478886919046,1
841,13,660.9527737654461,13.482150250891685,1
841,14,0.20620830968864662,0.09350357317903196,2
841,15,2.461181846112837,-2.9746553386172567,2
841,16,-5.811024024136442,0.4914989030426402,2
841,17,2.0811048061768975,2.806871507621961,2
841,18,8.710600111658856,-0.377832667129698,2
841,19,-5.041885125037838,6.838809960703543,2
842,0,-671.1866509738626,-2.576791252377781,0
842,1,-665.3446552619286,-4.24275479715842,0
842,2,-654.9471917120903,-8.341422628738913,0
842,3,-675.0866881817878,-1.0625193781291686,0
842,4,-665.8568087531812,0.5294234063716963,0
842,5,-667.1346531735561,-1.4363852225536817,0
842,6,-668.0561804799496,-2.6050885734296285,0
842,7,-657.9453686119717,-2.009909116005053,0
842,8,693.0327817592905,14.495107783234284,1
842,9,666.9229542993443,11.426058783095417,1
842,10,683.2573817253154,11.503874685886311,1
842,11,675.2723459462924,10.70006848353582,1
842,12,675.3585932363187,-0.5381430209713112,1
842,13,661.6214893402159,13.384671149635755,1
842,14,0.15008343905607197,-0.09734733775226742,2
842,15,2.4602184701344996,-3.1508261715664867,2
842,16,-5.754578899886245,0.5112273037857612,2
842,17,2.184100171606077,2.8881075767306523,2
842,18,8.862685539800225,-0.6358981336354272,2
842,19,-4.958157460125527,6.573704766287691,2
843,0,-672.1677628313654,-2.6555266771395236,0
843,1,-665.8002320670555,-4.022832254061893,0
843,2,-656.00372308893,-8.407908099313453,0
843,3,-675.621403009084,-1.213012966385791,0
843,4,-666.8910076999745,0.4888936238053028,0
843,5,-668.0561623517431,-1.6358060013976337,0
843,6,-668.8052948285674,-2.5804300590493336,0
843,7,-658.6109073446997,-2.002147334892948,0
843,8,693.6084275544698,14.791027701083095,1
843,9,667.8485714410307,11.461895173288804,1
843,10,684.158052238877,11.484290431206155,1
843,11,676.4115060925182,10.727506306103548,1
843,12,676.1130632937333,-0.6892257936592014,1
843,13,662.1310369887565,13.271186320693614,1
843,14,0.25098885885108724,0.043646724822561406,2
843,15,2.591673076759564,-2.876403967440071,2
843,16,-5.909420136572763,0.5707063666595833,2
843,17,2.355409914665662,3.155297431334837,2
843,18,9.241838827035455,-0.40645954464197753,2
843,19,-4.870252779198923,6.328848611623627,2
844,0,-673.0723589358896,-2.6105876620642015,0
844,1,-666.6198112806636,-4.121372894869729,0
844,2,-656.79514989026,-8.118105877012052,0
844,3,-676.5214495070435,-1.6903302323310163,0
844,4,-668.00513377753,0.49667070783476086,0
844,5,-668.6670426636958,-1.5566348276886957,0
844,6,-669.6071981364248,-2.3127353581121683,0
844,7,-659.2337148927942,-2.0604885529910044,0
844,8,694.4586828904031,14.354054267015275,1
844,9,668.5802758801766,11.64110594698615,1
844,10,684.721170278824,11.230783299946717,1
844,11,677.0793637916726,10.972509176039171,1
844,12,676.9494369508957,-0.8423065519936367,1
844,13,663.3280995793663,12.861579787420215,1
844,14,0.6077222004293941,0.24959899957795564,2
844,15,2.5301795299545207,-3.0398445317259606,2
844,16,-5.631020355440221,0.8379357246149282,2
844,17,2.492455021465722,3.670338729901205,2
844,18,9.083645490231564,-0.3521540806740267,2
844,19,-4.895263878658344,6.161303290510848,2
845,0,-674.1719083751268,-2.176855738206182,0
845,1,-667.4683455180913,-4.163395196756894,0
845,2,-657.7148327356608,-8.428529436783181,0
845,3,-677.6048594305686,-1.759348292292093,0
845,4,-668.7530345145385,0.7349093084995237,0
845,5,-669.7375822440628,-1.3421567527090525,0
845,6,-670.6109087683549,-2.447592505558704,0
845,7,-659.7967327560589,-1.6613202369767188,0
845,8,695.49550491676,14.501049574749828,1
845,9,669.3725596412789,11.399481021793697,1
845,10,685.5366391498361,11.551712244566177,1
845,11,677.3604231959067,10.548918910603904,1
845,12,677.8466836258316,-0.9672367675744522,1
845,13,663.8337001107417,12.710126109588465,1
845,14,0.6923032264143631,0.354515176762684,2
845,15,2.4186692840886117,-2.906101741344,2
845,16,-5.61470507310128,0.7074449671648176,2
845,17,2.386343308099272,3.8392909824383663,2
845,18,9.014258540263295,-0.11379381005676861,2
845,19,-4.765622177483728,6.090463738924129,2
846,0,-674.6897277064346,-2.1045108203809315,0
846,1,-668.4024890413755,-4.350167551720282,0
846,2,-659.0255366466428,-8.178534724100905,0
846,3,-678.3014967913573,-1.7203092903268873,0
846,4,-669.2496482047758,0.38011205722884167,0
846,5,-670.3880968663835,-1.3495025089735186,0
846,6,-671.1596773430994,-2.4741545002386864,0
846,7,-660.2703723222834,-1.593151741947703,0
846,8,696.172105560653,14.785316438791975,1
846,9,669.9143549841866,11.264056011565419,1
846,10,686.373065411334,11.282749890523162,1
846,11,678.5026065072831,10.391997472692047,1
846,12,678.696985839801,-0.5969312105670208,1
846,13,664.8916158814599,12.761575592150768,1
846,14,0.4848601574136657,0.31639659425076727,2
846,15,2.3144329418521052,-3.0893415533020345,2
846,16,-5.8632163044577155,0.6616320474111697,2
846,17,2.121445300133792,3.913515864878149,2
846,18,9.055024416980787,-0.1703286337551543,2
846,19,-4.700423238926627,6.008552840352942,2
847,0,-675.7726553412679,-1.799847430607781,0
847,1,-669.3541394573062,-4.48295747292165,0
847,2,-659.9785421001968,-8.279623771952705,0
847,3,-678.9584342776166,-1.546324011828408,0
847,4,-669.8313937988225,0.5766925398276906,0
847,5,-671.4910948092183,-1.101620414857373,0
847,6,-671.8825499849228,-2.5718015287052256,0
847,7,-661.2206207315892,-1.5457635965509875,0
847,8,697.0683356909997,14.941022526890833,1
847,9,670.9072015222273,10.84439781212441,1
847,10,687.058676978703,11.545860619191778,1
847,11,678.963845897923,10.298445639540763,1
847,12,679.3943583769945,-0.8602041338925035,1
847,13,665.7257265017844,12.611690823111404,1
847,14,0.3504255322603696,0.4547768049876765,2
847,15,2.849508046129386,-3.056595168375276,2
847,16,-5.582266570383293,0.1566189466114437,2
847,17,2.4059916179936978,4.11320914170037,2
847,18,9.09726970093533,-0.3232118101954222,2
847,19,-4.510458412838824,5.940834401376415,2
848,0,-677.1576271459617,-1.7758939154267501,0
848,1,-670.2890728613634,-4.531069137697367,0
848,2,-660.7523301838418,-8.161495983827729,0
848,3,-679.6426271463658,-1.657200825039054,0
848,4,-670.6680674870753,0.6533025993722101,0
848,5,-672.2858880132121,-1.266030960401621,0
848,6,-672.7438409398245,-2.3816627748124843,0
848,7,-661.9206558948686,-1.8208154641611822,0
848,8,697.7992433589397,15.06350590833658,1
848,9,671.464416962867,10.773528529886038,1
848,10,687.776200586192,11.401378964344978,1
848,11,679.6233931674712,10.512408124919551,1
848,12,680.1509205506421,-0.8214935758512709,1
848,13,666.1959907363538,12.585163029133838,1
848,14,0.28107879785223955,0.32433169499985814,2
848,15,2.7559550649946005,-2.735784184505654,2
848,16,-5.468772830980672,0.2900683305037336,2
848,17,2.8609711755607226,4.03610602086429,2
848,18,9.202409883548523,-0.3911186994060648,2
848,19,-4.436382630548932,5.776946259996542,2
849,0,-677.9578608371723,-1.4305465575362104,0
849,1,-670.9637411585846,-4.729168213153847,0
849,2,-661.9018234832357,-8.361262224490437,0
849,3,-680.4906549787115,-1.6107131806447512,0
849,4,-671.5391299988778,0.4790752500191854,0
849,5,-672.814016462749,-1.4946166905746758,0
849,6,-673.7662530618157,-2.278732119139403,0
849,7,-662.6633652512978,-1.6641017317776732,0
849,8,698.5576521774789,15.249903196275977,1
849,9,672.0850003445678,10.983966381575142,1
849,10,688.5451936102985,11.222988441337982,1
849,11,680.441468290969,10.543942341921088,1
849,12,680.7633150074413,-0.6328953268571937,1
849,13,666.7854487390471,12.713539432691285,1
849,14,0.6380549733935195,-0.10708727707075888,2
849,15,2.5049334053958856,-2.8105238077101684,2
849,16,-5.499038779041652,0.1447695111653136,2
849,17,2.7414687132438535,3.9464542617520504,2
849,18,9.368405792331176,-0.655361536360084,2
849,19,-4.184964198439037,6.061656305930574,2
850,0,-678.4301216209391,-1.232271876892946,0
850,1,-671.7507777104532,-4.521473960579536,0
850,2,-662.9047974520108,-8.204809523524299,0
850,3,-681.159926899614,-1.5789795115658602,0
850,4,-672.4371764255525,0.5122927094119993,0
850,5,-673.6875576851918,-1.2512432564403586,0
850,6,-674.6706106393998,-2.6248362445793023,0
850,7,-663.1053135629148,-1.3955421806076338,0
850,8,699.2197656201954,15.45798274859499,1
850,9,672.6303486853369,11.188951592851305,1
850,10,689.2213178026104,11.466991418579775,1
850,11,681.4252225282456,10.380883830427996,1
850,12,681.5354979995334,-0.7035498968261548,1
850,13,667.6548918026565,12.733265998594604,1
850,14,0.6169596337340436,-0.26392442987768394,2
850,15,2.4397419707715873,-2.875322752870143,2
850,16,-5.3846177305145675,-0.026701711945675805,2
850,17,2.3132965589826915,3.992297989405439,2
850,18,9.45793456764304,-0.8035191418509252,2
850,19,-3.8726713358297093,5.952881665384363,2
851,0,-679.2098846793997,-1.3313381273356464,0
851,1,-672.338780876564,-4.638442926423402,0
851,2,-663.8802780939864,-8.482457675232721,0
851,3,-681.7764046675261,-1.8224393866894462,0
851,4,-673.2349657440649,0.7349787897751083,0
851,5,-674.6479329527476,-1.235513696164507,0
851,6,-675.4854917340773,-2.671806020925697,0
851,7,-663.696519429619,-1.5672164526585237,0
851,8,700.1512253340505,15.492045694087615,1
851,9,673.6538003130128,11.063825238338202,1
851,10,690.0640371379052,11.760264282004723,1
851,11,681.9839033366482,10.287126748104543,1
851,12,682.1913718082775,-0.5620960244891078,1
851,13,668.479318641347,12.589906295621645,1
851,14,0.5049832445660185,-0.44367339402143946,2
851,15,2.4435629136097243,-3.0384852994708798,2
851,16,-5.40178363338468,-0.5500535099893159,2
851,17,2.1881060946691924,4.344907652712577,2
851,18,9.553190611270763,-0.9346839999635884,2
851,19,-3.924620249921903,6.166299476572761,2
852,0,-680.1429300250977,-1.4910639787946607,0
852,1,-672.7163291111567,-4.742990765039703,0
852,2,-664.6466640035517,-8.343318211434074,0
852,3,-682.3620111136,-1.7542500227605289,0
852,4,-674.1238280400061,0.6885415024265189,0
852,5,-675.6682362289308,-0.9811995683779117,0
852,6,-676.3763979523625,-2.858431304315457,0
852,7,-664.45946287241,-1.7799000757244137,0
852,8,700.7334395887893,15.187673447593207,1
852,9,674.4633231938528,10.888066217942233,1
852,10,691.0468778996265,12.016555215521866,1
852,11,682.6614249642663,10.688818678701912,1
852,12,682.6812240719312,-0.9014629073355968,1
852,13,669.1243405261451,12.60332761478274,1
852,14,0.6539825135587346,-0.6379869263888694,2
852,15,2.136433468728465,-2.9422024383944194,2
852,16,-5.288351348621285,-0.5753647644497785,2
852,17,2.1978200388010234,4.445453985235296,2
852,18,9.675957335037284,-0.7150953741514264,2
852,19,-3.9351372657984163,6.314423811634503,2
853,0,-680.7952414827441,-1.7024315970791686,0
853,1,-673.4933630298889,-4.765404844680769,0
853,2,-665.429827914873,-8.359761814587168,0
853,3,-683.3444802819151,-1.927692337976601,0
853,4,-674.8157868904561,0.8380418791657251,0
853,5,-676.4734921993766,-0.9718535941804128,0
853,6,-677.4338377405147,-3.0401359343082497,0
853,7,-665.6059367376066,-1.7645435246708596,0
853,8,701.6693420417166,15.267445469676355,1
853,9,675.7397189624756,10.71404517566764,1
853,10,691.8572571867477,11.797705749760162,1
853,11,683.3849939792477,10.814159053768318,1
853,12,683.4961893002546,-0.3013572539674374,1
853,13,669.9613955315951,12.420114930633217,1
853,14,0.7672568903140251,-0.8531742627956894,2
853,15,1.7980164362071795,-2.598169817910388,2
853,16,-5.4120258896978255,-0.1480570228521788,2
853,17,1.8510252328246548,4.722346528878914,2
853,18,9.435478004743011,-0.8364758852024776,2
853,19,-3.7709635414410996,6.238904700344528,2
854,0,-681.3761997325781,-1.8345387330759062,0
854,1,-673.9006604525374,-4.960844189334388,0
854,2,-666.404824333521,-8.178388341252141,0
854,3,-683.7859552524048,-1.7483124063829965,0
854,4,-675.6641417224909,0.8523438448483645,0
854,5,-677.578350891124,-1.1319922389639183,0
854,6,-678.1298376778841,-2.9704226116956485,0
854,7,-666.3278307323768,-1.5831002795617326,0
854,8,702.80912711114,15.267758089989156,1
854,9,676.6404154992498,10.629886820489848,1
854,10,692.6595447502451,11.758954215643442,1
854,11,684.3122490174329,10.883723001162483,1
854,12,684.7401149180998,-0.32905136190568307,1
854,13,670.8545529003909,12.406538962031997,1
854,14,0.6692167871046554,-1.0424291657801776,2
854,15,1.9669321604962504,-2.4767665467961852,2
854,16,-5.637178994752827,-0.1438517893482399,2
854,17,1.8034081204540138,4.640178757645795,2
854,18,9.35965490714248,-0.7201465606599003,2
854,19,-3.313218549687199,6.031615750275036,2
855,0,-681.6293522960443,-2.1043421332161136,0
855,1,-674.7197178347599,-4.695921169455566,0
855,2,-667.1405439270532,-7.924788121991512,0
855,3,-684.4814573011516,-1.4791695885589833,0
855,4,-676.7760261264107,0.683555397172201,0
855,5,-678.1624582792223,-1.0622588620159734,0
855,6,-679.0859046857099,-2.8199336444905083,0
855,7,-667.2234432523175,-1.3468887264859282,0
855,8,703.3580673739232,15.517780201536905,1
855,9,677.2345090353567,10.725143389559841,1
855,10,693.3255123116295,11.862647004192864,1
855,11,685.4908398690936,10.859669499398668,1
855,12,685.3151313008451,-0.4004868009445043,1
855,13,671.7926683123768,12.207553486663157,1
855,14,0.4967433796138717,-1.3146435220179744,2
855,15,1.9179075562496308,-2.526827478307707,2
855,16,-5.431043171819467,-0.12431033531930542,2
855,17,1.7934456220360149,4.931768906074009,2
855,18,9.301233530088878,-0.6089438939726031,2
855,19,-3.1401918524684347,5.91142425492058,2
856,0,-682.6356461253671,-2.143213225112476,0
856,1,-675.530459061687,-4.983926865009208,0
856,2,-667.821816170248,-7.8402421163407325,0
856,3,-685.4425214404048,-1.2962781091960314,0
856,4,-677.6192478847539,0.7655161217338972,0
856,5,-679.2450724479302,-0.9204257068205897,0
856,6,-680.0470116336995,-2.7655174214174734,0
856,7,-667.6198958049422,-1.4952773674312785,0
856,8,704.3713349290597,15.230529814731486,1
856,9,678.0196650335342,10.630468301109413,1
856,10,693.9019268873435,12.050045461128141,1
856,11,686.4142416955461,10.770433950601042,1
856,12,686.2522518585719,-0.9000220962901933,1
856,13,672.4969268036746,12.315819959946772,1
856,14,0.4362243178516779,-1.4295466551673117,2
856,15,1.6236620843091019,-2.197177099177587,2
856,16,-5.734236713330783,-0.07856025520040921,2
856,17,1.8099461110784385,4.900035152722114,2
856,18,9.309275078129447,-0.909205037896306,2
856,19,-3.1420774865082968,6.278882529808261,2
857,0,-683.4085625052487,-2.160700841738174,0
857,1,-676.1653712281633,-5.349848944301522,0
857,2,-668.6779388144327,-7.62468818902717,0
857,3,-685.7748519299051,-1.5356442148286642,0
857,4,-678.348180379909,0.8989039149770295,0
857,5,-680.0641343092406,-0.8437249501488568,0
857,6,-680.7852354493677,-3.0268251573414546,0
857,7,-668.5737598741512,-1.5079179014869062,0
857,8,704.8811478872425,15.34447264009685,1
857,9,678.66101214591,10.411896729965054,1
857,10,694.5782103610497,12.196021364170234,1
857,11,687.3393218624016,10.807693999473981,1
857,12,687.2786476289385,-0.9223059138073331,1
857,13,673.2532665030371,12.334055379601912,1
857,14,0.5055739059121493,-1.3210326960631915,2
857,15,1.8960356254738797,-2.1030689680485173,2
857,16,-5.5765935411665515,-0.19079896632186358,2
857,17,1.7340393150709184,5.05405416175157,2
857,18,9.30084233026079,-0.971016071373872,2
857,19,-2.9685703404007717,6.353355398109357,2
858,0,-684.2708683566545,-2.081848792981316,0
858,1,-676.7783375394724,-4.8191735581206165,0
858,2,-669.5171820483571,-7.756497352564261,0
858,3,-686.9720513091952,-1.5924350828334939,0
858,4,-679.1826180058677,0.8438734557640479,0
858,5,-680.652765231257,-0.6861141188988285,0
858,6,-681.5588934779325,-3.198006281433788,0
858,7,-669.4995370315944,-1.7791217073156624,0
858,8,705.3540357717252,15.542759298259936,1
858,9,679.5023863954531,10.57867089451899,1
858,10,695.5558272711021,11.908861012904303,1
858,11,688.2605976230492,10.949841407124596,1
858,12,688.4800762422143,-0.786647781532017,1
858,13,673.6978843427048,12.1309778291014,1
858,14,0.393293794731044,-1.793786804846924,2
858,15,1.7802163588677558,-2.124628900889593,2
858,16,-5.818416365225271,-0.28000172162684744,2
858,17,1.5111748033324124,4.91804151316528,2
858,18,9.336183552168787,-0.9933324822230356,2
858,19,-2.846368032524306,6.419210277167861,2
859,0,-685.2683844350533,-2.121578520213359,0
859,1,-677.5454909486807,-4.739959365381156,0
859,2,-670.2936013053952,-8.05203584709416,0
859,3,-687.8620574225369,-1.5318791492677049,0
859,4,-679.9320782644018,0.7982033642786279,0
859,5,-681.527104255455,-0.9143841855692278,0
859,6,-682.3008327245309,-2.8955186837651286,0
859,7,-670.4977149947483,-1.8483151400207949,0
859,8,706.0965000204299,15.649718650387126,1
859,9,680.2556633571778,10.69464770974597,1
859,10,696.2411891547191,12.126114790158745,1
859,11,689.1134297340495,10.922919768263606,1
859,12,689.0884088198487,-0.9165563848464752,1
859,13,674.5017381266151,12.14295989962644,1
859,14,0.14521745746533818,-1.9749469999776204,2
859,15,1.9345245568617733,-2.061583782954121,2
859,16,-5.445742540891699,-0.2703598091492816,2
859,17,1.5564371021076306,5.195819437971476,2
859,18,9.31103640307316,-0.7827774795636488,2
859,19,-2.449203067443611,6.301607772265433,2
860,0,-686.2090229477224,-1.9990572033558787,0
860,1,-678.5556662111186,-4.6891816042128065,0
860,2,-671.4161679860515,-8.172430070570654,0
860,3,-688.4802693654275,-1.4440482799610161,0
860,4,-680.8250012463396,0.810293603003423,0
860,5,-682.5337546524031,-0.7538242677681458,0
860,6,-683.2292799595482,-2.464976722456194,0
860,7,-671.6498440458056,-1.799518791443824,0
860,8,706.994673798037,15.50637309973322,1
860,9,680.8385638696885,11.229759018883675,1
860,10,697.1358449243462,12.300558087947136,1
860,11,690.2792446953961,10.833725508401715,1
860,12,690.35137260711,-0.6002808724399109,1
860,13,675.8191083347876,12.286152397987879,1
860,14,0.0438621066642608,-1.7069234870902616,2
860,15,1.8350169489528156,-1.858956439438236,2
860,16,-5.045844935496216,-0.3106535989575523,2
860,17,1.5232619121550053,4.945793060115278,2
860,18,9.554844537969009,-0.5216689177070628,2
860,19,-2.3587160634017263,6.092061666160092,2
861,0,-686.9305169747379,-1.9179921222153884,0
861,1,-679.6263824251843,-4.295144411580093,0
861,2,-671.9634945063732,-8.170705264970575,0
861,3,-689.2480604253649,-1.1308462590294643,0
861,4,-681.4621657580888,0.7058079587479662,0
861,5,-683.6019081312775,-0.6178821017617129,0
861,6,-684.0694799529808,-2.1659681004929947,0
861,7,-672.5256545184425,-1.4947914736160948,0
861,8,707.4237825066282,15.931989993747784,1
861,9,681.4354006191277,10.97623825140304,1
861,10,697.788788119036,12.291392568015794,1
861,11,691.0498118851458,10.875622116548959,1
861,12,691.0596253670788,-0.3240312202972938,1
861,13,676.7987991167068,12.519118438073551,1
861,14,0.20313338279028625,-1.8687514655427275,2
861,15,1.3870477533328234,-1.9019452953421139,2
861,16,-5.111982852117821,-0.6552011988902551,2
861,17,1.4896216077361335,4.663479073393917,2
861,18,9.688031608962728,-0.35824651975618826,2
861,19,-2.505167206823505,5.936946421541234,2
862,0,-687.6202324873493,-2.0216184947239793,0
862,1,-680.3447481019256,-4.224766122567539,0
862,2,-673.2859209592332,-8.133024091694525,0
862,3,-689.7799700580176,-0.9785079659030884,0
862,4,-682.208319334759,0.6807833775756764,0
862,5,-684.468780106046,-0.31467342493787215,0
862,6,-685.3248506576797,-2.0173930513081926,0
862,7,-673.7187537439521,-1.095191380973006,0
862,8,708.3433336709113,16.25303827497092,1
862,9,682.1777865044986,10.960197171963483,1
862,10,698.6194453852705,11.966894545381228,1
862,11,691.6163002734811,11.236260372295014,1
862,12,691.8262746969574,-0.22313834501586546,1
862,13,677.6210030504013,12.225549149011353,1
862,14,-0.2643045234213822,-1.8324912070073447,2
862,15,1.0228199455513187,-1.5769189541364976,2
862,16,-5.207097555382649,-0.821578111617496,2
862,17,1.467683268695202,4.370955440726641,2
862,18,9.471260471018386,-0.32680584116833067,2
862,19,-2.842879713746207,6.276572442681871,2
863,0,-688.7508917090635,-1.8570787969460225,0
863,1,-681.0170257282142,-4.0566250255350615,0
863,2,-674.184778759172,-8.16303966865059,0
863,3,-690.6199131106364,-1.1329888285342107,0
863,4,-682.6880083996266,0.5953187185837872,0
863,5,-685.2915365390854,-0.29476824315972106,0
863,6,-686.0035754541209,-2.0693230619245644,0
863,7,-674.3724478128456,-0.7182574085134534,0
863,8,709.2460678340831,15.981820115511834,1
863,9,682.9434180973042,10.760566803976333,1
863,10,699.4181394308122,11.659540951672618,1
863,11,692.2264572066478,11.163872320692432,1
863,12,693.3055123688557,-0.04744126783337932,1
863,13,678.3746177467922,12.248813604253742,1
863,14,-0.6889644299455031,-1.808649315063021,2
863,15,0.6361399162215556,-1.4042504938659846,2
863,16,-4.9771005951418505,-0.756767671548868,2
863,17,1.1816604804888875,4.229653105201966,2
863,18,9.363039654071661,-0.5695383530930432,2
863,19,-2.7732482840796018,6.0493984371012965,2
864,0,-689.5377135982422,-1.9807079120457964,0
864,1,-682.0970538762194,-4.219316896640952,0
864,2,-675.0018077009225,-8.191351893135396,0
864,3,-691.5415509981582,-1.0020634986891137,0
864,4,-683.4182600048175,0.6421798494436602,0
864,5,-686.092567491553,-0.06636359841427761,0
864,6,-686.4552190188423,-1.7032041484910256,0
864,7,-675.4923070922365,-0.5345237336354088,0
864,8,710.0773637979499,15.838753842599393,1
864,9,684.1104731623572,10.948195426839678,1
864,10,700.1891611832311,11.62382137563638,1
864,11,693.4375924613566,11.507913227468437,1
864,12,694.0964238783055,-0.08331067306340317,1
864,13,679.3615916369505,12.273406147690878,1
864,14,-0.8496531364794729,-1.8628464117058294,2
864,15,0.7197287285393675,-1.4438500307615718,2
864,16,-5.131836859854506,-0.8637599301393758,2
864,17,1.2574217342136338,4.133554182641554,2
864,18,9.648677384520866,-0.6476486097824564,2
864,19,-3.162487497205724,5.987848850462167,2
865,0,-690.2080307225954,-1.9224257274959493,0
865,1,-682.5799678773577,-4.140189937650413,0
865,2,-676.0983333520328,-8.199885238457219,0
865,3,-692.3270224605938,-0.9030116699109283,0
865,4,-684.4404041503301,0.6925648466807759,0
865,5,-686.9127271181814,-0.027439584710757685,0
865,6,-687.081219011167,-1.6400083249436055,0
865,7,-676.179463387665,-0.49399289828376586,0
865,8,710.7827898914948,15.774658480456656,1
865,9,684.930845055837,11.25853300118931,1
865,10,700.9537423716446,11.708093894024797,1
865,11,694.7061152045424,11.59171744934366,1
865,12,694.4466767647868,0.30652738521197814,1
865,13,680.2829773817219,12.233262325883862,1
865,14,-1.035433803950838,-2.030976861127634,2
865,15,0.6907638271455923,-1.4780266351249154,2
865,16,-5.111509032482793,-1.0118198969896988,2
865,17,1.4387229517725406,4.168641664007011,2
865,18,9.648199969139368,-0.7621955596870995,2
865,19,-3.195298346518574,5.829350283644363,2
866,0,-691.4556379167523,-2.184100831684267,0
866,1,-683.1331987172056,-4.05058825990325,0
866,2,-676.9788617641196,-8.408546303255305,0
866,3,-692.9222591564436,-0.7561983885306279,0
866,4,-685.6091115333022,0.5519714576019372,0
866,5,-687.5251450267136,0.027792387909748792,0
866,6,-687.6021498418852,-1.661194502654867,0
866,7,-676.8158083161492,-0.522658221534421,0
866,8,711.2459491171037,15.659162131321358,1
866,9,685.7768668605772,11.199095388685564,1
866,10,701.5893919819348,11.683692590817925,1
866,11,695.5882467295326,11.140165315757503,1
866,12,694.7695206125085,0.5689422893810006,1
866,13,681.6101738053453,12.20033859782835,1
866,14,-1.222578879649046,-2.3409174161744155,2
866,15,0.8039135474708667,-1.7434632409684714,2
866,16,-5.010525290573273,-1.0469720533105096,2
866,17,1.5687532259268633,3.585342386186804,2
866,18,9.524984210717896,-1.0780190576515667,2
866,19,-3.485604502158011,5.939850549377655,2
867,0,-692.7804761834061,-2.2461766446592253,0
867,1,-683.698860274083,-4.004322999167455,0
867,2,-677.6949378218343,-8.433457346005733,0
867,3,-693.4163029212436,-0.92840940242336,0
867,4,-686.4448421233968,0.26222866427710306,0
867,5,-688.5452572993578,0.26982683755587566,0
867,6,-688.3180355839759,-1.8554762378524194,0
867,7,-677.6245305053889,-0.47078341121260336,0
867,8,712.1177008121357,16.116873161745843,1
867,9,686.7922138782473,11.577461806730263,1
867,10,702.2769732523426,11.514820480863165,1
867,11,696.3568807216502,11.160535873991499,1
867,12,695.4239037615063,0.44160890224807403,1
867,13,682.8177271904431,12.250108407378,1
867,14,-1.375024924400029,-2.292863751551813,2
867,15,0.6257040045072244,-1.6372522132523266,2
867,16,-4.8622344975061065,-1.0989411605561827,2
867,17,1.8221798569014176,3.4661831522947986,2
867,18,9.36622298296651,-1.114593050564538,2
867,19,-3.190270152516061,6.136177232680162,2
868,0,-693.7685455096064,-2.373993767347756,0
868,1,-684.4008460344398,-3.8871253652355664,0
868,2,-678.9134902963732,-8.432238253313619,0
868,3,-694.3098825028886,-0.971582657626766,0
868,4,-687.0682735984193,0.39884531866671563,0
868,5,-689.3202462570672,0.526165126873922,0
868,6,-689.4348656121134,-1.9201718248834474,0
868,7,-678.6207402774963,-0.26950332977477,0
868,8,712.8395941141239,15.96275854934906,1
868,9,687.6939188103161,11.527646189582459,1
868,10,703.1062584236953,11.478154681494685,1
868,11,697.1338490480284,11.128388508916691,1
868,12,696.2378360631645,0.5667874683420456,1
868,13,683.7367959122744,12.074152958821097,1
868,14,-1.5729262551723142,-2.3654294188116576,2
868,15,0.4377424245325178,-1.762143858431325,2
868,16,-4.589029218438669,-1.201459968804897,2
868,17,1.9935195553751157,3.5847253374664048,2
868,18,9.344656226340149,-1.392983768046162,2
868,19,-3.2837678592989903,5.994584768238407,2
869,0,-694.3192094801087,-2.419845749120048,0
869,1,-685.2130840242651,-3.9949077593553963,0
869,2,-679.7158334585279,-8.44259864662839,0
869,3,-695.1467418940846,-1.0719643429029775,0
869,4,-687.8998414645454,0.4829491438891266,0
869,5,-690.3953631185499,0.4855783982045432,0
869,6,-690.1563822341589,-1.8254972914074277,0
869,7,-679.3988624111515,-0.35165597282031924,0
869,8,713.6884304438731,16.268717392031505,1
869,9,688.7913472114775,11.707641811659057,1
869,10,703.7742335669601,11.429981936524443,1
869,11,697.8976004154466,11.1759533054819,1
869,12,697.046504665796,0.40109194770572343,1
869,13,684.5952234010874,12.048915667848213,1
869,14,-1.7404430554077022,-2.378638448199864,2
869,15,-0.06296078354674767,-1.7468827903948128,2
869,16,-4.415934795969638,-1.0587598789247818,2
869,17,1.9012310925473734,3.321251485026358,2
869,18,9.470472468978377,-1.5985456544738483,2
869,19,-3.5045077568350145,5.9369800167554025,2
870,0,-695.3540892127977,-2.3758342455973906,0
870,1,-686.0262295738726,-3.802181080924863,0
870,2,-680.1489570848511,-8.65393198206796,0
870,3,-695.9526777424427,-1.2252707679054873,0
870,4,-688.8676306262191,0.345326711926044,0
870,5,-691.4339552569982,0.5686275440516655,0
870,6,-690.5396658043928,-1.752412448336107,0
870,7,-680.3996015030742,-0.02392743914757095,0
870,8,714.7078866178925,16.13352245894576,1
870,9,689.6779882989911,11.600442174205103,1
870,10,704.7874276546127,11.361388425644494,1
870,11,698.5263333842234,10.920240627844974,1
870,12,697.4712027739523,0.5708720470141566,1
870,13,685.4505819778582,12.194475496644056,1
870,14,-1.828188185185532,-2.637210553903802,2
870,15,-0.15517117706977523,-2.1196969173694886,2
870,16,-4.6011169200594795,-1.1035529943690963,2
870,17,1.2742066449670335,3.5123454802884515,2
870,18,9.63336671514497,-1.5272703429110206,2
870,19,-3.540731325341489,5.904110847495402,2
871,0,-696.3027678099292,-2.743885961116977,0
871,1,-686.5707759220977,-4.089710343738036,0
871,2,-680.8570541566312,-8.891799261425179,0
871,3,-696.3759052406982,-1.2329424526216448,0
871,4,-689.7556734086962,0.025954088182612134,0
871,5,-692.3930829113126,0.6831694590598796,0
871,6,-690.9479708200125,-1.5545928449882944,0
871,7,-681.291144876301,0.15322590500806127,0
871,8,715.4403209529698,16.187932172791243,1
871,9,690.2582953698089,11.69694262195238,1
871,10,705.644815948751,11.388692167854543,1
871,11,699.3151884882953,10.768804944957054,1
871,12,698.3723548775807,0.4576249765144105,1
871,13,686.2269803049847,12.219284832760428,1
871,14,-1.778989093635494,-2.3872602403518224,2
871,15,-0.34322187391219705,-2.3728802172516854,2
871,16,-4.602988867475032,-1.079886882617503,2
871,17,1.4836897203294976,3.469795925713271,2
871,18,9.352030152986043,-1.4450386829544273,2
871,19,-3.327984466433004,5.879866521132552,2
872,0,-697.408395700694,-2.6698418330850564,0
872,1,-687.5601127285876,-3.9307066638337957,0
872,2,-681.6003534533954,-9.053282644273251,0
872,3,-696.9375839919073,-1.6057698225149726,0
872,4,-690.6268777098144,0.21793138082478875,0
872,5,-693.1295432811834,0.484289294013423,0
872,6,-691.4838077509451,-1.6338916589075627,0
872,7,-682.0319231964564,-0.03911278334317639,0
872,8,716.010116981952,16.68858578180753,1
872,9,691.0660824393398,11.426035070110233,1
872,10,706.420325596678,11.305539219518824,1
872,11,699.8521742683786,10.798187763004515,1
872,12,699.1897059825089,0.3409975167907072,1
872,13,686.9906760144727,12.372644379813329,1
872,14,-2.1027546977387512,-2.476222485939134,2
872,15,-0.33775159861590626,-2.3289784484275518,2
872,16,-4.731741976158209,-1.3776868869043688,2
872,17,1.4698200748212404,3.2309244409390625,2
872,18,9.461668430719058,-1.8546935027642433,2
872,19,-3.7185880445957267,5.7370142244769085,2
873,0,-698.3032213503011,-2.4201657788127333,0
873,1,-688.29382527701,-3.604119609764326,0
873,2,-682.3329610615021,-9.244711661873884,0
873,3,-697.3552783519946,-2.024040993409672,0
873,4,-691.5048066765016,0.4937933734180424,0
873,5,-693.9644887260374,0.6262420207112525,0
873,6,-692.6817520322631,-1.7119817988557893,0
873,7,-682.3780827136981,0.051178033432021805,0
873,8,716.4190100027389,16.74759309440505,1
873,9,691.6735269853292,11.241952376642736,1
873,10,707.4553967084018,11.222807697387601,1
873,11,700.7953861773228,10.9478684075305,1
873,12,700.3318471742119,0.35393414279296903,1
873,13,688.0754970266689,12.64582220079374,1
873,14,-2.4098337472652434,-2.2519364574866674,2
873,15,-0.5113364499720476,-2.11720760434353,2
873,16,-4.940191319500566,-1.7248446479881894,2
873,17,1.342500404104238,3.5987121896489924,2
873,18,9.64926396165486,-1.761762078641326,2
873,19,-3.734189480901138,5.755479668079701,2
874,0,-698.9368107831318,-2.548138625378791,0
874,1,-689.1909394881773,-3.5113570990650427,0
874,2,-683.1585993035786,-8.772165224343887,0
874,3,-698.0705443089055,-2.06002554590901,0
874,4,-692.4868823626744,0.29957635290358947,0
874,5,-694.621669901892,0.8732092995074144,0
874,6,-693.4352253040175,-1.749155895981337,0
874,7,-683.160747282625,0.1025299891936208,0
874,8,717.378851983016,16.487847833956113,1
874,9,692.4319387256993,11.537643341253212,1
874,10,708.3373084552834,11.346724016967382,1
874,11,701.6009215784107,11.127586173097736,1
874,12,701.1425315033943,0.2966657754004989,1
874,13,689.3906476711448,12.821108339532229,1
874,14,-2.1783876410010667,-2.0206108512643883,2
874,15,-0.9973664941358611,-1.7534048164202471,2
874,16,-4.85538676004584,-1.7524590938289357,2
874,17,1.2570183788251488,3.623187440172047,2
874,18,9.615140260858862,-2.1728050693335255,2
874,19,-3.537820280889957,5.97121917682105,2
875,0,-699.9574725061825,-2.662741717567489,0
875,1,-689.996093624799,-3.567253278529709,0
875,2,-684.0883153523889,-9.100571399344137,0
875,3,-699.2410372217358,-2.458604564326462,0
875,4,-693.2425772762886,0.11823010258685313,0
875,5,-695.2802781225752,1.1413249396795981,0
875,6,-694.3793732197895,-1.4843791494963936,0
875,7,-683.95882019953,0.03099850293809231,0
875,8,718.001326105726,16.378724169965373,1
875,9,693.0560375999397,11.38288785259939,1
875,10,709.1106242775894,11.644458654747773,1
875,11,702.3245120639782,11.164317143731175,1
875,12,701.6954825764835,0.34113623004599286,1
875,13,689.9531855062029,12.93520419335145,1
875,14,-2.000009137017546,-2.2565968880566327,2
875,15,-1.0783122370083043,-1.8954117724067556,2
875,16,-4.813305896396578,-1.491949731381489,2
875,17,1.0900282417680915,3.4444694254016937,2
875,18,9.560514168943161,-2.0619316799269365,2
875,19,-3.5979346235037077,5.900250999370053,2
876,0,-700.9849873922843,-2.4914812237310464,0
876,1,-690.6536388699807,-3.5423730954187063,0
876,2,-685.012841290091,-9.092358310111267,0
876,3,-699.9718591762374,-2.7387968957129156,0
876,4,-694.4128247768654,0.2602951249586988,0
876,5,-695.9673038296833,1.1432776886925944,0
876,6,-695.2662718806267,-1.634314777956905,0
876,7,-684.5904318333598,0.05813777574128634,0
876,8,718.6330288984224,16.43932020029068,1
876,9,694.1161982719768,11.238028883367084,1
876,10,709.7754654932991,11.501401189769835,1
876,11,703.2547860676408,11.549849811628729,1
876,12,702.6249764880171,0.3336476026559994,1
876,13,690.9813716738308,12.984205895273748,1
876,14,-2.7545238834485453,-1.9681527339979201,2
876,15,-1.010220575805662,-1.900832382907637,2
876,16,-4.966314746718809,-1.692633796478252,2
876,17,1.1580045526955083,3.644100897006844,2
876,18,9.67282347418232,-2.270255774220052,2
876,19,-3.6960875680287,5.929094077111576,2
877,0,-701.7842829215807,-2.3114285214434243,0
877,1,-691.1494098188405,-3.6257515094724164,0
877,2,-685.6267920316416,-8.840019141531148,0
877,3,-700.5656054480734,-2.8113835519665775,0
877,4,-695.20897108349,0.7371918554193346,0
877,5,-696.9591023854676,1.3235123786335459,0
877,6,-696.1729164426222,-1.45224931837854,0
877,7,-685.298757979785,0.22184672650472106,0
877,8,719.4180962714912,16.563172170152566,1
877,9,694.8561523928194,11.241400158932063,1
877,10,710.4889443085411,11.1963856689163,1
877,11,704.1018885049776,11.628306289395711,1
877,12,703.6089530176437,0.30249057648532235,1
877,13,691.915752507423,13.256181025314492,1
877,14,-2.9751586112326796,-2.154085434346728,2
877,15,-1.0691376338005054,-2.18664134829857,2
877,16,-4.931402406881998,-1.8180676951704968,2
877,17,1.2632772956678917,3.6173314923467115,2
877,18,9.739446853421509,-2.0796655572198928,2
877,19,-3.783016026828563,5.959137111367746,2
878,0,-702.639948000895,-2.1055186359414204,0
878,1,-691.6428295195972,-3.5889206889809557,0
878,2,-686.5296172007421,-8.586785800720872,0
878,3,-701.2466900842505,-2.5472178110092756,0
878,4,-696.0276079710648,0.675029736686813,0
878,5,-698.1002927345589,1.2837065690463314,0
878,6,-697.0914292677911,-1.4320238077729097,0
878,7,-685.9187566946568,0.27471450607446257,0
878,8,720.2089943564101,16.838295735708954,1
878,9,695.8293812506968,11.13808495685853,1
878,10,711.5815236574365,11.159188091181434,1
878,11,704.9958865064442,11.733324939567632,1
878,12,704.5036528343257,0.687603618835988,1
878,13,692.8306476450563,13.161343681328274,1
878,14,-2.9649328130537627,-2.288621586827203,2
878,15,-1.1374384682657688,-2.110884054283498,2
878,16,-4.7785605467780154,-1.5869675773555825,2
878,17,1.0070481045704418,3.7875806845409525,2
878,18,9.55585618262815,-1.9875062802213563,2
878,19,-3.6174685832291193,6.118154366276816,2
879,0,-703.3613778732428,-2.2102650683860783,0
879,1,-692.2938449893894,-3.7060566705088567,0
879,2,-687.2793376923881,-8.965846877961164,0
879,3,-701.7010526094218,-2.5504298456199437,0
879,4,-696.7279546267605,0.7203046199806464,0
879,5,-698.7516314007398,1.3547511059470276,0
879,6,-697.9374047765328,-1.4532338408552608,0
879,7,-686.3766177176761,0.3437256736145423,0
879,8,721.1380144702362,16.649433476078865,1
879,9,696.389395266731,11.298235985845569,1
879,10,712.3780495426008,11.579595403879948,1
879,11,705.7506155341058,12.132896119881735,1
879,12,705.1344894275562,0.6513941850032877,1
879,13,693.4220084596227,13.539085877436397,1
879,14,-3.0190752737310578,-2.0463765731287777,2
879,15,-0.9034466271658825,-2.171726581447841,2
879,16,-4.851311566478987,-2.0765767893004523,2
879,17,1.0935400254120333,3.660824960185574,2
879,18,9.232757138315538,-1.9880579745340332,2
879,19,-3.4627979755616742,6.094875113712853,2
880,0,-704.0176761180593,-2.3200151033509853,0
880,1,-692.9172577892859,-4.361032970552536,0
880,2,-688.1024686180019,-8.892679225285407,0
880,3,-702.3438773204621,-2.53276481458809,0
880,4,-697.4896990025833,0.9443429799337859,0
880,5,-699.3662330031103,0.9761534746614167,0
880,6,-698.8135574695273,-1.2639762770291163,0
880,7,-687.3131842829373,0.3647969273393834,0
880,8,721.6717601348727,16.686049752055762,1
880,9,697.3929513872507,11.200364536278377,1
880,10,713.2542578711084,11.424174315888429,1
880,11,706.4087532659505,12.43604984976877,1
880,12,705.8699873327436,0.7894263729719967,1
880,13,694.0397058190762,13.376334350783951,1
880,14,-3.2333444539362866,-2.050634937983214,2
880,15,-0.9441534844662927,-2.1223203231768797,2
880,16,-4.739518229116654,-2.220819783335631,2
880,17,0.5583793531708832,4.044785833220337,2
880,18,9.452526147493872,-1.7167348137039553,2
880,19,-3.218175963375182,6.242911132728112,2
881,0,-705.0133326626002,-2.0567634133815975,0
881,1,-693.702928812461,-4.302573630515743,0
881,2,-688.9740633556684,-8.897386506755037,0
881,3,-702.9685378389421,-2.6341801939364493,0
881,4,-698.4353905283518,0.9860007948121369,0
881,5,-700.2406634755457,1.0948656762585465,0
881,6,-699.550668129379,-1.0462222210963201,0
881,7,-687.867745088443,0.23164038887636929,0
881,8,722.2874269804703,16.326981039484558,1
881,9,698.4268508394988,10.908496495564549,1
881,10,714.0048533131949,11.245443394705546,1
881,11,706.8718450113957,12.390008832946044,1
881,12,706.5049982096865,1.230669676868753,1
881,13,694.9277777648851,13.644317273276416,1
881,14,-3.401287612781973,-2.016548774472733,2
881,15,-0.9448064209049557,-2.1591190931482553,2
881,16,-4.511336877441539,-2.145273456385561,2
881,17,0.7149042422768075,3.8459976669721594,2
881,18,9.550674331223785,-1.7652571288483183,2
881,19,-3.5867491002946554,6.307915501130996,2
882,0,-706.2380920890128,-2.2230924112344517,0
882,1,-694.5184812776549,-4.327607200143019,0
882,2,-689.5052189850597,-8.992729489529092,0
882,3,-703.5556729632005,-2.72784650825267,0
882,4,-699.2014069366141,0.9777037034296862,0
882,5,-701.1764949522752,0.8619273079267513,0
882,6,-700.2832928444387,-0.8785420846788673,0
882,7,-688.5935680547184,-0.12177706226811907,0
882,8,723.3640605862972,16.288274335240075,1
882,9,699.3671786091919,11.279275737377024,1
882,10,714.465698486942,11.305575014629385,1
882,11,707.1952491689029,12.032616356913515,1
882,12,707.1000270525751,1.3372657544988082,1
882,13,695.7362655763959,13.494185863744674,1
882,14,-3.06627968605585,-2.0087504612882854,2
882,15,-1.1861080458340219,-2.1743310588622564,2
882,16,-4.3554740157300476,-2.139076708926503,2
882,17,0.4688553381644419,3.660508259553393,2
882,18,9.37666471315541,-2.0097533453321477,2
882,19,-3.5621970626448074,6.54713049489033,2
883,0,-707.0520828452335,-2.1724434928253546,0
883,1,-695.7225791963888,-4.291532500415743,0
883,2,-690.3767575484296,-8.861607113061275,0
883,3,-704.2592015751527,-2.671700843267406,0
883,4,-699.9982210570643,1.3005934210859111,0
883,5,-701.9928543287397,1.0198592476609636,0
883,6,-701.2897128738742,-0.6907415062105936,0
883,7,-689.4537282142328,0.2575248528146223,0
883,8,724.073708989955,16.12543217303231,1
883,9,699.9653347487385,11.610283476162712,1
883,10,714.7957785925342,11.528029527589227,1
883,11,708.1019575831389,12.27788003456636,1
883,12,708.368346096342,1.1584444996865773,1
883,13,696.749619349793,13.556908061398145,1
883,14,-3.096249330948538,-2.121336933525096,2
883,15,-0.9540455048604386,-2.464913869683845,2
883,16,-4.191304560950992,-1.8471121768658252,2
883,17,0.5756755753920483,3.6235895402372904,2
883,18,9.173501346726242,-1.9550080978281983,2
883,19,-3.3373004573961325,6.427500582619145,2
884,0,-707.8372524983404,-1.8714684545912885,0
884,1,-696.3155080598995,-4.65008806995423,0
884,2,-690.9388163909406,-8.817564625650524,0
884,3,-705.1622961779427,-2.5936945762945958,0
884,4,-700.4817625816304,1.0157418284581237,0
884,5,-702.7451478710256,0.6264787631902264,0
884,6,-701.7512686952703,-0.6898138897943606,0
884,7,-689.9259480073395,0.469402950532335,0
884,8,724.9197461895475,15.950477172984256,1
884,9,700.6817298230295,11.851841811789638,1
884,10,715.904779801236,11.730970270206065,1
884,11,708.7062353599302,12.486707852284761,1
884,12,709.4145247255236,1.341763960798127,1
884,13,697.5897454317185,13.827902501410296,1
884,14,-3.1117863584157077,-2.209820449626372,2
884,15,-0.8531875224370721,-2.367608355045532,2
884,16,-4.232508552669774,-2.066111083030618,2
884,17,0.5506381431756369,3.9823537870166223,2
884,18,9.409523877944835,-2.057219726964277,2
884,19,-3.3140680609405506,6.367298342559367,2
885,0,-708.7256665472962,-1.7143009040085868,0
885,1,-697.3926925808506,-4.877215735180609,0
885,2,-691.7693727080048,-9.010289334818507,0
885,3,-705.9349594283577,-2.302155141018636,0
885,4,-701.6743023293302,1.5374401287961446,0
885,5,-703.5564039946898,0.5822141189881108,0
885,6,-702.9986462543998,-0.5076281244209805,0
885,7,-690.3877190631587,0.5531947585822421,0
885,8,725.6384547986077,16.087596337386007,1
885,9,701.3766115302983,11.874321873877077,1
885,10,716.9249535691188,11.696314249889854,1
885,11,709.4435120247758,12.514325916959042,1
885,12,710.6049447716301,1.4586592918007353,1
885,13,698.0391678805429,13.85396537377642,1
885,14,-3.026616452736064,-2.234809444982449,2
885,15,-0.8212648780571408,-2.634213954113413,2
885,16,-4.055302098674004,-2.161007912624884,2
885,17,0.24895047768355638,4.378046816863238,2
885,18,9.610933741318727,-1.838830330368873,2
885,19,-3.1754898715399564,6.258261001610648,2
886,0,-710.0881646472961,-1.7376421501556483,0
886,1,-698.0464915506519,-5.120427800178137,0
886,2,-692.0092543982829,-9.125092574478119,0
886,3,-706.2585126640356,-2.346591641796336,0
886,4,-702.2809310822888,1.836598509676996,0
886,5,-704.2633842202816,0.5552906785159897,0
886,6,-703.9871275736161,-0.47385946599649864,0
886,7,-690.9897312702343,0.30245846234156804,0
886,8,726.6330566382015,16.18327151498477,1
886,9,702.2768278880067,11.978866954594704,1
886,10,717.7645520150156,11.66924595482687,1
886,11,710.3611658080554,12.455008781994964,1
886,12,711.7426056991386,1.194724834971214,1
886,13,698.7235223983463,13.921813690125258,1
886,14,-2.8486349702242313,-2.3415005288482855,2
886,15,-0.6379096633113555,-2.8585603855300765,2
886,16,-3.9963659171322283,-2.1674483318795437,2
886,17,0.3691848799335529,4.0472847155615765,2
886,18,9.640279179671985,-1.465531194035841,2
886,19,-3.367751627459296,6.193352933970809,2
887,0,-711.4083284336085,-1.6895330089280132,0
887,1,-698.8859677863301,-5.4556832536288855,0
887,2,-692.8507434935614,-9.043258456830452,0
887,3,-707.4153436277375,-2.614601153230802,0
887,4,-702.8402630473116,1.7392244984651444,0
887,5,-705.0471909937052,0.3935821158274065,0
887,6,-704.7738286658875,-0.6882216202158874,0
887,7,-691.941747391614,0.22763938841027545,0
887,8,727.5160430007013,16.014828926377962,1
887,9,702.6466717980384,12.18942510648737,1
887,10,718.6732522942565,12.117094957040964,1
887,11,711.008231616549,12.537533881023819,1
887,12,712.5981706712896,1.4433436014447292,1
887,13,699.6175981261499,13.735454343342253,1
887,14,-3.047941061614558,-2.151820229724207,2
887,15,-0.3952150648588105,-2.6441430725453046,2
887,16,-3.6933971711669353,-2.4955568741955605,2
887,17,0.2345036275206639,3.7230890062599995,2
887,18,9.810512153790325,-1.5283949157928274,2
887,19,-3.223165009999985,5.916588631255507,2
888,0,-712.2010591930128,-1.3991603323622566,0
888,1,-699.5855701640742,-5.517506329255309,0
888,2,-693.7571568767639,-8.732181596946694,0
888,3,-708.2553831960508,-2.4930414644779297,0
888,4,-703.4536237350009,1.759321448479491,0
888,5,-705.8119781004085,0.4221829057569569,0
888,6,-705.5654871753185,-0.9103830609893137,0
888,7,-692.2262216988726,0.3040114034389338,0
888,8,728.374576355935,16.26819781312714,1
888,9,703.3455757322029,11.853158709152687,1
888,10,719.5703899696975,12.324879127747707,1
888,11,711.8306372058547,12.01777737998607,1
888,12,713.3798672666619,1.3548405611689527,1
888,13,700.2406522251214,13.88597786189819,1
888,14,-2.8856131760362613,-1.8027935979067586,2
888,15,-0.1855878394117638,-2.6271642546768352,2
888,16,-3.612320214628287,-2.4756905899717583,2
888,17,0.23800880229184906,3.369712821008258,2
888,18,9.612215040456531,-1.301110598376097,2
888,19,-2.8904688523985285,5.78110071637858,2
889,0,-713.1753099140503,-1.162808569809359,0
889,1,-700.4124015099786,-5.470783949492033,0
889,2,-694.752565907021,-8.616953423093774,0
889,3,-709.042897616155,-2.624032249401026,0
889,4,-704.4704177065304,1.4603136830362287,0
889,5,-706.5800134697203,0.5354892400225757,0
889,6,-706.487157627794,-0.835417150983436,0
889,7,-692.9360160387182,0.1563694229698355,0
889,8,729.3632639664337,16.45586734831554,1
889,9,704.0218975251464,11.901736655112451,1
889,10,720.3835775588367,12.335978062985227,1
889,11,712.6399126939219,12.153198769167831,1
889,12,714.142561447592,1.310161150519503,1
889,13,700.7634407351582,14.08558657504797,1
889,14,-2.753458747937463,-1.4209146099138126,2
889,15,-0.08881366100857227,-2.257269712271151,2
889,16,-3.7347965468181448,-2.338349650640917,2
889,17,0.02460295932375045,3.2793991178981345,2
889,18,9.618335692928229,-0.9013821602476066,2
889,19,-2.7080635812198404,5.9286910276946445,2
890,0,-714.038038430893,-0.8922918788328624,0
890,1,-701.0073017821251,-5.210444753767575,0
890,2,-695.6783098321856,-8.78565488587449,0
890,3,-709.8680920184577,-2.601680040226701,0
890,4,-705.5247536603031,1.3552755417899562,0
890,5,-707.6929113856263,0.897190210479146,0
890,6,-707.4618236172208,-0.8896922396181548,0
890,7,-693.6903111022401,0.08222233161341902,0
890,8,729.9565860775721,16.596639588574845,1
890,9,704.7783716884696,12.357410269477,1
890,10,721.3228403894169,12.659985008354806,1
890,11,713.3279772227594,12.261119808778732,1
890,12,714.9529460155367,1.5191861550055066,1
890,13,701.095101970996,13.692944888248823,1
890,14,-2.6754532736344103,-1.3632566708751495,2
890,15,-0.12748276131540381,-2.3693051327001333,2
890,16,-3.865927053570865,-2.3009446317287683,2
890,17,0.13769975061961143,3.454618668581936,2
890,18,9.6315269661816,-0.7983254244959169,2
890,19,-2.377716278746155,6.09183952432584,2
891,0,-715.1285797700598,-1.0509156593620284,0
891,1,-702.0534179756194,-5.058353478636754,0
891,2,-696.1150920955101,-8.757059507080951,0
891,3,-710.6701642092823,-2.469269184364196,0
891,4,-706.2514889350891,1.2247181347119356,0
891,5,-708.4596020638545,0.8156033185342312,0
891,6,-708.3418999458071,-1.0917331048527192,0
891,7,-694.598589813679,0.24645910767514742,0
891,8,730.7619275017034,16.512428434072827,1
891,9,705.5909577392185,12.409478220222109,1
891,10,722.3300883483005,12.572008005728671,1
891,11,714.0982182976275,12.229093135431189,1
891,12,715.7167513878688,1.5470654141656703,1
891,13,701.7954016917197,13.396801098028607,1
891,14,-2.7737234768086982,-1.3061190132177756,2
891,15,0.18816738090201368,-2.5163220276205274,2
891,16,-3.834731807045834,-2.2333225565285786,2
891,17,0.11195217947906332,3.167839704879985,2
891,18,9.5916181233807,-0.9917560330020267,2
891,19,-2.3046986355123766,6.351377936555809,2
892,0,-715.9912583281946,-0.8779103517657226,0
892,1,-702.6267611422654,-4.984972043586839,0
892,2,-696.9118527594195,-8.482172170663485,0
892,3,-711.4263980608662,-2.3898893074135823,0
892,4,-706.7086987273454,1.1630680211566682,0
892,5,-709.1998166301956,0.8748731515405632,0
892,6,-709.1168273307121,-1.2469317139423228,0
892,7,-695.1205880712677,0.4510653685929852,0
892,8,731.7047633570214,16.734847120345936,1
892,9,706.814682210297,12.621965890268935,1
892,10,723.4261783524504,12.664334092271416,1
892,11,714.7343102091256,12.316836648458196,1
892,12,716.6942356380641,1.6660084023547903,1
892,13,702.5485809602717,13.344764718027289,1
892,14,-2.752347865387268,-1.4878362502759226,2
892,15,0.23319348849684407,-2.4227493596410423,2
892,16,-4.059031657848627,-2.1626938864131886,2
892,17,0.026056496110059765,3.2446047793222363,2
892,18,9.407408378111377,-0.5948970135018574,2
892,19,-2.391317853708123,6.359257276023141,2
893,0,-716.793204156417,-0.9586385353065184,0
893,1,-703.2950391403668,-4.965977250878899,0
893,2,-697.3899106862012,-8.380879943953587,0
893,3,-712.1553176855491,-2.360342947207386,0
893,4,-707.3507024692923,1.4437031224484969,0
893,5,-709.6906315335293,0.8074097315757988,0
893,6,-709.7163588457188,-1.3805954498225,0
893,7,-695.8268607321152,0.48197513884529786,0
893,8,732.2750728708485,16.631228807678138,1
893,9,707.6093077587309,12.62726418995741,1
893,10,724.0984355786064,12.822708912415877,1
893,11,715.5672908408179,12.052415581705963,1
893,12,717.4836214484503,1.9550382261350294,1
893,13,703.3796077409091,13.064835973280857,1
893,14,-2.1894084923060375,-1.6750467376130893,2
893,15,0.17826085958277,-2.6467567634121965,2
893,16,-4.1517459103571355,-1.9104007569777326,2
893,17,0.3236583820865089,3.2493377109131947,2
893,18,9.023771646581416,-0.6078673669405993,2
893,19,-2.7138934291455983,6.513852751787154,2
894,0,-717.5170033462622,-1.2273069016116482,0
894,1,-704.0639515925246,-5.202355662499411,0
894,2,-698.0549809162985,-8.583017392514256,0
894,3,-713.0975483262197,-2.1926006266341367,0
894,4,-708.2100890643833,1.4306668494921457,0
894,5,-710.528259412917,0.736788796532388,0
894,6,-710.6089056516126,-1.5823970615080198,0
894,7,-696.7498586251778,0.8322361064950199,0
894,8,733.0695409183729,16.73491275336063,1
894,9,708.5815513830042,12.473730730171454,1
894,10,724.6555262241276,12.739198757474925,1
894,11,716.1527861398116,12.149992910356131,1
894,12,718.0131626136524,1.8108405928793396,1
894,13,704.3369456624544,13.212628281411524,1
894,14,-2.0657448754144765,-1.3661678141169842,2
894,15,0.4004683401501624,-2.610117577951047,2
894,16,-4.278539593023074,-2.0369798930169933,2
894,17,0.38247979206826127,3.2632400719108907,2
894,18,8.809743488766768,-0.6993105148504993,2
894,19,-2.5660547109653336,6.624715811432177,2
895,0,-718.5344217642424,-1.1023681318947012,0
895,1,-705.0128236046237,-5.333873602052105,0
895,2,-699.1283815677333,-8.335611894442465,0
895,3,-713.7167533428691,-2.11776241226323,0
895,4,-708.959121560229,1.7895713944023794,0
895,5,-711.6100318488332,0.8003615479797188,0
895,6,-711.4785867828336,-1.7279300515683749,0
895,7,-697.247197882411,0.9486180845475976,0
895,8,733.5117213817018,16.69242427531341,1
895,9,709.2299174573016,12.450031538343216,1
895,10,725.162746315542,12.80548546790825,1
895,11,717.0316637242182,12.125058244030164,1
895,12,718.6915455072572,1.9338479687276655,1
895,13,705.3180540642007,13.21857494011721,1
895,14,-1.8077879531661072,-1.3536649442333581,2
895,15,0.014524483956586232,-2.5581849734345368,2
895,16,-4.381646666596207,-1.849324932108999,2
895,17,0.47439814458637564,3.298842197306387,2
895,18,8.758317948734426,-0.463247156908013,2
895,19,-2.638025815587514,6.420456426293658,2
896,0,-719.2076384547681,-1.203040758639824,0
896,1,-705.4419455000508,-5.3297043716733805,0
896,2,-699.931927504587,-8.689959631591705,0
896,3,-714.6742600670262,-2.3468022827370016,0
896,4,-709.7348920713191,1.5631296041049765,0
896,5,-712.6298992813955,0.7642400297372597,0
896,6,-712.4682422952019,-1.8259428455030366,0
896,7,-697.7740124295101,1.033342246858818,0
896,8,734.4100813220502,16.60080637355587,1
896,9,710.0678203763264,12.22961574466339,1
896,10,725.8158241237851,12.475809386376246,1
896,11,718.1780743367796,11.824217702757547,1
896,12,719.6225315354677,1.973930833705207,1
896,13,705.9421613352363,13.163760913838676,1
896,14,-1.6908823142481193,-1.3804465044721514,2
896,15,0.0065798983387566345,-2.6411295337582406,2
896,16,-4.028539176125233,-1.9998035909154361,2
896,17,0.38860282865159845,3.3228314957424137,2
896,18,8.795512320207225,-0.20743456191861065,2
896,19,-2.6482323266580807,6.225126551683758,2
897,0,-719.7575695423042,-1.2380536910603508,0
897,1,-706.1687596566032,-5.036296497161334,0
897,2,-701.051830327175,-8.437485091708691,0
897,3,-715.3890901914824,-2.036510043024599,0
897,4,-710.5914844767025,1.502288523332677,0
897,5,-713.4026229796839,0.7653746250485182,0
897,6,-713.5250358409422,-2.051201312112766,0
897,7,-698.6528209898651,1.0678236267446197,0
897,8,735.3019398176333,16.172792663191725,1
897,9,710.808028033531,12.286807493954733,1
897,10,726.5311837625388,12.50124573668632,1
897,11,718.6322898997636,11.751872455192395,1
897,12,720.2993733697368,2.000333156688654,1
897,13,706.6229925405956,13.075546810557505,1
897,14,-1.3955546633069202,-1.4273568808202342,2
897,15,-0.05997102680816174,-2.5164600386943183,2
897,16,-4.197156070423663,-1.915718818821797,2
897,17,0.7781248739096666,3.3743071846052257,2
897,18,9.257421168603628,-0.2122822715754288,2
897,19,-2.5431440960191267,6.434229762659093,2
898,0,-720.8266150539052,-1.2204855898929745,0
898,1,-707.2645811158097,-5.1159433294332235,0
898,2,-701.7334923318163,-8.206422332035697,0
898,3,-715.898834785527,-2.0457375898666696,0
898,4,-711.6977528509634,1.404376777537959,0
898,5,-714.2058560546625,1.1578738521680763,0
898,6,-714.5692931176353,-2.0451764591069495,0
898,7,-699.7673429871082,1.1381754297036235,0
898,8,736.0138190089542,16.050834586533384,1
898,9,711.4764678844424,12.12236354447377,1
898,10,726.9218324498773,12.758909485036485,1
898,11,719.018774352178,11.705089903815296,1
898,12,721.1505550402306,1.9635788204188438,1
898,13,707.2099727089375,13.244411667143277,1
898,14,-1.1296604298265875,-1.2685169600219464,2
898,15,0.07273717347102746,-2.7164815884225675,2
898,16,-4.244115761024658,-1.7026522833901543,2
898,17,0.8304673794825336,3.545806794659265,2
898,18,9.166186988579641,-0.1848551171141029,2
898,19,-2.4426960274483527,7.034633015541703,2
899,0,-721.5770888494578,-1.262072162191203,0
899,1,-707.8376226480445,-5.286111093291049,0
899,2,-702.7593268610923,-8.030219283906389,0
899,3,-716.8380607239643,-2.0181613814510175,0
899,4,-711.9993307296154,1.4760152379402711,0
899,5,-714.8987915997246,1.1816149654046215,0
899,6,-715.4208002100952,-2.0452526845705834,0
899,7,-700.8834431745212,0.8957270549451976,0
899,8,736.8958244216462,16.3388600592223,1
899,9,712.5459566324805,12.131635224587027,1
899,10,727.7787249519145,12.972742165359865,1
899,11,719.7280587358562,11.84292317076381,1
899,12,722.2189818267823,2.030339848411129,1
899,13,708.3361263184621,13.699056966780535,1
899,14,-1.2762266704793563,-0.9692365566939825,2
899,15,-0.014852196184876237,-2.7459668892775118,2
899,16,-4.232891392610105,-1.3992047275271398,2
899,17,0.6805152578907876,3.12261682804913,2
899,18,8.802974815252469,-0.05325701788733028,2
899,19,-2.2286031210064277,6.843119227229314,2
900,0,-722.4606193326592,-1.180799069683594,0
900,1,-708.5398809868778,-5.515934741444252,0
900,2,-703.3001059962647,-8.011628698259024,0
900,3,-717.5236248679394,-2.0942118611051423,0
900,4,-713.1841303765333,1.5938129798645495,0
900,5,-716.0949936019899,0.9568873953699807,0
900,6,-716.1467074304945,-1.7133442259817506,0
900,7,-701.5566542681338,1.1931576388098153,0
900,8,737.5398350751486,16.30528278779601,1
900,9,713.2025755092138,11.938120845880563,1
900,10,728.5368403038688,12.903529160803988,1
900,11,720.2846971546431,11.855279649163137,1
900,12,722.9921068340706,1.7823253215413724,1
900,13,709.249931955264,13.951185580483932,1
900,14,-1.0119336736622295,-1.0559149090400899,2
900,15,0.21537373396351328,-2.4119733035977196,2
900,16,-4.121433799283945,-1.41081961823311,2
900,17,0.5985801063466623,2.9423232153422365,2
900,18,9.04637970641809,-0.15715466761303307,2
900,19,-2.3596935224034055,7.235243706264426,2
901,0,-723.0505423469277,-0.8633556991210147,0
901,1,-709.5361388223424,-5.590169630767665,0
901,2,-704.1989108242032,-7.95788736659421,0
901,3,-718.4715878342827,-2.082692307543784,0
901,4,-713.6702218950988,1.8160191031567625,0
901,5,-717.09443940731,0.7874632371754203,0
901,6,-717.0446227340989,-2.1442088568807285,0
901,7,-702.425146863707,1.0778480693761239,0
901,8,738.4533734030164,16.012163775994132,1
901,9,713.9706494386239,11.88640190192273,1
901,10,729.4008197190799,13.114138438458484,1
901,11,721.2110030336515,12.036900779147194,1
901,12,723.7622179778879,1.8399819194075675,1
901,13,709.682742751427,13.98960635526521,1
901,14,-0.9909931636478406,-1.211992660102783,2
901,15,0.5848699016578207,-2.427904403101716,2
901,16,-4.462446040230802,-1.3504546226408345,2
901,17,0.7200275224746405,3.0423559521901486,2
901,18,9.108644962376342,0.01811328757469352,2
901,19,-2.1923079107420063,7.267681583008823,2
902,0,-723.8147382318053,-0.9150696090732903,0
902,1,-709.9867975081415,-5.701384768131366,0
902,2,-704.9522198468105,-7.879404287758175,0
902,3,-718.849676004605,-2.0415266734226574,0
902,4,-714.3701396537334,1.5761249551537064,0
902,5,-717.9944062136741,0.8676567135768802,0
902,6,-717.2949623026641,-2.080311788950025,0
902,7,-703.148936029819,0.8565369868365242,0
902,8,739.2709951948829,16.000474539768387,1
902,9,714.9658701082996,11.871285594495673,1
902,10,729.8106539507309,13.27871345503101,1
902,11,722.0559364401497,11.804186207766131,1
902,12,724.4907757823539,2.0210915878680864,1
902,13,710.4784568163528,14.205417583933738,1
902,14,-0.8677928195965121,-0.9228928518064615,2
902,15,0.7603022899331195,-2.3970959261861355,2
902,16,-4.47888413836818,-1.4222356965698244,2
902,17,0.7693667689657093,3.2801311353543112,2
902,18,9.464284206488083,-0.36107228199380825,2
902,19,-1.889143487973769,7.710301079148287,2
903,0,-724.4186627037033,-1.0087147614859,0
903,1,-710.7306098583969,-5.787019164046463,0
903,2,-705.3070717155867,-8.145216971314687,0
903,3,-719.6445793945718,-2.1104610356962286,0
903,4,-715.0294582206427,1.3328588672143424,0
903,5,-718.9250839543324,0.44782175860883505,0
903,6,-717.7953455957535,-2.5144434377487546,0
903,7,-703.802594563204,0.9309706429317606,0
903,8,739.8510401989696,15.86158117643189,1
903,9,715.7913993909791,11.736275493974833,1
903,10,730.6196249602534,13.100272946243958,1
903,11,722.2249630992766,11.630103019034957,1
903,12,725.1664899940699,1.662419232761841,1
903,13,711.1263601074749,14.261874466924516,1
903,14,-0.9791048255550895,-0.5552321125821122,2
903,15,1.1057285337270935,-2.4566636897203726,2
903,16,-4.297078879754846,-1.15175752275043,2
903,17,0.42400779224316965,3.217987900568151,2
903,18,9.749013213500431,-0.5088221170125095,2
903,19,-1.9277711082611826,7.847107540556821,2
904,0,-725.134360981313,-1.3389385424480038,0
904,1,-711.623597451356,-5.632134578003596,0
904,2,-706.4206175280952,-8.227106295232959,0
904,3,-720.3778870996405,-2.0507877219659774,0
904,4,-715.5790346948556,1.4716389679863875,0
904,5,-719.5105786354179,0.7042524669979933,0
904,6,-718.4069908741357,-2.876643186371857,0
904,7,-704.4602631268871,0.8423422130745372,0
904,8,740.7753075852826,15.819409381905647,1
904,9,716.8464423580864,11.639548087778426,1
904,10,731.7809979696506,13.063749589541729,1
904,11,722.9796180089634,11.531048078456404,1
904,12,725.8291568577985,1.6381681613301773,1
904,13,711.5760259621442,14.095943133028582,1
904,14,-0.713748783607546,-0.4902630870745779,2
904,15,1.4374936683596313,-2.6071498749762974,2
904,16,-4.031634150931703,-0.9676620631208834,2
904,17,0.40717623232494454,3.557789835603529,2
904,18,9.467239450270808,-0.6702641579191232,2
904,19,-1.6760988529188308,7.623857121632791,2
905,0,-725.9109562172066,-1.1389407838109473,0
905,1,-712.269911217724,-5.538863130205154,0
905,2,-707.0780253861104,-8.278295725132464,0
905,3,-721.1079336354159,-1.9489463499992776,0
905,4,-716.8343341693653,1.5345562252754807,0
905,5,-720.2731238140251,0.9906028906268132,0
905,6,-719.1192348547781,-2.8355171314322347,0
905,7,-705.4375234937842,0.7851843436914433,0
905,8,741.481215935218,15.5507974070214,1
905,9,717.737586784364,11.45559932424549,1
905,10,732.6624412469515,13.070297420508766,1
905,11,723.7311003330607,11.602389962420881,1
905,12,726.5742094830597,1.5040435422478238,1
905,13,712.3333692122176,14.163045466405805,1
905,14,-0.6049242089136915,-0.23042144569453454,2
905,15,1.5753998645455347,-2.860097624017261,2
905,16,-3.8461174831420317,-0.9274826987189978,2
905,17,0.15020852849949923,3.3403694357489164,2
905,18,9.215284228064185,-0.6184259792775375,2
905,19,-1.5524755209278258,7.519671885339747,2
906,0,-727.2462928585893,-0.8371040298992796,0
906,1,-713.3689535172659,-5.756981063571924,0
906,2,-707.6580621151642,-8.253838676145932,0
906,3,-721.7809744612514,-1.9572292082114928,0
906,4,-717.2081682633295,1.7426289927064473,0
906,5,-721.0098826804434,0.8171745378859366,0
906,6,-719.8465087845198,-2.6486682297867845,0
906,7,-706.1598183685189,0.6399712868884221,0
906,8,742.0409739941356,15.597546891027159,1
906,9,718.8538007735708,11.274122746959717,1
906,10,733.5609043930135,12.855450059118095,1
906,11,724.7192016159812,11.544502416719368,1
906,12,727.5287994774126,1.3835380719973,1
906,13,712.9984711373418,14.108697403318457,1
906,14,-0.7688882275375657,-0.3041952626218385,2
906,15,1.8537850786821206,-2.7603537106382743,2
906,16,-3.699601751632006,-0.9257716108242856,2
906,17,-0.017935286068798878,3.1509913820197486,2
906,18,9.21994168110313,-0.6447530343466252,2
906,19,-1.6775893455878146,7.2416913241122005,2
907,0,-728.0570309636977,-1.1000489375535798,0
907,1,-713.9259945063496,-5.679869254198954,0
907,2,-708.1475753506945,-8.021475562840317,0
907,3,-722.6123910658483,-1.7325491735068022,0
907,4,-717.8517786446059,1.7251160991121175,0
907,5,-721.9215304287004,0.7892022377665067,0
907,6,-720.3750065504272,-2.671179226720595,0
907,7,-707.2875180476026,0.7721394313376508,0
907,8,742.7363836172854,15.665901013088215,1
907,9,719.5592915938188,10.93238099028329,1
907,10,734.8121513610218,12.832524341102618,1
907,11,725.3377451514021,11.342929610769758,1
907,12,728.3530797876225,1.6302632554065835,1
907,13,713.6918073211942,14.329097165907944,1
907,14,-0.8239817962318258,-0.14488642363941473,2
907,15,2.085242692527789,-3.007441373574382,2
907,16,-3.840590777782358,-1.06103671981647,2
907,17,0.3510334470523122,3.104832070705123,2
907,18,9.363479312835645,-0.7510442394072443,2
907,19,-1.6733664849930423,7.37143627928967,2
908,0,-728.8713772817003,-1.2115710058899753,0
908,1,-714.6443903895388,-5.659954649214919,0
908,2,-708.9293387632357,-8.198272084513407,0
908,3,-723.6574713029416,-1.8131557210522171,0
908,4,-718.8869135816798,1.404788512447372,0
908,5,-722.7026292742107,1.1249351794734144,0
908,6,-721.3665849492821,-2.2670915280063997,0
908,7,-708.2896368340618,0.5757589649916548,0
908,8,743.8318323797658,15.545625032081894,1
908,9,720.3576572896668,10.959169353872452,1
908,10,735.8084333318095,12.719366210519693,1
908,11,726.3199980721123,11.089119512437282,1
908,12,728.7726745467646,1.7508216378559525,1
908,13,714.2863548709466,14.46426676135971,1
908,14,-1.165179932360663,-0.10345902151564701,2
908,15,2.132110874063893,-2.9446160441024154,2
908,16,-3.575156560916658,-1.2110114578427698,2
908,17,0.38286777413528594,2.8985020994239425,2
908,18,9.170884457437618,-0.4926844351444731,2
908,19,-1.7243342031284767,7.205648423935819,2
909,0,-729.7359495591562,-1.5524435287111964,0
909,1,-715.4656880633546,-5.624952468656951,0
909,2,-709.4662876466932,-8.423623517769293,0
909,3,-724.4637644167565,-1.8837644205768855,0
909,4,-719.7434268395135,1.4478294195176815,0
909,5,-723.5671516660792,1.0412721583624531,0
909,6,-722.2331383825986,-1.9765885774853835,0
909,7,-709.0690503751476,0.7579827681453408,0
909,8,744.7906701646855,16.00597634821267,1
909,9,721.1934778866649,10.802971843050615,1
909,10,736.3693900520229,12.872819320908164,1
909,11,727.1479004480874,10.998402613379946,1
909,12,729.6814261836751,1.5995244240066704,1
909,13,715.4630573402357,14.736599833625972,1
909,14,-1.0843859232521154,0.4325933119970886,2
909,15,2.0949612089206955,-2.9236402090645486,2
909,16,-3.251285282781351,-1.164278993307939,2
909,17,0.8149116894400492,2.9269292892012,2
909,18,9.208944028570919,-0.7609966569746219,2
909,19,-1.4057354751247582,7.191138257753929,2
910,0,-730.3612400611765,-1.5254388601421613,0
910,1,-715.9335903848125,-5.826776633396226,0
910,2,-710.0021254005331,-8.546276720158733,0
910,3,-725.1100341260269,-1.8865170090998817,0
910,4,-720.3495512196666,1.6428698117914415,0
910,5,-724.6310343141928,1.219126534318611,0
910,6,-723.0774555380889,-1.8412118686368901,0
910,7,-709.7753952720975,0.6111159611621454,0
910,8,746.1341413831777,15.716318213504843,1
910,9,721.9153211546798,10.594920103588112,1
910,10,737.2891477547191,12.836182819192015,1
910,11,727.8377120077937,10.924799431020428,1
910,12,730.5442762959455,1.7745941060379713,1
910,13,716.5380913964069,15.11774982326087,1
910,14,-1.313867801362726,0.49562162272392235,2
910,15,1.8069258812060627,-2.831849740577183,2
910,16,-3.247102860844705,-1.262307640801038,2
910,17,0.7871792009529013,3.2647988525224694,2
910,18,9.029679069968422,-0.6755639674033592,2
910,19,-1.669980252690565,7.076611846954456,2
911,0,-731.2712978235961,-1.9447868043417824,0
911,1,-716.7060926108093,-5.8342332194722895,0
911,2,-710.9723395628378,-8.568789839836775,0
911,3,-726.150607083077,-1.8318636621552773,0
911,4,-721.2122866689255,1.5809396985884767,0
911,5,-725.0263419500083,1.5206596274397912,0
911,6,-723.8953939119612,-1.6393253010227724,0
911,7,-710.492132875507,0.844138956148331,0
911,8,746.8049463427054,16.106746023538772,1
911,9,722.7545132069276,10.665734635021241,1
911,10,738.1786094778502,12.700837098799996,1
911,11,728.5182556540705,10.90253573183373,1
911,12,731.5128890405309,2.0734005103813216,1
911,13,717.5648192709546,14.86706295595036,1
911,14,-1.3166950438321776,0.6130571206426318,2
911,15,1.8819771603381406,-2.625921740257493,2
911,16,-3.5221116246276662,-1.1948030346859526,2
911,17,0.6484754819659055,3.2175925712269478,2
911,18,8.821588746113893,-0.8569578614211887,2
911,19,-1.4362209985452772,7.086298116068362,2
912,0,-731.6998232115021,-1.7292333061642768,0
912,1,-717.8244163134982,-5.814923004716833,0
912,2,-711.5867187148953,-8.897126357729894,0
912,3,-727.0769542596294,-1.544871814612474,0
912,4,-721.8390614844883,1.5604261924435503,0
912,5,-725.5227306140195,1.6263888499335781,0
912,6,-724.6443205698785,-1.5414449670079953,0
912,7,-711.2760553840365,0.896505945339343,0
912,8,747.6671122045886,16.106600685073236,1
912,9,723.3947524795791,10.699947079586103,1
912,10,739.1949003573477,12.794318003411648,1
912,11,729.3665150136353,10.80513835560422,1
912,12,732.3109329097072,1.915689485666925,1
912,13,718.5443997555091,15.009453546229665,1
912,14,-1.3849909810096317,0.4280024619573789,2
912,15,1.9771157672320125,-2.748155963418586,2
912,16,-3.4338659449282165,-1.0233054415710907,2
912,17,0.936151219725092,3.766706300491518,2
912,18,8.666933388241134,-0.7873406588419756,2
912,19,-1.442927403940902,7.057402394032186,2
913,0,-732.2578556608189,-2.0095960548833207,0
913,1,-718.9322222076321,-5.574235435403569,0
913,2,-712.625767966318,-8.638491850346565,0
913,3,-727.9428332619328,-1.1995851584835442,0
913,4,-722.5671154310488,1.9879993498805737,0
913,5,-726.1740796028519,1.3504856911783178,0
913,6,-725.1957020733962,-1.5883909637999276,0
913,7,-712.2284266765118,1.0933238421328786,0
913,8,748.4222577532497,16.13720431925952,1
913,9,724.650879560197,10.466479449642504,1
913,10,739.9225259549601,12.665219045610522,1
913,11,730.3773570032888,10.86086975203142,1
913,12,733.157421800902,1.761210805394839,1
913,13,719.1491102406053,14.853166646189063,1
913,14,-0.9658055594996642,0.36042529452585503,2
913,15,2.055812237250585,-2.864015434314109,2
913,16,-3.2646850738137267,-0.6459554485048139,2
913,17,0.8631479727340197,3.604806546868184,2
913,18,8.889310784868842,-0.6911181864967921,2
913,19,-1.588041713584081,7.002512349968899,2
914,0,-733.1986757764316,-2.1243097357408915,0
914,1,-719.7839970220623,-5.3386533432961025,0
914,2,-713.3255040176555,-8.636867111900964,0
914,3,-728.7172777793247,-0.8067744646192074,0
914,4,-723.552211409074,1.8313155063742887,0
914,5,-726.7793491257379,1.4760635172930108,0
914,6,-725.931446737747,-1.6669525927648807,0
914,7,-713.0906693453968,1.2759104462931323,0
914,8,749.3773147219763,16.147552727490083,1
914,9,725.7185861901894,10.70796442142747,1
914,10,740.744597971737,12.722078440440443,1
914,11,731.280655445921,10.67837042060509,1
914,12,734.0433546693915,1.828440700969046,1
914,13,719.9176679794263,14.64544223343366,1
914,14,-1.0225228680128162,-0.12645746459466334,2
914,15,2.0091705354946217,-2.925422595779878,2
914,16,-3.145595483961186,-0.34349681954180444,2
914,17,0.655149318185197,3.557298568575372,2
914,18,9.015135363891265,-0.5778617634318676,2
914,19,-1.692863133525552,6.682796274235282,2
915,0,-734.2103732512203,-2.227471814527829,0
915,1,-720.3850871238425,-5.14044709911506,0
915,2,-714.3780639135983,-8.613549899230513,0
915,3,-729.683344622966,-0.7952841793520544,0
915,4,-724.6330413452157,2.0215599531399886,0
915,5,-727.853057731513,1.7359086542011062,0
915,6,-726.8635869869584,-1.9521075691729788,0
915,7,-713.6377604513052,1.0436956457723547,0
915,8,750.1648743488389,16.235048152301413,1
915,9,726.3588301210567,10.804681393734834,1
915,10,741.4885023896956,12.40649843725691,1
915,11,732.1266425265362,10.416556911467632,1
915,12,734.5550656309115,2.208327641700209,1
915,13,720.8107890104288,14.564836664205483,1
915,14,-1.3908793331002363,0.1420103374878977,2
915,15,1.8448467617504214,-2.684974376906464,2
915,16,-3.1784369550801657,-0.3543359918751699,2
915,17,0.6299612091516236,3.3801820807663643,2
915,18,8.860982834410931,-0.21740625138702935,2
915,19,-1.6982072731262123,6.631316731037001,2
916,0,-734.7080875870229,-2.305236084173143,0
916,1,-721.4199976258232,-5.27229404957262,0
916,2,-715.1509675151173,-8.60089240383261,0
916,3,-730.6724376892145,-0.8815853250814748,0
916,4,-725.3198001088348,2.0784634902222945,0
916,5,-728.8635251435096,1.498016080648483,0
916,6,-727.536118344391,-1.8967050893097566,0
916,7,-714.5051857799605,0.9601091448023115,0
916,8,751.0445388862368,15.991176220330953,1
916,9,727.1442442516108,10.457845781566634,1
916,10,742.22226866642,12.423297254763112,1
916,11,732.7415302645067,10.712475366229159,1
916,12,735.3809299266317,2.1215108821309743,1
916,13,721.7611836850222,14.366298811755453,1
916,14,-1.2948892386475181,0.02137656769708124,2
916,15,2.1199346778819974,-2.878689265750619,2
916,16,-3.4268194116778266,0.1451626767467894,2
916,17,0.3969923830085175,3.1725337296096185,2
916,18,8.891968315324513,-0.3476357283497884,2
916,19,-1.4176438589777112,6.6135612499510525,2
917,0,-735.8278011479272,-2.026374862463722,0
917,1,-722.032848621281,-5.176522644953318,0
917,2,-715.71777647344,-8.20575414882362,0
917,3,-731.2670866900952,-0.745453270749044,0
917,4,-725.9876915255395,1.3683965352916398,0
917,5,-729.6514784827239,1.3866707601548942,0
917,6,-728.4657879791234,-2.411515574914962,0
917,7,-715.122488068621,1.2295193378992888,0
917,8,751.9841615170951,16.1897214486779,1
917,9,727.8992749581652,10.371770956471376,1
917,10,743.0038474934229,12.434966991021247,1
917,11,733.3639953487664,10.353905044254544,1
917,12,736.4278247848129,2.3756309965474482,1
917,13,722.4196203989845,14.367234174957833,1
917,14,-1.4243604584641463,0.15466092383528252,2
917,15,1.911539973692067,-2.816972144373474,2
917,16,-3.737393496169885,-0.20838899140509737,2
917,17,0.3532502722491131,2.7720992140018357,2
917,18,8.95482538971234,-0.6373190993500267,2
917,19,-1.5464834024997287,6.599299020206324,2
918,0,-736.3919202268656,-2.0368341642138104,0
918,1,-722.8956589419514,-4.8825253187333555,0
918,2,-716.5509064615171,-8.271097583243305,0
918,3,-732.4173527725692,-0.744579293131059,0
918,4,-726.7672027286352,1.525569175002369,0
918,5,-730.166652659689,1.337581536299999,0
918,6,-729.4256698648664,-2.6800156780057582,0
918,7,-715.8520762921034,1.2406632130278228,0
918,8,752.8187196844445,16.228809049475572,1
918,9,728.5453909427233,10.65407813755306,1
918,10,743.9457758782188,12.780228303022419,1
918,11,734.2112459584339,9.896433171990406,1
918,12,737.085594419373,2.6688432526297534,1
918,13,723.1728671836877,14.017635172895712,1
918,14,-1.6405548622618837,-0.0349599292094982,2
918,15,1.8262216652405063,-2.7936071399005895,2
918,16,-3.986197685447297,-0.6595246911126593,2
918,17,0.2244643674543118,3.218879217104614,2
918,18,8.92978834796298,-0.6779855757603526,2
918,19,-1.6511670889125831,6.480104197193691,2
919,0,-736.9670913925684,-2.451530202997727,0
919,1,-723.6871641604555,-4.817734889187309,0
919,2,-717.120133315964,-8.256317628068924,0
919,3,-733.1358406476656,-0.6972052090362117,0
919,4,-727.2572285895868,1.43561774022567,0
919,5,-730.9711940438148,1.2674875911770052,0
919,6,-729.8610343641731,-2.716590817003517,0
919,7,-716.8123954461737,1.494282286767255,0
919,8,753.8196849997553,15.981389287213505,1
919,9,729.073248471321,10.586585141269245,1
919,10,744.8516081787869,12.743931112309038,1
919,11,735.0358216065707,9.851343711425859,1
919,12,737.7413721584994,2.5674218263224557,1
919,13,723.9421144708498,14.227300353184702,1
919,14,-1.7414345590374123,-0.06094634872581245,2
919,15,1.8530229214505094,-3.063071200858112,2
919,16,-4.549027154392924,-0.6754098077518129,2
919,17,0.26116617776693407,3.1357713110063363,2
919,18,9.091497060669724,-0.5258385344449302,2
919,19,-2.0132060912587004,6.729360018941579,2
920,0,-737.7243287621153,-2.679571775528767,0
920,1,-724.7509909768548,-4.516085289646313,0
920,2,-717.7916618731061,-8.29985646218826,0
920,3,-733.7779180923872,-0.6568383486789611,0
920,4,-728.1781506963747,1.2651448079128296,0
920,5,-731.7177148855469,1.1441222446670147,0
920,6,-730.2982426821393,-2.9839066656118094,0
920,7,-717.794554613066,1.5836166933746139,0
920,8,754.2954937317777,15.802407750494412,1
920,9,730.1805330834992,10.61623491823842,1
920,10,745.7131674861876,12.961973999960549,1
920,11,735.7617838448041,9.822460611818192,1
920,12,738.617289643643,2.526222408415014,1
920,13,725.1569580690314,14.168695554508115,1
920,14,-1.5416326904671258,-0.2600332850512357,2
920,15,1.9735520669861968,-3.3197515371240014,2
920,16,-4.633514190138175,-0.891452302772276,2
920,17,0.20544805418735856,2.963281200275075,2
920,18,9.327195230702742,-0.38992620857793187,2
920,19,-2.251852190542756,6.709093799732011,2
921,0,-738.4936236578129,-2.9704208208811114,0
921,1,-725.5790158067906,-4.725316482435598,0
921,2,-718.7060076143405,-8.098834709172621,0
921,3,-734.5629348819218,-0.37515252929562504,0
921,4,-729.2624663767542,0.854309272687352,0
921,5,-732.3946799695711,1.0538704180625182,0
921,6,-731.1967565378346,-3.2591670798145964,0
921,7,-718.9047942056189,1.6325763228883596,0
921,8,755.0880341086358,16.141252614805143,1
921,9,731.1263085030137,10.66312186183483,1
921,10,746.3244620025222,13.585400861024027,1
921,11,736.5016691580895,9.680850589726333,1
921,12,739.2256630352293,2.30824429538601,1
921,13,725.9680960851997,14.437112583187943,1
921,14,-1.7312110364725402,-0.2516977426865984,2
921,15,2.2375189984454424,-3.2927305126298636,2
921,16,-5.095284470385008,-1.165465730067178,2
921,17,0.5303439419863167,2.811310175164818,2
921,18,9.434782942942922,-0.45895533146550327,2
921,19,-2.2224213737312213,6.668479323643682,2
922,0,-739.4353724368082,-2.9276844297677367,0
922,1,-726.4800431087808,-4.561112897193313,0
922,2,-719.4012908283306,-7.921024010769666,0
922,3,-735.4818199318071,-0.41301049454283506,0
922,4,-729.9414655375988,0.8320532885101637,0
922,5,-733.2755247648262,1.108566486984933,0
922,6,-732.0478020872467,-3.0980996700939856,0
922,7,-719.9884080814768,1.383419843181833,0
922,8,755.9209204628236,15.965024209403747,1
922,9,731.9570468392048,11.259919691968564,1
922,10,746.9665506462445,13.39489395459812,1
922,11,737.5966776579637,9.855977346466426,1
922,12,739.9823168836697,2.634667647642382,1
922,13,726.5197335593571,14.471262718775204,1
922,14,-1.9076803454541442,0.3649939923435639,2
922,15,2.0530519358208155,-2.976799430972424,2
922,16,-5.530358764605853,-1.252856169426293,2
922,17,0.3548552578870849,2.446883274569313,2
922,18,8.986863316289327,-0.7373638146693019,2
922,19,-2.5149449333727323,6.787107749773478,2
923,0,-739.7893490055957,-2.773786812670977,0
923,1,-727.1280251963665,-4.5670241127047175,0
923,2,-719.8337207843831,-7.977653821150222,0
923,3,-736.1934781380179,-0.1885567135466272,0
923,4,-730.7345519969357,0.6217391501689428,0
923,5,-734.4087130480241,1.0261909976686039,0
923,6,-732.8297312389373,-2.834741124026161,0
923,7,-720.6365854843087,1.4596367118988176,0
923,8,756.9771953809656,16.2467160954564,1
923,9,733.1458151593623,11.435943327866777,1
923,10,747.7629556609633,13.230076179901383,1
923,11,738.6874027152405,10.19998628539385,1
923,12,740.6682976958691,2.4675293562343388,1
923,13,727.3337952479035,14.583544108435675,1
923,14,-2.077305441476508,0.14207806679150942,2
923,15,2.076559046134244,-3.2457964337475453,2
923,16,-5.496409783392577,-0.9437554656652241,2
923,17,0.5016888365862232,2.019843974162577,2
923,18,8.96755428142126,-0.910651793264085,2
923,19,-2.718915217430792,6.527610039725526,2
924,0,-740.4676077118228,-2.932770565514553,0
924,1,-728.0960488713642,-4.466485583468891,0
924,2,-720.0152658604095,-8.164284375063916,0
924,3,-736.9291840834261,-0.4055495696334176,0
924,4,-731.4916486522104,0.5062487700643883,0
924,5,-735.1059042828197,1.2920899279322198,0
924,6,-733.9835077729101,-2.900160519643322,0
924,7,-721.170206129739,1.6992652696232635,0
924,8,757.6875640131937,16.02684977549723,1
924,9,733.9300818570597,11.565314005784455,1
924,10,748.6395852841306,12.985790162055345,1
924,11,739.2844223779523,10.181823300336054,1
924,12,741.418371924115,2.2805283086091737,1
924,13,728.1086339633669,14.608369286265201,1
924,14,-1.808708994846787,-0.3512307926756073,2
924,15,2.194193831458769,-3.2771339257330943,2
924,16,-5.310745363518564,-1.1142582984253742,2
924,17,0.37780470274754857,1.6479134327487475,2
924,18,9.085911956525733,-1.0263464755480312,2
924,19,-2.92658281683398,6.315113217690054,2
925,0,-741.3325597146866,-2.4485144117113955,0
925,1,-729.0816925009176,-4.404461936068431,0
925,2,-720.9122636671037,-8.355016376427423,0
925,3,-737.5537439966662,-0.4216572914642717,0
925,4,-732.341425806109,0.6112941405242354,0
925,5,-735.7527041054467,1.0624157049502454,0
925,6,-735.0727121536611,-2.7984911766402507,0
925,7,-721.750496136496,1.5828326225570102,0
925,8,758.5263935586503,16.003706766202928,1
925,9,734.7463621904294,11.5593409858473,1
925,10,749.5334021964071,13.01736703605875,1
925,11,739.9593315878142,10.210710012124277,1
925,12,742.4041459043841,2.252930559068313,1
925,13,729.1687176397857,14.532260142681903,1
925,14,-1.8790406007863143,-0.1559574184033169,2
925,15,2.1951080537217194,-3.263846493634983,2
925,16,-5.133929465397433,-0.7833014740989381,2
925,17,0.1787089405826967,1.4580693873361936,2
925,18,9.017103729475487,-0.7836603176105925,2
925,19,-3.443363385182563,6.176550246723224,2
926,0,-742.4094782744049,-2.154238293679283,0
926,1,-730.0067531041548,-4.681284853420653,0
926,2,-721.6676145068369,-8.158212421649951,0
926,3,-738.4729010061909,-0.7397082279824148,0
926,4,-732.9461879190751,0.5594217996554541,0
926,5,-736.5538943712888,1.5009384158708299,0
926,6,-735.7785254992134,-2.6066173778739947,0
926,7,-722.7714429893194,1.7434683815452603,0
926,8,759.1998338856209,16.12123358964103,1
926,9,735.2167812748219,11.533216702946323,1
926,10,750.2090461310864,13.060094446740042,1
926,11,740.7073233034869,9.975255905947549,1
926,12,743.0982247116452,2.448672442346432,1
926,13,729.8754845588036,14.68116026230406,1
926,14,-1.6098751201493904,-0.2409629328876258,2
926,15,2.1498813957382095,-3.429036941802769,2
926,16,-4.977823046703932,-0.9086387160227241,2
926,17,-0.05347323808636528,1.462467976347145,2
926,18,9.015487289438724,-1.050136404321572,2
926,19,-3.3235233776801,6.21438311574589,2
927,0,-743.3399901031675,-2.0611469944780234,0
927,1,-730.495293103351,-4.630312025642003,0
927,2,-722.3810726255853,-8.05845166972327,0
927,3,-739.3959369747406,-0.9588192249423971,0
927,4,-733.6496120513834,0.7369650819415211,0
927,5,-737.6553873011048,1.3673980188670016,0
927,6,-736.8900598384275,-2.5643781816809925,0
927,7,-723.4813992715198,1.8464244454682854,0
927,8,760.1066379908718,16.395193860719587,1
927,9,735.6700710407331,11.391543856865558,1
927,10,751.1431644885826,12.666956660951683,1
927,11,741.3229726084832,10.254774942933727,1
927,12,743.745475935712,2.1843624353583375,1
927,13,730.8035357274259,14.478834135337397,1
927,14,-1.2423610166895303,-0.4524798406849514,2
927,15,1.8411531743536091,-3.1584545054073465,2
927,16,-5.106460646843664,-0.7791969749031668,2
927,17,-0.09876355286371404,1.430007060764788,2
927,18,9.105121637388837,-1.3537835746409126,2
927,19,-3.4136189557584142,5.950796099177567,2
928,0,-744.1022181534257,-2.000113383282338,0
928,1,-731.126875933265,-4.712051046768965,0
928,2,-723.2107102240376,-8.08416573382493,0
928,3,-740.142719964537,-1.3861435401577975,0
928,4,-734.3420864998977,0.8159922107776563,0
928,5,-738.2089959164748,1.2702280104164414,0
928,6,-737.6464210837587,-2.5023790319794514,0
928,7,-724.0762412739392,1.957569012798298,0
928,8,761.4842651391484,16.291969780009325,1
928,9,736.1605485227354,11.434244784400656,1
928,10,752.3327785796328,12.69908419177551,1
928,11,741.7292752992813,9.612684615833729,1
928,12,744.4318588727393,2.3472175619519087,1
928,13,731.9661683199209,14.084851069865033,1
928,14,-1.5690876211316154,-0.41985871606270264,2
928,15,1.6245790209177857,-3.056369440381467,2
928,16,-4.934730146156383,-0.8840063642081879,2
928,17,-0.08148098592428571,1.073499287568123,2
928,18,8.987289129208762,-1.7466404864860814,2
928,19,-3.454978364507512,5.894282520101554,2
929,0,-744.9866778087085,-1.6854361570722851,0
929,1,-732.0554909650084,-4.305122570404937,0
929,2,-724.4008615143448,-8.073282405858622,0
929,3,-741.1608917087606,-1.6914302869461797,0
929,4,-735.244401855901,0.8400487837079401,0
929,5,-739.2465144600603,1.2248610945194123,0
929,6,-738.5289173824195,-2.7115561272136888,0
929,7,-724.7677742696262,1.5771208978112434,0
929,8,762.5398538894242,16.098055901066434,1
929,9,736.6846777768355,11.14374518615283,1
929,10,753.3551895971965,12.8157245766417,1
929,11,742.1594736738889,9.3520830116342,1
929,12,744.8988929322575,2.243857585859204,1
929,13,733.0813839940209,14.078337083879061,1
929,14,-1.6906921262786583,-0.6398394873292212,2
929,15,2.108357799381095,-2.9803583241666582,2
929,16,-5.0922575323272525,-1.0307465035984822,2
929,17,-0.12786735366232094,1.1675076201908785,2
929,18,8.896145304147446,-1.7362242381990256,2
929,19,-3.585919066396313,5.37411321077833,2
930,0,-745.6431254836677,-1.8142251780117171,0
930,1,-732.6986892307685,-4.241329501890319,0
930,2,-724.9073793537768,-8.344074871231197,0
930,3,-741.9554761406062,-1.8917880246357535,0
930,4,-735.9099061531685,1.0528429509000254,0
930,5,-739.9706350077824,1.4023949824023683,0
930,6,-739.2302434261412,-2.6353920047653037,0
930,7,-725.4065844146007,1.3260718159092544,0
930,8,763.6900772297366,15.979994093132426,1
930,9,737.8091203999409,10.995054747758356,1
930,10,754.0693703328392,12.968362123254057,1
930,11,742.992802619414,9.517200615238034,1
930,12,746.1418020221421,2.058308978051745,1
930,13,734.2855928952575,13.930832897635664,1
930,14,-1.9573664819883174,-0.7313256696015985,2
930,15,1.82676321569224,-3.1067197254709216,2
930,16,-5.390357872318015,-0.906881380170676,2
930,17,0.1694302345967253,0.9702427652179736,2
930,18,8.701047877996794,-1.7912842395543802,2
930,19,-3.748824998962835,4.955260143711261,2
931,0,-746.4962240193158,-1.7511776847771674,0
931,1,-733.3552024193315,-4.238582956032717,0
931,2,-725.5425693619293,-8.356753891244512,0
931,3,-742.8753602886421,-2.005936828763525,0
931,4,-736.7892474948161,0.8742701368190968,0
931,5,-740.8197640809901,1.489475549554723,0
931,6,-740.0873256112037,-2.5341988009549414,0
931,7,-725.5975984548783,1.203230371805693,0
931,8,764.4077974288462,15.613071806197249,1
931,9,738.4804932448095,11.060189419697705,1
931,10,754.977359679424,12.767121465188723,1
931,11,743.4963427233854,9.653671695736728,1
931,12,747.2792161605873,1.5883355191955844,1
931,13,735.3410865528399,14.236645333635096,1
931,14,-1.9816039350564043,-0.7585003497552147,2
931,15,1.4858348979244629,-2.993169708580051,2
931,16,-5.819287007672701,-0.5270212609060657,2
931,17,0.13724758430121087,1.0612669046027303,2
931,18,8.770367877839405,-1.9960463312568577,2
931,19,-3.5846798077820705,4.89155996916931,2
932,0,-747.0451000292293,-1.56232380708962,0
932,1,-734.1995867743015,-4.0339027939745185,0
932,2,-726.0618797470152,-8.433294640997566,0
932,3,-743.5697106141013,-1.8058660630561958,0
932,4,-737.8239744937845,0.5742625731151223,0
932,5,-742.0105891257474,1.254419244658789,0
932,6,-740.9305346531326,-2.451562928912437,0
932,7,-725.9725756323403,1.119025635790375,0
932,8,765.1081358142114,15.27752130144233,1
932,9,739.0835353471184,11.082364310269266,1
932,10,755.8103169450683,12.850842861520217,1
932,11,744.6590002522788,9.684065575013179,1
932,12,748.295124694883,1.3716598116586527,1
932,13,736.0092843620192,13.973902243017513,1
932,14,-1.5211316534771675,-0.666275695135828,2
932,15,1.4685050567454263,-3.3120607817076646,2
932,16,-6.013628437649901,-0.439264851008891,2
932,17,-0.12564440629254797,0.921833766059215,2
932,18,9.087423859622065,-2.0808454747927483,2
932,19,-3.4802134094108865,4.816262078542979,2
933,0,-747.8627607012229,-1.9056829907472401,0
933,1,-735.134671965233,-3.910820438333587,0
933,2,-726.7868469227437,-8.381513536530877,0
933,3,-744.3908573099177,-1.7593709759291136,0
933,4,-738.6953873451112,0.9144382293536961,0
933,5,-742.8872401125483,1.12517461440579,0
933,6,-741.7973302627307,-2.482070540000983,0
933,7,-726.6285485458311,1.3413396414944276,0
933,8,766.1017589630567,15.053681205695176,1
933,9,739.6947749697362,10.900497329215748,1
933,10,756.3829636064278,13.034091430479434,1
933,11,745.5903126604085,9.825968868685692,1
933,12,749.3711853856968,1.6702294616903992,1
933,13,737.0561075058147,14.16808715422772,1
933,14,-1.9376096099803473,-0.585904363560416,2
933,15,1.496672427406177,-3.6445553220535136,2
933,16,-6.009976629940239,-0.5411132792270494,2
933,17,-0.23897325254356216,1.207282943363594,2
933,18,8.96257514299507,-1.9197426844824494,2
933,19,-3.348151252434741,4.4081863845234235,2
934,0,-748.0670624461621,-1.6209597021083255,0
934,1,-735.8238326553784,-3.892539993340767,0
934,2,-727.6908567811838,-8.496598978859037,0
934,3,-745.5392602990629,-1.8524715304257624,0
934,4,-739.3745678133503,0.8689765393618648,0
934,5,-743.2837833667193,1.1653680994567548,0
934,6,-742.5736154568425,-2.6155034305709495,0
934,7,-727.3651454879148,1.1307275782948039,0
934,8,767.0544743655538,15.137136517522643,1
934,9,740.424284673204,11.225039926457843,1
934,10,757.1690197571471,13.274753271537795,1
934,11,746.0740924102334,9.937377334783635,1
934,12,750.2527203585187,1.6332743369890208,1
934,13,737.582577278779,13.754552249818133,1
934,14,-2.027666748401607,-0.6363782407311831,2
934,15,1.3227113069554983,-3.7447610465046495,2
934,16,-6.0833265890845825,-0.44472067649292085,2
934,17,-0.7843028219981196,1.5702254747343916,2
934,18,8.963718229648492,-1.995252125379952,2
934,19,-3.667145631821228,4.53785690368686,2
935,0,-749.0044602051313,-1.4250387839494512,0
935,1,-736.7129963276234,-3.858917650016411,0
935,2,-728.9778335014057,-8.378669463858417,0
935,3,-746.4086244155877,-2.086784317033556,0
935,4,-740.1910732697801,0.8200613406389828,0
935,5,-744.0306828992242,0.8243897137599654,0
935,6,-743.2657867068253,-2.9554106345235116,0
935,7,-728.2220362191374,0.9836296206962585,0
935,8,767.9961217895351,15.516974315522894,1
935,9,741.4244014987642,11.300189537279676,1
935,10,758.1933215340322,13.248442162547333,1
935,11,746.6217358859535,10.081031566007903,1
935,12,751.3176275831831,1.7921302309717053,1
935,13,738.3954531951249,13.688545056178041,1
935,14,-2.218967864419001,-0.6893155738394966,2
935,15,1.3896671415072348,-3.390213933934517,2
935,16,-6.426552265605559,-0.5539197744437736,2
935,17,-1.128365305061127,1.6472829222725962,2
935,18,8.643521168932882,-2.3939878617374575,2
935,19,-3.7306065092858263,4.67490485332085,2
936,0,-749.685388624125,-1.3193093664134088,0
936,1,-737.6253086807944,-3.466478261346404,0
936,2,-729.4432981805991,-8.15292656961161,0
936,3,-747.3440189201057,-2.141416388391628,0
936,4,-740.810048418695,1.088091654569016,0
936,5,-744.4842404209556,0.7877037567433415,0
936,6,-744.0255246987665,-2.993060794592042,0
936,7,-729.0854140206077,0.8702222124328041,0
936,8,768.8317425718857,15.711275238702278,1
936,9,742.3368673972627,11.072511947647138,1
936,10,759.0465060813806,13.302730352587881,1
936,11,747.1173760256611,10.084344328202432,1
936,12,752.0276433088947,1.7132251339129736,1
936,13,738.6328784088512,13.710461054274605,1
936,14,-2.039826211463355,-0.7487997201489337,2
936,15,1.7743999408614584,-3.288093324504985,2
936,16,-6.544598619114196,-0.6209604999522318,2
936,17,-0.9231402736258315,1.8638004087300835,2
936,18,8.473444821954178,-2.5545224384799705,2
936,19,-3.757178612222639,4.989861208170618,2
937,0,-750.8803859774004,-1.3548409033334432,0
937,1,-738.5873450667681,-3.2528637591172087,0
937,2,-730.0509950163237,-8.474839287290376,0
937,3,-748.1042722239338,-2.1128876493399966,0
937,4,-741.6994414330302,1.0130648324819478,0
937,5,-745.3777151074376,0.74608225035311,0
937,6,-744.9238585857211,-2.827740634426172,0
937,7,-730.1028886033978,1.102623357985789,0
937,8,770.1299507653773,15.544572980009432,1
937,9,743.4588385392925,11.182581740275115,1
937,10,759.9350444257392,13.309136867927052,1
937,11,748.1476698730966,10.03344412421206,1
937,12,752.5862525613894,1.5553753686990304,1
937,13,739.3345165013195,13.462401639587416,1
937,14,-2.319022373110513,-0.6371141478168934,2
937,15,2.018921452874763,-3.2718325760716693,2
937,16,-6.404057434017154,-0.8225520507461778,2
937,17,-1.2144016136717857,1.6663849901050378,2
937,18,8.505421565882012,-2.34007211759447,2
937,19,-3.4747389387652015,4.527190561961586,2
938,0,-751.3927796617942,-1.510711161054922,0
938,1,-739.33972678312,-3.1355974779957063,0
938,2,-731.1891310768922,-8.551216074888309,0
938,3,-748.8711791973495,-2.339314466547629,0
938,4,-742.5252835683403,1.1629681841210182,0
938,5,-746.2160986980545,1.2138436998063444,0
938,6,-745.4123897272433,-2.548886497307535,0
938,7,-730.7979913868555,0.9545439710435499,0
938,8,770.8235424748748,15.549305264667698,1
938,9,744.2767324950562,11.004044712047103,1
938,10,760.8502595234035,13.208531355433974,1
938,11,749.3341606806566,9.85867459842748,1
938,12,753.4556696941946,1.4008563201436306,1
938,13,739.9949697593438,13.228845181836038,1
938,14,-2.208658507042151,-0.7546759102714427,2
938,15,1.871370416691613,-3.310669188451438,2
938,16,-6.028778078683065,-0.819927710471028,2
938,17,-1.3050468576863974,1.7542444356483076,2
938,18,8.476660127222788,-2.2819412302420767,2
938,19,-3.6091677484812017,4.635885355206866,2
939,0,-752.104676203562,-1.3116071819126254,0
939,1,-740.0827393500673,-3.0080071223694684,0
939,2,-732.1024619523195,-8.506321007946761,0
939,3,-749.4985899494661,-2.006795006976906,0
939,4,-743.6027815159065,1.1361576411247718,0
939,5,-746.8106498537716,1.1967130969243216,0
939,6,-745.8953937272287,-2.7619125612498783,0
939,7,-731.5300635434115,1.051303157192561,0
939,8,771.3110750904724,15.531029958875603,1
939,9,745.3418047044662,10.84862082113279,1
939,10,761.6436117648844,13.119683738115159,1
939,11,750.3384817262403,9.925713413506568,1
939,12,754.2313619412797,1.1763988540841341,1
939,13,740.6900951943435,13.157452973370871,1
939,14,-2.1186489612964556,-0.7434012531252409,2
939,15,1.9807019488491353,-3.0243488901316864,2
939,16,-5.880536353558474,-0.9987972345610685,2
939,17,-1.0905544124531557,1.7424633489632992,2
939,18,8.32727240870709,-1.9572372945906429,2
939,19,-4.050188622298729,4.498942532298281,2
940,0,-753.0947206021816,-1.1626883471136826,0
940,1,-740.809282708605,-2.6665791597862647,0
940,2,-732.6671576158592,-8.555088078908721,0
940,3,-750.0387998645072,-1.6368417897915681,0
940,4,-744.514952350401,1.032169807689229,0
940,5,-747.3326311682582,1.1682870254445543,0
940,6,-747.0413934518419,-2.543412666537388,0
940,7,-732.3605227953577,1.0868301813741474,0
940,8,771.8615790900114,15.757627014827948,1
940,9,746.3276611802695,10.42685199051989,1
940,10,762.4880991614382,13.245735935604046,1
940,11,751.2679479788858,9.878465107248122,1
940,12,754.9471947837355,1.257831484787082,1
940,13,741.684376914864,13.310934777130884,1
940,14,-1.9093861482828123,-0.6334780953776733,2
940,15,2.2272056419569113,-2.959993454641167,2
940,16,-5.990883668888624,-0.7918895131855923,2
940,17,-1.113179888732493,1.7600462462747082,2
940,18,8.36156904325045,-2.5319477043384078,2
940,19,-3.6144466333971774,4.425581998903153,2
941,0,-753.6632702127438,-1.2329848783926303,0
941,1,-741.6178180839115,-2.392504836525877,0
941,2,-733.5683118431517,-8.369143503370767,0
941,3,-750.7715575675041,-1.6523297535306714,0
941,4,-745.4420984631879,1.3172868747935191,0
941,5,-748.0510219638267,1.0852097468532729,0
941,6,-747.5661888052244,-2.4361071283695255,0
941,7,-733.1494965901186,1.2939167894662673,0
941,8,772.7821206300634,15.487779439444944,1
941,9,747.0679106037692,10.377587804575167,1
941,10,763.2199538957105,13.19938000347485,1
941,11,752.059798479794,10.105282588055129,1
941,12,756.0060154210223,1.0902284766659776,1
941,13,742.4070350863765,13.296662008258599,1
941,14,-2.184731616299095,-0.4542827693242577,2
941,15,2.265191736533792,-2.8727687773978903,2
941,16,-5.959217630071668,-0.7502792987979052,2
941,17,-1.1787089553078032,1.7970657585758272,2
941,18,8.249302581527822,-2.5304506364487405,2
941,19,-3.5162420853900818,4.747155790777258,2
942,0,-754.7089903033145,-1.3243834870393985,0
942,1,-742.4648307854887,-2.2698377908239733,0
942,2,-734.3955153780395,-7.975241619851068,0
942,3,-751.7870619887179,-1.4453596351824034,0
942,4,-746.6622944165623,1.1848481045594743,0
942,5,-748.9197955475769,0.9268453842402283,0
942,6,-748.281441368542,-2.349352051040643,0
942,7,-733.8908085955851,1.3408893549032588,0
942,8,773.6964308631539,15.608721777943185,1
942,9,747.8787445253529,10.419244600594551,1
942,10,764.1487496727964,13.355829066030953,1
942,11,752.5500089539217,9.534177896517694,1
942,12,756.966708901377,1.0866528266192952,1
942,13,742.8810505350235,13.502886393997372,1
942,14,-2.046143447466462,-0.6452750352096317,2
942,15,1.9089953943195097,-2.8827590242990317,2
942,16,-6.232141861547002,-0.5160343839107164,2
942,17,-1.3535385383657623,1.8603953197467071,2
942,18,8.286829276860693,-2.2934122839792104,2
942,19,-3.7120760080256407,4.575346024488379,2
943,0,-755.1870420262065,-1.3075064144058162,0
943,1,-743.1300950293404,-2.2931153218324036,0
943,2,-735.1099329128717,-7.830418559993916,0
943,3,-752.6617304700387,-1.5810998213410201,0
943,4,-747.4215605706239,1.0872095265612824,0
943,5,-749.5168399766403,0.9758454815193226,0
943,6,-749.4286290542491,-2.506079618569427,0
943,7,-734.4455289428531,1.1914653020943158,0
943,8,774.7006785794233,15.690057276406723,1
943,9,748.5443103697635,10.453843667881786,1
943,10,765.11731719749,13.607325909937865,1
943,11,753.4307592192537,9.965865320575002,1
943,12,758.0372799046552,1.1533161104737948,1
943,13,743.6064087289875,13.966021942993684,1
943,14,-2.1250474961213017,-0.8882442480748309,2
943,15,1.7541007229525583,-3.014201265050739,2
943,16,-6.289263934980139,-0.6226000588983639,2
943,17,-1.589334472743927,1.7929655633523853,2
943,18,8.220086961904222,-1.9437507292617102,2
943,19,-3.628090713898879,4.437879668705198,2
944,0,-756.0934657812584,-1.214746942303832,0
944,1,-744.0425636840095,-2.4108345815983654,0
944,2,-735.6607260293782,-7.7001743118162285,0
944,3,-753.5073624254716,-1.8039729270353289,0
944,4,-747.8835467015293,0.7188642567749792,0
944,5,-750.4740182939964,1.0373454302516865,0
944,6,-750.257276841394,-2.706696013078843,0
944,7,-735.3859016714927,0.8513341877203966,0
944,8,775.4760496971662,15.712091474210787,1
944,9,749.2597302378888,10.71911106497391,1
944,10,765.7069020817931,13.49364363148461,1
944,11,754.8611636679852,10.254305387312163,1
944,12,758.7932987025634,1.3245296970042362,1
944,13,744.2433514756419,13.775218686948257,1
944,14,-2.3840305286524863,-1.0544508580476784,2
944,15,1.6815154002222759,-2.856403262005432,2
944,16,-6.208708297047894,-0.7157197757543828,2
944,17,-1.410562139902389,1.9060104828259583,2
944,18,8.103549159551962,-1.9778739815627684,2
944,19,-3.673006212638898,4.259988799943514,2
945,0,-756.9120827304212,-1.2553892187892557,0
945,1,-745.2881900834337,-1.8102769230425015,0
945,2,-736.1355781542554,-7.73378907494661,0
945,3,-754.2274126800382,-1.6252919817642222,0
945,4,-749.0134031817482,1.0866582697110965,0
945,5,-751.2359629938068,1.0271782816268655,0
945,6,-750.9414417254952,-2.687245763263228,0
945,7,-736.1930506802696,1.3006730889891929,0
945,8,776.2106209671391,15.906806219831422,1
945,9,750.0282884400968,10.636651238626403,1
945,10,766.3227157395717,13.611854183426905,1
945,11,755.4167543550939,10.320117626133811,1
945,12,759.4257369705803,1.9745978538095006,1
945,13,744.8381256140256,13.591332950764032,1
945,14,-2.0292721350676466,-1.0673465975745584,2
945,15,1.7151202230981177,-2.8829248211828418,2
945,16,-5.905495724468115,-0.8497266361402182,2
945,17,-1.6982639623651719,2.129858280452361,2
945,18,8.027263702728634,-2.11493703346233,2
945,19,-3.9040993981555605,4.270294955124287,2
946,0,-757.6915067538981,-1.0061498679147547,0
946,1,-745.8161664309011,-1.8331522482358202,0
946,2,-737.1892887393059,-7.782196047215,0
946,3,-754.7054610775551,-1.7146075871140358,0
946,4,-749.6421555161833,1.1169743636610272,0
946,5,-752.016946943017,0.6667088093943816,0
946,6,-751.6893622099067,-2.595632983044988,0
946,7,-737.0658976673242,1.3067845567136709,0
946,8,776.976901407198,16.128675094934444,1
946,9,751.0502160403882,10.850114016719358,1
946,10,766.939072352865,13.774436892850142,1
946,11,756.3575022225737,10.261813307043056,1
946,12,760.2136495901648,1.8630887531075242,1
946,13,745.3653000984983,13.571875425660169,1
946,14,-1.582540047487969,-0.7428707803373721,2
946,15,1.8953626838657158,-2.7595094677419048,2
946,16,-5.807102602639691,-0.7210276856236413,2
946,17,-1.909871701895327,2.203318894055816,2
946,18,7.935135711639932,-1.7465493331939286,2
946,19,-3.853193532172772,4.264697242217523,2
947,0,-758.7876428511928,-1.0881571587997048,0
947,1,-746.8107659552161,-2.0422087057716762,0
947,2,-737.8660960894496,-7.944347011621673,0
947,3,-755.4985259810147,-1.5631261378453438,0
947,4,-750.7231987289842,0.6605026959488989,0
947,5,-752.3866965926466,0.2628738226472862,0
947,6,-752.5103406763391,-2.4931436992884284,0
947,7,-737.9206621225891,1.3155531227351756,0
947,8,777.9435914020485,15.816542873245076,1
947,9,751.9992673967032,10.61631893316197,1
947,10,767.7617065308924,13.699502863760275,1
947,11,757.2908651134478,10.355242440107626,1
947,12,761.1787690567077,2.0269031439974885,1
947,13,746.2485862424497,13.053306621847279,1
947,14,-1.273575923092119,-0.5769790034098712,2
947,15,1.8944246187919513,-2.707721085391918,2
947,16,-6.011501105012608,-0.8213328878752962,2
947,17,-2.2277167479456694,2.186316779463133,2
947,18,8.043893780581405,-1.638852386949461,2
947,19,-3.4022423087114664,4.364746796945741,2
948,0,-759.2287200725273,-1.1826813301833343,0
948,1,-747.4829719585781,-1.989256359134866,0
948,2,-738.6036753356174,-7.990977491512099,0
948,3,-756.3824839932381,-1.3822143511242444,0
948,4,-751.4862131381285,0.6398063690653161,0
948,5,-753.2748119456653,0.5467361202933827,0
948,6,-753.698455280673,-2.5411558038633286,0
948,7,-738.7715242311325,1.283920560040219,0
948,8,778.8379998776755,15.741691994409832,1
948,9,752.5796389176328,10.933237621370205,1
948,10,768.4081716067388,13.429762113439022,1
948,11,758.0398978483177,10.448948962216177,1
948,12,761.8917665196478,1.8980477178873523,1
948,13,746.9653967829743,13.486089260364333,1
948,14,-1.4413675739346807,-0.7936892222339769,2
948,15,1.9964882318475645,-2.9859468701728824,2
948,16,-5.749277889824373,-0.8213033953182662,2
948,17,-2.2848818083268037,2.605378503818807,2
948,18,8.23271715737384,-1.5864637083992574,2
948,19,-3.6307677081201337,4.1159664713610224,2
949,0,-760.1183302532045,-1.0789533028591163,0
949,1,-748.2960744239767,-1.9513956914499055,0
949,2,-739.4224979471315,-8.269069780674485,0
949,3,-757.1607109402266,-1.565030277701346,0
949,4,-752.3553918143183,0.4077636314724433,0
949,5,-753.560282491878,0.5865221102182677,0
949,6,-754.5538721242052,-2.261989705567348,0
949,7,-739.3378018902791,1.0502040211972123,0
949,8,779.9038927669214,15.582138418096472,1
949,9,753.5208259473668,11.17775969922528,1
949,10,769.7066010406481,13.301279738220137,1
949,11,758.7995411193491,10.390188820716052,1
949,12,762.6605896626837,1.64280647082635,1
949,13,748.1615561232413,13.3954174518992,1
949,14,-1.1365613127988992,-0.639775639846714,2
949,15,1.9952330891246925,-3.2780046730021932,2
949,16,-5.819242890156969,-0.8286607333734286,2
949,17,-2.458261050309752,2.4752578064016912,2
949,18,8.293162598263862,-1.1943456838071143,2
949,19,-3.774624774463122,3.986981838068643,2
950,0,-760.819379997447,-1.0051956278413903,0
950,1,-749.035869086073,-1.9355638030277116,0
950,2,-739.9036638187089,-8.23468680370847,0
950,3,-757.8299456599268,-1.902332048997962,0
950,4,-752.9459425703949,0.7143074068511662,0
950,5,-754.7357370552934,0.641284202822552,0
950,6,-755.2742435912024,-2.5507818207197905,0
950,7,-740.0178460122286,1.313605908392707,0
950,8,780.5166927778921,15.704585713585558,1
950,9,754.1003041910167,11.281422405457072,1
950,10,770.6237364376351,13.587371792046094,1
950,11,759.8400887539469,10.391324972144668,1
950,12,763.125276955116,1.3107470039232059,1
950,13,749.0674524550219,13.554629601468069,1
950,14,-0.87737187073091,-0.6467609558657705,2
950,15,2.1886742035977607,-3.2769215785318235,2
950,16,-5.773307483483631,-0.6134969048628883,2
950,17,-2.5007221050784483,2.9489770303674794,2
950,18,8.18962426377406,-1.024592253270042,2
950,19,-4.0486797150454565,3.804958862480011,2
951,0,-761.5485923443758,-1.1934250735848233,0
951,1,-749.982717623815,-1.9214203779262706,0
951,2,-740.7376746244925,-8.328262947497487,0
951,3,-758.9477004882028,-2.1963518233560455,0
951,4,-753.7132273324088,0.4037360781363088,0
951,5,-755.4351848524411,0.9763861199424018,0
951,6,-755.8457063719859,-2.751868657717578,0
951,7,-741.1658718443792,1.0676624163101092,0
951,8,781.6013549007107,15.391678700162618,1
951,9,754.8213876577948,11.227561620022076,1
951,10,771.3406831662916,13.649948109728,1
951,11,760.6822128114337,10.564354822002056,1
951,12,763.7139997074798,1.4210211644078568,1
951,13,749.5527847791169,13.509354704171512,1
951,14,-0.9764412795326627,-0.6009439182563604,2
951,15,1.88864849328498,-3.0595733119924584,2
951,16,-5.835065349507434,-0.7784910765159876,2
951,17,-2.423924965296069,3.02628974169064,2
951,18,8.032658676678256,-1.1378918912673095,2
951,19,-4.0679231082439635,3.3567026127935633,2
952,0,-762.2224025828431,-1.0767391921654619,0
952,1,-750.7646599912886,-1.6580601451040127,0
952,2,-741.5791724583127,-8.342715680593226,0
952,3,-759.2679939904565,-2.1962905245198225,0
952,4,-754.1460084181853,0.4833513160511701,0
952,5,-756.5337209389586,0.8968308103426348,0
952,6,-756.3483992166224,-2.638856372195696,0
952,7,-742.0742417509289,1.2708471643915566,0
952,8,782.230526183637,15.346406851461659,1
952,9,755.5017615809235,11.280986800982664,1
952,10,772.2409887469393,13.727541879211792,1
952,11,761.7865067726889,10.789857508411732,1
952,12,764.6973250468066,1.1360713388500732,1
952,13,750.2184656654669,13.593721981819238,1
952,14,-1.053175579992366,-0.3572188812405487,2
952,15,1.8554928449923862,-3.1404100870594616,2
952,16,-5.746414896085241,-0.6681486753433304,2
952,17,-2.182779108999552,3.2080299454657117,2
952,18,8.457194123322862,-1.0083217243401625,2
952,19,-4.1130283395475375,3.0797284158018776,2
953,0,-762.8709448204077,-0.7983364750722324,0
953,1,-751.3503310534015,-1.6869999762041605,0
953,2,-742.770432021061,-8.07968064473795,0
953,3,-760.2635778177398,-2.2083131282442006,0
953,4,-755.0489062918177,0.5121950409306806,0
953,5,-757.3788744087213,0.6643743864307913,0
953,6,-757.0131087158145,-2.87204545612903,0
953,7,-742.8805344513227,1.1674357674247735,0
953,8,782.8880002158463,15.640192716741815,1
953,9,756.3814661321841,11.27042175651424,1
953,10,772.9924436892826,14.137968568730193,1
953,11,761.9810981804902,11.026639283089892,1
953,12,765.3792336922855,1.0452933976509513,1
953,13,751.1314753383907,13.798253711986302,1
953,14,-1.204346040473748,-0.3274011844985544,2
953,15,1.8272123295995089,-3.2719252914603936,2
953,16,-5.888127560193576,-0.46084429680756844,2
953,17,-2.112676222813858,3.215609311227085,2
953,18,8.538033896946805,-1.420704174330706,2
953,19,-3.845058238473614,3.1673766194453523,2
954,0,-763.7723241732386,-0.594842394065819,0
954,1,-752.3778108278384,-1.6260382713438286,0
954,2,-744.0313469595836,-8.508253518644919,0
954,3,-760.9834752315134,-2.251073543599009,0
954,4,-755.6373767060119,0.7230625875525211,0
954,5,-758.6482501173846,0.30281338976604877,0
954,6,-757.9811841579757,-3.2174369340753173,0
954,7,-743.8653936188259,1.2046727519030944,0
954,8,783.7161361089125,15.96384056070047,1
954,9,757.169641704626,11.349737157519128,1
954,10,773.7465128659647,14.110960130803015,1
954,11,762.8186773150949,10.809921785858903,1
954,12,766.3852114026396,0.9965941657870127,1
954,13,752.1188869314733,13.979197842071434,1
954,14,-1.0116694870563776,-0.30310609492287743,2
954,15,1.9828797688555773,-3.2668953360343673,2
954,16,-5.996136741660738,-0.747519308711288,2
954,17,-2.4210232282052115,3.216535255311274,2
954,18,8.621458711965923,-1.1889196346642552,2
954,19,-3.867820319644353,3.4406196904341653,2
955,0,-764.5992781522796,-0.7486067066705673,0
955,1,-753.0916341612013,-1.5011290122164231,0
955,2,-745.0524303156201,-8.413949508302501,0
955,3,-762.072780292942,-2.3885446333826343,0
955,4,-756.66170465084,0.7136919969596346,0
955,5,-759.5358340781914,0.6612379123922223,0
955,6,-758.5952458612971,-3.403444945271889,0
955,7,-744.3059448367414,1.0296277674714045,0
955,8,784.4624215618509,15.878443313367955,1
955,9,757.7570023801271,11.471025813841212,1
955,10,774.8865746351619,14.274701909528515,1
955,11,763.8173957950115,10.820601727881243,1
955,12,767.0428200635974,1.1075558538900454,1
955,13,752.7133817788583,13.794015952837384,1
955,14,-1.0325313503035451,-0.05001908350717821,2
955,15,1.7750579600280787,-3.0266612913936717,2
955,16,-5.773889679864129,-0.7705677224586933,2
955,17,-2.46908909610363,2.957295866195187,2
955,18,8.968688931889242,-1.2412149349385362,2
955,19,-3.625594168233525,3.1143191519866047,2
956,0,-765.5719297337542,-0.4770310930473672,0
956,1,-753.5122118115909,-1.6190297160729945,0
956,2,-745.6141022905095,-8.58306653791958,0
956,3,-763.0999210691125,-2.2736205537916776,0
956,4,-757.4963468416763,0.6208312657929285,0
956,5,-760.3039191178874,0.5752789699638963,0
956,6,-759.4104675215156,-3.5578338885772913,0
956,7,-745.4115985855702,1.1854528880782036,0
956,8,784.9550799198153,15.7158622771505,1
956,9,758.6179686447845,11.344377845840569,1
956,10,775.3243341084451,14.028333704857813,1
956,11,764.216026465161,10.922840798660786,1
956,12,767.9247732749463,1.1802017007166232,1
956,13,753.3305298230836,14.14611575118003,1
956,14,-1.1404478730580168,0.051149359255245025,2
956,15,2.1355642974323708,-3.207224719932845,2
956,16,-5.7658812701379745,-0.7192130267701996,2
956,17,-2.477765135639175,3.239619352532083,2
956,18,8.56908800991624,-1.461824351530862,2
956,19,-3.283781936207404,3.071249347376833,2
957,0,-766.4875070688709,-0.5684914189491082,0
957,1,-753.8541755591822,-1.3385491512555148,0
957,2,-746.3366862825994,-8.626512889199134,0
957,3,-763.5561846804629,-2.1031711110453113,0
957,4,-758.1037281980291,0.6882326245945403,0
957,5,-761.0060857211819,0.6502763422389733,0
957,6,-760.4739705073323,-3.4303627735108466,0
957,7,-746.2504872124938,1.3049459391611364,0
957,8,785.4288244774568,16.01648979886047,1
957,9,759.2998906458054,11.705236906605819,1
957,10,776.1302125678659,14.12912516120177,1
957,11,765.0779658597561,10.85317741774741,1
957,12,768.674670047035,1.4590524557651725,1
957,13,754.0208450377562,13.842895360412314,1
957,14,-0.8093445374841128,-0.09579471670892023,2
957,15,1.9951871739295826,-3.2186473410681926,2
957,16,-5.906393428800642,-0.7872643401985985,2
957,17,-2.322086327363292,3.5311541793542354,2
957,18,8.556794569178395,-1.2295851129109578,2
957,19,-2.746924642331855,2.972641964324527,2
958,0,-767.7439412314033,-0.44138111105807015,0
958,1,-754.7676355150052,-1.2603456210154076,0
958,2,-747.2743884239765,-8.051187125807893,0
958,3,-764.2747961107833,-2.247070926517475,0
958,4,-758.6400692995213,0.6276165551179903,0
958,5,-761.7692753163878,0.923450651701076,0
958,6,-761.460718155761,-3.0949195782322687,0
958,7,-746.9909922650082,1.6624198502479035,0
958,8,786.4087857476464,15.884289823172889,1
958,9,760.1370726246643,11.902665422264642,1
958,10,776.7988880489866,14.054815322270041,1
958,11,765.7717023364438,10.775266350146492,1
958,12,769.9000159291081,1.3293090983827591,1
958,13,755.1961137164676,14.15206176054239,1
958,14,-0.5810145767359864,-0.04018637488246075,2
958,15,2.155932426690893,-3.0248820048031653,2
958,16,-5.756016601753496,-0.6739596440113647,2
958,17,-2.0119877946444764,4.009735809866063,2
958,18,8.360924003256862,-1.4526166463182402,2
958,19,-2.4755995831842754,3.0572239420897476,2
959,0,-768.9025557929649,-0.215246613890895,0
959,1,-755.6503021088063,-0.8758196298389764,0
959,2,-748.3756139928201,-8.179735629773676,0
959,3,-765.262568838783,-2.553056409595718,0
959,4,-759.3921116352357,0.7217222625561692,0
959,5,-762.6830829032898,0.9420810853698117,0
959,6,-762.1663244175551,-3.0503445998648107,0
959,7,-747.7144224219428,1.7108612329813866,0
959,8,787.1071854299959,15.65947516673479,1
959,9,760.8757462040345,11.663103958896203,1
959,10,777.6121269785192,14.037278652480552,1
959,11,766.5175031698697,10.904279933415374,1
959,12,770.793854327712,1.4210271330145186,1
959,13,755.9715438798671,14.120893923457595,1
959,14,-0.6320609024369775,-0.09028565180855591,2
959,15,2.334788303360142,-2.9860998529817797,2
959,16,-5.644086225280773,-0.4025767323443761,2
959,17,-2.075128527166457,3.98070393786682,2
959,18,8.650188157756915,-1.710731580169879,2
959,19,-2.9061614157491737,3.138816175328131,2
960,0,-769.9651309482721,-0.4510513921551597,0
960,1,-756.6614555569448,-0.9430835414526333,0
960,2,-749.1021436710943,-8.369945310700556,0
960,3,-766.1278325012909,-2.7863511947939665,0
960,4,-760.4806894882672,0.5025413370833618,0
960,5,-763.4410814009647,1.1622427957447388,0
960,6,-763.2081503264217,-2.6199956673912403,0
960,7,-748.2036619319967,1.7464404561762525,0
960,8,787.8110331213179,15.59735480169571,1
960,9,761.7926856641913,11.576054263137795,1
960,10,778.0700666464405,14.342419867393415,1
960,11,767.5509719149258,10.96010739515182,1
960,12,771.3087365508762,1.453348160307217,1
960,13,756.642226324799,14.174570266535401,1
960,14,-0.3394175664056348,-0.30756345433030197,2
960,15,2.739887308251057,-3.5498138757694013,2
960,16,-5.571285781981879,-0.21586792893660253,2
960,17,-2.346335482862573,4.218952771202904,2
960,18,8.552454453699463,-1.738052477631212,2
960,19,-2.977604789070562,3.156378725839416,2
961,0,-770.5810839489113,-0.7277917136522237,0
961,1,-757.4387626924719,-1.0799916570316666,0
961,2,-749.8235594130151,-8.1049266327539,0
961,3,-766.948094517446,-3.065012317118918,0
961,4,-761.8941612690746,0.07205258240474788,0
961,5,-764.1558082730011,1.2573733414019004,0
961,6,-764.2867714136007,-2.9676095630565404,0
961,7,-749.0188970219488,1.8816851908171848,0
961,8,788.6636096728869,15.555533594612356,1
961,9,762.7855804826048,11.708261055863039,1
961,10,778.9246980106032,14.392280823149497,1
961,11,768.6435063400081,11.024912347547493,1
961,12,772.2941253674567,1.3213991418305167,1
961,13,757.3288480065631,14.32942316518169,1
961,14,-0.18554206540993612,-0.40508411156203084,2
961,15,2.8797203244763865,-3.528701583250527,2
961,16,-5.073526707639027,0.19469831981231647,2
961,17,-2.731410781499436,4.070869168539287,2
961,18,8.450121731990704,-1.6826560240017265,2
961,19,-2.9222975097887716,3.1540905642997226,2
962,0,-770.8500876917603,-0.5690553539245033,0
962,1,-758.0742172796046,-0.7590071336234827,0
962,2,-750.6329846207236,-7.988113351757883,0
962,3,-767.8429585218846,-2.9147039542782673,0
962,4,-762.1071552458867,0.5527646952723337,0
962,5,-765.0173813702338,0.9079495856625788,0
962,6,-764.8686260253397,-3.1532710446845407,0
962,7,-749.5812477466445,1.7889006821518891,0
962,8,789.2195092077035,15.22015595399953,1
962,9,763.312283359611,11.517441214945885,1
962,10,779.6148102848678,14.272709619327212,1
962,11,769.3432287613098,10.856896638213808,1
962,12,772.7184186881457,1.3274792302842737,1
962,13,758.1079942622036,14.181554803909664,1
962,14,-0.09168491702766016,-0.12448056973281252,2
962,15,2.8184208519820344,-3.308279858221538,2
962,16,-5.243699629953382,0.659998022205062,2
962,17,-2.8710629352585433,3.8265658826660944,2
962,18,8.876214486044214,-1.6819601041360914,2
962,19,-3.2500298298641654,3.234417361857992,2
963,0,-771.4226699402516,-0.6455900715212168,0
963,1,-758.8883600433053,-0.7287296294735822,0
963,2,-751.5887622854992,-8.086872235204577,0
963,3,-768.7064420724403,-2.952994870891705,0
963,4,-763.0067852252597,0.2928916820122265,0
963,5,-765.8921545076109,0.4093461625599488,0
963,6,-766.0595470227983,-3.1389876449638074,0
963,7,-750.3736722111479,1.560490767424838,0
963,8,789.8074485348257,15.371149557085616,1
963,9,764.3375434564447,11.435895871286789,1
963,10,780.6259153656913,14.335437427658542,1
963,11,770.3157736925942,11.204424298155672,1
963,12,773.4961059554196,1.2232163814969266,1
963,13,759.3473895560355,14.388510135257247,1
963,14,0.2965433484375988,-0.01905968062194424,2
963,15,3.0405713217417603,-3.5136664625941703,2
963,16,-4.839400483547369,0.38910415637835816,2
963,17,-2.8666507592978863,3.943618588666864,2
963,18,8.649248499183951,-1.7842954407800167,2
963,19,-3.2885158442080598,3.2776219556355835,2
964,0,-772.3551606891247,-0.7141958743110812,0
964,1,-759.6751146263202,-0.6045227294308747,0
964,2,-752.3160046712054,-8.185911711202701,0
964,3,-769.359267912717,-2.682009834097898,0
964,4,-763.8265827345555,0.7255557282413518,0
964,5,-766.6653626766745,0.2340305757476462,0
964,6,-767.267822878864,-3.0003002799818574,0
964,7,-751.5294324218403,1.366568559323928,0
964,8,790.3761592392141,15.469780062290873,1
964,9,765.2109173017042,11.531059222661321,1
964,10,781.73200152924,14.471330744955084,1
964,11,771.2919416551466,11.163647370248452,1
964,12,774.2538383381799,1.0333192337128694,1
964,13,760.146455344938,14.400003258419405,1
964,14,0.22155142129266164,-0.13128294196540594,2
964,15,2.948875824435339,-3.551997731557946,2
964,16,-4.738149127360628,0.6420147828836887,2
964,17,-2.554088009421581,4.223131508067707,2
964,18,9.052822790617899,-1.6845241496045933,2
964,19,-3.198376771181699,3.516763062710451,2
965,0,-773.3576543801231,-0.3526727553955693,0
965,1,-760.2842589782088,-0.40055711546712713,0
965,2,-753.0042360151393,-8.349579495419414,0
965,3,-769.7792246674294,-2.5590684281296427,0
965,4,-764.7825518454371,0.7569528218017553,0
965,5,-767.8421101620952,-0.014127928019212005,0
965,6,-767.9866597093858,-2.857563165200313,0
965,7,-752.0668240500812,1.6207406732677492,0
965,8,791.1513673893108,15.258960137943511,1
965,9,765.8567253601684,11.369296767194745,1
965,10,782.4510564944818,14.20241094798546,1
965,11,771.8939319005977,11.388963992881227,1
965,12,775.2147968394204,0.9560804265831586,1
965,13,760.8161650709347,14.252820398472815,1
965,14,0.26457602815244563,-0.11650233857804543,2
965,15,2.507601851424768,-3.4179005312720347,2
965,16,-4.939699673444799,0.6849134588397158,2
965,17,-2.477930115016504,4.491226218628276,2
965,18,9.172008651186667,-1.8750462546296012,2
965,19,-2.9763380178182492,3.5257988705394903,2
966,0,-774.3085199240901,0.0481168136190947,0
966,1,-761.3511913541438,-0.4020427143129261,0
966,2,-753.7090685876748,-8.51660233093603,0
966,3,-770.7271439427323,-2.5365820138098574,0
966,4,-765.4204020193874,0.7674175057445328,0
966,5,-768.6480286683424,-0.46896872024392644,0
966,6,-768.9456911260188,-2.907554808680695,0
966,7,-752.4278504454205,1.8936295441311959,0
966,8,791.9030060762751,15.08203058245309,1
966,9,766.465114296243,11.288343341202905,1
966,10,782.9968394456736,14.165127197454657,1
966,11,773.0398052655211,11.412567471566375,1
966,12,776.2050292364225,1.0661575210476573,1
966,13,761.7489522128973,14.150419419051744,1
966,14,0.1162045911424831,-0.16092098814975936,2
966,15,2.800018835624313,-3.093934002348533,2
966,16,-4.845181503454032,0.8131724519913746,2
966,17,-2.5022120992842853,4.374037880353651,2
966,18,8.79612859675204,-1.7134362972059116,2
966,19,-2.972039828905665,3.4190378914828967,2
967,0,-775.0114185756361,0.10859002358120484,0
967,1,-762.5043989396821,-0.4336066199349037,0
967,2,-754.749442279817,-8.796358136302157,0
967,3,-771.7694389416432,-2.748814981399377,0
967,4,-766.2208390619993,0.7805492347727557,0
967,5,-769.0444875175785,-0.5835008366431298,0
967,6,-769.3390405257479,-2.834974024946481,0
967,7,-753.215419908209,1.7054011431143958,0
967,8,792.5902858684268,15.047826285761568,1
967,9,767.3206496268775,11.206802826005898,1
967,10,783.9053112628593,14.10829020897177,1
967,11,773.9778579510561,11.448242753473293,1
967,12,776.9833825191436,1.3220675413236367,1
967,13,762.6152960109106,13.996452116941535,1
967,14,-0.023320422016565256,-0.07013947638742757,2
967,15,2.779346198636936,-2.919389786107298,2
967,16,-4.8846013129741905,0.8710733672997343,2
967,17,-2.5711740157140577,4.563551416577895,2
967,18,9.179155733567196,-1.3062116065204825,2
967,19,-2.3953993696055598,3.7225914476608613,2
968,0,-775.9138668362634,0.08151663302892898,0
968,1,-763.1734445258639,-0.21979058710790067,0
968,2,-755.6024707258582,-8.69677650543406,0
968,3,-772.5512469851908,-2.9539783677866907,0
968,4,-767.1099796944771,0.8239485211071091,0
968,5,-769.7582799232007,-0.44230648238399983,0
968,6,-770.518906906435,-2.8606616659281965,0
968,7,-754.005604310673,1.6332886282106471,0
968,8,793.1033064554076,15.184500062873806,1
968,9,768.0033158932513,10.971104967521919,1
968,10,784.7549377867216,13.84975890432048,1
968,11,774.9375280068388,11.538576865509137,1
968,12,777.6289454562354,1.2344352680599244,1
968,13,763.008574715614,13.907199147673635,1
968,14,-0.38051677057877836,0.005309502294322088,2
968,15,2.651509747672173,-2.7738385429986936,2
968,16,-4.785686606475624,0.9016508357676081,2
968,17,-2.651773767723711,4.547402516401749,2
968,18,9.133106357725831,-1.1309736975551055,2
968,19,-2.359411348243225,3.898559458959533,2
969,0,-776.4990222230814,-0.03824842602344514,0
969,1,-764.0646718322407,-0.22787721252560159,0
969,2,-756.1781113900178,-8.553074766118375,0
969,3,-772.9753212218751,-3.028169246105899,0
969,4,-768.2381207545961,0.836659207688675,0
969,5,-770.1584486117944,-0.4274370955938201,0
969,6,-771.1433726438413,-2.4957134867752604,0
969,7,-754.8173320295127,1.624127838835874,0
969,8,793.9640510430115,14.784145179834653,1
969,9,768.5540969090283,11.139685315264442,1
969,10,785.7848152521019,13.797729559215151,1
969,11,776.0862512108489,11.835344951041776,1
969,12,778.2516414495419,1.4370207395295276,1
969,13,763.7508217177896,13.792109261045896,1
969,14,-0.5336366464915503,-0.1311563754121342,2
969,15,2.825843626909132,-2.717767177152158,2
969,16,-4.660972545590206,0.9067924052903131,2
969,17,-2.472038945580743,4.8209035164925735,2
969,18,9.070689816543569,-1.0707564808080172,2
969,19,-2.694407145424485,3.985627477964644,2
970,0,-777.4061316619735,0.19101216050465525,0
970,1,-765.0499422450814,-0.3199382596994253,0
970,2,-757.0190695589692,-9.131765094581525,0
970,3,-773.8630749319809,-3.040016430509864,0
970,4,-769.0132521157486,0.798165072008671,0
970,5,-770.8053835361249,-0.16012561205123244,0
970,6,-771.97688917597,-2.809612364227773,0
970,7,-755.5596152253374,1.3835363643966991,0
970,8,794.6590909580606,14.470498073075527,1
970,9,769.4118447633219,11.159744071476343,1
970,10,786.7204465439731,13.60456683664477,1
970,11,776.7093255874926,12.267430884659307,1
970,12,779.1739970475104,1.415315432104355,1
970,13,764.6166007226979,13.63838359568702,1
970,14,-0.5106617269736815,-0.01584521828280859,2
970,15,2.707967130705665,-2.4576325795017633,2
970,16,-4.214701245560546,0.807132724459902,2
970,17,-2.4619368738149277,4.725782652530898,2
970,18,8.910458405877916,-0.5500818244970543,2
970,19,-2.937359678648218,3.799560621414627,2
971,0,-778.5048479041145,0.11876492899054858,0
971,1,-765.9178166731831,-0.20800343459642126,0
971,2,-757.8855430800006,-9.369036997632957,0
971,3,-774.6589012248302,-2.519897494242418,0
971,4,-770.0646436941761,0.39668586742413703,0
971,5,-771.7105169577699,-0.059033413339358756,0
971,6,-772.8201998971834,-2.9428803847181775,0
971,7,-756.2266896564437,1.1990858419129145,0
971,8,795.0650281970915,14.38492956142965,1
971,9,770.4693128788139,10.955806326350448,1
971,10,787.5849421359171,13.348403660260345,1
971,11,777.4537922055615,12.167717844677904,1
971,12,779.674405487971,1.3226598090114907,1
971,13,765.1724343716809,13.668267509570832,1
971,14,-0.042205242493350115,0.14945541644579752,2
971,15,2.508913175363594,-2.631021379177701,2
971,16,-4.373653361015514,0.6982072660898209,2
971,17,-2.6454800376629937,4.958674620961074,2
971,18,8.999438946721927,-0.5896801940663862,2
971,19,-3.104068768901828,3.66585488190111,2
972,0,-779.380251740017,-0.027276787387714246,0
972,1,-766.9084122145499,-0.16630381913280792,0
972,2,-758.332009063664,-9.187410378379303,0
972,3,-775.2635633119723,-2.3955147233371767,0
972,4,-770.8993676106787,0.4888481634750959,0
972,5,-772.3831465978328,-0.142441162029802,0
972,6,-773.8928904448182,-2.7591921905964503,0
972,7,-757.5786523499894,1.3054678325322833,0
972,8,796.0377673941424,14.28174731965921,1
972,9,771.340021384285,10.936328289075055,1
972,10,788.3013894055916,13.140484364313654,1
972,11,778.2679749949431,12.089306737597704,1
972,12,780.4921013813996,1.3431300189398627,1
972,13,765.9171639438197,13.795357388903641,1
972,14,-0.6821690210975904,0.3954803923077832,2
972,15,2.3163540855841243,-2.5959129062187483,2
972,16,-4.2083450167152865,0.8246298729633605,2
972,17,-2.412878640601325,4.745613381423122,2
972,18,9.193403700537278,-0.40625615041317875,2
972,19,-3.210558971647356,3.5027820116033124,2
973,0,-780.0860509688096,0.11564680666015248,0
973,1,-767.574175126225,-0.3258928182211407,0
973,2,-759.1945813573241,-9.214367795541568,0
973,3,-775.9747668230344,-2.0380160502054663,0
973,4,-771.6486742966682,0.41101258451404465,0
973,5,-772.9878356367096,-0.33684464171515527,0
973,6,-774.5986466358993,-2.6681444279246262,0
973,7,-758.6084459475132,1.308411853894448,0
973,8,797.0198855815464,14.584182104938645,1
973,9,772.1966792539761,10.860557399524517,1
973,10,789.5463950980943,12.607041812785495,1
973,11,779.2626589965923,11.757470510039473,1
973,12,781.7202391522417,1.3696548148760883,1
973,13,766.6170953789107,13.649474305800881,1
973,14,-0.4658809579099617,0.828155729406047,2
973,15,2.172124937904536,-2.8255781160740856,2
973,16,-3.691830272381557,1.1164582446715978,2
973,17,-2.4900201621593596,4.793818174639339,2
973,18,9.13190302958033,-0.3230107651764707,2
973,19,-2.934281964329411,3.5321779784680585,2
974,0,-780.9506066915214,-0.10232376641843971,0
974,1,-768.3637978532167,-0.7558026114394446,0
974,2,-759.9775365586289,-9.34423999732268,0
974,3,-776.6121173563805,-2.3400831670278888,0
974,4,-772.3560661974276,0.5691970929000142,0
974,5,-774.0376542855033,-0.45717611075645503,0
974,6,-775.4317681844683,-2.6707015479369507,0
974,7,-759.287749199169,1.388530482295434,0
974,8,798.1282798854503,14.949668808274279,1
974,9,772.9901140953214,10.61007338358407,1
974,10,790.2750581611126,12.611474321489757,1
974,11,780.1880762443379,11.681821955447589,1
974,12,782.7242005458962,1.4329865759730671,1
974,13,767.3494705255602,13.444648376704947,1
974,14,-0.2558223959549486,0.9260954494006342,2
974,15,2.2358430471904223,-3.115988849079069,2
974,16,-3.8169001518951142,1.4747807307954472,2
974,17,-2.242929680164648,5.02874174080642,2
974,18,9.093264081133617,-0.09206997212294951,2
974,19,-2.5094357429859135,3.4658016411131896,2
975,0,-781.7059560313181,-0.18292443892470595,0
975,1,-769.3392091590828,-0.6010296481230318,0
975,2,-760.9905100314024,-9.159947413610947,0
975,3,-777.4717533573745,-1.8896884410115413,0
975,4,-772.8533018902559,1.0777596784235504,0
975,5,-774.4485336163877,-0.2507660157845819,0
975,6,-776.2723592188448,-2.6238459748942673,0
975,7,-760.0147036174906,1.4247911228656536,0
975,8,798.8231247518722,14.67349802321896,1
975,9,774.0306259402029,10.302364548895433,1
975,10,791.1998532403965,12.72509840924299,1
975,11,781.0604781620657,11.786772104629058,1
975,12,783.5799195994343,1.538909964908239,1
975,13,768.0624107953751,13.637609293117242,1
975,14,-0.21511192521658645,1.0300466832179498,2
975,15,2.379088439961202,-3.1427084505535894,2
975,16,-3.5971740967729677,1.5565823244998946,2
975,17,-2.3352793871928346,5.0773959943911535,2
975,18,9.284016298875656,0.08662757067445753,2
975,19,-2.2611134738922054,3.429868164053252,2
976,0,-782.5634874788317,-0.3267101877184111,0
976,1,-770.0411267556677,-0.7544959109987235,0
976,2,-761.9277001542104,-9.291237126182198,0
976,3,-778.135884474003,-1.8872097685983757,0
976,4,-773.9429937636842,1.2424392957877146,0
976,5,-775.5240611285082,-0.42053678189600446,0
976,6,-776.9898161895904,-2.219540875087151,0
976,7,-760.6413685025453,1.629979713798284,0
976,8,799.8374272603722,14.96297362431974,1
976,9,774.9578003905295,10.023548562966306,1
976,10,792.1307524168928,12.816160468893099,1
976,11,782.2712296218629,11.782036847357961,1
976,12,784.5126157455525,1.8770820612627008,1
976,13,768.785973467,13.74287898559332,1
976,14,-0.2546862890821632,0.8696181595145984,2
976,15,2.35367962292591,-3.2377900088935467,2
976,16,-3.660806709229125,1.564971109977781,2
976,17,-2.31589279948171,4.7500321416390845,2
976,18,9.188634501898681,-0.06640879546245265,2
976,19,-2.4311982268949404,3.442149043346947,2
977,0,-783.4482256815822,-0.3860092127181672,0
977,1,-770.8488253062203,-0.8902127515061042,0
977,2,-762.7500810858126,-9.598963837523723,0
977,3,-778.9318670953038,-1.610787199389065,0
977,4,-774.7835137360285,1.194465902815099,0
977,5,-776.6600479301534,-0.5687589477299652,0
977,6,-778.2024460015112,-2.5534675681973384,0
977,7,-761.6494187361876,1.6540462730406813,0
977,8,800.8228379813139,15.12248731007409,1
977,9,775.8034809185707,10.051617338315427,1
977,10,792.6949656827674,12.519523630570085,1
977,11,783.4172292213804,11.784358080100958,1
977,12,785.0548391922541,1.7077148557065298,1
977,13,769.641434951626,13.42938912727846,1
977,14,-0.569380955038126,0.9578175582240738,2
977,15,2.1132289406808775,-3.293571907198231,2
977,16,-3.811387688220829,1.8489703046973265,2
977,17,-2.358322857707858,4.879097956186856,2
977,18,9.42584724765659,-0.16340615374885759,2
977,19,-2.7432215915327505,3.1255519195990167,2
978,0,-784.3801766623617,-0.4286699752117037,0
978,1,-771.7531389842783,-0.9913379088916108,0
978,2,-763.7028828828612,-9.325430641571987,0
978,3,-779.7772779963033,-1.3525028427444878,0
978,4,-775.484967182705,1.0126610004887568,0
978,5,-777.1129893966116,-0.6272315929531649,0
978,6,-779.300975686445,-2.0599197828458227,0
978,7,-762.6687448885604,1.2916330098295608,0
978,8,801.2888645572575,15.251064923837186,1
978,9,776.6268448353301,9.850161309504031,1
978,10,793.6602739364512,12.099353637421606,1
978,11,784.1864591702597,11.709629703080237,1
978,12,785.7403996494407,1.8228310471217253,1
978,13,770.2801775779811,13.468983366082625,1
978,14,-0.6638708027632658,1.4495988650930394,2
978,15,2.3518170478078257,-3.553534402597746,2
978,16,-3.76306237004616,2.0817509667817897,2
978,17,-1.8529093253164814,5.016560525691902,2
978,18,9.750777214418244,0.08122997423112654,2
978,19,-2.7372077057517146,3.2694252788921814,2
979,0,-785.1772315311448,-0.3300558127503874,0
979,1,-772.37072010077,-0.80851845741854,0
979,2,-764.7829459127818,-9.376622811207167,0
979,3,-780.6256832731221,-1.3724871298023085,0
979,4,-776.2515072404946,1.0263816200041258,0
979,5,-777.9456546378536,-0.495584477247699,0
979,6,-779.7827372621683,-1.8710352002422144,0
979,7,-763.3412482169759,0.9633455530137163,0
979,8,801.9115995351514,15.263974827936257,1
979,9,777.1432168127014,9.830620747356988,1
979,10,794.2641564815223,12.02300445385514,1
979,11,784.7517219863067,11.802222487014525,1
979,12,786.5092520971032,1.6455479608234378,1
979,13,770.6565004422908,13.666230351398893,1
979,14,-0.5083330164368505,1.24915863088503,2
979,15,2.1617077113356578,-3.4189054218459125,2
979,16,-3.7128771809026553,2.1235086666558782,2
979,17,-1.8229488091987174,5.005243352509741,2
979,18,9.676447996488838,0.007472573367940327,2
979,19,-3.145036525441468,3.408951738960044,2
980,0,-786.1488275939076,-0.23426340466773132,0
980,1,-773.4268677397122,-0.8923331768149954,0
980,2,-765.1411464349027,-9.59034724772111,0
980,3,-781.5495690020143,-1.4230470340410364,0
980,4,-777.0565322585602,1.1558490363542298,0
980,5,-778.6956891767811,-0.7089309057038814,0
980,6,-780.7607615407228,-1.8616930816614867,0
980,7,-763.9000776430706,0.9526892807189816,0
980,8,802.8479416464194,15.817072675485072,1
980,9,777.986542225503,9.915901714456467,1
980,10,794.9090450505071,12.060171403277685,1
980,11,785.8672709661392,11.882630441240593,1
980,12,787.468728068717,1.8429661714903238,1
980,13,771.5354105733771,13.660013240405796,1
980,14,-0.710149338043218,1.2145468178235332,2
980,15,1.943485968776956,-3.5508177903659672,2
980,16,-3.794661652577358,2.334432252565239,2
980,17,-1.6135744343321448,5.074098515786375,2
980,18,9.536411556406405,-0.33375522157497306,2
980,19,-3.100529651928022,3.149070736355593,2
981,0,-786.874667380178,-0.028866799453398206,0
981,1,-774.2561002889391,-0.9235600109055522,0
981,2,-766.0345895497722,-9.818115752597492,0
981,3,-782.6782469226117,-1.3425816638310932,0
981,4,-777.8486109528683,0.8076728070826955,0
981,5,-779.7367139527606,-0.585863785707767,0
981,6,-781.2616983183748,-1.8284935668521802,0
981,7,-764.8467010789147,0.7516271734666613,0
981,8,803.9249139031751,16.045656169974052,1
981,9,778.5744621678944,10.148181407585275,1
981,10,795.7323463703467,11.822640455810882,1
981,11,786.5260958008714,11.724524363731089,1
981,12,788.3511281781156,1.5478399210559375,1
981,13,772.7728969077335,13.603184355719883,1
981,14,-0.7430518012169037,1.393250134096894,2
981,15,1.6383363909866924,-3.9222420201630586,2
981,16,-3.692329516478619,2.3272271662730106,2
981,17,-1.8277583445636505,5.132685108342073,2
981,18,9.703705912918037,-0.36389908343935257,2
981,19,-3.153607975244212,2.890874915794717,2
982,0,-787.4066131256809,0.37281429638368574,0
982,1,-775.3309119724028,-0.918765314135351,0
982,2,-767.1456218724935,-10.044049449842342,0
982,3,-783.5229086547654,-1.1704876569018348,0
982,4,-778.6199174438763,1.1734132157943942,0
982,5,-780.4300413746467,-0.318763168182665,0
982,6,-781.7635491193709,-1.8569970838981087,0
982,7,-765.233533122525,0.9858554458736909,0
982,8,804.9122653158474,16.131805056141612,1
982,9,779.6384215558259,10.268801002709658,1
982,10,796.5521948313768,12.033958621620698,1
982,11,787.6747527839198,11.329865233947817,1
982,12,789.077452342585,1.3709126107527394,1
982,13,774.0047306833051,13.77098547869817,1
982,14,-0.5655130004368766,1.5327007511889699,2
982,15,1.3603287042231338,-4.001516664861962,2
982,16,-3.875001177823336,2.3790944130405416,2
982,17,-1.9154777208393834,5.273498522068569,2
982,18,9.775103967609219,-0.08042206770958865,2
982,19,-3.1610759575868386,2.96503057987751,2
983,0,-788.2348749769213,0.7252076156474442,0
983,1,-776.2848452054376,-1.0132239434264916,0
983,2,-767.656180280546,-10.141428789554519,0
983,3,-784.3144950269553,-1.031269928278814,0
983,4,-779.6000284896542,0.9907199425308134,0
983,5,-781.3880731577766,0.06288612322103998,0
983,6,-782.7390810867576,-2.0936008542179483,0
983,7,-766.1455718549382,1.1788031283828806,0
983,8,805.6215312982029,15.94423232122611,1
983,9,780.2006488292342,10.536032228630207,1
983,10,797.2037510541646,12.117061726544044,1
983,11,788.5811598149543,11.459971949082506,1
983,12,789.4263171053622,1.4089534768546577,1
983,13,775.0892379489735,13.624184149560465,1
983,14,-0.4881242612441061,1.6878819103671638,2
983,15,1.494701783282353,-4.104521769735599,2
983,16,-3.4980634406881044,2.4023984416813153,2
983,17,-2.0211249673828533,5.390524793777593,2
983,18,9.80630319764351,-0.1293563555110228,2
983,19,-3.02098327642364,2.6463639882293273,2
984,0,-788.5386955770979,0.30616278511504375,0
984,1,-776.5409060330018,-1.1498581989368075,0
984,2,-768.5492015980077,-10.234551836224718,0
984,3,-785.362230809139,-1.15489799040812,0
984,4,-780.337006438055,1.1772719784949233,0
984,5,-782.1805110106062,-0.12071978440265657,0
984,6,-783.6770698010041,-2.131430404439762,0
984,7,-766.9258437800312,1.2877736439698042,0
984,8,807.0460370798696,15.892289006647005,1
984,9,781.1475552575653,10.87197678986021,1
984,10,798.3008890294909,11.99033031151035,1
984,11,789.343990210298,11.647205304767496,1
984,12,790.0417371600823,1.3484810618338292,1
984,13,775.6714486742202,13.697476156991891,1
984,14,-0.19971871849241057,1.360833759332638,2
984,15,1.2379773545300656,-4.315410982352436,2
984,16,-3.3291245319928757,2.510756921993193,2
984,17,-2.3951366667102882,5.192216608426273,2
984,18,9.323859631643673,0.21647571958701195,2
984,19,-3.396737418351434,2.6687682239220005,2
985,0,-789.4750858773506,0.6004016426098915,0
985,1,-777.5379979958103,-1.2596713313601013,0
985,2,-769.1409042362393,-10.449487839660453,0
985,3,-786.1489154250286,-1.0057412625396107,0
985,4,-781.1854424132451,1.135339288739074,0
985,5,-783.1486357239368,-0.3080577410303537,0
985,6,-784.7054287720945,-1.9720969714743952,0
985,7,-767.5677437357963,1.3529398586771633,0
985,8,808.2366240945364,15.958273079117403,1
985,9,781.6019191776335,10.771734488027839,1
985,10,798.9461704767608,11.764880450394736,1
985,11,790.0657141050762,11.60340374530867,1
985,12,790.80105454255,1.1047050696552643,1
985,13,776.5415716632261,13.612026638034166,1
985,14,-0.1451018328543795,1.3616878885077386,2
985,15,1.4237122294701856,-4.667841559499486,2
985,16,-3.3014450643318565,2.5236786257506942,2
985,17,-2.6967349844035415,5.078428316440749,2
985,18,9.33859968407834,0.1364245824808929,2
985,19,-3.2104069598792453,2.63324256874691,2
986,0,-790.007560031815,0.5330906492614033,0
986,1,-778.431469961766,-1.4557267495090627,0
986,2,-770.3833812810468,-10.427203757830792,0
986,3,-787.2693443918075,-1.296376390813957,0
986,4,-782.2969590848558,1.2695228730812744,0
986,5,-784.2152033371901,-0.42674684581331407,0
986,6,-785.3193298876721,-1.8222297045599025,0
986,7,-768.5706876598537,1.235157011735875,0
986,8,809.0228813062467,16.041562992650764,1
986,9,782.4843146825639,10.664472483110579,1
986,10,799.6465086555572,11.76132896265588,1
986,11,791.0763182304676,11.609184751696093,1
986,12,791.6106795718702,1.231195827528464,1
986,13,777.3688897126028,13.553773358276167,1
986,14,0.16026899757568835,1.6996372627089829,2
986,15,1.269129517769091,-4.863156515722515,2
986,16,-3.4627456669127823,2.149328967297028,2
986,17,-3.0846996683227066,4.955932733436171,2
986,18,9.499999489095085,0.15395510627535872,2
986,19,-3.7870012148119474,2.880767589720746,2
987,0,-790.9343296563648,0.9040467955481865,0
987,1,-779.0684963308435,-1.3537634101650455,0
987,2,-770.8603765123491,-10.244049677830303,0
987,3,-788.0362471170198,-1.1717185247478068,0
987,4,-783.3984712459844,1.1952354636298963,0
987,5,-785.1177780787904,-0.7731676653570299,0
987,6,-786.0018045178358,-1.7140399327891496,0
987,7,-769.2129921144468,0.8882531242306356,0
987,8,810.0079659770622,15.908365936385165,1
987,9,783.3160983405807,10.486974933962527,1
987,10,800.3222657714978,11.776831782793998,1
987,11,792.1040840625571,11.2992362681315,1
987,12,792.0684992960274,1.549912293037438,1
987,13,778.0438626149796,13.270454086170478,1
987,14,0.17650585870667085,1.6342765930035072,2
987,15,1.103168143041869,-4.952338905184929,2
987,16,-3.628613654290402,1.8664028234432806,2
987,17,-3.750669873276761,4.5884828909423625,2
987,18,9.566450732596564,-0.12795794717832862,2
987,19,-3.6739684013687937,2.772250859978243,2
988,0,-791.3049966872732,0.875551855552931,0
988,1,-780.1607559921246,-1.1744841786839226,0
988,2,-771.7256880160623,-10.226934197467525,0
988,3,-788.6567938217636,-1.0722321644875739,0
988,4,-784.1401667998311,1.2261593197920864,0
988,5,-785.9792649972158,-0.8206947923157781,0
988,6,-786.7380203867921,-1.7999056799043456,0
988,7,-769.7485256395775,1.0239099620266847,0
988,8,810.4195786319442,15.834358702245249,1
988,9,784.2951012355564,10.60448099103739,1
988,10,801.3133368190798,11.784597952435906,1
988,11,793.1565444422755,11.329097605868348,1
988,12,793.0185492948061,1.5528013249080217,1
988,13,778.844471654154,13.27346550126399,1
988,14,-0.081612632355554,1.5799814251654678,2
988,15,1.2616038553702533,-5.1076963594717135,2
988,16,-3.5925883752639,2.0096020375735884,2
988,17,-3.9180770275121235,4.455961584092069,2
988,18,9.551932237994357,-0.16635733315686363,2
988,19,-3.5932017926396704,2.3699393173631464,2
989,0,-791.8935828155079,0.8193081969677211,0
989,1,-780.837522235094,-1.270413428034852,0
989,2,-772.1720900358287,-10.13948866927773,0
989,3,-789.355079589734,-1.1426497541915597,0
989,4,-784.8895436925402,1.3391003908366548,0
989,5,-786.9785848149473,-0.5631913824511386,0
989,6,-787.5904860701343,-1.729764139207472,0
989,7,-770.5169142266592,0.9387651776631796,0
989,8,811.1962826212709,15.581258562081972,1
989,9,784.9598050882565,10.465777127587316,1
989,10,801.8880579626443,12.035428275088062,1
989,11,794.2260874173361,11.383007604612832,1
989,12,794.0260012595046,1.516481341622264,1
989,13,779.6923461668266,13.18111476001018,1
989,14,-0.26685941787983236,1.5327417834988797,2
989,15,1.1680025688144313,-5.222905953877535,2
989,16,-3.7586159195250017,1.768895679841058,2
989,17,-3.5792459288341476,4.4434025716582894,2
989,18,9.580574583198928,-0.6624869462105648,2
989,19,-3.4061241959734643,2.2157391614087314,2
990,0,-792.7799510097204,0.7615157153051966,0
990,1,-781.7163389454125,-1.148719011562707,0
990,2,-772.5809086772075,-10.151439841804802,0
990,3,-790.2985457949613,-1.0402748815067044,0
990,4,-785.8688630219107,1.4516074881834684,0
990,5,-787.6224406554545,-0.6775903646828173,0
990,6,-787.9335623182329,-1.6295630142451685,0
990,7,-771.4315605276246,1.3877433146966451,0
990,8,812.1489830028024,15.341811372662102,1
990,9,785.7826431900181,10.251371479103494,1
990,10,802.7352786216153,12.19219976250417,1
990,11,794.9966323417999,11.109156873285112,1
990,12,794.5346327568188,1.7224915030114603,1
990,13,780.2392098642275,13.158561318479563,1
990,14,-0.2578371709206508,1.4987549848404185,2
990,15,1.1728045672196652,-5.218770300165449,2
990,16,-3.9951879258370586,1.7475157045186,2
990,17,-3.316009551188367,4.41463222435291,2
990,18,9.265131138337363,-0.7277155174241969,2
990,19,-3.5836478689244826,2.2806380158395654,2
991,0,-793.7080569379101,0.457413880465399,0
991,1,-782.4387181273761,-1.0719550753772347,0
991,2,-773.2171338266627,-10.308215181258511,0
991,3,-790.7715244691859,-1.220525925466592,0
991,4,-786.2531866575267,1.436587323273048,0
991,5,-788.6745027372706,-0.5533552165068386,0
991,6,-788.5674333101066,-1.878525547717661,0
991,7,-772.0585570244804,1.378761297349133,0
991,8,812.9080123626342,15.19028676454161,1
991,9,786.6781950789576,10.063879778462985,1
991,10,803.3677101523715,12.126575726411604,1
991,11,795.9128597451775,11.068285098075751,1
991,12,795.5339906131775,1.655854833028173,1
991,13,780.9231417876151,13.232307186686878,1
991,14,-0.4797361448580989,1.4142476281954364,2
991,15,0.9642945116465318,-5.168357500245078,2
991,16,-3.7851359004885095,1.7118596326627067,2
991,17,-3.3023592997573132,4.227750677784654,2
991,18,9.17908214010217,-0.8507356760390755,2
991,19,-3.6975772548217427,2.0715538023101616,2
992,0,-794.3776114971109,0.4746393833410989,0
992,1,-783.234184018981,-1.110468931806621,0
992,2,-774.3832000044965,-10.23043963431903,0
992,3,-791.4537496654181,-1.2786216193703757,0
992,4,-787.3487472892948,1.195901376087301,0
992,5,-789.404432194811,-0.8540058058840385,0
992,6,-789.5197099960424,-1.5522777251855173,0
992,7,-772.4894749292263,1.5959362626819402,0
992,8,813.740539203555,15.171298080246489,1
992,9,787.2128845702479,10.254859029926903,1
992,10,804.4708316415758,11.814924673133394,1
992,11,796.836461677457,10.907604644779955,1
992,12,796.3704398856916,1.8007812292916217,1
992,13,781.3663471287765,12.942631492697801,1
992,14,-0.6057281645536636,1.1873939735441184,2
992,15,0.6710064979999976,-5.141145689582076,2
992,16,-3.9276206018453594,1.7050337386289365,2
992,17,-3.354979555894639,4.133137270198448,2
992,18,9.155773933480136,-0.6294686023025289,2
992,19,-3.7467184046773165,1.864425906345347,2
993,0,-795.5491858671962,0.4838062827216672,0
993,1,-783.9364838977343,-1.1879007508834218,0
993,2,-774.8296021817017,-9.940283300126262,0
993,3,-792.1128981974264,-1.6210398550944503,0
993,4,-788.5108701133026,1.071111593257669,0
993,5,-790.183238378194,-0.777131955162516,0
993,6,-790.2286863083049,-1.4878121773184272,0
993,7,-773.0966945496373,1.2340532864769755,0
993,8,814.4743005453577,15.285703644424203,1
993,9,788.0021352063242,10.210110031276043,1
993,10,805.251140619414,11.872663509367062,1
993,11,797.6832293088387,10.953694181652947,1
993,12,797.0760503693838,1.566273589602584,1
993,13,781.9155621420983,13.20259018606018,1
993,14,-0.55408832657342,1.0239715526472044,2
993,15,0.6118128149142247,-4.9315765449758535,2
993,16,-4.228962149980849,2.1858304586597095,2
993,17,-3.2582648361931588,4.327068912906368,2
993,18,9.228849990895492,-0.5324638017804733,2
993,19,-3.649027494901667,1.6322765765354958,2
994,0,-796.4346694618581,0.1301620777585984,0
994,1,-784.6910592925079,-1.0713167722533814,0
994,2,-775.4226391177938,-9.722919699052689,0
994,3,-792.3062566133351,-1.4103159230009663,0
994,4,-789.371250051629,0.649287299343994,0
994,5,-791.2511042569532,-0.8109405112848709,0
994,6,-790.7753982492271,-1.655477591843967,0
994,7,-774.2162168891097,1.6058252184234294,0
994,8,815.3650210542904,15.250650564626534,1
994,9,789.2448616475142,9.994782503274996,1
994,10,805.9872276526144,11.826796576185234,1
994,11,798.3610887987172,10.987081255003368,1
994,12,797.7895017945165,1.7189472372917411,1
994,13,782.6062635575645,13.199095792255243,1
994,14,-0.5942922951793573,0.9547147308155459,2
994,15,0.4771166706419554,-5.108820780084253,2
994,16,-4.240024930224983,2.2369280965678042,2
994,17,-3.535083124826628,4.463121472093321,2
994,18,8.709037551096124,-0.6306243622896891,2
994,19,-3.815186059889689,1.7192408711109715,2
995,0,-797.084625512139,0.18555468085792093,0
995,1,-785.4541148656834,-1.0104372432687618,0
995,2,-776.3349428638462,-9.944426279715092,0
995,3,-792.8997631404834,-1.306582309137378,0
995,4,-790.3649388403693,0.39666493810748554,0
995,5,-791.8061701266715,-0.5362126870772979,0
995,6,-791.6104500490201,-1.9775746984907103,0
995,7,-774.789529675208,1.9238221615467694,0
995,8,816.1339943077176,15.209297487750957,1
995,9,790.1146660048165,9.825615391936294,1
995,10,806.8567129177388,11.704138751452431,1
995,11,799.5251121600127,11.143580900759753,1
995,12,798.5321199786899,1.6744161275323415,1
995,13,783.3570182917367,13.336013904203867,1
995,14,-0.962366413032845,0.2992059893853163,2
995,15,0.20775513070607954,-5.524506808940759,2
995,16,-4.718561786244631,2.1616631064571488,2
995,17,-3.492637729487499,4.345988695362684,2
995,18,8.839922336171176,-0.7530287886664931,2
995,19,-3.6588150691871877,1.5440971820378433,2
996,0,-797.622460780791,0.07732448145435877,0
996,1,-786.4116608160223,-1.1689124488087352,0
996,2,-777.2837505417477,-9.84154619058109,0
996,3,-793.4979113163669,-1.302312343146811,0
996,4,-791.1066449763005,0.480129241066769,0
996,5,-792.6351795549643,-0.5406501651644506,0
996,6,-792.2468415086867,-2.1134356083824675,0
996,7,-775.4733822839003,1.7709436658915734,0
996,8,816.9636038355507,15.282852249398342,1
996,9,791.2251268503309,9.929299345438983,1
996,10,807.1735249916826,11.706672613236314,1
996,11,800.3358190328681,11.321163117661818,1
996,12,799.7691871355053,1.6265617335748734,1
996,13,784.3240712611565,13.40680858245523,1
996,14,-1.0306758710457782,0.12842758621297398,2
996,15,-0.018980175243785397,-5.320003596098652,2
996,16,-4.531541115427369,1.9012258217860767,2
996,17,-3.660472843376222,4.40648176792248,2
996,18,9.007059084104565,-0.6922656877208866,2
996,19,-3.6460693726506492,1.3666054963834047,2
997,0,-798.4443313545999,-0.050524038856228665,0
997,1,-787.1544269538604,-0.683521214989885,0
997,2,-778.2212592251642,-10.168547839554245,0
997,3,-794.414335341864,-1.640140500384105,0
997,4,-791.8724779303064,0.5480780198166885,0
997,5,-793.3984338039237,-0.36618366817168624,0
997,6,-792.9308317042751,-2.0269198403154203,0
997,7,-776.0443857896095,2.038534944184199,0
997,8,817.7698657789251,15.105776955197086,1
997,9,792.069719695879,9.99847737920551,1
997,10,808.1647103949521,11.523288861708709,1
997,11,801.4200967793795,10.982903258242564,1
997,12,800.6338598636167,1.7589935579021057,1
997,13,784.8704415182918,13.560815873986979,1
997,14,-1.2828404154184414,0.24351516798443032,2
997,15,-0.08876386989754605,-5.217993197995764,2
997,16,-4.047725252037644,2.02996177809784,2
997,17,-3.673268380697927,4.469069316544347,2
997,18,9.1213731332799,-0.9014164678802294,2
997,19,-3.9373161554193485,1.2145423124894177,2
998,0,-799.3808294564723,0.05078386595041394,0
998,1,-788.07334544394,-0.814224889870316,0
998,2,-778.946038999867,-10.246966981554758,0
998,3,-795.2893738501791,-1.6341907067055559,0
998,4,-792.5627646891439,0.4080766387596493,0
998,5,-794.0438529666119,-0.33347754572791444,0
998,6,-793.835133650985,-1.960911832790732,0
998,7,-776.5131332376005,1.7041054003185985,0
998,8,818.1711298120568,15.249590992299039,1
998,9,792.9534509808026,10.304139897739054,1
998,10,809.3802123080695,11.61606136962904,1
998,11,802.0181685785365,10.94017747747474,1
998,12,801.0007285408018,1.5646393072361975,1
998,13,785.75682026312,13.420502807316362,1
998,14,-1.1022568561688,0.14499512751957006,2
998,15,-0.010884144921715175,-5.2473728074290475,2
998,16,-4.119088351623194,1.8822170073538742,2
998,17,-4.016922767903035,4.337883901744011,2
998,18,9.3533076608366,-0.9249587157526622,2
998,19,-4.331548294492441,1.0660994964837003,2
999,0,-800.2363180841827,-0.30962130745554395,0
999,1,-788.6726036452062,-0.6458555922783196,0
999,2,-779.7864157548136,-10.641026792401304,0
999,3,-796.0463340306953,-1.9004225720870551,0
999,4,-793.6473094963986,0.5333354504270958,0
999,5,-795.168891520852,-0.40113390414634426,0
999,6,-794.8434452982327,-1.6573363256105913,0
999,7,-777.3413069691263,1.7638134853217295,0
999,8,819.275743740266,15.057559123521976,1
999,9,793.7634802603814,10.306953225917935,1
999,10,809.8041183501049,11.826408583719177,1
999,11,803.126081354283,11.067754563647936,1
999,12,801.8189929505505,1.185580508104914,1
999,13,786.6776625097015,13.383506141849525,1
999,14,-1.267235050791572,0.254109440614262,2
999,15,-0.0971775444978452,-5.126345868127648,2
999,16,-4.021859060405795,2.2154902511557144,2
999,17,-3.748424533450936,4.243175834748292,2
999,18,9.5917514644336,-0.6902688452830679,2
999,19,-4.302643458942255,0.8035734706546206,2
